job_id,inspection_date,inspection_type,house_number,street_name,zip_code,borough,result,bbl,boro_code,block,lot,latitude,longitude,location,community_board,council_district,census_tract,bin,nta,letter_type,observations,x_coord,y_coord
PC8639989,2026-09-21T08:14:30.000,Treatments,106-24,PINEGROVE STREET,11435,Queens,Bait applied,4100420031,4,10042,31,40.691023967734,-73.806665674131,"{'latitude': '40.691023967734', 'longitude': '-73.806665674131', 'human_address': '{""address"": """", ""city"": """", ""state"": """", ""zip"": """"}'}",12,28,202,4214766,South Jamaica,,,,
PC8768193,2026-09-21T08:20:51.000,Initial,158,EAST    7 STREET,10009,Manhattan,Failed for Rat Activity,1004020023,1,402,23,40.725536429203,-73.98234680812,"{'latitude': '40.725536429203', 'longitude': '-73.98234680812', 'human_address': '{""address"": """", ""city"": """", ""state"": """", ""zip"": """"}'}",3,2,32,1005087,East Village,COTA,"Burrows, Runways",989143,203612
PC8724861,2026-09-21T08:31:00.000,Compliance,634,CENTRAL AVENUE,11207,Brooklyn,Failed for Rat Activity,3034280037,3,3428,37,40.688592350849,-73.908505409244,"{'latitude': '40.688592350849', 'longitude': '-73.908505409244', 'human_address': '{""address"": """", ""city"": """", ""state"": """", ""zip"": """"}'}",4,37,411,3079460,Bushwick (East),Summons Issued,"Burrows, Runways",,
PC8624141,2026-09-21T08:33:37.000,Treatments,167,STOCKHOLM STREET,11237,Brooklyn,Bait applied,3032460050,3,3246,50,40.69963127773,-73.922663512869,"{'latitude': '40.69963127773', 'longitude': '-73.922663512869', 'human_address': '{""address"": """", ""city"": """", ""state"": """", ""zip"": """"}'}",4,37,429,3073849,Bushwick (West),,,1005694,194183
PC8751573,2026-09-21T08:41:00.000,Treatments,1928,PACIFIC STREET,11233,Brooklyn,Bait applied,3013440122,3,1344,122,40.676171867482,-73.922932367772,"{'latitude': '40.676171867482', 'longitude': '-73.922932367772', 'human_address': '{""address"": """", ""city"": """", ""state"": """", ""zip"": """"}'}",8,41,307,3035743,Crown Heights (North),,,1005636,185636
PC8697727,2026-09-21T08:48:14.000,Treatments,232,STOCKHOLM STREET,11237,Brooklyn,Bait applied,3032580016,3,3258,16,40.701178276687,-73.921118118904,"{'latitude': '40.701178276687', 'longitude': '-73.921118118904', 'human_address': '{""address"": """", ""city"": """", ""state"": """", ""zip"": """"}'}",4,37,431,3074183,Bushwick (West),,,,
PC8612333,2026-09-21T08:52:00.000,Treatments,1920,PACIFIC STREET,11233,Brooklyn,Bait applied,3013440118,3,1344,118,40.676182974902,-73.923123428763,"{'latitude': '40.676182974902', 'longitude': '-73.923123428763', 'human_address': '{""address"": """", ""city"": """", ""state"": """", ""zip"": """"}'}",8,41,307,3035739,Crown Heights (North),,,1005585,185639
PC8699277,2026-09-21T08:58:26.000,Compliance,50,ELDERT STREET,11207,Brooklyn,Failed for Rat Activity and Other Reason,3034140038,3,3414,38,40.686315281164,-73.913448379169,"{'latitude': '40.686315281164', 'longitude': '-73.913448379169', 'human_address': '{""address"": """", ""city"": """", ""state"": """", ""zip"": """"}'}",4,37,401,3078974,Bushwick (East),Summons Issued,"Burrows, Garbage",,
PC8778767,2026-09-21T09:00:00.000,Initial,112,EAST 3 STREET,10009,Manhattan,Failed for Rat Activity,,1,430,10,40.724326602099,-73.986939834493,"{'latitude': '40.724326602099', 'longitude': '-73.986939834493', 'human_address': '{""address"": """", ""city"": """", ""state"": """", ""zip"": """"}'}",3,2,3002,,East Village,City Agency Referral,Burrows,,
PC8612988,2026-09-21T09:01:00.000,Compliance,154-10,SOUTH CONDUIT AVENUE,11434,Queens,Failed for Rat Activity,4150040001,4,15004,1,40.666584147628,-73.782037688423,"{'latitude': '40.666584147628', 'longitude': '-73.782037688423', 'human_address': '{""address"": """", ""city"": """", ""state"": """", ""zip"": """"}'}",13,31,306,4296614,Springfield Gardens (South)-Brookville,Summons Issued,Burrows,,
PC8768053,2026-09-21T09:01:14.000,Initial,730,EAST   12 STREET,10009,Manhattan,Failed for Rat Activity,1003810038,1,381,38,40.726465578354,-73.975181277862,"{'latitude': '40.726465578354', 'longitude': '-73.975181277862', 'human_address': '{""address"": """", ""city"": """", ""state"": """", ""zip"": """"}'}",3,2,28,1004564,East Village,City Agency Referral,Droppings,991129,203951
PC8778327,2026-09-21T09:02:00.000,Stoppage,1861,SEDGWICK AVENUE,10453,Bronx,Stoppage done,2028810075,2,2881,75,40.853608672686,-73.917853202512,"{'latitude': '40.853608672686', 'longitude': '-73.917853202512', 'human_address': '{""address"": """", ""city"": """", ""state"": """", ""zip"": """"}'}",5,16,247,2009250,University Heights (South)-Morris Heights,,,,
PC8761957,2026-09-21T09:03:00.000,Treatments,2212,3 AVENUE,10035,Manhattan,Bait applied,1017697501,1,1769,7501,40.800823432082,-73.937925150831,"{'latitude': '40.800823432082', 'longitude': '-73.937925150831', 'human_address': '{""address"": """", ""city"": """", ""state"": """", ""zip"": """"}'}",11,8,196,1087272,East Harlem (North),,,,
PC8708282,2026-09-21T09:03:29.000,Compliance,121,MOFFAT STREET,11207,Brooklyn,Failed for Rat Activity,3034400065,3,3440,65,40.686349134223,-73.907589040506,"{'latitude': '40.686349134223', 'longitude': '-73.907589040506', 'human_address': '{""address"": """", ""city"": """", ""state"": """", ""zip"": """"}'}",4,37,411,3079994,Bushwick (East),Summons Issued,"Droppings, Runways",,
PC8401947,2026-09-21T09:04:00.000,Treatments,1918,PACIFIC STREET,11233,Brooklyn,Bait applied,3013440217,3,1344,217,40.67618575352,-73.923173897894,"{'latitude': '40.67618575352', 'longitude': '-73.923173897894', 'human_address': '{""address"": """", ""city"": """", ""state"": """", ""zip"": """"}'}",8,41,307,3378317,Crown Heights (North),,,1005572,185640
PC8708730,2026-09-21T09:13:29.000,Compliance,680,CENTRAL AVENUE,11207,Brooklyn,Failed for Rat Activity,3034400037,3,3440,37,40.687600081847,-73.906761574753,"{'latitude': '40.687600081847', 'longitude': '-73.906761574753', 'human_address': '{""address"": """", ""city"": """", ""state"": """", ""zip"": """"}'}",4,37,411,3079969,Bushwick (East),Summons Issued,Burrows,,
PC8591722,2026-09-21T09:15:40.000,Treatments,2526,VALENTINE AVENUE,10458,Bronx,Bait applied,2031540065,2,3154,65,40.862991057419,-73.895310806455,"{'latitude': '40.862991057419', 'longitude': '-73.895310806455', 'human_address': '{""address"": """", ""city"": """", ""state"": """", ""zip"": """"}'}",7,15,39901,2013616,University Heights (North)-Fordham,,,1013207,253708
PC8663533,2026-09-21T09:15:51.000,Treatments,420,EAST 167 STREET,10456,Bronx,Bait applied,2023920071,2,2392,71,40.830414931107,-73.909592449044,"{'latitude': '40.830414931107', 'longitude': '-73.909592449044', 'human_address': '{""address"": """", ""city"": """", ""state"": """", ""zip"": """"}'}",3,16,143,2129537,Concourse-Concourse Village,,,,
PC8778637,2026-09-21T09:18:00.000,Stoppage,1693,JEROME AVENUE,10453,Bronx,Stoppage done,2028610026,2,2861,26,40.846595158793,-73.913145054013,"{'latitude': '40.846595158793', 'longitude': '-73.913145054013', 'human_address': '{""address"": """", ""city"": """", ""state"": """", ""zip"": """"}'}",5,14,217,2008350,University Heights (South)-Morris Heights,,,,
PC8655690,2026-09-21T09:18:00.000,Treatments,2575,JEROME AVENUE,10468,Bronx,Bait applied,2032010030,2,3201,30,40.865162878495,-73.899208448085,"{'latitude': '40.865162878495', 'longitude': '-73.899208448085', 'human_address': '{""address"": """", ""city"": """", ""state"": """", ""zip"": """"}'}",7,14,265,2014378,University Heights (North)-Fordham,,,,
PC8733812,2026-09-21T09:18:13.000,Treatments,149,EAST 121 STREET,10035,Manhattan,Bait applied,1017700023,1,1770,23,40.801721569955,-73.939054863646,"{'latitude': '40.801721569955', 'longitude': '-73.939054863646', 'human_address': '{""address"": """", ""city"": """", ""state"": """", ""zip"": """"}'}",11,8,196,1054386,East Harlem (North),,,,
PC8607194,2026-09-21T09:21:00.000,Treatments,1919,PACIFIC STREET,11233,Brooklyn,Bait applied,3013380053,3,1338,53,40.676327241658,-73.925452205039,,8,41,307,3035590,Crown Heights (North),,,0,0
PC8737137,2026-09-21T09:21:00.000,Compliance,663,CENTRAL AVENUE,11207,Brooklyn,Failed for Rat Activity,3034470009,3,3447,9,40.687355414884,-73.9062931675,"{'latitude': '40.687355414884', 'longitude': '-73.9062931675', 'human_address': '{""address"": """", ""city"": """", ""state"": """", ""zip"": """"}'}",4,37,411,3080153,Bushwick (East),Summons Issued,Runways,,
PC8682717,2026-09-21T09:22:35.000,Treatments,2075,CLINTON AVENUE,10457,Bronx,Bait applied,2030950045,2,3095,45,40.847114335112,-73.888226230346,"{'latitude': '40.847114335112', 'longitude': '-73.888226230346', 'human_address': '{""address"": """", ""city"": """", ""state"": """", ""zip"": """"}'}",6,15,371,2012677,Tremont,,,,
PC8660369,2026-09-21T09:29:00.000,Compliance,354,EAST 78 STREET,10075,Manhattan,Failed for Rat Activity and Other Reason,1014520031,1,1452,31,40.772107281188,-73.954288989296,"{'latitude': '40.772107281188', 'longitude': '-73.954288989296', 'human_address': '{""address"": """", ""city"": """", ""state"": """", ""zip"": """"}'}",8,5,134,1045214,Upper East Side-Lenox Hill-Roosevelt Island,Summons Issued,"Burrows, Harborage, Animal Nuisance",,
PC8727293,2026-09-21T09:29:29.000,Compliance,643,CENTRAL AVENUE,11207,Brooklyn,Failed for Rat Activity,3034410007,3,3441,7,40.687792458944,-73.907060585969,"{'latitude': '40.687792458944', 'longitude': '-73.907060585969', 'human_address': '{""address"": """", ""city"": """", ""state"": """", ""zip"": """"}'}",4,37,411,3080003,Bushwick (East),Summons Issued,Runways,,
PC8778764,2026-09-21T09:30:00.000,Initial,224,ELDRIDGE STREET,10002,Manhattan,Failed for Rat Activity,1004170001,1,417,1,40.722084429765,-73.989938239954,"{'latitude': '40.722084429765', 'longitude': '-73.989938239954', 'human_address': '{""address"": """", ""city"": """", ""state"": """", ""zip"": """"}'}",3,1,3601,1005537,Lower East Side,City Agency Referral,Burrows,,
PC8733344,2026-09-21T09:30:32.000,Treatments,621,WATER STREET,10002,Manhattan,Bait applied,1002440040,1,244,40,40.711299526868,-73.983760958601,"{'latitude': '40.711299526868', 'longitude': '-73.983760958601', 'human_address': '{""address"": """", ""city"": """", ""state"": """", ""zip"": """"}'}",3,1,202,1078940,Lower East Side,,,,
PC8675236,2026-09-21T09:30:35.000,Treatments,120,WEST  112 STREET,10026,Manhattan,Bait applied,1018210049,1,1821,49,40.80008954293,-73.953081383839,"{'latitude': '40.80008954293', 'longitude': '-73.953081383839', 'human_address': '{""address"": """", ""city"": """", ""state"": """", ""zip"": """"}'}",10,9,216,1054962,Harlem (South),,,997240,230777
PC8633707,2026-09-21T09:30:39.000,Treatments,314,EAST KINGSBRIDGE RD,10458,Bronx,Bait applied,2031540093,2,3154,93,40.862828075609,-73.894172236406,"{'latitude': '40.862828075609', 'longitude': '-73.894172236406', 'human_address': '{""address"": """", ""city"": """", ""state"": """", ""zip"": """"}'}",7,15,39901,2013621,University Heights (North)-Fordham,,,,
PC8721180,2026-09-21T09:30:51.000,Treatments,579,EAST 168 STREET,10456,Bronx,Bait applied,2026120067,2,2612,67,40.830531321182,-73.904190012864,"{'latitude': '40.830531321182', 'longitude': '-73.904190012864', 'human_address': '{""address"": """", ""city"": """", ""state"": """", ""zip"": """"}'}",3,17,149,2004258,Morrisania,,,,
PC8778285,2026-09-21T09:36:00.000,Stoppage,16,ELLIOT PLACE,10452,Bronx,Stoppage done,2028410010,2,2841,10,40.839401773692,-73.917646741821,"{'latitude': '40.839401773692', 'longitude': '-73.917646741821', 'human_address': '{""address"": """", ""city"": """", ""state"": """", ""zip"": """"}'}",4,16,22101,2008057,Mount Eden-Claremont (West),,,,
PC8686207,2026-09-21T09:40:41.000,Treatments,1275,UNION STREET,11225,Brooklyn,Bait applied,3012690071,3,1269,71,40.668913122095,-73.949792738233,"{'latitude': '40.668913122095', 'longitude': '-73.949792738233', 'human_address': '{""address"": """", ""city"": """", ""state"": """", ""zip"": """"}'}",9,35,319,3032957,Crown Heights (South),,,,
PC8621031,2026-09-21T09:44:00.000,Treatments,1900,LEXINGTON AVENUE,10035,Manhattan,Bait applied,1017670016,1,1767,16,40.800048074879,-73.940584235902,"{'latitude': '40.800048074879', 'longitude': '-73.940584235902', 'human_address': '{""address"": """", ""city"": """", ""state"": """", ""zip"": """"}'}",11,9,182,1054347,East Harlem (North),,,,
PC8660075,2026-09-21T09:45:00.000,Compliance,307,EAST 78 STREET,10075,Manhattan,Failed for Rat Activity and Other Reason,1014530006,1,1453,6,40.772461668166,-73.955083032836,"{'latitude': '40.772461668166', 'longitude': '-73.955083032836', 'human_address': '{""address"": """", ""city"": """", ""state"": """", ""zip"": """"}'}",8,5,134,1045236,Upper East Side-Lenox Hill-Roosevelt Island,Summons Issued,"Droppings, Burrows, Animal Nuisance",,
PC8718695,2026-09-21T09:45:02.000,Treatments,271,EAST FORDHAM ROAD,10458,Bronx,Bait applied,2031540102,2,3154,102,40.862159408374,-73.895315735959,"{'latitude': '40.862159408374', 'longitude': '-73.895315735959', 'human_address': '{""address"": """", ""city"": """", ""state"": """", ""zip"": """"}'}",7,15,39901,2013625,University Heights (North)-Fordham,,,,
PC8708417,2026-09-21T09:45:29.000,Compliance,637,WILSON AVENUE,11207,Brooklyn,Failed for Rat Activity,3034360002,3,3436,2,40.689471374417,-73.905972864087,"{'latitude': '40.689471374417', 'longitude': '-73.905972864087', 'human_address': '{""address"": """", ""city"": """", ""state"": """", ""zip"": """"}'}",4,37,409,3079771,Bushwick (East),Summons Issued,Runways,,
PC8721332,2026-09-21T09:45:51.000,Treatments,1254,FRANKLIN AVENUE,10456,Bronx,Bait applied,2026150012,2,2615,12,40.830886986722,-73.902819950767,"{'latitude': '40.830886986722', 'longitude': '-73.902819950767', 'human_address': '{""address"": """", ""city"": """", ""state"": """", ""zip"": """"}'}",3,17,149,2004301,Morrisania,,,,
PC8747013,2026-09-21T09:47:18.000,Treatments,2113,BELMONT AVENUE,10457,Bronx,Bait applied,2030810017,2,3081,17,40.848993021142,-73.889556838039,"{'latitude': '40.848993021142', 'longitude': '-73.889556838039', 'human_address': '{""address"": """", ""city"": """", ""state"": """", ""zip"": """"}'}",6,15,373,2012357,Tremont,,,,
PC8755556,2026-09-21T09:47:45.000,Compliance,500,FT WASHINGTON AVENUE,10033,Manhattan,Failed for Rat Activity,1021800013,1,2180,13,40.851881092409,-73.937899005727,"{'latitude': '40.851881092409', 'longitude': '-73.937899005727', 'human_address': '{""address"": """", ""city"": """", ""state"": """", ""zip"": """"}'}",12,10,273,1064386,Washington Heights (North),Summons Issued,"Droppings, Burrows, Gnawing, Rats",,
PC8719283,2026-09-21T09:50:41.000,Treatments,1289,UNION STREET,11225,Brooklyn,Bait applied,3012690063,3,1269,63,40.668891013339,-73.949450301693,"{'latitude': '40.668891013339', 'longitude': '-73.949450301693', 'human_address': '{""address"": """", ""city"": """", ""state"": """", ""zip"": """"}'}",9,35,319,3324533,Crown Heights (South),,,998282,182978
PC8768689,2026-09-21T09:51:02.000,Initial,539,EAST   11 STREET,10009,Manhattan,Failed for Rat Activity,1004050042,1,405,42,40.728033919463,-73.980809143603,"{'latitude': '40.728033919463', 'longitude': '-73.980809143603', 'human_address': '{""address"": """", ""city"": """", ""state"": """", ""zip"": """"}'}",3,2,34,1076975,East Village,COTA,"Droppings, Burrows",989569,204522
PC8726071,2026-09-21T09:52:00.000,Treatments,1416,PACIFIC STREET,11216,Brooklyn,Bait applied,3012090019,3,1209,19,40.677276090556,-73.943131170668,"{'latitude': '40.677276090556', 'longitude': '-73.943131170668', 'human_address': '{""address"": """", ""city"": """", ""state"": """", ""zip"": """"}'}",8,36,313,3030137,Crown Heights (North),,,1000024,186034
PC8516924,2026-09-21T09:56:01.000,Treatments,219,EAST 28 STREET,10016,Manhattan,Bait applied,1009090010,1,909,10,40.741691762215,-73.980191711256,"{'latitude': '40.741691762215', 'longitude': '-73.980191711256', 'human_address': '{""address"": """", ""city"": """", ""state"": """", ""zip"": """"}'}",6,2,66,1019890,Murray Hill-Kips Bay,,,,
PC8778835,2026-09-21T09:56:52.000,Initial,474,PROSPECT AVENUE,11215,Brooklyn,Failed for Rat Activity and Other Reason,3008700034,3,870,34,40.65915683614,-73.982321191035,"{'latitude': '40.65915683614', 'longitude': '-73.982321191035', 'human_address': '{""address"": """", ""city"": """", ""state"": """", ""zip"": """"}'}",7,39,169,3000000,Windsor Terrace-South Slope,COTA,"Burrows, Harborage",989155,179428
PC8716089,2026-09-21T09:59:00.000,Compliance,42,PILLING STREET,11207,Brooklyn,Failed for Rat Activity,3034560028,3,3456,28,40.68320145011,-73.908303712508,"{'latitude': '40.68320145011', 'longitude': '-73.908303712508', 'human_address': '{""address"": """", ""city"": """", ""state"": """", ""zip"": """"}'}",4,37,403,3390415,Bushwick (East),Summons Issued,Burrows,,
PC8774875,2026-09-21T09:59:29.000,Initial,620,EAST FORDHAM ROAD,10458,Bronx,Failed for Other Reason,2030780048,2,3078,48,40.858144144263,-73.88416235812,"{'latitude': '40.858144144263', 'longitude': '-73.88416235812', 'human_address': '{""address"": """", ""city"": """", ""state"": """", ""zip"": """"}'}",6,15,389,2000000,Belmont,,Harborage,,
PC8681855,2026-09-21T10:00:00.000,Compliance,693,HALSEY STREET,11233,Brooklyn,Failed for Rat Activity,3016630073,3,1663,73,40.684706509123,-73.924635140273,"{'latitude': '40.684706509123', 'longitude': '-73.924635140273', 'human_address': '{""address"": """", ""city"": """", ""state"": """", ""zip"": """"}'}",3,41,383,3046337,Bedford-Stuyvesant (East),Summons Issued,"Burrows, Runways",1005152,188745
PC8778953,2026-09-21T10:00:16.000,Initial,1851,3 AVENUE,10029,Manhattan,Failed for Rat Activity and Other Reason,1016520001,1,1652,1,40.789129595207,-73.946440722504,"{'latitude': '40.789129595207', 'longitude': '-73.946440722504', 'human_address': '{""address"": """", ""city"": """", ""state"": """", ""zip"": """"}'}",11,8,164,1080682,East Harlem (South),City Agency Referral,"Burrows, Garbage",,
PC8708390,2026-09-21T10:00:29.000,Compliance,226,SCHAEFER STREET,11207,Brooklyn,Failed for Rat Activity and Other Reason,3034300016,3,3430,16,40.690838833652,-73.906659667328,"{'latitude': '40.690838833652', 'longitude': '-73.906659667328', 'human_address': '{""address"": """", ""city"": """", ""state"": """", ""zip"": """"}'}",4,37,409,3079538,Bushwick (East),Summons Issued,"Runways, Harborage",,
PC8716616,2026-09-21T10:00:32.000,Treatments,265,CHERRY STREET,10002,Manhattan,Bait applied,1002470001,1,247,1,40.711294664235,-73.989048928049,"{'latitude': '40.711294664235', 'longitude': '-73.989048928049', 'human_address': '{""address"": """", ""city"": """", ""state"": """", ""zip"": """"}'}",3,1,6,1077589,Chinatown-Two Bridges,,,,
PC8646170,2026-09-21T10:00:41.000,Treatments,1254,UNION STREET,11225,Brooklyn,Bait applied,3012760023,3,1276,23,40.66886625144,-73.949316944054,"{'latitude': '40.66886625144', 'longitude': '-73.949316944054', 'human_address': '{""address"": """", ""city"": """", ""state"": """", ""zip"": """"}'}",9,35,319,3033246,Crown Heights (South),,,998310,182969
PC8718461,2026-09-21T10:00:55.000,Treatments,2571,BAINBRIDGE AVENUE,10458,Bronx,Bait applied,2032930077,2,3293,77,40.863326369751,-73.892826529089,"{'latitude': '40.863326369751', 'longitude': '-73.892826529089', 'human_address': '{""address"": """", ""city"": """", ""state"": """", ""zip"": """"}'}",7,15,39901,2016807,University Heights (North)-Fordham,,,,
PC8776962,2026-09-21T10:03:00.000,Initial,712,OAKLAND PLACE,10457,Bronx,Failed for Other Reason,2030950010,2,3095,10,40.847139794454,-73.889006912941,"{'latitude': '40.847139794454', 'longitude': '-73.889006912941', 'human_address': '{""address"": """", ""city"": """", ""state"": """", ""zip"": """"}'}",6,15,371,2012660,Tremont,,Harborage,,
PC8682930,2026-09-21T10:03:00.000,Treatments,661,EAST 181 STREET,10457,Bronx,Bait applied,2030830001,2,3083,1,40.849390537161,-73.889068205434,"{'latitude': '40.849390537161', 'longitude': '-73.889068205434', 'human_address': '{""address"": """", ""city"": """", ""state"": """", ""zip"": """"}'}",6,15,373,2092284,Tremont,,,,
PC8554032,2026-09-21T10:05:59.000,Treatments,319,West 145 St,10039,Manhattan,Bait applied,1020520001,1,2052,1,40.823319278776,-73.943056463838,"{'latitude': '40.823319278776', 'longitude': '-73.943056463838', 'human_address': '{""address"": """", ""city"": """", ""state"": """", ""zip"": """"}'}",10,9,231,1084164,Hamilton Heights-Sugar Hill,,,,
PC8708513,2026-09-21T10:08:29.000,Compliance,228,SCHAEFER STREET,11207,Brooklyn,Failed for Rat Activity and Other Reason,3034300017,3,3430,17,40.690879972925,-73.906619943891,"{'latitude': '40.690879972925', 'longitude': '-73.906619943891', 'human_address': '{""address"": """", ""city"": """", ""state"": """", ""zip"": """"}'}",4,37,409,3079539,Bushwick (East),Summons Issued,"Droppings, Burrows, Runways, Harborage",,
PC8729553,2026-09-21T10:08:56.000,Treatments,233,WEST 113 STREET,10026,Manhattan,Bait applied,1018290021,1,1829,21,40.801638254482,-73.954759862155,"{'latitude': '40.801638254482', 'longitude': '-73.954759862155', 'human_address': '{""address"": """", ""city"": """", ""state"": """", ""zip"": """"}'}",10,9,216,1055151,Harlem (South),,,,
PC8700395,2026-09-21T10:10:00.000,Treatments,411,EAST 114 STREET,10029,Manhattan,Bait applied,1017080007,1,1708,7,40.794457171507,-73.93576776346,"{'latitude': '40.794457171507', 'longitude': '-73.93576776346', 'human_address': '{""address"": """", ""city"": """", ""state"": """", ""zip"": """"}'}",11,8,178,1053007,East Harlem (North),,,,
PC8779533,2026-09-21T10:11:11.000,Initial,507,EAST 11 STREET,10009,Manhattan,Failed for Rat Activity,1004050058,1,405,58,40.728259077765,-73.981339453677,"{'latitude': '40.728259077765', 'longitude': '-73.981339453677', 'human_address': '{""address"": """", ""city"": """", ""state"": """", ""zip"": """"}'}",3,2,34,1005195,East Village,City Agency Referral,Burrows,,
PC8704639,2026-09-21T10:14:00.000,Treatments,PACIFIC,STREET,11216,Brooklyn,Bait applied,,3,1209,13,,,,,,,,,,,,
PC8777293,2026-09-21T10:15:00.000,Stoppage,1115,JEROME AVENUE,10452,Bronx,Stoppage done,2025050084,2,2505,84,40.834630504076,-73.924298423714,"{'latitude': '40.834630504076', 'longitude': '-73.924298423714', 'human_address': '{""address"": """", ""city"": """", ""state"": """", ""zip"": """"}'}",4,16,199,2003072,Highbridge,,,,
PC8697423,2026-09-21T10:15:00.000,Treatments,313,EAST 187 STREET,10458,Bronx,Bait applied,2031470075,2,3147,75,40.859882234473,-73.896367732,"{'latitude': '40.859882234473', 'longitude': '-73.896367732', 'human_address': '{""address"": """", ""city"": """", ""state"": """", ""zip"": """"}'}",5,15,39902,2013471,Fordham Heights,,,,
PC8769949,2026-09-21T10:15:00.000,Initial,7,WEST 111 STREET,10026,Manhattan,Failed for Rat Activity,1015950015,1,1595,15,40.797738467907,-73.949384589652,"{'latitude': '40.797738467907', 'longitude': '-73.949384589652', 'human_address': '{""address"": """", ""city"": """", ""state"": """", ""zip"": """"}'}",10,9,186,1051410,Harlem (South),City Agency Referral,Burrows,,
PC8716446,2026-09-21T10:15:11.000,Compliance,16,PILLING STREET,11207,Brooklyn,Failed for Rat Activity,3034560017,3,3456,17,40.682705037363,-73.908794748733,"{'latitude': '40.682705037363', 'longitude': '-73.908794748733', 'human_address': '{""address"": """", ""city"": """", ""state"": """", ""zip"": """"}'}",4,37,403,3080302,Bushwick (East),Summons Issued,Burrows,,
PC8684112,2026-09-21T10:15:16.000,Treatments,311,EAST  193 STREET,10458,Bronx,Bait applied,2032870018,2,3287,18,40.863844450009,-73.892106230062,"{'latitude': '40.863844450009', 'longitude': '-73.892106230062', 'human_address': '{""address"": """", ""city"": """", ""state"": """", ""zip"": """"}'}",7,15,39901,2016610,University Heights (North)-Fordham,,,1014093,254020
PC8651469,2026-09-21T10:15:51.000,Treatments,831,HOME STREET,10459,Bronx,Bait applied,2026810032,2,2681,32,40.827803982013,-73.898875008193,"{'latitude': '40.827803982013', 'longitude': '-73.898875008193', 'human_address': '{""address"": """", ""city"": """", ""state"": """", ""zip"": """"}'}",3,17,135,2005054,Morrisania,,,,
PC8687928,2026-09-21T10:17:05.000,Compliance,650,EAST   21 STREET,11226,Brooklyn,Failed for Rat Activity,3052200047,3,5220,47,40.637856364355,-73.957649308391,"{'latitude': '40.637856364355', 'longitude': '-73.957649308391', 'human_address': '{""address"": """", ""city"": """", ""state"": """", ""zip"": """"}'}",14,45,51601,3120585,Flatbush,Summons Issued,"Droppings, Burrows",,
PC8471352,2026-09-21T10:18:23.000,Compliance,206,WADSWORTH AVENUE,10033,Manhattan,Failed for Rat Activity,1021640052,1,2164,52,40.851296981373,-73.933905315318,"{'latitude': '40.851296981373', 'longitude': '-73.933905315318', 'human_address': '{""address"": """", ""city"": """", ""state"": """", ""zip"": """"}'}",12,10,271,1000000,Washington Heights (North),Summons Issued,"Burrows, Runways",,
PC8716683,2026-09-21T10:18:48.000,Treatments,2239,ADAMS PLACE,10457,Bronx,Bait applied,2030710025,2,3071,25,40.852330325081,-73.889251250714,"{'latitude': '40.852330325081', 'longitude': '-73.889251250714', 'human_address': '{""address"": """", ""city"": """", ""state"": """", ""zip"": """"}'}",6,15,391,2012077,Belmont,,,1014888,249826
PC8710861,2026-09-21T10:19:35.000,Compliance,330,EAST 91 STREET,10128,Manhattan,Failed for Rat Activity,1015530035,1,1553,35,40.78068496195,-73.948563497293,"{'latitude': '40.78068496195', 'longitude': '-73.948563497293', 'human_address': '{""address"": """", ""city"": """", ""state"": """", ""zip"": """"}'}",8,5,15401,1078662,Upper East Side-Yorkville,Summons Issued,"Burrows, Gnawing",998495,223708
PC8536781,2026-09-21T10:20:00.000,Treatments,803,NOSTRAND AVENUE,11225,Brooklyn,Bait applied,3012690002,3,1269,2,40.6691961648,-73.950553134526,"{'latitude': '40.6691961648', 'longitude': '-73.950553134526', 'human_address': '{""address"": """", ""city"": """", ""state"": """", ""zip"": """"}'}",9,35,319,3032926,Crown Heights (South),,,997967,183089
PC8750233,2026-09-21T10:20:00.000,Compliance,1811,GROVE STREET,11385,Queens,Failed for Rat Activity,4034380052,4,3438,52,40.704392178007,-73.909652211176,"{'latitude': '40.704392178007', 'longitude': '-73.909652211176', 'human_address': '{""address"": """", ""city"": """", ""state"": """", ""zip"": """"}'}",5,34,547,4082123,Ridgewood,Summons Issued,Droppings,,
PC8558790,2026-09-21T10:20:02.000,Treatments,675,Riverside Drive,10031,Manhattan,Bait applied,1021010055,1,2101,55,40.826809268533,-73.952198877717,"{'latitude': '40.826809268533', 'longitude': '-73.952198877717', 'human_address': '{""address"": """", ""city"": """", ""state"": """", ""zip"": """"}'}",9,7,229,1000000,Hamilton Heights-Sugar Hill,,,,
PC8767103,2026-09-21T10:22:00.000,Initial,81,FRANKLIN STREET,11222,Brooklyn,Failed for Rat Activity,3025650014,3,2565,14,40.728557350142,-73.957389394939,"{'latitude': '40.728557350142', 'longitude': '-73.957389394939', 'human_address': '{""address"": """", ""city"": """", ""state"": """", ""zip"": """"}'}",1,33,565,3400033,Greenpoint,City Agency Referral,Burrows,996035,204936
PC8718080,2026-09-21T10:22:49.000,Compliance,1984,2 AVENUE,10029,Manhattan,Failed for Rat Activity and Other Reason,1016740001,1,1674,1,40.788066355967,-73.944296499535,"{'latitude': '40.788066355967', 'longitude': '-73.944296499535', 'human_address': '{""address"": """", ""city"": """", ""state"": """", ""zip"": """"}'}",11,8,164,1052658,East Harlem (South),Summons Issued,"Droppings, Burrows, Runways, Garbage",,
PC8696518,2026-09-21T10:23:22.000,Treatments,871,HART STREET,11237,Brooklyn,Bait applied,3032200039,3,3220,39,40.702641877996,-73.922050490822,"{'latitude': '40.702641877996', 'longitude': '-73.922050490822', 'human_address': '{""address"": """", ""city"": """", ""state"": """", ""zip"": """"}'}",4,34,429,3073233,Bushwick (West),,,1005863,195280
PC8697067,2026-09-21T10:23:36.000,Compliance,107,WEST 113 STREET,10026,Manhattan,Failed for Rat Activity and Other Reason,1018230026,1,1823,26,40.800311258948,-73.951614789413,"{'latitude': '40.800311258948', 'longitude': '-73.951614789413', 'human_address': '{""address"": """", ""city"": """", ""state"": """", ""zip"": """"}'}",10,9,216,1055012,Harlem (South),Summons Issued,"Droppings, Burrows, Runways, Garbage",,
PC8764388,2026-09-21T10:24:14.000,Compliance,209,WADSWORTH AVENUE,10033,Manhattan,Failed for Rat Activity,1021650054,1,2165,54,40.851349095923,-73.93384381347,"{'latitude': '40.851349095923', 'longitude': '-73.93384381347', 'human_address': '{""address"": """", ""city"": """", ""state"": """", ""zip"": """"}'}",12,10,271,1063953,Washington Heights (North),Summons Issued,"Droppings, Burrows, Rats",1002552,249456
PC8727211,2026-09-21T10:24:29.000,Compliance,1362,DECATUR STREET,11237,Brooklyn,Failed for Rat Activity,3034370034,3,3437,34,40.692209148493,-73.904147939104,"{'latitude': '40.692209148493', 'longitude': '-73.904147939104', 'human_address': '{""address"": """", ""city"": """", ""state"": """", ""zip"": """"}'}",4,37,409,3079832,Bushwick (East),Summons Issued,Burrows,,
PC8728824,2026-09-21T10:24:40.000,Treatments,269,WEST 113 STREET,10026,Manhattan,Bait applied,1018290008,1,1829,8,40.802102544109,-73.955857597235,"{'latitude': '40.802102544109', 'longitude': '-73.955857597235', 'human_address': '{""address"": """", ""city"": """", ""state"": """", ""zip"": """"}'}",10,9,216,1055140,Harlem (South),,,,
PC8763405,2026-09-21T10:25:00.000,Initial,769,MONROE STREET,11221,Brooklyn,Failed for Rat Activity,3016380075,3,1638,75,40.688327582639,-73.925730808851,"{'latitude': '40.688327582639', 'longitude': '-73.925730808851', 'human_address': '{""address"": """", ""city"": """", ""state"": """", ""zip"": """"}'}",3,41,385,3044753,Bedford-Stuyvesant (East),COTA,Droppings,1004847,190064
PC8739618,2026-09-21T10:28:35.000,Compliance,413,EAST 87 STREET,10128,Manhattan,Failed for Rat Activity and Other Reason,1015670009,1,1567,9,40.777330774586,-73.948345847692,"{'latitude': '40.777330774586', 'longitude': '-73.948345847692', 'human_address': '{""address"": """", ""city"": """", ""state"": """", ""zip"": """"}'}",8,5,14402,1050577,Upper East Side-Yorkville,Summons Issued,"Droppings, Garbage",,
PC8534893,2026-09-21T10:29:55.000,Compliance,616,WEST 184 STREET,10033,Manhattan,Failed for Rat Activity,1021650055,1,2165,55,40.85131291804,-73.932987166677,"{'latitude': '40.85131291804', 'longitude': '-73.932987166677', 'human_address': '{""address"": """", ""city"": """", ""state"": """", ""zip"": """"}'}",12,10,271,1063954,Washington Heights (North),Summons Issued,"Droppings, Burrows",,
PC8778763,2026-09-21T10:30:00.000,Initial,188,FORSYTH STREET,10002,Manhattan,Failed for Rat Activity,1004210052,1,421,52,40.721848473295,-73.991067468871,"{'latitude': '40.721848473295', 'longitude': '-73.991067468871', 'human_address': '{""address"": """", ""city"": """", ""state"": """", ""zip"": """"}'}",3,1,3601,1077629,Lower East Side,COTA,Burrows,,
PC8611828,2026-09-21T10:30:22.000,Treatments,203,EAST 202 STREET,10458,Bronx,Bait applied,2033080043,2,3308,43,40.873248080592,-73.886598368393,"{'latitude': '40.873248080592', 'longitude': '-73.886598368393', 'human_address': '{""address"": """", ""city"": """", ""state"": """", ""zip"": """"}'}",7,14,413,2017246,Bedford Park,,,,
PC8558794,2026-09-21T10:30:26.000,Treatments,675,Riverside Drive,10031,Manhattan,Bait applied,1021010055,1,2101,55,40.826809268533,-73.952198877717,"{'latitude': '40.826809268533', 'longitude': '-73.952198877717', 'human_address': '{""address"": """", ""city"": """", ""state"": """", ""zip"": """"}'}",9,7,229,1000000,Hamilton Heights-Sugar Hill,,,,
PC8700244,2026-09-21T10:30:32.000,Treatments,70,CANAL STREET,10002,Manhattan,Bait applied,1002930015,1,293,15,40.715156850584,-73.992792650044,"{'latitude': '40.715156850584', 'longitude': '-73.992792650044', 'human_address': '{""address"": """", ""city"": """", ""state"": """", ""zip"": """"}'}",3,1,16,1003788,Chinatown-Two Bridges,,,,
PC8720682,2026-09-21T10:32:00.000,Compliance,767,MONROE STREET,11221,Brooklyn,Failed for Rat Activity,3016380076,3,1638,76,40.688319388018,-73.925792117057,"{'latitude': '40.688319388018', 'longitude': '-73.925792117057', 'human_address': '{""address"": """", ""city"": """", ""state"": """", ""zip"": """"}'}",3,41,385,3044754,Bedford-Stuyvesant (East),Summons Issued,"Droppings, Runways",,
PC8776901,2026-09-21T10:33:00.000,Initial,2068,CROTONA AVENUE,10457,Bronx,Failed for Other Reason,2030950018,2,3095,18,40.847598419231,-73.889270002869,"{'latitude': '40.847598419231', 'longitude': '-73.889270002869', 'human_address': '{""address"": """", ""city"": """", ""state"": """", ""zip"": """"}'}",6,15,371,2012667,Tremont,COTA,Harborage,,
PC8779389,2026-09-21T10:33:36.000,Initial,55,SAINT NICHOLAS AVENUE,10026,Manhattan,Failed for Rat Activity,1018220052,1,1822,52,40.80049278474,-73.952506802443,"{'latitude': '40.80049278474', 'longitude': '-73.952506802443', 'human_address': '{""address"": """", ""city"": """", ""state"": """", ""zip"": """"}'}",10,9,216,1054995,Harlem (South),,Droppings,997399,230924
PC8748537,2026-09-21T10:35:00.000,Treatments,113,EAST 179 STREET,10453,Bronx,Bait applied,2028070085,2,2807,85,40.851675989526,-73.906563224493,"{'latitude': '40.851675989526', 'longitude': '-73.906563224493', 'human_address': '{""address"": """", ""city"": """", ""state"": """", ""zip"": """"}'}",5,14,241,2007675,Mount Hope,,,,
PC8749354,2026-09-21T10:35:01.000,Treatments,242,EAST   21 STREET,10010,Manhattan,Bait applied,1009010038,1,901,38,40.737108469669,-73.983079859343,"{'latitude': '40.737108469669', 'longitude': '-73.983079859343', 'human_address': '{""address"": """", ""city"": """", ""state"": """", ""zip"": """"}'}",6,2,64,1019623,Gramercy,,,988939,207828
PC8750609,2026-09-21T10:35:51.000,Treatments,763,Home Street,10456,Bronx,Bait applied,2026620040,2,2662,40,40.828069771711,-73.901516019727,"{'latitude': '40.828069771711', 'longitude': '-73.901516019727', 'human_address': '{""address"": """", ""city"": """", ""state"": """", ""zip"": """"}'}",3,17,135,2004731,Morrisania,,,,
PC8753112,2026-09-21T10:36:00.000,Compliance,67,WEST STREET,11222,Brooklyn,Failed for Rat Activity and Other Reason,3025640001,3,2564,1,40.728654033054,-73.959081492437,"{'latitude': '40.728654033054', 'longitude': '-73.959081492437', 'human_address': '{""address"": """", ""city"": """", ""state"": """", ""zip"": """"}'}",1,33,565,3337599,Greenpoint,Summons Issued,"Droppings, Animal Nuisance",995591,204750
PC8716449,2026-09-21T10:37:17.000,Compliance,41,GRANITE STREET,11207,Brooklyn,Failed for Rat Activity,3034560038,3,3456,38,40.682783650917,-73.907565156332,"{'latitude': '40.682783650917', 'longitude': '-73.907565156332', 'human_address': '{""address"": """", ""city"": """", ""state"": """", ""zip"": """"}'}",4,37,403,3080317,Bushwick (East),Summons Issued,"Droppings, Burrows",,
PC8730541,2026-09-21T10:37:25.000,Treatments,2090,FREDRICK DOUGLASS BL,10026,Manhattan,Bait applied,1018290001,1,1829,1,40.802572216296,-73.956698889473,"{'latitude': '40.802572216296', 'longitude': '-73.956698889473', 'human_address': '{""address"": """", ""city"": """", ""state"": """", ""zip"": """"}'}",10,9,216,1055134,Harlem (South),,,,
PC8721029,2026-09-21T10:37:29.000,Treatments,865,HART STREET,11237,Brooklyn,Bait applied,3032200041,3,3220,41,40.702554104168,-73.922137152228,"{'latitude': '40.702554104168', 'longitude': '-73.922137152228', 'human_address': '{""address"": """", ""city"": """", ""state"": """", ""zip"": """"}'}",4,34,429,3073235,Bushwick (West),,,1005839,195248
PC8748590,2026-09-21T10:39:00.000,Treatments,115,EAST 179 STREET,10453,Bronx,Bait applied,2028070084,2,2807,84,40.851664992966,-73.906541551704,"{'latitude': '40.851664992966', 'longitude': '-73.906541551704', 'human_address': '{""address"": """", ""city"": """", ""state"": """", ""zip"": """"}'}",5,14,241,2007674,Mount Hope,,,,
PC8776535,2026-09-21T10:39:00.000,Initial,1713,MADISON AVENUE,10029,Manhattan,Failed for Rat Activity,1016200040,1,1620,40,40.798104819136,-73.946205930356,"{'latitude': '40.798104819136', 'longitude': '-73.946205930356', 'human_address': '{""address"": """", ""city"": """", ""state"": """", ""zip"": """"}'}",11,8,184,1091593,East Harlem (North),COTA,Burrows,,
PC8557850,2026-09-21T10:40:19.000,Treatments,1681,Amsterdam Ave,10031,Manhattan,Bait applied,1020590001,1,2059,1,40.824024491269,-73.948475669157,"{'latitude': '40.824024491269', 'longitude': '-73.948475669157', 'human_address': '{""address"": """", ""city"": """", ""state"": """", ""zip"": """"}'}",9,7,227,1061269,Hamilton Heights-Sugar Hill,,,,
PC8779117,2026-09-21T10:41:58.000,Initial,20,WEST MOSHOLU PARKWAY SOUTH,10468,Bronx,Failed for Other Reason,2032510490,2,3251,490,40.880202522986,-73.885895752318,"{'latitude': '40.880202522986', 'longitude': '-73.885895752318', 'human_address': '{""address"": """", ""city"": """", ""state"": """", ""zip"": """"}'}",7,11,409,2092444,Bedford Park,,Mice,1015803,259982
PC8759943,2026-09-21T10:42:00.000,Compliance,515,WEST  184 STREET,10033,Manhattan,Failed for Rat Activity,1021560027,1,2156,27,40.850158471606,-73.930201452246,"{'latitude': '40.850158471606', 'longitude': '-73.930201452246', 'human_address': '{""address"": """", ""city"": """", ""state"": """", ""zip"": """"}'}",12,10,269,1063724,Washington Heights (North),Summons Issued,"Droppings, Burrows, Runways",1003560,249023
PC8761955,2026-09-21T10:43:00.000,Treatments,771,EAST 185 STREET,10460,Bronx,Bait applied,2031140077,2,3114,77,40.852430988741,-73.882816811668,"{'latitude': '40.852430988741', 'longitude': '-73.882816811668', 'human_address': '{""address"": """", ""city"": """", ""state"": """", ""zip"": """"}'}",6,15,393,2013056,Belmont,,,,
PC8733556,2026-09-21T10:44:44.000,Treatments,127,EAST 119 STREET,10035,Manhattan,Bait applied,1017680111,1,1768,111,40.800819471984,-73.940821932955,"{'latitude': '40.800819471984', 'longitude': '-73.940821932955', 'human_address': '{""address"": """", ""city"": """", ""state"": """", ""zip"": """"}'}",11,9,196,1089076,East Harlem (North),,,,
PC8742487,2026-09-21T10:45:32.000,Treatments,26,ORCHARD STREET,10002,Manhattan,Bait applied,1002980007,1,298,7,40.715527309633,-73.991551697805,"{'latitude': '40.715527309633', 'longitude': '-73.991551697805', 'human_address': '{""address"": """", ""city"": """", ""state"": """", ""zip"": """"}'}",3,1,16,1003843,Chinatown-Two Bridges,,,,
PC8716764,2026-09-21T10:45:55.000,Treatments,3034,GRAND CONCOURSE,10458,Bronx,Bait applied,2033080001,2,3308,1,40.873772618393,-73.886897592001,"{'latitude': '40.873772618393', 'longitude': '-73.886897592001', 'human_address': '{""address"": """", ""city"": """", ""state"": """", ""zip"": """"}'}",7,14,413,2017235,Bedford Park,,,1015529,257639
PC8767613,2026-09-21T10:47:35.000,Initial,1812,MANAHAN STREET,11385,Queens,Failed for Rat Activity and Other Reason,4034380016,4,3438,16,40.704840124583,-73.910351306144,"{'latitude': '40.704840124583', 'longitude': '-73.910351306144', 'human_address': '{""address"": """", ""city"": """", ""state"": """", ""zip"": """"}'}",5,34,547,4082107,Ridgewood,COTA,"Droppings, Harborage",1009106,196084
PC8778283,2026-09-21T10:49:00.000,Stoppage,1401,UNIVERSITY AVENUE,10452,Bronx,Stoppage done,2025330092,2,2533,92,40.842917572868,-73.925376842614,"{'latitude': '40.842917572868', 'longitude': '-73.925376842614', 'human_address': '{""address"": """", ""city"": """", ""state"": """", ""zip"": """"}'}",4,16,201,2086433,Highbridge,,,,
PC8729314,2026-09-21T10:49:35.000,Treatments,2092,FREDRICK DOUGLASS BL,10026,Manhattan,Bait applied,1018290002,1,1829,2,40.802627096248,-73.956659121182,"{'latitude': '40.802627096248', 'longitude': '-73.956659121182', 'human_address': '{""address"": """", ""city"": """", ""state"": """", ""zip"": """"}'}",10,9,216,1055135,Harlem (South),,,,
PC8778542,2026-09-21T10:50:00.000,Initial,243,WEST 179 STREET,10453,Bronx,Failed for Rat Activity,2032160026,2,3216,26,40.854897957673,-73.916824974671,"{'latitude': '40.854897957673', 'longitude': '-73.916824974671', 'human_address': '{""address"": """", ""city"": """", ""state"": """", ""zip"": """"}'}",5,14,247,2014695,University Heights (South)-Morris Heights,,Burrows,,
PC8580404,2026-09-21T10:50:11.000,Treatments,1841,Amsterdam Avenue,10031,Manhattan,Bait applied,1020660001,1,2066,1,40.829180107097,-73.944706406458,"{'latitude': '40.829180107097', 'longitude': '-73.944706406458', 'human_address': '{""address"": """", ""city"": """", ""state"": """", ""zip"": """"}'}",9,7,23501,1088260,Hamilton Heights-Sugar Hill,,,,
PC8779309,2026-09-21T10:50:14.000,Initial,950,UNDERHILL AVENUE,10473,Bronx,Failed for Rat Activity and Other Reason,2036700001,2,3670,1,40.824687366999,-73.860857571957,"{'latitude': '40.824687366999', 'longitude': '-73.860857571957', 'human_address': '{""address"": """", ""city"": """", ""state"": """", ""zip"": """"}'}",9,18,42,2022642,Soundview-Clason Point,,"Droppings, Burrows, Rats, Garbage, Animal Nuisance",1022759,239766
PC8736436,2026-09-21T10:50:51.000,Treatments,1126,FOREST AVENUE,10456,Bronx,Bait applied,2026610018,2,2661,18,40.827477611556,-73.90234075413,"{'latitude': '40.827477611556', 'longitude': '-73.90234075413', 'human_address': '{""address"": """", ""city"": """", ""state"": """", ""zip"": """"}'}",3,17,135,2004705,Morrisania,,,1011277,240767
PC8763984,2026-09-21T10:51:00.000,Treatments,864,HART STREET,11237,Brooklyn,Bait applied,3032360023,3,3236,23,40.702515684735,-73.922148017064,"{'latitude': '40.702515684735', 'longitude': '-73.922148017064', 'human_address': '{""address"": """", ""city"": """", ""state"": """", ""zip"": """"}'}",4,37,429,3073602,Bushwick (West),,,,
PC8778810,2026-09-21T10:53:00.000,Initial,208,WEST  111 STREET,10026,Manhattan,Failed for Other Reason,1018260042,1,1826,42,40.8002908756,-73.95550844759,"{'latitude': '40.8002908756', 'longitude': '-73.95550844759', 'human_address': '{""address"": """", ""city"": """", ""state"": """", ""zip"": """"}'}",10,9,216,1055069,Harlem (South),,Animal Nuisance,996568,230850
PC8768011,2026-09-21T10:55:27.000,Initial,3243,PARKSIDE PLACE,10467,Bronx,Failed for Other Reason,2033557501,2,3355,7501,40.874977540361,-73.873704404246,"{'latitude': '40.874977540361', 'longitude': '-73.873704404246', 'human_address': '{""address"": """", ""city"": """", ""state"": """", ""zip"": """"}'}",7,11,42901,2117127,Norwood,COTA,Harborage,1019177,258083
PC8776417,2026-09-21T10:57:37.000,Initial,130,EAST 107 STREET,10029,Manhattan,Failed for Rat Activity,1016340059,1,1634,59,40.793109405095,-73.946271378297,"{'latitude': '40.793109405095', 'longitude': '-73.946271378297', 'human_address': '{""address"": """", ""city"": """", ""state"": """", ""zip"": """"}'}",11,8,172,1052056,East Harlem (South),,Burrows,,
PC8775895,2026-09-21T10:57:41.000,Initial,334,EAST    9 STREET,10003,Manhattan,Failed for Rat Activity,1004500021,1,450,21,40.728775795233,-73.986314771288,"{'latitude': '40.728775795233', 'longitude': '-73.986314771288', 'human_address': '{""address"": """", ""city"": """", ""state"": """", ""zip"": """"}'}",3,2,38,1006372,East Village,COTA,Burrows,988043,204792
PC8777107,2026-09-21T10:58:00.000,Initial,198,EAST 161 STREET,10451,Bronx,Failed for Rat Activity,2024430094,2,2443,94,40.826347417634,-73.921023362284,"{'latitude': '40.826347417634', 'longitude': '-73.921023362284', 'human_address': '{""address"": """", ""city"": """", ""state"": """", ""zip"": """"}'}",4,16,61,2099027,Concourse-Concourse Village,City Agency Referral,Burrows,,
PC8778644,2026-09-21T10:59:00.000,Stoppage,751,WALTON AVENUE,10451,Bronx,Stoppage done,2024730033,2,2473,33,40.82422624837,-73.925918188207,"{'latitude': '40.82422624837', 'longitude': '-73.925918188207', 'human_address': '{""address"": """", ""city"": """", ""state"": """", ""zip"": """"}'}",4,16,6301,2002896,Concourse-Concourse Village,,,,
PC8686793,2026-09-21T11:00:00.000,Treatments,1238,PRESIDENT STREET,11225,Brooklyn,Bait applied,3012830001,3,1283,1,40.66795750762,-73.948816581107,"{'latitude': '40.66795750762', 'longitude': '-73.948816581107', 'human_address': '{""address"": """", ""city"": """", ""state"": """", ""zip"": """"}'}",9,35,319,3337867,Crown Heights (South),,,,
PC8779504,2026-09-21T11:00:00.000,Initial,,,10009,Manhattan,Failed for Rat Activity,,1,386,33,,,,,,,,,City Agency Referral,Burrows,,
PC8777061,2026-09-21T11:00:00.000,Initial,710,EAST 180 STREET,10457,Bronx,Failed for Other Reason,2030950034,2,3095,34,40.847913241745,-73.888420066394,"{'latitude': '40.847913241745', 'longitude': '-73.888420066394', 'human_address': '{""address"": """", ""city"": """", ""state"": """", ""zip"": """"}'}",6,15,371,2000000,Tremont,COTA,Harborage,,
PC8685693,2026-09-21T11:00:22.000,Treatments,2644,MARION AVENUE,10458,Bronx,Bait applied,2032820013,2,3282,13,40.864502041088,-73.890893994278,"{'latitude': '40.864502041088', 'longitude': '-73.890893994278', 'human_address': '{""address"": """", ""city"": """", ""state"": """", ""zip"": """"}'}",7,15,40502,2016468,Bedford Park,,,,
PC8696876,2026-09-21T11:00:36.000,Compliance,2040,FREDERICK DOUGLASS B,,Manhattan,Failed for Rat Activity,,1,1826,7503,0.00000000000000000000,0.00000000000000000000,"{'latitude': '0.0', 'longitude': '0.0', 'human_address': '{""address"": """", ""city"": """", ""state"": """", ""zip"": """"}'}",,,,,,Summons Issued,Burrows,,
PC8579097,2026-09-21T11:01:00.000,Compliance,482,MONROE STREET,11221,Brooklyn,Failed for Rat Activity and Other Reason,3016390004,3,1639,4,40.686866581595,-73.938298470732,"{'latitude': '40.686866581595', 'longitude': '-73.938298470732', 'human_address': '{""address"": """", ""city"": """", ""state"": """", ""zip"": """"}'}",3,36,277,3044768,Bedford-Stuyvesant (East),Summons Issued,"Burrows, Harborage",,
PC8778673,2026-09-21T11:01:00.000,Initial,531,BLAKE AVENUE,11207,Brooklyn,Failed for Rat Activity and Other Reason,3037670001,3,3767,1,40.667178095244,-73.89927807944,"{'latitude': '40.667178095244', 'longitude': '-73.89927807944', 'human_address': '{""address"": """", ""city"": """", ""state"": """", ""zip"": """"}'}",5,42,1134,3084260,East New York (North),COTA,"Droppings, Burrows, Garbage",1012192,182366
PC8750200,2026-09-21T11:02:00.000,Compliance,18-20,MENAHAN STREET,11385,Queens,Failed for Rat Activity,4034380021,4,3438,21,40.704941599218,-73.910246574005,"{'latitude': '40.704941599218', 'longitude': '-73.910246574005', 'human_address': '{""address"": """", ""city"": """", ""state"": """", ""zip"": """"}'}",5,34,547,4082110,Ridgewood,Summons Issued,Runways,,
PC8769678,2026-09-21T11:02:09.000,Initial,503,WEST  133 STREET,10027,Manhattan,Failed for Other Reason,1019870024,1,1987,24,40.817829102188,-73.953737209635,"{'latitude': '40.817829102188', 'longitude': '-73.953737209635', 'human_address': '{""address"": """", ""city"": """", ""state"": """", ""zip"": """"}'}",9,7,219,1085357,Manhattanville-West Harlem,COTA,Harborage,997055,237240
PC8778329,2026-09-21T11:02:13.000,Initial,866,CONEY ISLAND AVENUE,11218,Brooklyn,Failed for Rat Activity and Other Reason,3054030016,3,5403,16,40.636226557435,-73.967926101139,"{'latitude': '40.636226557435', 'longitude': '-73.967926101139', 'human_address': '{""address"": """", ""city"": """", ""state"": """", ""zip"": """"}'}",12,40,482,3127348,Flatbush (West)-Ditmas Park-Parkville,COTA,"Burrows, Harborage",993152,171075
PC8753035,2026-09-21T11:04:35.000,Compliance,535,EAST   87 STREET,10128,Manhattan,Failed for Other Reason,1015840018,1,1584,18,40.776212438341,-73.945700146452,"{'latitude': '40.776212438341', 'longitude': '-73.945700146452', 'human_address': '{""address"": """", ""city"": """", ""state"": """", ""zip"": """"}'}",8,5,14402,1051325,Upper East Side-Yorkville,Summons Issued,Harborage,999289,222079
PC8749174,2026-09-21T11:05:51.000,Treatments,1120,FOX STREET,10459,Bronx,Bait applied,2027190038,2,2719,38,40.827489285434,-73.893842024698,"{'latitude': '40.827489285434', 'longitude': '-73.893842024698', 'human_address': '{""address"": """", ""city"": """", ""state"": """", ""zip"": """"}'}",3,17,125,2005701,Crotona Park East,,,1013629,240774
PC8763650,2026-09-21T11:07:33.000,Treatments,840,HART STREET,11237,Brooklyn,Bait applied,3032360015,3,3236,15,40.702164586294,-73.922491053564,"{'latitude': '40.702164586294', 'longitude': '-73.922491053564', 'human_address': '{""address"": """", ""city"": """", ""state"": """", ""zip"": """"}'}",4,37,429,3073594,Bushwick (West),,,,
PC8778448,2026-09-21T11:08:00.000,Initial,2015,UNIVERSITY AVENUE,10453,Bronx,Failed for Rat Activity,2032160048,2,3216,48,40.855316081991,-73.910740547897,"{'latitude': '40.855316081991', 'longitude': '-73.910740547897', 'human_address': '{""address"": """", ""city"": """", ""state"": """", ""zip"": """"}'}",5,14,24502,2014696,University Heights (South)-Morris Heights,COTA,Burrows,,
PC8769033,2026-09-21T11:10:00.000,Initial,62-61,60 DRIVE,11378,Queens,Failed for Rat Activity,4027580063,4,2758,63,40.716287843163,-73.899546277696,"{'latitude': '40.716287843163', 'longitude': '-73.899546277696', 'human_address': '{""address"": """", ""city"": """", ""state"": """", ""zip"": """"}'}",5,30,601,4433529,Maspeth,,Droppings,1012097,200258
PC8777155,2026-09-21T11:10:49.000,Initial,200,EAST 161 STREET,10451,Bronx,Failed for Other Reason,2024430090,2,2443,90,40.826330906951,-73.92096195528,"{'latitude': '40.826330906951', 'longitude': '-73.92096195528', 'human_address': '{""address"": """", ""city"": """", ""state"": """", ""zip"": """"}'}",4,16,61,2002456,Concourse-Concourse Village,COTA,"Garbage, Animal Nuisance",,
PC8766591,2026-09-21T11:14:00.000,Compliance,76,INDIA STREET,11222,Brooklyn,Failed for Rat Activity,3025400001,3,2540,1,40.732073290591,-73.957109306416,"{'latitude': '40.732073290591', 'longitude': '-73.957109306416', 'human_address': '{""address"": """", ""city"": """", ""state"": """", ""zip"": """"}'}",1,33,565,3064408,Greenpoint,Summons Issued,Droppings,996137,205996
PC8778595,2026-09-21T11:14:00.000,Initial,2001,UNIVERSITY AVENUE,10453,Bronx,Failed for Rat Activity,2032160052,2,3216,52,40.854929349636,-73.911095328511,"{'latitude': '40.854929349636', 'longitude': '-73.911095328511', 'human_address': '{""address"": """", ""city"": """", ""state"": """", ""zip"": """"}'}",5,14,24502,2014697,University Heights (South)-Morris Heights,,Burrows,,
PC8687068,2026-09-21T11:15:00.000,Treatments,1201,CARROLL STREET,11225,Brooklyn,Bait applied,3012830057,3,1283,57,40.667095795289,-73.949148874872,"{'latitude': '40.667095795289', 'longitude': '-73.949148874872', 'human_address': '{""address"": """", ""city"": """", ""state"": """", ""zip"": """"}'}",9,35,319,3033586,Crown Heights (South),,,,
PC8777343,2026-09-21T11:15:00.000,Stoppage,1116,WOODYCREST AVENUE,10452,Bronx,Stoppage done,,2,2509,36,40.83531499892,-73.925916634833,"{'latitude': '40.83531499892', 'longitude': '-73.925916634833', 'human_address': '{""address"": """", ""city"": """", ""state"": """", ""zip"": """"}'}",4,16,199,,Highbridge,,,,
PC8778808,2026-09-21T11:15:05.000,Initial,774,NEW JERSEY AVENUE,11207,Brooklyn,Failed for Rat Activity and Other Reason,3042990040,3,4299,40,40.660643544508,-73.89111697789,"{'latitude': '40.660643544508', 'longitude': '-73.89111697789', 'human_address': '{""address"": """", ""city"": """", ""state"": """", ""zip"": """"}'}",5,42,1128,3096472,East New York-New Lots,,"Droppings, Burrows, Garbage",1014459,179988
PC8609061,2026-09-21T11:15:27.000,Treatments,353,E MOSHOLU PARKWAY N,10467,Bronx,Bait applied,2033320001,2,3332,1,40.87102654435,-73.880151631203,"{'latitude': '40.87102654435', 'longitude': '-73.880151631203', 'human_address': '{""address"": """", ""city"": """", ""state"": """", ""zip"": """"}'}",7,11,425,2017910,Norwood,,,,
PC8620590,2026-09-21T11:15:32.000,Treatments,385,GRAND STREET,10002,Manhattan,Bait applied,1003110013,1,311,13,40.716336705158,-73.988052468824,"{'latitude': '40.716336705158', 'longitude': '-73.988052468824', 'human_address': '{""address"": """", ""city"": """", ""state"": """", ""zip"": """"}'}",3,1,1401,1077605,Lower East Side,,,987562,200260
PC8769069,2026-09-21T11:16:50.000,Compliance,14,KOSCIUSZKO STREET,11205,Brooklyn,Failed for Rat Activity and Other Reason,3017830013,3,1783,13,40.690220141233,-73.954763631621,"{'latitude': '40.690220141233', 'longitude': '-73.954763631621', 'human_address': '{""address"": """", ""city"": """", ""state"": """", ""zip"": """"}'}",3,36,241,3049713,Bedford-Stuyvesant (West),Summons Issued,"Droppings, Harborage",,
PC8748862,2026-09-21T11:18:01.000,Treatments,325,EAST   21 STREET,10010,Manhattan,Bait applied,1009270016,1,927,16,40.73611173953,-73.980669688089,"{'latitude': '40.73611173953', 'longitude': '-73.980669688089', 'human_address': '{""address"": """", ""city"": """", ""state"": """", ""zip"": """"}'}",6,2,64,1020548,Gramercy,,,989607,207465
PC8778473,2026-09-21T11:20:27.000,Initial,1941,ANDREWS AVENUE SOUTH,10453,Bronx,Failed for Rat Activity and Other Reason,2032210071,2,3221,71,40.854884199129,-73.913069119835,"{'latitude': '40.854884199129', 'longitude': '-73.913069119835', 'human_address': '{""address"": """", ""city"": """", ""state"": """", ""zip"": """"}'}",5,14,24502,2014887,University Heights (South)-Morris Heights,COTA,"Burrows, Harborage",,
PC8659211,2026-09-21T11:20:51.000,Treatments,1166,SIMPSON STREET,10459,Bronx,Bait applied,2027280016,2,2728,16,40.827699761617,-73.892905814473,"{'latitude': '40.827699761617', 'longitude': '-73.892905814473', 'human_address': '{""address"": """", ""city"": """", ""state"": """", ""zip"": """"}'}",3,17,125,2005809,Crotona Park East,,,,
PC8763845,2026-09-21T11:22:00.000,Treatments,834,HART STREET,11237,Brooklyn,Bait applied,3032360013,3,3236,13,40.702076812131,-73.922577713765,"{'latitude': '40.702076812131', 'longitude': '-73.922577713765', 'human_address': '{""address"": """", ""city"": """", ""state"": """", ""zip"": """"}'}",4,37,429,3073592,Bushwick (West),,,,
PC8707346,2026-09-21T11:22:22.000,Treatments,305,WEST  114 STREET,10026,Manhattan,Bait applied,1018480010,1,1848,10,40.803244649308,-73.956618984706,"{'latitude': '40.803244649308', 'longitude': '-73.956618984706', 'human_address': '{""address"": """", ""city"": """", ""state"": """", ""zip"": """"}'}",10,9,20102,1055831,Harlem (South),,,996260,231926
PC8710895,2026-09-21T11:22:36.000,Compliance,308,WEST 114 STREET,10026,Manhattan,Failed for Rat Activity and Other Reason,1018470064,1,1847,64,40.803266642722,-73.956712884294,"{'latitude': '40.803266642722', 'longitude': '-73.956712884294', 'human_address': '{""address"": """", ""city"": """", ""state"": """", ""zip"": """"}'}",10,9,19702,1055819,Harlem (South),Summons Issued,"Droppings, Burrows, Runways, Animal Nuisance",,
PC8761165,2026-09-21T11:22:49.000,Compliance,305,EAST 115 STREET,10029,Manhattan,Failed for Rat Activity,1016870104,1,1687,104,40.796212325968,-73.938059488037,"{'latitude': '40.796212325968', 'longitude': '-73.938059488037', 'human_address': '{""address"": """", ""city"": """", ""state"": """", ""zip"": """"}'}",11,8,188,1052934,East Harlem (North),Summons Issued,"Burrows, Runways",,
PC8580933,2026-09-21T11:23:13.000,Compliance,564,EAST    4 STREET,11218,Brooklyn,Failed for Rat Activity,3053720044,3,5372,44,40.638690514842,-73.975581569583,"{'latitude': '40.638690514842', 'longitude': '-73.975581569583', 'human_address': '{""address"": """", ""city"": """", ""state"": """", ""zip"": """"}'}",12,39,488,3126065,Kensington,Summons Issued,Burrows,991027,171972
PC8778599,2026-09-21T11:23:27.000,Initial,122,WEST 179 STREET,10453,Bronx,Failed for Other Reason,2032210033,2,3221,33,40.855290372703,-73.913007133381,"{'latitude': '40.855290372703', 'longitude': '-73.913007133381', 'human_address': '{""address"": """", ""city"": """", ""state"": """", ""zip"": """"}'}",5,14,24502,2014867,University Heights (South)-Morris Heights,COTA,Harborage,,
PC8732575,2026-09-21T11:23:35.000,Treatments,2412,WEBSTER AVENUE,10458,Bronx,Bait applied,2030320004,2,3032,4,40.859174372634,-73.893668339888,"{'latitude': '40.859174372634', 'longitude': '-73.893668339888', 'human_address': '{""address"": """", ""city"": """", ""state"": """", ""zip"": """"}'}",6,15,38304,2011217,Belmont,,,,
PC8687160,2026-09-21T11:25:41.000,Treatments,1209,CARROLL STREET,11225,Brooklyn,Bait applied,3012830054,3,1283,54,40.667081960767,-73.948900163031,"{'latitude': '40.667081960767', 'longitude': '-73.948900163031', 'human_address': '{""address"": """", ""city"": """", ""state"": """", ""zip"": """"}'}",9,35,319,3033583,Crown Heights (South),,,,
PC8755985,2026-09-21T11:27:04.000,Compliance,658,WEST  188 STREET,10040,Manhattan,Failed for Rat Activity,1021700016,1,2170,16,40.854287627311,-73.931997301727,"{'latitude': '40.854287627311', 'longitude': '-73.931997301727', 'human_address': '{""address"": """", ""city"": """", ""state"": """", ""zip"": """"}'}",12,10,279,1064039,Washington Heights (North),Summons Issued,Burrows,1003062,250527
PC8761209,2026-09-21T11:27:49.000,Compliance,309,EAST 115 STREET,10029,Manhattan,Failed for Other Reason,1016870005,1,1687,5,40.796160111391,-73.937940351056,"{'latitude': '40.796160111391', 'longitude': '-73.937940351056', 'human_address': '{""address"": """", ""city"": """", ""state"": """", ""zip"": """"}'}",11,8,188,1052901,East Harlem (North),Summons Issued,Garbage,,
PC8778905,2026-09-21T11:27:58.000,Initial,155,EAST MOSHOLU PARKWAY NORTH,10467,Bronx,Failed for Rat Activity,2033350110,2,3335,110,40.876053519146,-73.881480472999,"{'latitude': '40.876053519146', 'longitude': '-73.881480472999', 'human_address': '{""address"": """", ""city"": """", ""state"": """", ""zip"": """"}'}",7,11,419,2018005,Norwood,,Burrows,1017026,258472
PC8768997,2026-09-21T11:28:09.000,Initial,2705,BAINBRIDGE AVENUE,10458,Bronx,Failed for Other Reason,2032940053,2,3294,53,40.86600347833,-73.890967446866,"{'latitude': '40.86600347833', 'longitude': '-73.890967446866', 'human_address': '{""address"": """", ""city"": """", ""state"": """", ""zip"": """"}'}",7,15,40501,2016853,Bedford Park,COTA,"Garbage, Harborage",1014407,254807
PC8777962,2026-09-21T11:29:00.000,Initial,519,HANCOCK STREET,11233,Brooklyn,Failed for Rat Activity and Other Reason,3016550080,3,1655,80,40.684330999604,-73.934417584772,"{'latitude': '40.684330999604', 'longitude': '-73.934417584772', 'human_address': '{""address"": """", ""city"": """", ""state"": """", ""zip"": """"}'}",3,36,295,3045795,Bedford-Stuyvesant (East),COTA,"Burrows, Harborage",1002444,188607
PC8753113,2026-09-21T11:30:00.000,Initial,671,DECATUR STREET,11233,Brooklyn,Failed for Rat Activity and Other Reason,3015020062,3,1502,62,40.683427071349,-73.916192368628,"{'latitude': '40.683427071349', 'longitude': '-73.916192368628', 'human_address': '{""address"": """", ""city"": """", ""state"": """", ""zip"": """"}'}",16,41,373,3040443,Ocean Hill,COTA,"Droppings, Runways, Harborage",1007494,188281
PC8778952,2026-09-21T11:30:00.000,Initial,1785,3 AVENUE,10029,Manhattan,Failed for Rat Activity and Other Reason,1016490001,1,1649,1,40.787302203441,-73.947771122308,"{'latitude': '40.787302203441', 'longitude': '-73.947771122308', 'human_address': '{""address"": """", ""city"": """", ""state"": """", ""zip"": """"}'}",11,8,164,1083463,East Harlem (South),City Agency Referral,"Burrows, Garbage, Harborage",,
PC8609565,2026-09-21T11:30:38.000,Treatments,309,E MOSHOLU PARKWAY N,10467,Bronx,Bait applied,2033340053,2,3334,53,40.872528352162,-73.880575584892,"{'latitude': '40.872528352162', 'longitude': '-73.880575584892', 'human_address': '{""address"": """", ""city"": """", ""state"": """", ""zip"": """"}'}",7,11,425,2017982,Norwood,,,,
PC8761077,2026-09-21T11:34:49.000,Compliance,313,EAST 115 STREET,10029,Manhattan,Failed for Rat Activity,1016870008,1,1687,8,40.796094151427,-73.937781498607,"{'latitude': '40.796094151427', 'longitude': '-73.937781498607', 'human_address': '{""address"": """", ""city"": """", ""state"": """", ""zip"": """"}'}",11,8,188,1052902,East Harlem (North),Summons Issued,Burrows,,
PC8778546,2026-09-21T11:36:00.000,Initial,1916,LORING PLACE SOUTH,10453,Bronx,Failed for Rat Activity,2032210011,2,3221,11,40.854594256251,-73.914399774465,"{'latitude': '40.854594256251', 'longitude': '-73.914399774465', 'human_address': '{""address"": """", ""city"": """", ""state"": """", ""zip"": """"}'}",5,14,24502,2014853,University Heights (South)-Morris Heights,,Burrows,,
PC8637115,2026-09-21T11:36:31.000,Treatments,831,HART STREET,11237,Brooklyn,Bait applied,3032200152,3,3220,152,40.702057630389,-73.922624621566,"{'latitude': '40.702057630389', 'longitude': '-73.922624621566', 'human_address': '{""address"": """", ""city"": """", ""state"": """", ""zip"": """"}'}",4,34,429,3000000,Bushwick (West),,,,
PC8745240,2026-09-21T11:36:50.000,Compliance,480,GREENE AVENUE,11216,Brooklyn,Failed for Rat Activity,3017970051,3,1797,51,40.688289439428,-73.951995673909,"{'latitude': '40.688289439428', 'longitude': '-73.951995673909', 'human_address': '{""address"": """", ""city"": """", ""state"": """", ""zip"": """"}'}",3,36,243,3050366,Bedford-Stuyvesant (West),Summons Issued,Burrows,,
PC8561684,2026-09-21T11:37:13.000,Compliance,555,EAST    5 STREET,11218,Brooklyn,Failed for Rat Activity and Other Reason,3053740057,3,5374,57,40.638940089639,-73.974659072439,"{'latitude': '40.638940089639', 'longitude': '-73.974659072439', 'human_address': '{""address"": """", ""city"": """", ""state"": """", ""zip"": """"}'}",12,39,488,3126170,Kensington,Summons Issued,"Burrows, Garbage, Harborage",991283,172063
PC8778365,2026-09-21T11:38:00.000,Initial,1904,LORING PLACE SOUTH,10453,Bronx,Failed for Rat Activity,2032210007,2,3221,7,40.85432533456,-73.9144832637,"{'latitude': '40.85432533456', 'longitude': '-73.9144832637', 'human_address': '{""address"": """", ""city"": """", ""state"": """", ""zip"": """"}'}",5,14,24502,2014851,University Heights (South)-Morris Heights,COTA,Droppings,,
PC8637612,2026-09-21T11:38:16.000,Treatments,2408,WEBSTER AVENUE,10458,Bronx,Bait applied,2030320003,2,3032,3,40.859108539282,-73.893711827022,"{'latitude': '40.859108539282', 'longitude': '-73.893711827022', 'human_address': '{""address"": """", ""city"": """", ""state"": """", ""zip"": """"}'}",6,15,38304,2011216,Belmont,,,,
PC8729803,2026-09-21T11:40:00.000,Compliance,1262,TELLER AVENUE,10456,Bronx,Failed for Other Reason,2024310015,2,2431,15,40.833739703803,-73.910733468806,"{'latitude': '40.833739703803', 'longitude': '-73.910733468806', 'human_address': '{""address"": """", ""city"": """", ""state"": """", ""zip"": """"}'}",4,16,17701,2002171,Concourse-Concourse Village,Summons Issued,Harborage,,
PC8679650,2026-09-21T11:40:32.000,Treatments,504,GRAND STREET,10002,Manhattan,Bait applied,1003310001,1,331,1,40.714664401883,-73.982328055174,"{'latitude': '40.714664401883', 'longitude': '-73.982328055174', 'human_address': '{""address"": """", ""city"": """", ""state"": """", ""zip"": """"}'}",3,1,12,1004064,Lower East Side,,,,
PC8659426,2026-09-21T11:40:51.000,Treatments,1121,SOUTHERN BOULEVARD,10459,Bronx,Bait applied,2027280047,2,2728,47,40.827051076163,-73.89191679795,"{'latitude': '40.827051076163', 'longitude': '-73.89191679795', 'human_address': '{""address"": """", ""city"": """", ""state"": """", ""zip"": """"}'}",3,17,125,2005817,Crotona Park East,,,,
PC8758764,2026-09-21T11:44:00.000,Treatments,1327,PACIFIC STREET,11216,Brooklyn,Bait applied,3012010057,3,1201,57,40.677574987835,-73.948329674215,"{'latitude': '40.677574987835', 'longitude': '-73.948329674215', 'human_address': '{""address"": """", ""city"": """", ""state"": """", ""zip"": """"}'}",8,36,315,3029814,Crown Heights (North),,,,
PC8741248,2026-09-21T11:44:00.000,Treatments,2098,VALENTINE AVENUE,10457,Bronx,Bait applied,2031440008,2,3144,8,40.853031652852,-73.899769120848,"{'latitude': '40.853031652852', 'longitude': '-73.899769120848', 'human_address': '{""address"": """", ""city"": """", ""state"": """", ""zip"": """"}'}",5,15,379,2013346,Mount Hope,,,,
PC8738139,2026-09-21T11:44:37.000,Compliance,604,EAST 14TH STREET,10009,Manhattan,Failed for Rat Activity,1003960010,1,396,10,40.729315180004,-73.977788833891,"{'latitude': '40.729315180004', 'longitude': '-73.977788833891', 'human_address': '{""address"": """", ""city"": """", ""state"": """", ""zip"": """"}'}",3,2,28,1077502,East Village,Summons Issued,"Droppings, Burrows",,
PC8609662,2026-09-21T11:45:00.000,Treatments,3058,PERRY AVENUE,10467,Bronx,Bait applied,2033330016,2,3333,16,40.872464371674,-73.87975851759,"{'latitude': '40.872464371674', 'longitude': '-73.87975851759', 'human_address': '{""address"": """", ""city"": """", ""state"": """", ""zip"": """"}'}",7,11,425,2017940,Norwood,,,,
PC8613091,2026-09-21T11:45:00.000,Compliance,555,HALSEY STREET,11233,Brooklyn,Failed for Rat Activity,3016610064,3,1661,64,40.684029520843,-73.93051663079,"{'latitude': '40.684029520843', 'longitude': '-73.93051663079', 'human_address': '{""address"": """", ""city"": """", ""state"": """", ""zip"": """"}'}",3,36,295,3046181,Bedford-Stuyvesant (East),Summons Issued,Burrows,1003521,188497
PC8761022,2026-09-21T11:46:49.000,Compliance,337,EAST 115 STREET,10029,Manhattan,Failed for Rat Activity and Other Reason,1016870019,1,1687,19,40.795651668623,-73.936723696859,"{'latitude': '40.795651668623', 'longitude': '-73.936723696859', 'human_address': '{""address"": """", ""city"": """", ""state"": """", ""zip"": """"}'}",11,8,188,1052906,East Harlem (North),Summons Issued,"Burrows, Garbage",,
PC8749408,2026-09-21T11:48:01.000,Treatments,336,EAST   18 STREET,10003,Manhattan,Bait applied,1009230044,1,923,44,40.734415716129,-73.982156813539,"{'latitude': '40.734415716129', 'longitude': '-73.982156813539', 'human_address': '{""address"": """", ""city"": """", ""state"": """", ""zip"": """"}'}",6,2,48,1020445,Gramercy,,,989195,206847
PC8769119,2026-09-21T11:48:46.000,Initial,4455,BROADWAY,10040,Manhattan,Failed for Rat Activity,1021800507,1,2180,507,40.857169833265,-73.932399225153,"{'latitude': '40.857169833265', 'longitude': '-73.932399225153', 'human_address': '{""address"": """", ""city"": """", ""state"": """", ""zip"": """"}'}",12,10,279,1064466,Washington Heights (North),COTA,"Droppings, Burrows",1002950,251577
PC8624332,2026-09-21T11:49:00.000,Compliance,312,WEST  114 STREET,10026,Manhattan,Failed for Rat Activity,1018470066,1,1847,66,40.803302357077,-73.956799550851,"{'latitude': '40.803302357077', 'longitude': '-73.956799550851', 'human_address': '{""address"": """", ""city"": """", ""state"": """", ""zip"": """"}'}",10,9,19702,1055820,Harlem (South),Summons Issued,"Droppings, Burrows, Runways",996210,231947
PC8693915,2026-09-21T11:49:30.000,Treatments,791,HART STREET,11237,Brooklyn,Bait applied,3032190038,3,3219,38,40.701039988045,-73.92362120588,"{'latitude': '40.701039988045', 'longitude': '-73.92362120588', 'human_address': '{""address"": """", ""city"": """", ""state"": """", ""zip"": """"}'}",4,34,429,3073185,Bushwick (West),,,,
PC8734619,2026-09-21T11:49:36.000,Compliance,116-24,PARK LANE SOUTH,11418,Queens,Failed for Other Reason,4033200007,4,3320,7,40.70751294042,-73.837434802751,"{'latitude': '40.70751294042', 'longitude': '-73.837434802751', 'human_address': '{""address"": """", ""city"": """", ""state"": """", ""zip"": """"}'}",9,29,134,4079237,Kew Gardens,,Harborage,1029321,197087
PC8730949,2026-09-21T11:50:00.000,Compliance,1260,TELLER AVENUE,10456,Bronx,Failed for Other Reason,2024310014,2,2431,14,40.833706783806,-73.910755195563,"{'latitude': '40.833706783806', 'longitude': '-73.910755195563', 'human_address': '{""address"": """", ""city"": """", ""state"": """", ""zip"": """"}'}",4,16,17701,2002170,Concourse-Concourse Village,Summons Issued,Harborage,,
PC8778921,2026-09-21T11:50:14.000,Initial,1019,WARD AVENUE,10472,Bronx,Failed for Other Reason,2037150061,2,3715,61,40.824688636343,-73.876365625521,"{'latitude': '40.824688636343', 'longitude': '-73.876365625521', 'human_address': '{""address"": """", ""city"": """", ""state"": """", ""zip"": """"}'}",9,18,5001,2023510,Soundview-Bruckner-Bronx River,,"Garbage, Harborage",1018467,239760
PC8774287,2026-09-21T11:52:09.000,Initial,2860,DECATUR AVENUE,10458,Bronx,Failed for Other Reason,2032790062,2,3279,62,40.867633336474,-73.88481464844,"{'latitude': '40.867633336474', 'longitude': '-73.88481464844', 'human_address': '{""address"": """", ""city"": """", ""state"": """", ""zip"": """"}'}",7,15,40702,2016424,Bedford Park,COTA,"Garbage, Harborage, Mice",1016108,255403
PC8768132,2026-09-21T11:52:13.000,Compliance,717,AVENUE C,11218,Brooklyn,Failed for Other Reason,3053590046,3,5359,46,40.641096865297,-73.971984628852,"{'latitude': '40.641096865297', 'longitude': '-73.971984628852', 'human_address': '{""address"": """", ""city"": """", ""state"": """", ""zip"": """"}'}",12,39,494,3125541,Kensington,Summons Issued,"Garbage, Harborage",992025,172849
PC8777458,2026-09-21T11:52:29.000,Initial,2324,2 AVENUE,10035,Manhattan,Failed for Other Reason,1017960002,1,1796,2,40.799063130803,-73.936250901384,"{'latitude': '40.799063130803', 'longitude': '-73.936250901384', 'human_address': '{""address"": """", ""city"": """", ""state"": """", ""zip"": """"}'}",11,8,194,1054733,East Harlem (North),,Harborage,,
PC8557545,2026-09-21T11:53:00.000,Compliance,557A,HALSEY STREET,11233,Brooklyn,Failed for Rat Activity,3016610062,3,1661,62,40.684037715805,-73.930451721535,"{'latitude': '40.684037715805', 'longitude': '-73.930451721535', 'human_address': '{""address"": """", ""city"": """", ""state"": """", ""zip"": """"}'}",3,36,295,3046179,Bedford-Stuyvesant (East),Summons Issued,Burrows,,
PC8681455,2026-09-21T11:53:08.000,Treatments,2380,WEBSTER AVENUE,10458,Bronx,Bait applied,2030310037,2,3031,37,40.858151205732,-73.894338770068,"{'latitude': '40.858151205732', 'longitude': '-73.894338770068', 'human_address': '{""address"": """", ""city"": """", ""state"": """", ""zip"": """"}'}",6,15,38304,2011197,Belmont,,,,
PC8747863,2026-09-21T11:54:00.000,Compliance,1050,LAFAYETTE AVENUE,11221,Brooklyn,Failed for Rat Activity and Other Reason,3016120019,3,1612,19,40.692337533405,-73.929826397184,"{'latitude': '40.692337533405', 'longitude': '-73.929826397184', 'human_address': '{""address"": """", ""city"": """", ""state"": """", ""zip"": """"}'}",3,36,387,3043647,Bedford-Stuyvesant (East),Summons Issued,"Droppings, Burrows, Runways, Gnawing, Garbage",1003710,191524
PC8777014,2026-09-21T11:54:49.000,Initial,250,EAST 156 STREET,10451,Bronx,Failed for Rat Activity,2024430190,2,2443,190,40.823026426245,-73.921236881899,"{'latitude': '40.823026426245', 'longitude': '-73.921236881899', 'human_address': '{""address"": """", ""city"": """", ""state"": """", ""zip"": """"}'}",4,16,61,2002458,Concourse-Concourse Village,City Agency Referral,Burrows,,
PC8778916,2026-09-21T11:55:58.000,Initial,3250,PERRY AVENUE,10467,Bronx,Failed for Other Reason,2033470001,2,3347,1,40.87581195186,-73.876241270128,"{'latitude': '40.87581195186', 'longitude': '-73.876241270128', 'human_address': '{""address"": """", ""city"": """", ""state"": """", ""zip"": """"}'}",7,11,42902,2018348,Norwood,,Animal Nuisance,1018475,258386
PC8777491,2026-09-21T11:56:18.000,Initial,2338,2 AVENUE,10035,Manhattan,Failed for Rat Activity,1017960051,1,1796,51,40.79934847007,-73.936044750873,"{'latitude': '40.79934847007', 'longitude': '-73.936044750873', 'human_address': '{""address"": """", ""city"": """", ""state"": """", ""zip"": """"}'}",11,8,194,1090486,East Harlem (North),,Burrows,,
PC8682707,2026-09-21T11:57:27.000,Compliance,2016,HUGHES AVENUE,10457,Bronx,Failed for Rat Activity and Other Reason,2030800001,2,3080,1,40.847704542187,-73.891178281959,"{'latitude': '40.847704542187', 'longitude': '-73.891178281959', 'human_address': '{""address"": """", ""city"": """", ""state"": """", ""zip"": """"}'}",6,15,373,2012315,Tremont,Summons Issued,"Droppings, Burrows, Garbage",,
PC8662797,2026-09-21T11:58:50.000,Compliance,602,MARCY AVENUE,11206,Brooklyn,Failed for Rat Activity,3017580054,3,1758,54,40.694008231138,-73.948947963296,"{'latitude': '40.694008231138', 'longitude': '-73.948947963296', 'human_address': '{""address"": """", ""city"": """", ""state"": """", ""zip"": """"}'}",3,36,253,3048777,Bedford-Stuyvesant (West),Summons Issued,"Droppings, Burrows, Runways, Gnawing, Rats",,
PC8742532,2026-09-21T11:59:00.000,Treatments,1236,PACIFIC STREET,11216,Brooklyn,Bait applied,3012060031,3,1206,31,40.677702334211,-73.950799170819,"{'latitude': '40.677702334211', 'longitude': '-73.950799170819', 'human_address': '{""address"": """", ""city"": """", ""state"": """", ""zip"": """"}'}",8,36,315,3029996,Crown Heights (North),,,,
PC8775212,2026-09-21T12:00:00.000,Initial,543,CHAUNCEY STREET,11233,Brooklyn,Failed for Rat Activity,3015110054,3,1511,54,40.682296561952,-73.912963267254,"{'latitude': '40.682296561952', 'longitude': '-73.912963267254', 'human_address': '{""address"": """", ""city"": """", ""state"": """", ""zip"": """"}'}",16,41,373,3040972,Ocean Hill,COTA,Droppings,1008390,187870
PC8775899,2026-09-21T12:00:00.000,Initial,59-14,70 STREET,11378,Queens,Failed for Other Reason,4028320012,4,2832,12,40.724173682329,-73.890670042558,"{'latitude': '40.724173682329', 'longitude': '-73.890670042558', 'human_address': '{""address"": """", ""city"": """", ""state"": """", ""zip"": """"}'}",5,30,66701,4063690,Maspeth,,"Garbage, Harborage",1014554,203134
PC8763417,2026-09-21T12:00:01.000,Treatments,340,EAST   18 STREET,10003,Manhattan,Bait applied,1009230043,1,923,43,40.734385513036,-73.982088263439,"{'latitude': '40.734385513036', 'longitude': '-73.982088263439', 'human_address': '{""address"": """", ""city"": """", ""state"": """", ""zip"": """"}'}",6,2,48,1020444,Gramercy,,,989214,206836
PC8631017,2026-09-21T12:00:29.000,Treatments,171,EAST MOSHOLU PARKWAY NORTH,10467,Bronx,Bait applied,2033350142,2,3335,142,40.875559461691,-73.881474125014,"{'latitude': '40.875559461691', 'longitude': '-73.881474125014', 'human_address': '{""address"": """", ""city"": """", ""state"": """", ""zip"": """"}'}",7,11,419,2018017,Norwood,,,1017028,258292
PC8765913,2026-09-21T12:00:35.000,Compliance,529,WEST 151 STREET,10031,Manhattan,Failed for Rat Activity,1020830015,1,2083,15,40.829427650271,-73.945790250544,"{'latitude': '40.829427650271', 'longitude': '-73.945790250544', 'human_address': '{""address"": """", ""city"": """", ""state"": """", ""zip"": """"}'}",9,7,237,1062180,Hamilton Heights-Sugar Hill,Summons Issued,Burrows,,
PC8764222,2026-09-21T12:00:49.000,Compliance,406,EAST 120 STREET,10035,Manhattan,Failed for Rat Activity,1018070045,1,1807,45,40.798421850733,-73.933167029821,"{'latitude': '40.798421850733', 'longitude': '-73.933167029821', 'human_address': '{""address"": """", ""city"": """", ""state"": """", ""zip"": """"}'}",11,8,192,1054879,East Harlem (North),Summons Issued,Droppings,,
PC8722543,2026-09-21T12:00:51.000,Treatments,1413,PROSPECT AVENUE,10459,Bronx,Bait applied,2029620042,2,2962,42,40.832448805816,-73.896602151175,"{'latitude': '40.832448805816', 'longitude': '-73.896602151175', 'human_address': '{""address"": """", ""city"": """", ""state"": """", ""zip"": """"}'}",3,17,151,2010201,Morrisania,,,1012863,242580
PC8779173,2026-09-21T12:03:00.000,Initial,169,INDIA STREET,11222,Brooklyn,Failed for Rat Activity,3025330049,3,2533,49,40.732456041746,-73.953230219554,"{'latitude': '40.732456041746', 'longitude': '-73.953230219554', 'human_address': '{""address"": """", ""city"": """", ""state"": """", ""zip"": """"}'}",1,33,575,3064344,Greenpoint,COTA,Runways,997204,206135
PC8764211,2026-09-21T12:04:04.000,Compliance,414,EAST 120 STREET,10035,Manhattan,Failed for Other Reason,1018077501,1,1807,7501,40.798328396645,-73.932939580125,"{'latitude': '40.798328396645', 'longitude': '-73.932939580125', 'human_address': '{""address"": """", ""city"": """", ""state"": """", ""zip"": """"}'}",11,8,192,1087383,East Harlem (North),Summons Issued,Garbage,,
PC8777048,2026-09-21T12:04:49.000,Initial,EAST,149 STREET,10451,Bronx,Failed for Other Reason,,2,2443,1,,,,,,,,,City Agency Referral,Harborage,,
PC8665320,2026-09-21T12:05:32.000,Treatments,174,RIVINGTON STREET,10002,Manhattan,Bait applied,1003440169,1,344,169,40.7189163648,-73.98452027526,"{'latitude': '40.7189163648', 'longitude': '-73.98452027526', 'human_address': '{""address"": """", ""city"": """", ""state"": """", ""zip"": """"}'}",3,1,2201,1004121,Lower East Side,,,,
PC8733347,2026-09-21T12:08:21.000,Treatments,2391,WASHINGTON AVENUE,10458,Bronx,Bait applied,2030400020,2,3040,20,40.857470460093,-73.891339377953,"{'latitude': '40.857470460093', 'longitude': '-73.891339377953', 'human_address': '{""address"": """", ""city"": """", ""state"": """", ""zip"": """"}'}",6,15,385,2011399,Belmont,,,,
PC8747490,2026-09-21T12:08:36.000,Compliance,84-12,BEVERLY ROAD,11415,Queens,Failed for Other Reason,4033310013,4,3331,13,40.707434203699,-73.830448489732,"{'latitude': '40.707434203699', 'longitude': '-73.830448489732', 'human_address': '{""address"": """", ""city"": """", ""state"": """", ""zip"": """"}'}",9,29,136,4551046,Kew Gardens,,Harborage,1031258,197062
PC8767673,2026-09-21T12:08:40.000,Compliance,426,EAST   22 STREET,11226,Brooklyn,Failed for Rat Activity and Other Reason,3051850016,3,5185,16,40.641191156139,-73.957330096042,"{'latitude': '40.641191156139', 'longitude': '-73.957330096042', 'human_address': '{""address"": """", ""city"": """", ""state"": """", ""zip"": """"}'}",14,40,51602,3119515,Flatbush,Summons Issued,"Burrows, Garbage",996092,172885
PC8765746,2026-09-21T12:09:35.000,Compliance,535,WEST 151 STREET,10031,Manhattan,Failed for Rat Activity and Other Reason,1020830008,1,2083,8,40.829477111782,-73.945909455744,"{'latitude': '40.829477111782', 'longitude': '-73.945909455744', 'human_address': '{""address"": """", ""city"": """", ""state"": """", ""zip"": """"}'}",9,7,237,1062177,Hamilton Heights-Sugar Hill,Summons Issued,"Droppings, Burrows, Garbage, Harborage",,
PC8747144,2026-09-21T12:10:57.000,Compliance,2560,DAVIDSON AVENUE,10468,Bronx,Failed for Rat Activity,2032010026,2,3201,26,40.865312049115,-73.90030370582,"{'latitude': '40.865312049115', 'longitude': '-73.90030370582', 'human_address': '{""address"": """", ""city"": """", ""state"": """", ""zip"": """"}'}",7,14,265,2014376,University Heights (North)-Fordham,Summons Issued,"Droppings, Burrows",,
PC8779534,2026-09-21T12:11:00.000,Initial,0000,34 AVENUE,,Queens,Failed for Rat Activity and Other Reason,,4,1255,1,0.00000000000000000000,0.00000000000000000000,"{'latitude': '0.0', 'longitude': '0.0', 'human_address': '{""address"": """", ""city"": """", ""state"": """", ""zip"": """"}'}",,,,,,,"Burrows, Harborage",,
PC8741634,2026-09-21T12:12:00.000,Treatments,2128,VALENTINE AVENUE,10457,Bronx,Bait applied,2031440021,2,3144,21,40.85350904657,-73.899551509648,"{'latitude': '40.85350904657', 'longitude': '-73.899551509648', 'human_address': '{""address"": """", ""city"": """", ""state"": """", ""zip"": """"}'}",5,15,379,2013357,Mount Hope,,,,
PC8779270,2026-09-21T12:12:30.000,Initial,1377,JEROME AVENUE,10452,Bronx,Failed for Other Reason,2028560020,2,2856,20,40.8397975134,-73.918343765225,"{'latitude': '40.8397975134', 'longitude': '-73.918343765225', 'human_address': '{""address"": """", ""city"": """", ""state"": """", ""zip"": """"}'}",4,16,219,2008289,Mount Eden-Claremont (West),,Harborage,1006844,245251
PC8705306,2026-09-21T12:13:10.000,Compliance,1374,PACIFIC STREET,11216,Brooklyn,Failed for Rat Activity and Other Reason,3012080036,3,1208,36,40.677384086208,-73.945077903497,"{'latitude': '40.677384086208', 'longitude': '-73.945077903497', 'human_address': '{""address"": """", ""city"": """", ""state"": """", ""zip"": """"}'}",8,36,313,3030109,Crown Heights (North),Summons Issued,"Droppings, Burrows, Runways, Mice",999484,186073
PC8694990,2026-09-21T12:15:00.000,Compliance,995,LAFAYETTE AVENUE,11221,Brooklyn,Failed for Rat Activity,3016070061,3,1607,61,40.692075490832,-73.932246320047,"{'latitude': '40.692075490832', 'longitude': '-73.932246320047', 'human_address': '{""address"": """", ""city"": """", ""state"": """", ""zip"": """"}'}",3,36,289,3043479,Bedford-Stuyvesant (East),Summons Issued,"Droppings, Runways",,
PC8778822,2026-09-21T12:15:00.000,Initial,14-01,36 AVENUE,11106,Queens,Failed for Rat Activity,4003320002,4,332,2,40.76019808271,-73.937472234457,"{'latitude': '40.76019808271', 'longitude': '-73.937472234457', 'human_address': '{""address"": """", ""city"": """", ""state"": """", ""zip"": """"}'}",1,26,43,4430696,Queensbridge-Ravenswood-Dutch Kills,City Agency Referral,Droppings,1001572,216246
PC8779529,2026-09-21T12:15:00.000,Initial,58-19,69 STREET,11378,Queens,Failed for Rat Activity and Other Reason,4027930026,4,2793,26,40.724144233717,-73.894393313141,"{'latitude': '40.724144233717', 'longitude': '-73.894393313141', 'human_address': '{""address"": """", ""city"": """", ""state"": """", ""zip"": """"}'}",5,30,495,4062646,Maspeth,,"Burrows, Garbage, Harborage",,
PC8777284,2026-09-21T12:15:00.000,Initial,305,MCGUINNESS BOULEVARD,11222,Brooklyn,Failed for Other Reason,3025330033,3,2533,33,40.732669641719,-73.952039351669,"{'latitude': '40.732669641719', 'longitude': '-73.952039351669', 'human_address': '{""address"": """", ""city"": """", ""state"": """", ""zip"": """"}'}",1,33,575,3064337,Greenpoint,COTA,Harborage,997542,206214
PC8774641,2026-09-21T12:15:36.000,Initial,2135,CROTONA AVENUE,10457,Bronx,Failed for Rat Activity,2030837501,2,3083,7501,40.849213649679,-73.887807012024,"{'latitude': '40.849213649679', 'longitude': '-73.887807012024', 'human_address': '{""address"": """", ""city"": """", ""state"": """", ""zip"": """"}'}",6,15,373,2115776,Tremont,COTA,Droppings,,
PC8334932,2026-09-21T12:15:50.000,Treatments,3186,ROCHAMBEAU AVENUE,10467,Bronx,Bait applied,2033350193,2,3335,193,40.875838461467,-73.880544304339,"{'latitude': '40.875838461467', 'longitude': '-73.880544304339', 'human_address': '{""address"": """", ""city"": """", ""state"": """", ""zip"": """"}'}",7,11,419,2018036,Norwood,,,,
PC8769908,2026-09-21T12:16:00.000,Initial,580,LENOX AVENUE,10037,Manhattan,Failed for Rat Activity and Other Reason,1017370011,1,1737,11,40.816792877399,-73.938878431786,"{'latitude': '40.816792877399', 'longitude': '-73.938878431786', 'human_address': '{""address"": """", ""city"": """", ""state"": """", ""zip"": """"}'}",10,9,214,1053937,Harlem (North),COTA,"Burrows, Harborage",,
PC8746950,2026-09-21T12:18:30.000,Compliance,18,WEST 192 STREET,10468,Bronx,Failed for Rat Activity,2032010027,2,3201,27,40.865890569558,-73.899594198612,"{'latitude': '40.865890569558', 'longitude': '-73.899594198612', 'human_address': '{""address"": """", ""city"": """", ""state"": """", ""zip"": """"}'}",7,14,265,2014377,University Heights (North)-Fordham,Summons Issued,Burrows,,
PC8486165,2026-09-21T12:18:50.000,Compliance,542,WILLOUGHBY AVENUE,11206,Brooklyn,Failed for Rat Activity,3017670019,3,1767,19,40.694026892004,-73.947721862959,"{'latitude': '40.694026892004', 'longitude': '-73.947721862959', 'human_address': '{""address"": """", ""city"": """", ""state"": """", ""zip"": """"}'}",3,36,261,3049117,Bedford-Stuyvesant (West),Summons Issued,Burrows,,
PC8776804,2026-09-21T12:19:49.000,Initial,EAST,149 STREET,10451,Bronx,Failed for Rat Activity and Other Reason,,2,2443,4,,,,,,,,,City Agency Referral,"Burrows, Harborage",,
PC8777240,2026-09-21T12:20:06.000,Initial,3200,DECATUR AVENUE,10467,Bronx,Failed for Other Reason,2033540005,2,3354,5,40.873939219541,-73.875474575433,"{'latitude': '40.873939219541', 'longitude': '-73.875474575433', 'human_address': '{""address"": """", ""city"": """", ""state"": """", ""zip"": """"}'}",7,11,42901,2018555,Norwood,,Mice,1018688,257704
PC8769663,2026-09-21T12:20:09.000,Initial,3505,WAYNE AVENUE,10467,Bronx,Failed for Rat Activity and Other Reason,2033440001,2,3344,1,40.880893836322,-73.877544495517,"{'latitude': '40.880893836322', 'longitude': '-73.877544495517', 'human_address': '{""address"": """", ""city"": """", ""state"": """", ""zip"": """"}'}",7,11,43102,2018254,Norwood,COTA,"Droppings, Garbage, Harborage",1018112,260237
PC8681541,2026-09-21T12:23:12.000,Treatments,601,EAST 180 STREET,10457,Bronx,Bait applied,2030700001,2,3070,1,40.849387250727,-73.891374321016,"{'latitude': '40.849387250727', 'longitude': '-73.891374321016', 'human_address': '{""address"": """", ""city"": """", ""state"": """", ""zip"": """"}'}",6,15,373,2012024,Tremont,,,,
PC8742033,2026-09-21T12:25:00.000,Treatments,107,SUFFOLK STREET,10002,Manhattan,Bait applied,1003530054,1,353,54,40.718935783178,-73.986121995238,"{'latitude': '40.718935783178', 'longitude': '-73.986121995238', 'human_address': '{""address"": """", ""city"": """", ""state"": """", ""zip"": """"}'}",3,1,1402,1004301,Lower East Side,,,,
PC8733333,2026-09-21T12:29:27.000,Compliance,2108,BATHGATE AVENUE,10457,Bronx,Failed for Rat Activity and Other Reason,2030470029,2,3047,29,40.851286915478,-73.894653350754,"{'latitude': '40.851286915478', 'longitude': '-73.894653350754', 'human_address': '{""address"": """", ""city"": """", ""state"": """", ""zip"": """"}'}",6,15,37504,2114258,Tremont,Summons Issued,"Droppings, Burrows, Harborage",,
PC8779311,2026-09-21T12:30:14.000,Initial,1328,COMMONWEALTH AVENUE,10472,Bronx,Failed for Other Reason,2038750017,2,3875,17,40.83342480956,-73.868637643999,"{'latitude': '40.83342480956', 'longitude': '-73.868637643999', 'human_address': '{""address"": """", ""city"": """", ""state"": """", ""zip"": """"}'}",9,18,76,2027832,Soundview-Bruckner-Bronx River,,Garbage,1020601,242946
PC8619604,2026-09-21T12:30:40.000,Treatments,3424,KNOX PLACE,10467,Bronx,Bait applied,2033240111,2,3324,111,40.881847027675,-73.883571213037,"{'latitude': '40.881847027675', 'longitude': '-73.883571213037', 'human_address': '{""address"": """", ""city"": """", ""state"": """", ""zip"": """"}'}",7,11,421,2017702,Norwood,,,1016445,260582
PC8693644,2026-09-21T12:34:00.000,Compliance,549,KOSCIUSZKO STREET,11221,Brooklyn,Failed for Rat Activity,3016030165,3,1603,164,40.692762012858,-73.93280456012,"{'latitude': '40.692762012858', 'longitude': '-73.93280456012', 'human_address': '{""address"": """", ""city"": """", ""state"": """", ""zip"": """"}'}",3,36,289,3335634,Bedford-Stuyvesant (East),Summons Issued,"Burrows, Runways",,
PC8765105,2026-09-21T12:35:00.000,Initial,348,MARION STREET,11233,Brooklyn,Failed for Rat Activity,3015200028,3,1520,28,40.681238978562,-73.915502884202,"{'latitude': '40.681238978562', 'longitude': '-73.915502884202', 'human_address': '{""address"": """", ""city"": """", ""state"": """", ""zip"": """"}'}",16,41,371,3041271,Ocean Hill,COTA,Droppings,1007686,187484
PC8779530,2026-09-21T12:35:00.000,Initial,0000,69 PLACE,,Queens,Failed for Other Reason,,4,2791,15,0.00000000000000000000,0.00000000000000000000,"{'latitude': '0.0', 'longitude': '0.0', 'human_address': '{""address"": """", ""city"": """", ""state"": """", ""zip"": """"}'}",,,,,,,Harborage,,
PC8765367,2026-09-21T12:36:35.000,Compliance,22,ST NICHOLAS PLACE,10031,Manhattan,Failed for Rat Activity,1020540035,1,2054,35,40.827907916265,-73.941917908122,"{'latitude': '40.827907916265', 'longitude': '-73.941917908122', 'human_address': '{""address"": """", ""city"": """", ""state"": """", ""zip"": """"}'}",9,9,23501,1061177,Hamilton Heights-Sugar Hill,Summons Issued,Burrows,,
PC8779706,2026-09-21T12:37:00.000,Initial,200,East 87 street,10128,Manhattan,Failed for Rat Activity and Other Reason,1015327502,1,1532,7502,40.779342000527,-73.953161053168,"{'latitude': '40.779342000527', 'longitude': '-73.953161053168', 'human_address': '{""address"": """", ""city"": """", ""state"": """", ""zip"": """"}'}",8,5,14602,1077854,Upper East Side-Yorkville,,"Runways, Harborage",,
PC8776099,2026-09-21T12:37:00.000,Initial,1190,SECOND AVENUE,10065,Manhattan,Failed for Other Reason,1014370049,1,1437,49,40.762813836633,-73.962717227415,"{'latitude': '40.762813836633', 'longitude': '-73.962717227415', 'human_address': '{""address"": """", ""city"": """", ""state"": """", ""zip"": """"}'}",8,5,110,1089510,Upper East Side-Lenox Hill-Roosevelt Island,City Agency Referral,Harborage,994578,217195
PC8778060,2026-09-21T12:37:35.000,Initial,217,EAST   85 STREET,10028,Manhattan,Failed for Rat Activity and Other Reason,1015310038,1,1531,38,40.777890318346,-73.953884217079,"{'latitude': '40.777890318346', 'longitude': '-73.953884217079', 'human_address': '{""address"": """", ""city"": """", ""state"": """", ""zip"": """"}'}",8,5,14601,1085217,Upper East Side-Yorkville,COTA,"Burrows, Garbage, Harborage",997022,222689
PC8723574,2026-09-21T12:40:00.000,Compliance,82-64,AUSTIN STREET,11415,Queens,Failed for Other Reason,4033370078,4,3337,78,40.709676131886,-73.830074852039,"{'latitude': '40.709676131886', 'longitude': '-73.830074852039', 'human_address': '{""address"": """", ""city"": """", ""state"": """", ""zip"": """"}'}",9,29,775,4079718,Kew Gardens,,Animal Nuisance,1031360,197879
PC8768962,2026-09-21T12:40:05.000,Compliance,50,MILFORD STREET,11208,Brooklyn,Failed for Other Reason,3039760053,3,3976,53,40.678460500248,-73.878076274394,"{'latitude': '40.678460500248', 'longitude': '-73.878076274394', 'human_address': '{""address"": """", ""city"": """", ""state"": """", ""zip"": """"}'}",5,37,1192,3088460,East New York (North),Summons Issued,Harborage,1018068,186484
PC8678247,2026-09-21T12:40:32.000,Treatments,174,DELANCEY STREET,10002,Manhattan,Bait applied,1003480072,1,348,72,40.717557800735,-73.985249289385,"{'latitude': '40.717557800735', 'longitude': '-73.985249289385', 'human_address': '{""address"": """", ""city"": """", ""state"": """", ""zip"": """"}'}",3,1,1402,1076937,Lower East Side,,,988341,200704
PC8710431,2026-09-21T12:41:33.000,Compliance,1366,PACIFIC STREET,11216,Brooklyn,Failed for Rat Activity,3012080032,3,1208,32,40.677395168759,-73.945294208288,"{'latitude': '40.677395168759', 'longitude': '-73.945294208288', 'human_address': '{""address"": """", ""city"": """", ""state"": """", ""zip"": """"}'}",8,36,313,3030105,Crown Heights (North),Summons Issued,"Droppings, Burrows",,
PC8779427,2026-09-21T12:42:00.000,Initial,1527,TAYLOR AVENUE,10460,Bronx,Failed for Other Reason,2039200013,2,3920,13,40.838349188024,-73.866528153827,"{'latitude': '40.838349188024', 'longitude': '-73.866528153827', 'human_address': '{""address"": """", ""city"": """", ""state"": """", ""zip"": """"}'}",9,17,218,2028629,Soundview-Bruckner-Bronx River,,Garbage,1021182,244741
PC8776958,2026-09-21T12:44:49.000,Initial,650,EAST 153 STREET,,Bronx,Failed for Rat Activity,,2,2443,53,0.00000000000000000000,0.00000000000000000000,"{'latitude': '0.0', 'longitude': '0.0', 'human_address': '{""address"": """", ""city"": """", ""state"": """", ""zip"": """"}'}",,,,,,COTA,Burrows,,
PC8694110,2026-09-21T12:45:00.000,Compliance,384,KOSCIUSZKO STREET,11221,Brooklyn,Failed for Rat Activity,3016050012,3,1605,12,40.692051734,-73.938809315951,"{'latitude': '40.692051734', 'longitude': '-73.938809315951', 'human_address': '{""address"": """", ""city"": """", ""state"": """", ""zip"": """"}'}",3,36,281,3043325,Bedford-Stuyvesant (East),Summons Issued,"Droppings, Burrows, Runways",,
PC8773171,2026-09-21T12:46:50.000,Compliance,355,KOSCIUSZKO STREET,11221,Brooklyn,Failed for Rat Activity,3017820050,3,1782,50,40.691838690647,-73.940807245471,"{'latitude': '40.691838690647', 'longitude': '-73.940807245471', 'human_address': '{""address"": """", ""city"": """", ""state"": """", ""zip"": """"}'}",3,36,281,3392732,Bedford-Stuyvesant (East),Summons Issued,"Droppings, Runways",,
PC8778054,2026-09-21T12:47:00.000,Initial,1536,3 AVENUE,10028,Manhattan,Failed for Rat Activity and Other Reason,1015150036,1,1515,36,40.779078766113,-73.953807564901,"{'latitude': '40.779078766113', 'longitude': '-73.953807564901', 'human_address': '{""address"": """", ""city"": """", ""state"": """", ""zip"": """"}'}",8,4,14802,1047964,Upper East Side-Carnegie Hill,COTA,"Runways, Garbage",997060,223151
PC8690263,2026-09-21T12:51:00.000,Compliance,39-25,65 STREET,11377,Queens,Failed for Rat Activity and Other Reason,4012970017,4,1297,17,40.745675739445,-73.899176990155,"{'latitude': '40.745675739445', 'longitude': '-73.899176990155', 'human_address': '{""address"": """", ""city"": """", ""state"": """", ""zip"": """"}'}",2,26,263,4030159,Woodside,,"Droppings, Burrows, Harborage",,
PC8693405,2026-09-21T12:52:00.000,Compliance,376,KOSCIUSZKO STREET,11221,Brooklyn,Failed for Rat Activity and Other Reason,3016050008,3,1605,8,40.692024409227,-73.93904012684,"{'latitude': '40.692024409227', 'longitude': '-73.93904012684', 'human_address': '{""address"": """", ""city"": """", ""state"": """", ""zip"": """"}'}",3,36,281,3043321,Bedford-Stuyvesant (East),Summons Issued,"Droppings, Burrows, Runways, Harborage",,
PC8718612,2026-09-21T12:53:27.000,Compliance,2240,BASSFORD AVENUE,10457,Bronx,Failed for Rat Activity and Other Reason,2030500094,2,3050,94,40.853865862336,-73.89345635417,"{'latitude': '40.853865862336', 'longitude': '-73.89345635417', 'human_address': '{""address"": """", ""city"": """", ""state"": """", ""zip"": """"}'}",6,15,385,2011578,Belmont,Summons Issued,"Burrows, Garbage",,
PC8777619,2026-09-21T12:54:29.000,Initial,348,EAST 120 STREET,10035,Manhattan,Failed for Rat Activity,1017960033,1,1796,33,40.799059422828,-73.934538889275,"{'latitude': '40.799059422828', 'longitude': '-73.934538889275', 'human_address': '{""address"": """", ""city"": """", ""state"": """", ""zip"": """"}'}",11,8,194,1054758,East Harlem (North),,Burrows,,
PC8728229,2026-09-21T12:57:35.000,Compliance,1328,LEXINGTON AVENUE,10128,Manhattan,Failed for Rat Activity,1015170058,1,1517,58,40.781088175022,-73.954430845767,"{'latitude': '40.781088175022', 'longitude': '-73.954430845767', 'human_address': '{""address"": """", ""city"": """", ""state"": """", ""zip"": """"}'}",8,4,14802,1048099,Upper East Side-Carnegie Hill,Summons Issued,Burrows,,
PC8712344,2026-09-21T13:00:06.000,Compliance,3067,Hull Avenue,10467,Bronx,Failed for Rat Activity,2033330050,2,3333,50,40.871813353022,-73.879264332445,"{'latitude': '40.871813353022', 'longitude': '-73.879264332445', 'human_address': '{""address"": """", ""city"": """", ""state"": """", ""zip"": """"}'}",7,11,425,2017956,Norwood,Summons Issued,Droppings,,
PC8777482,2026-09-21T13:00:29.000,Initial,2337,1 AVENUE,10035,Manhattan,Failed for Rat Activity,1017960031,1,1796,31,40.798331590194,-73.933712503772,"{'latitude': '40.798331590194', 'longitude': '-73.933712503772', 'human_address': '{""address"": """", ""city"": """", ""state"": """", ""zip"": """"}'}",11,8,194,1079436,East Harlem (North),,Burrows,,
PC8688686,2026-09-21T13:00:36.000,Compliance,112,81 AVENUE,11415,Queens,Failed for Other Reason,4033490059,4,3349,59,40.712252165098,-73.831045792171,"{'latitude': '40.712252165098', 'longitude': '-73.831045792171', 'human_address': '{""address"": """", ""city"": """", ""state"": """", ""zip"": """"}'}",9,29,773,4080030,Kew Gardens,,Harborage,1031089,198817
PC8778957,2026-09-21T13:00:47.000,Initial,1761,3 AVENUE,10029,Manhattan,Failed for Rat Activity,1016470001,1,1647,1,40.786127834464,-73.948624276798,"{'latitude': '40.786127834464', 'longitude': '-73.948624276798', 'human_address': '{""address"": """", ""city"": """", ""state"": """", ""zip"": """"}'}",11,8,15602,1082344,East Harlem (South),City Agency Referral,Burrows,,
PC8684515,2026-09-21T13:01:10.000,Treatments,776,HART STREET,11237,Brooklyn,Bait applied,3032350018,3,3235,18,40.700820531191,-73.923808996532,"{'latitude': '40.700820531191', 'longitude': '-73.923808996532', 'human_address': '{""address"": """", ""city"": """", ""state"": """", ""zip"": """"}'}",4,37,429,3073563,Bushwick (West),,,,
PC8728155,2026-09-21T13:02:35.000,Compliance,1378,LEXINGTON AVENUE,10128,Manhattan,Failed for Rat Activity and Other Reason,1015190059,1,1519,59,40.782583627131,-73.953339311533,"{'latitude': '40.782583627131', 'longitude': '-73.953339311533', 'human_address': '{""address"": """", ""city"": """", ""state"": """", ""zip"": """"}'}",8,4,14802,1048276,Upper East Side-Carnegie Hill,Summons Issued,"Droppings, Burrows, Garbage",,
PC8693958,2026-09-21T13:04:34.000,Compliance,1235,PACIFIC STREET,11216,Brooklyn,Failed for Other Reason,3012000069,3,1200,69,40.677782360062,-73.951804977258,"{'latitude': '40.677782360062', 'longitude': '-73.951804977258', 'human_address': '{""address"": """", ""city"": """", ""state"": """", ""zip"": """"}'}",8,36,315,3029780,Crown Heights (North),Summons Issued,Harborage,,
PC8779257,2026-09-21T13:05:14.000,Initial,834,BECK STREET,10459,Bronx,Failed for Other Reason,2027090009,2,2709,9,40.817844516924,-73.897145183254,"{'latitude': '40.817844516924', 'longitude': '-73.897145183254', 'human_address': '{""address"": """", ""city"": """", ""state"": """", ""zip"": """"}'}",2,17,87,2005594,Longwood,,"Garbage, Mice",1012719,237259
PC8774479,2026-09-21T13:05:51.000,Initial,2045,BELMONT AVENUE,10457,Bronx,Failed for Other Reason,2030800035,2,3080,35,40.848024806164,-73.890263282877,"{'latitude': '40.848024806164', 'longitude': '-73.890263282877', 'human_address': '{""address"": """", ""city"": """", ""state"": """", ""zip"": """"}'}",6,15,373,2012321,Tremont,COTA,Harborage,,
PC8778823,2026-09-21T13:10:05.000,Initial,795,EUCLID AVENUE,11208,Brooklyn,Failed for Other Reason,3044840013,3,4484,13,40.66715120855,-73.869860333294,"{'latitude': '40.66715120855', 'longitude': '-73.869860333294', 'human_address': '{""address"": """", ""city"": """", ""state"": """", ""zip"": """"}'}",5,42,1220,3098733,East New York-City Line,COTA,Harborage,1020353,182367
PC8726720,2026-09-21T13:11:28.000,Compliance,2382,WEBSTER AVENUE,10458,Bronx,Failed for Rat Activity,2030310038,2,3031,38,40.858186863937,-73.894313407692,"{'latitude': '40.858186863937', 'longitude': '-73.894313407692', 'human_address': '{""address"": """", ""city"": """", ""state"": """", ""zip"": """"}'}",6,15,38304,2011198,Belmont,Summons Issued,Droppings,1013485,251958
PC8758770,2026-09-21T13:12:00.000,Treatments,1150,PACIFIC STREET,11216,Brooklyn,Bait applied,3012050019,3,1205,19,40.678085202001,-73.954036419579,"{'latitude': '40.678085202001', 'longitude': '-73.954036419579', 'human_address': '{""address"": """", ""city"": """", ""state"": """", ""zip"": """"}'}",8,35,221,3029960,Crown Heights (North),,,,
PC8768431,2026-09-21T13:12:13.000,Compliance,297,EAST    5 STREET,11218,Brooklyn,Failed for Other Reason,3053380045,3,5338,45,40.645135314865,-73.975831445656,"{'latitude': '40.645135314865', 'longitude': '-73.975831445656', 'human_address': '{""address"": """", ""city"": """", ""state"": """", ""zip"": """"}'}",12,39,496,3124700,Kensington,Summons Issued,Harborage,990957,174320
PC8694412,2026-09-21T13:14:00.000,Treatments,774,HART STREET,11237,Brooklyn,Bait applied,3032350017,3,3235,17,40.70079310026,-73.923834273527,"{'latitude': '40.70079310026', 'longitude': '-73.923834273527', 'human_address': '{""address"": """", ""city"": """", ""state"": """", ""zip"": """"}'}",4,37,429,3073562,Bushwick (West),,,,
PC8695287,2026-09-21T13:14:53.000,Compliance,1319,BEDFORD AVENUE,11216,Brooklyn,Failed for Rat Activity,3012000004,3,1200,4,40.678145109706,-73.952861059112,"{'latitude': '40.678145109706', 'longitude': '-73.952861059112', 'human_address': '{""address"": """", ""city"": """", ""state"": """", ""zip"": """"}'}",8,36,315,3029754,Crown Heights (North),Summons Issued,Burrows,,
PC8751354,2026-09-21T13:17:35.000,Compliance,1395,LEXINGTON AVENUE,10128,Manhattan,Failed for Other Reason,1015200050,1,1520,50,40.783044598185,-73.952977889761,"{'latitude': '40.783044598185', 'longitude': '-73.952977889761', 'human_address': '{""address"": """", ""city"": """", ""state"": """", ""zip"": """"}'}",8,5,15801,1048310,Upper East Side-Carnegie Hill,Summons Issued,Mice,997272,224567
PC8768279,2026-09-21T13:17:36.000,Compliance,3801,18 AVENUE,11218,Brooklyn,Failed for Rat Activity,3054170033,3,5417,33,40.634108150706,-73.970013193361,"{'latitude': '40.634108150706', 'longitude': '-73.970013193361', 'human_address': '{""address"": """", ""city"": """", ""state"": """", ""zip"": """"}'}",14,40,482,3127736,Flatbush (West)-Ditmas Park-Parkville,Summons Issued,Burrows,992573,170303
PC8733186,2026-09-21T13:22:28.000,Compliance,440,EAST 187 STREET,10458,Bronx,Failed for Rat Activity and Other Reason,2030400007,2,3040,7,40.858078007821,-73.892361445382,"{'latitude': '40.858078007821', 'longitude': '-73.892361445382', 'human_address': '{""address"": """", ""city"": """", ""state"": """", ""zip"": """"}'}",6,15,385,2000000,Belmont,Summons Issued,"Burrows, Garbage",,
PC8768749,2026-09-21T13:22:50.000,Compliance,443,PULASKI STREET,11221,Brooklyn,Failed for Rat Activity,3015960064,3,1596,64,40.694255181516,-73.932824686348,"{'latitude': '40.694255181516', 'longitude': '-73.932824686348', 'human_address': '{""address"": """", ""city"": """", ""state"": """", ""zip"": """"}'}",3,36,287,3043146,Bedford-Stuyvesant (East),Summons Issued,"Droppings, Runways, Gnawing",1002878,192222
PC8769110,2026-09-21T13:24:00.000,Initial,521,ST MARKS AVENUE,11238,Brooklyn,Failed for Rat Activity,3011490065,3,1149,65,40.676079841251,-73.956788544791,"{'latitude': '40.676079841251', 'longitude': '-73.956788544791', 'human_address': '{""address"": """", ""city"": """", ""state"": """", ""zip"": """"}'}",8,35,305,3420429,Crown Heights (North),COTA,"Droppings, Burrows",996236,185596
PC8773258,2026-09-21T13:26:49.000,Initial,MORRIS,AVENUE,10457,Bronx,Failed for Rat Activity,,2,2820,40,,,,,,,,,COTA,Burrows,,
PC8767356,2026-09-21T13:28:00.000,Initial,62-07,WOODSIDE AVENUE,11377,Queens,Failed for Rat Activity,4012940020,4,1294,20,40.744495307024,-73.902134455542,"{'latitude': '40.744495307024', 'longitude': '-73.902134455542', 'human_address': '{""address"": """", ""city"": """", ""state"": """", ""zip"": """"}'}",2,26,261,4307300,Woodside,,Runways,1011368,210534
PC8696066,2026-09-21T13:28:40.000,Treatments,754,HART STREET,11237,Brooklyn,Bait applied,3032350010,3,3235,10,40.700516060199,-73.924108684376,"{'latitude': '40.700516060199', 'longitude': '-73.924108684376', 'human_address': '{""address"": """", ""city"": """", ""state"": """", ""zip"": """"}'}",4,37,429,3073558,Bushwick (West),,,,
PC8778009,2026-09-21T13:30:00.000,Initial,3080,DECATUR AVENUE,10467,Bronx,Failed for Rat Activity,2033310030,2,3331,30,40.871206091335,-73.878621829789,"{'latitude': '40.871206091335', 'longitude': '-73.878621829789', 'human_address': '{""address"": """", ""city"": """", ""state"": """", ""zip"": """"}'}",7,11,425,2000000,Norwood,,Burrows,1017819,256707
PC8779702,2026-09-21T13:30:24.000,Initial,,,11238,Brooklyn,Failed for Rat Activity,,3,1149,68,,,,,,,,,,Droppings,,
PC8768721,2026-09-21T13:32:22.000,Initial,201,WEST 31 STREET,10001,Manhattan,Failed for Rat Activity,1007810002,1,781,2,40.749282488887,-73.992424420922,"{'latitude': '40.749282488887', 'longitude': '-73.992424420922', 'human_address': '{""address"": """", ""city"": """", ""state"": """", ""zip"": """"}'}",5,3,101,1083026,Midtown South-Flatiron-Union Square,COTA,Burrows,986349,212263
PC8758984,2026-09-21T13:35:00.000,Treatments,1142,PACIFIC STREET,11216,Brooklyn,Bait applied,3012050014,3,1205,14,40.678131955478,-73.954267124661,"{'latitude': '40.678131955478', 'longitude': '-73.954267124661', 'human_address': '{""address"": """", ""city"": """", ""state"": """", ""zip"": """"}'}",8,35,221,3324459,Crown Heights (North),,,,
PC8768301,2026-09-21T13:35:13.000,Compliance,56,LOUISA STREET,11218,Brooklyn,Failed for Other Reason,3053110060,3,5311,60,40.643176596222,-73.98149666487,"{'latitude': '40.643176596222', 'longitude': '-73.98149666487', 'human_address': '{""address"": """", ""city"": """", ""state"": """", ""zip"": """"}'}",12,39,496,3123871,Kensington,Summons Issued,Harborage,989385,173606
PC8752266,2026-09-21T13:36:00.000,Compliance,329,EAST 65 STREET,10065,Manhattan,Failed for Other Reason,1014400014,1,1440,14,40.764015393013,-73.960774405026,"{'latitude': '40.764015393013', 'longitude': '-73.960774405026', 'human_address': '{""address"": """", ""city"": """", ""state"": """", ""zip"": """"}'}",8,5,118,1044713,Upper East Side-Lenox Hill-Roosevelt Island,Summons Issued,Harborage,995116,217633
PC8773501,2026-09-21T13:36:49.000,Initial,1537,MORRIS AVENUE,10457,Bronx,Failed for Other Reason,2028200047,2,2820,47,40.842316143431,-73.909623197349,"{'latitude': '40.842316143431', 'longitude': '-73.909623197349', 'human_address': '{""address"": """", ""city"": """", ""state"": """", ""zip"": """"}'}",4,16,225,2000000,Mount Eden-Claremont (West),COTA,Harborage,,
PC8779535,2026-09-21T13:38:00.000,Initial,62-11,WOODSIDE AVENUE,11377,Queens,Failed for Rat Activity,4012940019,4,1294,19,40.744489799031,-73.902112810391,"{'latitude': '40.744489799031', 'longitude': '-73.902112810391', 'human_address': '{""address"": """", ""city"": """", ""state"": """", ""zip"": """"}'}",2,26,261,4532212,Woodside,,"Burrows, Runways",,
PC8773462,2026-09-21T13:38:49.000,Initial,1533,MORRIS AVENUE,10457,Bronx,Failed for Other Reason,2028200048,2,2820,48,40.842200867438,-73.909626968762,"{'latitude': '40.842200867438', 'longitude': '-73.909626968762', 'human_address': '{""address"": """", ""city"": """", ""state"": """", ""zip"": """"}'}",4,16,225,2007835,Mount Eden-Claremont (West),COTA,Harborage,,
PC8768419,2026-09-21T13:39:36.000,Compliance,625,WESTMINSTER ROAD,11230,Brooklyn,Failed for Rat Activity,3052330042,3,5233,42,40.633505862217,-73.965798128311,"{'latitude': '40.633505862217', 'longitude': '-73.965798128311', 'human_address': '{""address"": """", ""city"": """", ""state"": """", ""zip"": """"}'}",14,45,526,3121095,Flatbush (West)-Ditmas Park-Parkville,Summons Issued,Burrows,993743,170084
PC8773700,2026-09-21T13:40:05.000,Initial,1531,MORRIS AVENUE,10457,Bronx,Failed for Other Reason,2028200049,2,2820,49,40.84197303175,-73.909598365971,"{'latitude': '40.84197303175', 'longitude': '-73.909598365971', 'human_address': '{""address"": """", ""city"": """", ""state"": """", ""zip"": """"}'}",4,16,225,2007836,Mount Eden-Claremont (West),COTA,Harborage,,
PC8745434,2026-09-21T13:40:50.000,Compliance,977,GREENE AVENUE,11221,Brooklyn,Failed for Rat Activity,3016170048,3,1617,48,40.691019152983,-73.928389007015,"{'latitude': '40.691019152983', 'longitude': '-73.928389007015', 'human_address': '{""address"": """", ""city"": """", ""state"": """", ""zip"": """"}'}",3,36,387,3043895,Bedford-Stuyvesant (East),Summons Issued,"Droppings, Burrows, Runways",,
PC8713598,2026-09-21T13:42:56.000,Treatments,654,HART STREET,11221,Brooklyn,Bait applied,3032280014,3,3228,14,40.698426287241,-73.926790608896,"{'latitude': '40.698426287241', 'longitude': '-73.926790608896', 'human_address': '{""address"": """", ""city"": """", ""state"": """", ""zip"": """"}'}",4,34,423,3000000,Bushwick (West),,,,
PC8765070,2026-09-21T13:44:22.000,Initial,523,PROSPECT PLACE,11238,Brooklyn,Failed for Rat Activity,3011560090,3,1156,90,40.675594820099,-73.958977176946,"{'latitude': '40.675594820099', 'longitude': '-73.958977176946', 'human_address': '{""address"": """", ""city"": """", ""state"": """", ""zip"": """"}'}",8,35,305,3378995,Crown Heights (North),,Burrows,995629,185419
PC8773525,2026-09-21T13:47:05.000,Initial,1517,MORRIS AVENUE,10457,Bronx,Failed for Other Reason,2028200055,2,2820,55,40.841651829556,-73.909512064068,"{'latitude': '40.841651829556', 'longitude': '-73.909512064068', 'human_address': '{""address"": """", ""city"": """", ""state"": """", ""zip"": """"}'}",4,16,225,2007839,Mount Eden-Claremont (West),COTA,Harborage,,
PC8710660,2026-09-21T13:51:00.000,Treatments,1026,PACIFIC STREET,11238,Brooklyn,Bait applied,3011330046,3,1133,46,40.679187849403,-73.959306648528,"{'latitude': '40.679187849403', 'longitude': '-73.959306648528', 'human_address': '{""address"": """", ""city"": """", ""state"": """", ""zip"": """"}'}",8,35,305,3027738,Crown Heights (North),,,,
PC8745098,2026-09-21T13:52:00.000,Compliance,981,GREENE AVENUE,11221,Brooklyn,Failed for Rat Activity,3016170046,3,1617,46,40.69103554271,-73.928262780274,"{'latitude': '40.69103554271', 'longitude': '-73.928262780274', 'human_address': '{""address"": """", ""city"": """", ""state"": """", ""zip"": """"}'}",3,36,387,3043893,Bedford-Stuyvesant (East),Summons Issued,"Droppings, Burrows, Runways, Gnawing",,
PC8779168,2026-09-21T13:57:06.000,Initial,2995,BOTANICAL SQUARE,10458,Bronx,Failed for Rat Activity and Other Reason,2032740027,2,3274,27,40.867709678815,-73.881611100512,"{'latitude': '40.867709678815', 'longitude': '-73.881611100512', 'human_address': '{""address"": """", ""city"": """", ""state"": """", ""zip"": """"}'}",7,11,425,2016301,Norwood,,"Burrows, Mice, Animal Nuisance",1016994,255432
PC8729174,2026-09-21T13:57:08.000,Treatments,567,HART STREET,11221,Brooklyn,Bait applied,3032150032,3,3215,32,40.696940156502,-73.929237314436,"{'latitude': '40.696940156502', 'longitude': '-73.929237314436', 'human_address': '{""address"": """", ""city"": """", ""state"": """", ""zip"": """"}'}",4,34,393,3073089,Bushwick (West),,,,
PC8724216,2026-09-21T14:00:00.000,Initial,2208,FULTON STREET,11233,Brooklyn,Failed for Other Reason,3015520041,3,1552,41,40.678112423114,-73.908040341283,"{'latitude': '40.678112423114', 'longitude': '-73.908040341283', 'human_address': '{""address"": """", ""city"": """", ""state"": """", ""zip"": """"}'}",16,37,369,3042262,Ocean Hill,,Harborage,1009808,186346
PC8768264,2026-09-21T14:00:13.000,Compliance,1145,39 STREET,11218,Brooklyn,Failed for Rat Activity and Other Reason,3052900012,3,5290,12,40.642603955651,-73.98956111007,"{'latitude': '40.642603955651', 'longitude': '-73.98956111007', 'human_address': '{""address"": """", ""city"": """", ""state"": """", ""zip"": """"}'}",12,39,226,3122965,Borough Park,Summons Issued,"Burrows, Harborage",987147,173397
PC8708261,2026-09-21T14:06:00.000,Treatments,991,PACIFIC STREET,11238,Brooklyn,Bait applied,3011250079,3,1125,79,40.679520489863,-73.960806269356,"{'latitude': '40.679520489863', 'longitude': '-73.960806269356', 'human_address': '{""address"": """", ""city"": """", ""state"": """", ""zip"": """"}'}",8,35,305,3027562,Crown Heights (North),,,,
PC8569889,2026-09-21T14:06:30.000,Compliance,101,EAST 168 STREET,10452,Bronx,Failed for Rat Activity and Other Reason,2024660001,2,2466,1,40.836377485253,-73.918225107038,"{'latitude': '40.836377485253', 'longitude': '-73.918225107038', 'human_address': '{""address"": """", ""city"": """", ""state"": """", ""zip"": """"}'}",4,16,22102,2002856,Mount Eden-Claremont (West),Summons Issued,"Burrows, Runways, Mice",,
PC8777322,2026-09-21T14:10:00.000,Initial,591,PROSPECT PLACE,11238,Brooklyn,Failed for Rat Activity,3011560064,3,1156,64,40.675179633456,-73.956998226801,"{'latitude': '40.675179633456', 'longitude': '-73.956998226801', 'human_address': '{""address"": """", ""city"": """", ""state"": """", ""zip"": """"}'}",8,35,305,3028681,Crown Heights (North),,Droppings,996178,185268
PC8778756,2026-09-21T14:10:32.000,Initial,2502,HYLAN BOULEVARD,10306,Staten Island,Failed for Rat Activity,5039600002,5,3960,2,40.570347360236,-74.109858292678,"{'latitude': '40.570347360236', 'longitude': '-74.109858292678', 'human_address': '{""address"": """", ""city"": """", ""state"": """", ""zip"": """"}'}",2,50,12804,5055368,New Dorp-Midland Beach,,"Burrows, Rats",953729,147091
PC8777321,2026-09-21T14:18:00.000,Initial,585,PROSPECT PLACE,11238,Brooklyn,Failed for Rat Activity,3011560066,3,1156,66,40.6752098827,-73.957149621997,"{'latitude': '40.6752098827', 'longitude': '-73.957149621997', 'human_address': '{""address"": """", ""city"": """", ""state"": """", ""zip"": """"}'}",8,35,305,3028682,Crown Heights (North),COTA,Droppings,996136,185279
PC8769392,2026-09-21T14:35:00.000,Compliance,2349,PACIFIC STREET,11233,Brooklyn,Failed for Rat Activity,3014360047,3,1436,47,40.675347979835,-73.907478163485,"{'latitude': '40.675347979835', 'longitude': '-73.907478163485', 'human_address': '{""address"": """", ""city"": """", ""state"": """", ""zip"": """"}'}",16,37,36502,3038663,Ocean Hill,Summons Issued,"Droppings, Runways",1009914,185340
PC8737903,2026-09-22T08:00:00.000,Compliance,103-33,91 STREET,11417,Queens,Failed for Other Reason,4091110032,4,9111,32,40.681076455197,-73.848330230914,"{'latitude': '40.681076455197', 'longitude': '-73.848330230914', 'human_address': '{""address"": """", ""city"": """", ""state"": """", ""zip"": """"}'}",10,32,54,4189507,Ozone Park,,Harborage,1026317,187450
PC8767877,2026-09-22T08:00:04.000,Initial,74-16,101 AVENUE,11416,Queens,Failed for Other Reason,4090760008,4,9076,8,40.679409716165,-73.863069085773,"{'latitude': '40.679409716165', 'longitude': '-73.863069085773', 'human_address': '{""address"": """", ""city"": """", ""state"": """", ""zip"": """"}'}",9,32,4401,4188712,Ozone Park,,"Garbage, Animal Nuisance",1022230,186836
PC8707025,2026-09-22T08:23:00.000,Compliance,663,KNICKERBOCKER AVENUE,11221,Brooklyn,Failed for Rat Activity,3033780010,3,3378,10,40.695050598206,-73.911742085375,"{'latitude': '40.695050598206', 'longitude': '-73.911742085375', 'human_address': '{""address"": """", ""city"": """", ""state"": """", ""zip"": """"}'}",4,37,435,3077324,Bushwick (East),Summons Issued,Burrows,,
PC8776649,2026-09-22T08:27:00.000,Initial,88-35,164 STREET,11432,Queens,Failed for Rat Activity and Other Reason,4098140006,4,9814,6,40.708391301202,-73.797767324158,"{'latitude': '40.708391301202', 'longitude': '-73.797767324158', 'human_address': '{""address"": """", ""city"": """", ""state"": """", ""zip"": """"}'}",12,24,44602,4210051,Jamaica,,"Droppings, Garbage, Animal Nuisance",1040318,197430
PC8668697,2026-09-22T08:31:00.000,Stoppage,102,AVENUE F,11218,Brooklyn,Stoppage done,3054080001,3,5408,1,40.633160155719,-73.977421045809,"{'latitude': '40.633160155719', 'longitude': '-73.977421045809', 'human_address': '{""address"": """", ""city"": """", ""state"": """", ""zip"": """"}'}",14,40,478,3405456,Borough Park,,,990463,169952
PC8610802,2026-09-22T08:37:19.000,Compliance,5,SKILLMAN STREET,11205,Brooklyn,Failed for Rat Activity and Other Reason,3018860030,3,1886,30,40.698389766854,-73.957863153291,"{'latitude': '40.698389766854', 'longitude': '-73.957863153291', 'human_address': '{""address"": """", ""city"": """", ""state"": """", ""zip"": """"}'}",3,33,1237,3000000,Bedford-Stuyvesant (West),Summons Issued,"Runways, Harborage",,
PC8706935,2026-09-22T08:39:33.000,Compliance,71,CORNELIA STREET,11221,Brooklyn,Failed for Rat Activity,3033740055,3,3374,55,40.689268132328,-73.916437410198,"{'latitude': '40.689268132328', 'longitude': '-73.916437410198', 'human_address': '{""address"": """", ""city"": """", ""state"": """", ""zip"": """"}'}",4,37,399,3077200,Bushwick (East),Summons Issued,Burrows,,
PC8716739,2026-09-22T08:40:00.000,Compliance,105-45,CROSS BAY BOULEVARD,11417,Queens,Failed for Rat Activity and Other Reason,4091630071,4,9163,71,40.679287003406,-73.844343204856,"{'latitude': '40.679287003406', 'longitude': '-73.844343204856', 'human_address': '{""address"": """", ""city"": """", ""state"": """", ""zip"": """"}'}",10,32,86,4191044,Ozone Park,,"Burrows, Garbage",,
PC8778734,2026-09-22T08:43:00.000,Initial,23-06,21 STREET,11105,Queens,Failed for Rat Activity and Other Reason,4008900091,4,890,91,40.778510679348,-73.919209959889,"{'latitude': '40.778510679348', 'longitude': '-73.919209959889', 'human_address': '{""address"": """", ""city"": """", ""state"": """", ""zip"": """"}'}",1,22,97,4020107,Astoria (North)-Ditmars-Steinway,,"Burrows, Garbage",1006625,222922
PC8706834,2026-09-22T08:48:53.000,Compliance,1118,PUTNAM AVENUE,11221,Brooklyn,Failed for Rat Activity and Other Reason,3033730024,3,3373,24,40.688618905865,-73.918219513222,"{'latitude': '40.688618905865', 'longitude': '-73.918219513222', 'human_address': '{""address"": """", ""city"": """", ""state"": """", ""zip"": """"}'}",4,37,397,3077139,Bushwick (East),Summons Issued,"Droppings, Burrows, Garbage",,
PC8714109,2026-09-22T08:56:00.000,Treatments,168,ROGERS AVENUE,11216,Brooklyn,Bait applied,3012600025,3,1260,25,40.670588889412,-73.953226906436,"{'latitude': '40.670588889412', 'longitude': '-73.953226906436', 'human_address': '{""address"": """", ""city"": """", ""state"": """", ""zip"": """"}'}",8,35,219,3032591,Crown Heights (North),,,,
PC8779500,2026-09-22T08:56:00.000,Initial,166-39,89 AVENUE,11432,Queens,Failed for Rat Activity,4098170033,4,9817,33,40.708147897412,-73.795171089303,"{'latitude': '40.708147897412', 'longitude': '-73.795171089303', 'human_address': '{""address"": """", ""city"": """", ""state"": """", ""zip"": """"}'}",12,24,460,4210076,Jamaica,,"Droppings, Burrows",1041038,197343
PC8609977,2026-09-22T09:00:00.000,Compliance,781,KENT AVENUE,11205,Brooklyn,Failed for Rat Activity,3018840013,3,1884,13,40.697457301686,-73.959977049184,"{'latitude': '40.697457301686', 'longitude': '-73.959977049184', 'human_address': '{""address"": """", ""city"": """", ""state"": """", ""zip"": """"}'}",3,33,1237,3334523,Bedford-Stuyvesant (West),Summons Issued,Burrows,,
PC8735914,2026-09-22T09:00:00.000,Treatments,555,WEST  184 STREET,10033,Manhattan,Bait applied,1021570028,1,2157,28,40.850699953932,-73.931480472367,"{'latitude': '40.850699953932', 'longitude': '-73.931480472367', 'human_address': '{""address"": """", ""city"": """", ""state"": """", ""zip"": """"}'}",12,10,269,1063775,Washington Heights (North),,,1003206,249220
PC8778502,2026-09-22T09:00:03.000,Initial,138-50,QUEENS BOULEVARD,11435,Queens,Failed for Other Reason,4096440006,4,9644,6,40.707603852853,-73.817585925009,"{'latitude': '40.707603852853', 'longitude': '-73.817585925009', 'human_address': '{""address"": """", ""city"": """", ""state"": """", ""zip"": """"}'}",8,24,214,4206488,Jamaica Hills-Briarwood,,Mice,,
PC8713670,2026-09-22T09:09:00.000,Treatments,166,ROGERS AVENUE,11216,Brooklyn,Bait applied,3012600023,3,1260,23,40.670654761106,-73.95321965033,"{'latitude': '40.670654761106', 'longitude': '-73.95321965033', 'human_address': '{""address"": """", ""city"": """", ""state"": """", ""zip"": """"}'}",8,35,219,3032590,Crown Heights (North),,,,
PC8688817,2026-09-22T09:11:19.000,Compliance,50,TAAFFE PLACE,11205,Brooklyn,Failed for Rat Activity and Other Reason,3018810047,3,1881,47,40.697350558152,-73.960853448172,"{'latitude': '40.697350558152', 'longitude': '-73.960853448172', 'human_address': '{""address"": """", ""city"": """", ""state"": """", ""zip"": """"}'}",3,33,191,3334522,Clinton Hill,Summons Issued,"Droppings, Harborage",,
PC8779246,2026-09-22T09:13:00.000,Stoppage,1605,UNIVERSITY AVENUE,10453,Bronx,Stoppage done,2028780019,2,2878,19,40.847069702117,-73.920311916041,"{'latitude': '40.847069702117', 'longitude': '-73.920311916041', 'human_address': '{""address"": """", ""city"": """", ""state"": """", ""zip"": """"}'}",5,14,21501,2114454,University Heights (South)-Morris Heights,,,,
PC8764439,2026-09-22T09:13:36.000,Compliance,500,DRIGGS AVENUE,11211,Brooklyn,Failed for Rat Activity,3023050018,3,2305,18,40.718453082404,-73.955339626563,"{'latitude': '40.718453082404', 'longitude': '-73.955339626563', 'human_address': '{""address"": """", ""city"": """", ""state"": """", ""zip"": """"}'}",1,33,517,3061702,Williamsburg,Summons Issued,Burrows,996630,201034
PC8690972,2026-09-22T09:15:00.000,Treatments,451,MARION STREET,11233,Brooklyn,Bait applied,3015170046,3,1517,46,40.681787171896,-73.910872760871,"{'latitude': '40.681787171896', 'longitude': '-73.910872760871', 'human_address': '{""address"": """", ""city"": """", ""state"": """", ""zip"": """"}'}",16,37,369,3041209,Ocean Hill,,,,
PC8721703,2026-09-22T09:15:00.000,Treatments,554,WEST  184 STREET,10033,Manhattan,Bait applied,1021540079,1,2154,79,40.850683492004,-73.931491333375,"{'latitude': '40.850683492004', 'longitude': '-73.931491333375', 'human_address': '{""address"": """", ""city"": """", ""state"": """", ""zip"": """"}'}",12,10,269,1063678,Washington Heights (North),,,1003203,249214
PC8743442,2026-09-22T09:15:42.000,Treatments,410,EAST 183 STREET,10458,Bronx,Bait applied,2030300157,2,3030,157,40.856104478426,-73.895260233688,"{'latitude': '40.856104478426', 'longitude': '-73.895260233688', 'human_address': '{""address"": """", ""city"": """", ""state"": """", ""zip"": """"}'}",6,15,38304,2113564,Belmont,,,,
PC8769673,2026-09-22T09:16:37.000,Initial,243,EAST BROADWAY,10002,Manhattan,Failed for Rat Activity,1002860029,1,286,29,40.714371248397,-73.986245595442,"{'latitude': '40.714371248397', 'longitude': '-73.986245595442', 'human_address': '{""address"": """", ""city"": """", ""state"": """", ""zip"": """"}'}",3,1,201,1003728,Chinatown-Two Bridges,COTA,Droppings,988063,199544
PC8698684,2026-09-22T09:22:00.000,Stoppage,1475,POPHAM AVENUE,10453,Bronx,Stoppage done,2028770202,2,2877,202,40.847669270912,-73.922085913272,"{'latitude': '40.847669270912', 'longitude': '-73.922085913272', 'human_address': '{""address"": """", ""city"": """", ""state"": """", ""zip"": """"}'}",5,14,20501,2008873,University Heights (South)-Morris Heights,,,,
PC8758818,2026-09-22T09:27:00.000,Treatments,581,PARK PLACE,11238,Brooklyn,Bait applied,3011630081,3,1163,81,40.674587395461,-73.958721838326,"{'latitude': '40.674587395461', 'longitude': '-73.958721838326', 'human_address': '{""address"": """", ""city"": """", ""state"": """", ""zip"": """"}'}",8,35,305,3029028,Crown Heights (North),,,,
PC8691006,2026-09-22T09:28:19.000,Compliance,614,MYRTLE AVENUE,11205,Brooklyn,Failed for Rat Activity,3019110021,3,1911,21,40.694166189665,-73.959607599711,"{'latitude': '40.694166189665', 'longitude': '-73.959607599711', 'human_address': '{""address"": """", ""city"": """", ""state"": """", ""zip"": """"}'}",3,33,235,3054925,Bedford-Stuyvesant (West),Summons Issued,Runways,,
PC8754221,2026-09-22T09:30:00.000,Treatments,360,AUDOBON AVENUE,10033,Manhattan,Bait applied,1021540088,1,2154,88,40.850049396311,-73.931387164802,"{'latitude': '40.850049396311', 'longitude': '-73.931387164802', 'human_address': '{""address"": """", ""city"": """", ""state"": """", ""zip"": """"}'}",12,10,269,1063681,Washington Heights (North),,,1003232,248983
PC8779763,2026-09-22T09:30:24.000,Initial,,,10002,Manhattan,Failed for Rat Activity,,1,338,1,,,,,,,,,City Agency Referral,"Droppings, Burrows",,
PC8760412,2026-09-22T09:31:11.000,Treatments,2370,LORILLARD PLACE,10458,Bronx,Bait applied,2030540014,2,3054,14,40.855663024504,-73.889867448751,"{'latitude': '40.855663024504', 'longitude': '-73.889867448751', 'human_address': '{""address"": """", ""city"": """", ""state"": """", ""zip"": """"}'}",6,15,387,2011657,Belmont,,,,
PC8746195,2026-09-22T09:35:00.000,Treatments,433,MARION STREET,11233,Brooklyn,Bait applied,3015160044,3,1516,44,40.681653577599,-73.912037505247,"{'latitude': '40.681653577599', 'longitude': '-73.912037505247', 'human_address': '{""address"": """", ""city"": """", ""state"": """", ""zip"": """"}'}",16,41,371,3041166,Ocean Hill,,,,
PC8779343,2026-09-22T09:37:27.000,Initial,1651,CARROLL STREET,11213,Brooklyn,Failed for Rat Activity and Other Reason,3014090001,3,1409,1,40.666109220378,-73.931094086567,"{'latitude': '40.666109220378', 'longitude': '-73.931094086567', 'human_address': '{""address"": """", ""city"": """", ""state"": """", ""zip"": """"}'}",9,41,34902,3037964,Crown Heights (South),,"Burrows, Harborage, Mice",1003366,181968
PC8528433,2026-09-22T09:37:56.000,Compliance,1242,BUSHWICK AVENUE,11221,Brooklyn,Failed for Rat Activity,3033940038,3,3394,38,40.687556904588,-73.91476287289,"{'latitude': '40.687556904588', 'longitude': '-73.91476287289', 'human_address': '{""address"": """", ""city"": """", ""state"": """", ""zip"": """"}'}",4,37,397,3078171,Bushwick (East),Summons Issued,"Burrows, Runways",,
PC8779458,2026-09-22T09:38:00.000,Initial,382,RALPH AVENUE,11233,Brooklyn,Failed for Rat Activity,3013440129,3,1344,129,40.675861034533,-73.921937706941,"{'latitude': '40.675861034533', 'longitude': '-73.921937706941', 'human_address': '{""address"": """", ""city"": """", ""state"": """", ""zip"": """"}'}",8,41,307,3035750,Crown Heights (North),,Runways,1005903,185523
PC8779240,2026-09-22T09:39:00.000,Stoppage,1818,DAVIDSON AVENUE,10453,Bronx,Stoppage done,2028610129,2,2861,129,40.849720559415,-73.912024042826,"{'latitude': '40.849720559415', 'longitude': '-73.912024042826', 'human_address': '{""address"": """", ""city"": """", ""state"": """", ""zip"": """"}'}",5,14,217,2109470,University Heights (South)-Morris Heights,,,,
PC8690932,2026-09-22T09:39:00.000,Compliance,137,FRANKLIN AVENUE,11205,Brooklyn,Failed for Rat Activity and Other Reason,3018990002,3,1899,2,40.694931440149,-73.958099749334,"{'latitude': '40.694931440149', 'longitude': '-73.958099749334', 'human_address': '{""address"": """", ""city"": """", ""state"": """", ""zip"": """"}'}",3,33,1237,3000000,Bedford-Stuyvesant (West),Summons Issued,"Burrows, Harborage",,
PC8731667,2026-09-22T09:40:00.000,Treatments,588,PARK PLACE,11238,Brooklyn,Bait applied,3011680030,3,1168,30,40.674535179657,-73.958541616915,"{'latitude': '40.674535179657', 'longitude': '-73.958541616915', 'human_address': '{""address"": """", ""city"": """", ""state"": """", ""zip"": """"}'}",8,35,217,3029268,Crown Heights (North),,,,
PC8777101,2026-09-22T09:43:00.000,Initial,307,EAST 117 STREET,10035,Manhattan,Failed for Rat Activity,1016890005,1,1688,45,40.79749895185,-73.936844734105,"{'latitude': '40.79749895185', 'longitude': '-73.936844734105', 'human_address': '{""address"": """", ""city"": """", ""state"": """", ""zip"": """"}'}",11,8,188,1052986,East Harlem (North),COTA,"Burrows, Runways",,
PC8723530,2026-09-22T09:45:00.000,Treatments,165,NAGLE AVENUE,10040,Manhattan,Bait applied,1021730029,1,2173,29,40.86127448281,-73.925580310292,"{'latitude': '40.86127448281', 'longitude': '-73.925580310292', 'human_address': '{""address"": """", ""city"": """", ""state"": """", ""zip"": """"}'}",12,10,283,1079935,Washington Heights (North),,,1004835,253074
PC8779594,2026-09-22T09:46:26.000,Initial,500,WEST 174 STREET,10033,Manhattan,Failed for Rat Activity,1021300044,1,2130,44,40.843650452714,-73.934433397968,"{'latitude': '40.843650452714', 'longitude': '-73.934433397968', 'human_address': '{""address"": """", ""city"": """", ""state"": """", ""zip"": """"}'}",12,10,261,1063136,Washington Heights (South),,Burrows,,
PC8740076,2026-09-22T09:50:37.000,Treatments,909,3 AVENUE,10022,Manhattan,Bait applied,1013280001,1,1328,1,40.758736890691,-73.96861768921,"{'latitude': '40.758736890691', 'longitude': '-73.96861768921', 'human_address': '{""address"": """", ""city"": """", ""state"": """", ""zip"": """"}'}",6,4,10801,1038570,East Midtown-Turtle Bay,,,992856,215558
PC8681630,2026-09-22T09:51:00.000,Compliance,5123,2 AVENUE,11232,Brooklyn,Failed for Rat Activity,3007970001,3,797,1,40.648347893565,-74.01767953752,"{'latitude': '40.648347893565', 'longitude': '-74.01767953752', 'human_address': '{""address"": """", ""city"": """", ""state"": """", ""zip"": """"}'}",7,38,20,3013460,Sunset Park (West),Summons Issued,Burrows,,
PC8696767,2026-09-22T09:51:19.000,Compliance,154,SKILLMAN STREET,11205,Brooklyn,Failed for Rat Activity,3019137511,3,1913,7511,40.693690375491,-73.956946574893,"{'latitude': '40.693690375491', 'longitude': '-73.956946574893', 'human_address': '{""address"": """", ""city"": """", ""state"": """", ""zip"": """"}'}",3,33,235,3348670,Bedford-Stuyvesant (West),Summons Issued,Burrows,,
PC8779645,2026-09-22T09:52:26.000,Initial,AMSTERDAM,AVENUE,10033,Manhattan,Failed for Other Reason,,1,2130,46,,,,,,,,,,Harborage,,
PC8687013,2026-09-22T09:55:00.000,Treatments,623,BAINBRIDGE STREET,11233,Brooklyn,Bait applied,3015070047,3,1507,47,40.683100440218,-73.91251512662,"{'latitude': '40.683100440218', 'longitude': '-73.91251512662', 'human_address': '{""address"": """", ""city"": """", ""state"": """", ""zip"": """"}'}",16,41,373,3040726,Ocean Hill,,,,
PC8775943,2026-09-22T09:55:00.000,Initial,119,SOUTH STREET,10038,Manhattan,Failed for Other Reason,1000970001,1,97,1,40.706930986673,-74.001944084283,"{'latitude': '40.706930986673', 'longitude': '-74.001944084283', 'human_address': '{""address"": """", ""city"": """", ""state"": """", ""zip"": """"}'}",1,1,1501,1001322,Financial District-Battery Park City,COTA,Garbage,983711,196833
PC8779607,2026-09-22T09:59:00.000,Initial,501,WEST 173 STREET,10032,Manhattan,Failed for Other Reason,1021300048,1,2130,48,40.843016632899,-73.934809906382,"{'latitude': '40.843016632899', 'longitude': '-73.934809906382', 'human_address': '{""address"": """", ""city"": """", ""state"": """", ""zip"": """"}'}",12,10,261,1063137,Washington Heights (South),,Harborage,,
PC8758710,2026-09-22T10:00:00.000,Treatments,623,PARK PLACE,11238,Brooklyn,Bait applied,3011630064,3,1163,64,40.674282182112,-73.957240346924,"{'latitude': '40.674282182112', 'longitude': '-73.957240346924', 'human_address': '{""address"": """", ""city"": """", ""state"": """", ""zip"": """"}'}",8,35,305,3029020,Crown Heights (North),,,,
PC8706525,2026-09-22T10:00:00.000,Compliance,103-54,97 STREET,11417,Queens,Failed for Rat Activity,4091190029,4,9119,29,40.681678218852,-73.842707929345,"{'latitude': '40.681678218852', 'longitude': '-73.842707929345', 'human_address': '{""address"": """", ""city"": """", ""state"": """", ""zip"": """"}'}",10,32,4002,4189616,Ozone Park,,Burrows,,
PC8778951,2026-09-22T10:00:12.000,Initial,1980,1 AVENUE,10029,Manhattan,Failed for Rat Activity and Other Reason,1016960001,1,1696,1,40.787148398787,-73.941856100282,"{'latitude': '40.787148398787', 'longitude': '-73.941856100282', 'human_address': '{""address"": """", ""city"": """", ""state"": """", ""zip"": """"}'}",11,8,162,1083937,East Harlem (South),City Agency Referral,"Burrows, Harborage",,
PC8662420,2026-09-22T10:02:00.000,Compliance,84,WEIRFIELD STREET,11221,Brooklyn,Failed for Rat Activity,3034020020,3,3402,20,40.688193082989,-73.913947141278,"{'latitude': '40.688193082989', 'longitude': '-73.913947141278', 'human_address': '{""address"": """", ""city"": """", ""state"": """", ""zip"": """"}'}",4,37,401,3078516,Bushwick (East),Summons Issued,"Burrows, Runways",,
PC8696828,2026-09-22T10:02:19.000,Compliance,890,BEDFORD AVENUE,11205,Brooklyn,Failed for Rat Activity,3019147503,3,1914,7503,40.694173124387,-73.95607357535,"{'latitude': '40.694173124387', 'longitude': '-73.95607357535', 'human_address': '{""address"": """", ""city"": """", ""state"": """", ""zip"": """"}'}",3,33,235,3054998,Bedford-Stuyvesant (West),Summons Issued,"Droppings, Runways",,
PC8769339,2026-09-22T10:02:27.000,Compliance,458,UTICA AVENUE,11203,Brooklyn,Failed for Rat Activity,3045880086,3,4588,86,40.662640096459,-73.931555446871,"{'latitude': '40.662640096459', 'longitude': '-73.931555446871', 'human_address': '{""address"": """", ""city"": """", ""state"": """", ""zip"": """"}'}",9,41,88001,3099122,Prospect Lefferts Gardens-Wingate,Summons Issued,Burrows,,
PC8703876,2026-09-22T10:04:00.000,Treatments,1750,GRAND CONCOURSE,10457,Bronx,Bait applied,2028250010,2,2825,10,40.84575856623,-73.910290779565,"{'latitude': '40.84575856623', 'longitude': '-73.910290779565', 'human_address': '{""address"": """", ""city"": """", ""state"": """", ""zip"": """"}'}",5,14,22901,2007875,Mount Hope,,,,
PC8779201,2026-09-22T10:04:00.000,Initial,1129,SAINT MARKS AVENUE,11213,Brooklyn,Failed for Other Reason,3013540077,3,1354,77,40.674242707618,-73.932286136498,"{'latitude': '40.674242707618', 'longitude': '-73.932286136498', 'human_address': '{""address"": """", ""city"": """", ""state"": """", ""zip"": """"}'}",8,36,309,3035877,Crown Heights (North),COTA,Harborage,1003033,184931
PC8687107,2026-09-22T10:05:00.000,Treatments,622,BAINBRIDGE STREET,11233,Brooklyn,Bait applied,3015110030,3,1511,30,40.683094890104,-73.912435811984,"{'latitude': '40.683094890104', 'longitude': '-73.912435811984', 'human_address': '{""address"": """", ""city"": """", ""state"": """", ""zip"": """"}'}",16,41,373,3040948,Ocean Hill,,,,
PC8680666,2026-09-22T10:05:01.000,Treatments,155,WEST  195 STREET,10468,Bronx,Bait applied,2032490176,2,3249,176,40.870512208663,-73.902215839673,"{'latitude': '40.870512208663', 'longitude': '-73.902215839673', 'human_address': '{""address"": """", ""city"": """", ""state"": """", ""zip"": """"}'}",8,14,26702,2015370,Kingsbridge Heights-Van Cortlandt Village,,,1011294,256446
PC8720005,2026-09-22T10:08:00.000,Treatments,EAST,8 STREET,10009,Manhattan,Bait applied,,1,377,22,,,,,,,,,,,,
PC8607209,2026-09-22T10:08:00.000,Compliance,347,52 STREET,11220,Brooklyn,Failed for Rat Activity,3007980054,3,798,54,40.645941139792,-74.014716799139,"{'latitude': '40.645941139792', 'longitude': '-74.014716799139', 'human_address': '{""address"": """", ""city"": """", ""state"": """", ""zip"": """"}'}",7,38,78,3013520,Sunset Park (West),Summons Issued,"Burrows, Runways",980166,174613
PC8780015,2026-09-22T10:08:36.000,Initial,,,10468,Bronx,Failed for Other Reason,,2,3250,140,,,,,,,,,,"Garbage, Harborage",,
PC8746417,2026-09-22T10:09:00.000,Compliance,100,EAST 116 STREET,10029,Manhattan,Failed for Rat Activity and Other Reason,1016430071,1,1643,71,40.799140729057,-73.942882186542,"{'latitude': '40.799140729057', 'longitude': '-73.942882186542', 'human_address': '{""address"": """", ""city"": """", ""state"": """", ""zip"": """"}'}",11,8,182,1052275,East Harlem (North),Summons Issued,"Droppings, Burrows, Runways, Harborage",,
PC8768766,2026-09-22T10:10:00.000,Initial,137,RIVINGTON STREET,10002,Manhattan,Failed for Rat Activity,1003530060,1,353,60,40.719462808854,-73.986374411212,"{'latitude': '40.719462808854', 'longitude': '-73.986374411212', 'human_address': '{""address"": """", ""city"": """", ""state"": """", ""zip"": """"}'}",3,1,1402,1004304,Lower East Side,COTA,Droppings,988027,201399
PC8779210,2026-09-22T10:12:00.000,Stoppage,2580,BAINBRIDGE AVENUE,10458,Bronx,Stoppage done,2032860034,2,3286,34,40.863452539498,-73.892732325616,"{'latitude': '40.863452539498', 'longitude': '-73.892732325616', 'human_address': '{""address"": """", ""city"": """", ""state"": """", ""zip"": """"}'}",7,15,39901,2016595,University Heights (North)-Fordham,,,,
PC8674402,2026-09-22T10:14:19.000,Compliance,73,WALWORTH STREET,11205,Brooklyn,Failed for Rat Activity,3017360068,3,1736,68,40.696513857528,-73.954640337959,"{'latitude': '40.696513857528', 'longitude': '-73.954640337959', 'human_address': '{""address"": """", ""city"": """", ""state"": """", ""zip"": """"}'}",3,33,1237,3048481,Bedford-Stuyvesant (West),Summons Issued,"Droppings, Runways",,
PC8674300,2026-09-22T10:14:19.000,Compliance,754,MYRTLE AVENUE,11205,Brooklyn,Failed for Rat Activity,3017530030,3,1753,30,40.694973225139,-73.952625531871,"{'latitude': '40.694973225139', 'longitude': '-73.952625531871', 'human_address': '{""address"": """", ""city"": """", ""state"": """", ""zip"": """"}'}",3,33,241,3338613,Bedford-Stuyvesant (West),Summons Issued,Runways,,
PC8631423,2026-09-22T10:15:00.000,Treatments,616,BAINBRIDGE STREET,11233,Brooklyn,Bait applied,3015110027,3,1511,27,40.683075806018,-73.912605297612,"{'latitude': '40.683075806018', 'longitude': '-73.912605297612', 'human_address': '{""address"": """", ""city"": """", ""state"": """", ""zip"": """"}'}",16,41,373,3040945,Ocean Hill,,,1008489,188154
PC8623035,2026-09-22T10:15:00.000,Treatments,1815,RIVERSIDE DRIVE,10034,Manhattan,Monitoring visit,1022460115,1,2246,115,40.865770028739,-73.929422135912,"{'latitude': '40.865770028739', 'longitude': '-73.929422135912', 'human_address': '{""address"": """", ""city"": """", ""state"": """", ""zip"": """"}'}",12,10,287,1087603,Washington Heights (North),,,,
PC8761503,2026-09-22T10:16:36.000,Compliance,1320,RIVERSIDE DRIVE,10033,Manhattan,Failed for Rat Activity,1021770218,1,2177,218,40.850442655773,-73.942809046073,"{'latitude': '40.850442655773', 'longitude': '-73.942809046073', 'human_address': '{""address"": """", ""city"": """", ""state"": """", ""zip"": """"}'}",12,10,265,1064325,Washington Heights (North),Summons Issued,Droppings,1000072,249127
PC8777561,2026-09-22T10:17:10.000,Initial,2329,1 AVENUE,10035,Manhattan,Failed for Rat Activity,1017960026,1,1796,26,40.798128562168,-73.933857178593,"{'latitude': '40.798128562168', 'longitude': '-73.933857178593', 'human_address': '{""address"": """", ""city"": """", ""state"": """", ""zip"": """"}'}",11,8,194,1054754,East Harlem (North),,Runways,,
PC8725743,2026-09-22T10:18:00.000,Compliance,553,WALTON AVENUE,10451,Bronx,Failed for Rat Activity,2023520053,2,2352,53,40.819056613111,-73.928218180457,"{'latitude': '40.819056613111', 'longitude': '-73.928218180457', 'human_address': '{""address"": """", ""city"": """", ""state"": """", ""zip"": """"}'}",4,8,6301,2001114,Concourse-Concourse Village,,Burrows,,
PC8740323,2026-09-22T10:18:00.000,Initial,333,PEARL STREET,10038,Manhattan,Failed for Other Reason,1000940001,1,94,1,40.709294233457,-74.001954974364,"{'latitude': '40.709294233457', 'longitude': '-74.001954974364', 'human_address': '{""address"": """", ""city"": """", ""state"": """", ""zip"": """"}'}",1,1,1501,1083350,Financial District-Battery Park City,COTA,Animal Nuisance,983691,197676
PC8768082,2026-09-22T10:19:00.000,Initial,1239,ST JOHNS PLACE,11213,Brooklyn,Failed for Rat Activity,3013760061,3,1376,61,40.670938172706,-73.937426461893,"{'latitude': '40.670938172706', 'longitude': '-73.937426461893', 'human_address': '{""address"": """", ""city"": """", ""state"": """", ""zip"": """"}'}",8,35,339,3036709,Crown Heights (North),COTA,Burrows,1001608,183726
PC8590289,2026-09-22T10:20:00.000,Treatments,637,PARK PLACE,11238,Brooklyn,Bait applied,3011630054,3,1163,54,40.674216183269,-73.956908723901,"{'latitude': '40.674216183269', 'longitude': '-73.956908723901', 'human_address': '{""address"": """", ""city"": """", ""state"": """", ""zip"": """"}'}",8,35,305,3029013,Crown Heights (North),,,996203,184917
PC8700471,2026-09-22T10:20:03.000,Treatments,2747,SEDGEWICK AVENUE,10468,Bronx,Bait applied,2032530063,2,3253,63,40.87112179551,-73.90251866514,"{'latitude': '40.87112179551', 'longitude': '-73.90251866514', 'human_address': '{""address"": """", ""city"": """", ""state"": """", ""zip"": """"}'}",8,14,273,2092454,Kingsbridge Heights-Van Cortlandt Village,,,1011210,256668
PC8612984,2026-09-22T10:24:00.000,Stoppage,357,EAST 201 STREET,10458,Bronx,Stoppage done,2032810040,2,3281,40,40.86957988561,-73.882630999646,"{'latitude': '40.86957988561', 'longitude': '-73.882630999646', 'human_address': '{""address"": """", ""city"": """", ""state"": """", ""zip"": """"}'}",7,11,415,2016459,Bedford Park,,,,
PC8606591,2026-09-22T10:24:00.000,Compliance,672,EMPIRE BOULEVARD,11213,Brooklyn,Failed for Rat Activity,3013260041,3,1326,41,40.663910350747,-73.940341912336,"{'latitude': '40.663910350747', 'longitude': '-73.940341912336', 'human_address': '{""address"": """", ""city"": """", ""state"": """", ""zip"": """"}'}",9,40,331,3035220,Crown Heights (South),Summons Issued,"Droppings, Burrows",1000801,181165
PC8741595,2026-09-22T10:25:00.000,Treatments,232,MT HOPE PLACE,10457,Bronx,Bait applied,2028020022,2,2802,22,40.848164137733,-73.904934411197,"{'latitude': '40.848164137733', 'longitude': '-73.904934411197', 'human_address': '{""address"": """", ""city"": """", ""state"": """", ""zip"": """"}'}",5,15,23302,2007559,Mount Hope,,,,
PC8687181,2026-09-22T10:25:00.000,Treatments,538,BAINBRIDGE STREET,11233,Brooklyn,Bait applied,3015100027,3,1510,27,40.682734906778,-73.915537036626,"{'latitude': '40.682734906778', 'longitude': '-73.915537036626', 'human_address': '{""address"": """", ""city"": """", ""state"": """", ""zip"": """"}'}",16,41,373,3040890,Ocean Hill,,,,
PC8776064,2026-09-22T10:26:00.000,Initial,1781,MADISON AVENUE,10035,Manhattan,Failed for Rat Activity,1016220050,1,1622,50,40.800631852302,-73.944358182659,"{'latitude': '40.800631852302', 'longitude': '-73.944358182659', 'human_address': '{""address"": """", ""city"": """", ""state"": """", ""zip"": """"}'}",11,9,184,1000000,East Harlem (North),,Burrows,999645,230959
PC8623181,2026-09-22T10:30:00.000,Treatments,1793,RIVERSIDE DRIVE,10034,Manhattan,Bait applied,1022460130,1,2246,130,40.866503562347,-73.930556629193,"{'latitude': '40.866503562347', 'longitude': '-73.930556629193', 'human_address': '{""address"": """", ""city"": """", ""state"": """", ""zip"": """"}'}",12,10,287,1065055,Washington Heights (North),,,,
PC8753217,2026-09-22T10:30:00.000,Compliance,566,SENECA AVENUE,11385,Queens,Failed for Other Reason,4034370042,4,3437,42,40.704728063984,-73.910960992707,"{'latitude': '40.704728063984', 'longitude': '-73.910960992707', 'human_address': '{""address"": """", ""city"": """", ""state"": """", ""zip"": """"}'}",5,34,545,4082091,Ridgewood,Summons Issued,Harborage,,
PC8778652,2026-09-22T10:30:36.000,Initial,2856,WEBB AVENUE,10468,Bronx,Failed for Other Reason,2032500071,2,3250,71,40.873357123402,-73.900620643758,"{'latitude': '40.873357123402', 'longitude': '-73.900620643758', 'human_address': '{""address"": """", ""city"": """", ""state"": """", ""zip"": """"}'}",8,14,26702,2015418,Kingsbridge Heights-Van Cortlandt Village,,Harborage,1011734,257483
PC8768517,2026-09-22T10:30:55.000,Initial,166,SUFFOLK STREET,10002,Manhattan,Failed for Rat Activity,1003500001,1,350,1,40.720744466265,-73.985172822067,"{'latitude': '40.720744466265', 'longitude': '-73.985172822067', 'human_address': '{""address"": """", ""city"": """", ""state"": """", ""zip"": """"}'}",3,2,3001,1004235,Lower East Side,COTA,"Droppings, Burrows",988360,201866
PC8630792,2026-09-22T10:32:26.000,Treatments,2767,SEDGWICK AVENUE,10468,Bronx,Bait applied,2032530051,2,3253,51,40.871484016322,-73.902420505534,"{'latitude': '40.871484016322', 'longitude': '-73.902420505534', 'human_address': '{""address"": """", ""city"": """", ""state"": """", ""zip"": """"}'}",8,14,273,2015515,Kingsbridge Heights-Van Cortlandt Village,,,1011237,256800
PC8757016,2026-09-22T10:34:51.000,Compliance,1273,WEBSTER AVENUE,10456,Bronx,Failed for Other Reason,2024270031,2,2427,31,40.833773861188,-73.908792844336,"{'latitude': '40.833773861188', 'longitude': '-73.908792844336', 'human_address': '{""address"": """", ""city"": """", ""state"": """", ""zip"": """"}'}",4,16,17701,2002105,Concourse-Concourse Village,Summons Issued,Harborage,,
PC8767061,2026-09-22T10:35:00.000,Compliance,,,11213,Brooklyn,Failed for Rat Activity,,3,1378,19,,,,,,,,,Summons Issued,"Droppings, Burrows",,
PC8779608,2026-09-22T10:35:26.000,Initial,519,WEST 173 STREET,10032,Manhattan,Failed for Other Reason,1021300155,1,2130,155,40.843225522759,-73.935322925048,"{'latitude': '40.843225522759', 'longitude': '-73.935322925048', 'human_address': '{""address"": """", ""city"": """", ""state"": """", ""zip"": """"}'}",12,10,261,1063149,Washington Heights (South),,Harborage,,
PC8687129,2026-09-22T10:35:46.000,Treatments,514,BAINBRIDGE STREET,11233,Brooklyn,Bait applied,3015100015,3,1510,15,40.682658550587,-73.916214971318,"{'latitude': '40.682658550587', 'longitude': '-73.916214971318', 'human_address': '{""address"": """", ""city"": """", ""state"": """", ""zip"": """"}'}",16,41,373,3040879,Ocean Hill,,,,
PC8780025,2026-09-22T10:36:00.000,Initial,,,10035,Manhattan,Failed for Rat Activity,,1,1622,51,,,,,,,,,,Burrows,,
PC8725638,2026-09-22T10:38:00.000,Compliance,136,EAST 150 STREET,10451,Bronx,Failed for Other Reason,2023470010,2,2347,10,40.819706838303,-73.927773080744,"{'latitude': '40.819706838303', 'longitude': '-73.927773080744', 'human_address': '{""address"": """", ""city"": """", ""state"": """", ""zip"": """"}'}",4,8,6301,2001046,Concourse-Concourse Village,,Harborage,,
PC8758943,2026-09-22T10:39:00.000,Treatments,644,PARK PLACE,11216,Brooklyn,Bait applied,3012380113,3,1238,113,40.674064972024,-73.956252702588,"{'latitude': '40.674064972024', 'longitude': '-73.956252702588', 'human_address': '{""address"": """", ""city"": """", ""state"": """", ""zip"": """"}'}",8,35,219,3031451,Crown Heights (North),,,,
PC8769320,2026-09-22T10:40:27.000,Compliance,487,MIDWOOD STREET,11225,Brooklyn,Failed for Other Reason,3047980066,3,4798,66,40.660511533411,-73.944241229987,"{'latitude': '40.660511533411', 'longitude': '-73.944241229987', 'human_address': '{""address"": """", ""city"": """", ""state"": """", ""zip"": """"}'}",9,40,806,3106790,Prospect Lefferts Gardens-Wingate,Summons Issued,Harborage,,
PC8779618,2026-09-22T10:41:26.000,Initial,521,WEST 173 STREET,10032,Manhattan,Failed for Other Reason,1021300056,1,2130,56,40.843250257906,-73.935380729002,"{'latitude': '40.843250257906', 'longitude': '-73.935380729002', 'human_address': '{""address"": """", ""city"": """", ""state"": """", ""zip"": """"}'}",12,10,261,1063145,Washington Heights (South),,Harborage,,
PC8752084,2026-09-22T10:41:54.000,Compliance,1862,BLEECKER STREET,11385,Queens,Failed for Rat Activity,4034060014,4,3406,14,40.706234280903,-73.910111375237,"{'latitude': '40.706234280903', 'longitude': '-73.910111375237', 'human_address': '{""address"": """", ""city"": """", ""state"": """", ""zip"": """"}'}",5,34,591,4081386,Ridgewood,,Droppings,,
PC8777463,2026-09-22T10:42:10.000,Initial,2350,2 AVENUE,10035,Manhattan,Failed for Rat Activity,1017970110,1,1797,110,40.799888934997,-73.93559635493,"{'latitude': '40.799888934997', 'longitude': '-73.93559635493', 'human_address': '{""address"": """", ""city"": """", ""state"": """", ""zip"": """"}'}",11,8,194,1087873,East Harlem (North),City Agency Referral,Burrows,,
PC8756649,2026-09-22T10:42:51.000,Compliance,1267,WEBSTER AVENUE,10456,Bronx,Failed for Other Reason,2024270032,2,2427,32,40.833675093683,-73.908847186277,"{'latitude': '40.833675093683', 'longitude': '-73.908847186277', 'human_address': '{""address"": """", ""city"": """", ""state"": """", ""zip"": """"}'}",4,16,17701,2002106,Concourse-Concourse Village,Summons Issued,Harborage,,
PC8741253,2026-09-22T10:44:00.000,Treatments,2109,TIEBOUT AVENUE,10457,Bronx,Bait applied,2031440032,2,3144,32,40.853088389054,-73.898738818713,"{'latitude': '40.853088389054', 'longitude': '-73.898738818713', 'human_address': '{""address"": """", ""city"": """", ""state"": """", ""zip"": """"}'}",5,15,379,2013364,Mount Hope,,,,
PC8779764,2026-09-22T10:45:24.000,Initial,,,10009,Manhattan,Failed for Rat Activity and Other Reason,,1,356,1,,,,,,,,,City Agency Referral,"Droppings, Burrows, Garbage",,
PC8773884,2026-09-22T10:45:29.000,Initial,188,SPRING STREET,10012,Manhattan,Failed for Rat Activity and Other Reason,1004890022,1,489,22,40.72500801072,-74.002915116576,"{'latitude': '40.72500801072', 'longitude': '-74.002915116576', 'human_address': '{""address"": """", ""city"": """", ""state"": """", ""zip"": """"}'}",2,1,47,1007357,SoHo-Little Italy-Hudson Square,COTA,"Droppings, Burrows, Harborage",983442,203419
PC8750063,2026-09-22T10:45:44.000,Compliance,561,SENECA AVENUE,11385,Queens,Failed for Rat Activity,4034350004,4,3435,4,40.704796747601,-73.911043855207,"{'latitude': '40.704796747601', 'longitude': '-73.911043855207', 'human_address': '{""address"": """", ""city"": """", ""state"": """", ""zip"": """"}'}",5,34,545,4082014,Ridgewood,Summons Issued,Droppings,,
PC8761286,2026-09-22T10:46:00.000,Compliance,21,EAST 115 STREET,10029,Manhattan,Failed for Rat Activity and Other Reason,1016210012,1,1621,12,40.799419301714,-73.945670307733,"{'latitude': '40.799419301714', 'longitude': '-73.945670307733', 'human_address': '{""address"": """", ""city"": """", ""state"": """", ""zip"": """"}'}",11,8,184,1081497,East Harlem (North),Summons Issued,"Droppings, Garbage",,
PC8712963,2026-09-22T10:46:46.000,Compliance,46A,BLEECKER STREET,11221,Brooklyn,Failed for Rat Activity and Other Reason,3033050011,3,3305,11,40.69402893406,-73.922276967381,"{'latitude': '40.69402893406', 'longitude': '-73.922276967381', 'human_address': '{""address"": """", ""city"": """", ""state"": """", ""zip"": """"}'}",4,37,419,3075606,Bushwick (East),Summons Issued,"Droppings, Burrows, Runways, Rats, Harborage",,
PC8779042,2026-09-22T10:47:00.000,Initial,1488,STERLING PLACE,11213,Brooklyn,Failed for Other Reason,3013790027,3,1379,27,40.671386493877,-73.929556528002,"{'latitude': '40.671386493877', 'longitude': '-73.929556528002', 'human_address': '{""address"": """", ""city"": """", ""state"": """", ""zip"": """"}'}",8,36,34901,3036860,Crown Heights (North),COTA,Mice,1003791,183891
PC8725894,2026-09-22T10:48:00.000,Compliance,142,EAST 150 STREET,10451,Bronx,Failed for Other Reason,2023470013,2,2347,13,40.819671070251,-73.927635826829,"{'latitude': '40.819671070251', 'longitude': '-73.927635826829', 'human_address': '{""address"": """", ""city"": """", ""state"": """", ""zip"": """"}'}",4,8,6301,2001049,Concourse-Concourse Village,,Harborage,,
PC8716919,2026-09-22T10:48:32.000,Compliance,43,ABERDEEN STREET,11207,Brooklyn,Failed for Rat Activity,3034660041,3,3466,41,40.681912365029,-73.90609893872,"{'latitude': '40.681912365029', 'longitude': '-73.90609893872', 'human_address': '{""address"": """", ""city"": """", ""state"": """", ""zip"": """"}'}",4,37,405,3080422,Bushwick (East),Summons Issued,Burrows,,
PC8356083,2026-09-22T10:50:00.000,Compliance,542,50 STREET,11220,Brooklyn,Failed for Rat Activity,3007920019,3,792,19,40.644495205048,-74.009336532065,"{'latitude': '40.644495205048', 'longitude': '-74.009336532065', 'human_address': '{""address"": """", ""city"": """", ""state"": """", ""zip"": """"}'}",7,38,98,3013315,Sunset Park (Central),Summons Issued,Burrows,981659,174086
PC8757040,2026-09-22T10:50:51.000,Compliance,WEBSTER,AVENUE,10456,Bronx,Failed for Rat Activity and Other Reason,,2,2427,33,,,,,,,,,Summons Issued,"Burrows, Harborage",,
PC8778741,2026-09-22T10:55:10.000,Initial,1326,GRAND CONCOURSE,10456,Bronx,Failed for Rat Activity and Other Reason,2028310013,2,2831,13,40.836743308158,-73.91549977371,"{'latitude': '40.836743308158', 'longitude': '-73.91549977371', 'human_address': '{""address"": """", ""city"": """", ""state"": """", ""zip"": """"}'}",4,16,17902,2007974,Mount Eden-Claremont (West),,"Droppings, Burrows, Mice",1007763,244317
PC8691458,2026-09-22T10:55:46.000,Treatments,532,CHAUNCEY STREET,11233,Brooklyn,Bait applied,3015170015,3,1517,15,40.682498269787,-73.911131403569,"{'latitude': '40.682498269787', 'longitude': '-73.911131403569', 'human_address': '{""address"": """", ""city"": """", ""state"": """", ""zip"": """"}'}",16,37,369,3041181,Ocean Hill,,,,
PC8778792,2026-09-22T10:57:00.000,Stoppage,664,EAST 213 STREET,10467,Bronx,Stoppage done,2046430031,2,4643,31,40.879514352594,-73.866228221625,"{'latitude': '40.879514352594', 'longitude': '-73.866228221625', 'human_address': '{""address"": """", ""city"": """", ""state"": """", ""zip"": """"}'}",12,12,378,2057310,Williamsbridge-Olinville,,,,
PC8773881,2026-09-22T10:57:00.000,Initial,190,SPRING STREET,10012,Manhattan,Failed for Rat Activity,1004890021,1,489,21,40.725038201576,-74.002976450828,"{'latitude': '40.725038201576', 'longitude': '-74.002976450828', 'human_address': '{""address"": """", ""city"": """", ""state"": """", ""zip"": """"}'}",2,1,47,1007356,SoHo-Little Italy-Hudson Square,COTA,"Droppings, Burrows",983425,203430
PC8777226,2026-09-22T10:58:00.000,Initial,4,EAST  116 STREET,10029,Manhattan,Failed for Rat Activity,1016210168,1,1621,168,40.800467963919,-73.946027029001,"{'latitude': '40.800467963919', 'longitude': '-73.946027029001', 'human_address': '{""address"": """", ""city"": """", ""state"": """", ""zip"": """"}'}",11,8,184,1051664,East Harlem (North),COTA,Burrows,999193,230916
PC8768967,2026-09-22T10:59:27.000,Compliance,363,LINCOLN ROAD,11225,Brooklyn,Failed for Rat Activity and Other Reason,3013300070,3,1330,70,40.661598505715,-73.950292064313,"{'latitude': '40.661598505715', 'longitude': '-73.950292064313', 'human_address': '{""address"": """", ""city"": """", ""state"": """", ""zip"": """"}'}",9,40,804,3035435,Prospect Lefferts Gardens-Wingate,Summons Issued,"Droppings, Burrows, Mice",,
PC8777774,2026-09-22T11:02:45.000,Initial,105,PINEHURST AVENUE,10033,Manhattan,Failed for Other Reason,1021790095,1,2179,95,40.851771882098,-73.938979909582,"{'latitude': '40.851771882098', 'longitude': '-73.938979909582', 'human_address': '{""address"": """", ""city"": """", ""state"": """", ""zip"": """"}'}",12,10,273,1064338,Washington Heights (North),,Harborage,1001131,249609
PC8389111,2026-09-22T11:04:00.000,Compliance,1755,WEEKS AVENUE,10457,Bronx,Failed for Rat Activity and Other Reason,2027960046,2,2796,46,40.845561480823,-73.907504357064,"{'latitude': '40.845561480823', 'longitude': '-73.907504357064', 'human_address': '{""address"": """", ""city"": """", ""state"": """", ""zip"": """"}'}",5,14,22901,2007432,Mount Hope,Summons Issued,"Droppings, Burrows, Garbage, Harborage",,
PC8742457,2026-09-22T11:05:00.000,Treatments,1391,BEDFORD AVENUE,11216,Brooklyn,Bait applied,3012180001,3,1218,1,40.675617339814,-73.953273838153,"{'latitude': '40.675617339814', 'longitude': '-73.953273838153', 'human_address': '{""address"": """", ""city"": """", ""state"": """", ""zip"": """"}'}",8,36,221,3030631,Crown Heights (North),,,,
PC8776900,2026-09-22T11:05:00.000,Initial,2265,1 AVENUE,10035,Manhattan,Failed for Rat Activity,1016880025,1,1688,25,40.796240965995,-73.935245951763,"{'latitude': '40.796240965995', 'longitude': '-73.935245951763', 'human_address': '{""address"": """", ""city"": """", ""state"": """", ""zip"": """"}'}",11,8,188,1052961,East Harlem (North),COTA,Burrows,,
PC8686667,2026-09-22T11:05:16.000,Treatments,2738,KINGSBRIDGE TERRACE,10463,Bronx,Bait applied,2032530040,2,3253,40,40.871844445356,-73.90345048254,"{'latitude': '40.871844445356', 'longitude': '-73.90345048254', 'human_address': '{""address"": """", ""city"": """", ""state"": """", ""zip"": """"}'}",8,14,273,2015511,Kingsbridge Heights-Van Cortlandt Village,,,,
PC8693012,2026-09-22T11:08:00.000,Compliance,1588,ST JOHN PLACE,11213,Brooklyn,Failed for Rat Activity,3013860043,3,1386,43,40.670286229444,-73.925826677536,"{'latitude': '40.670286229444', 'longitude': '-73.925826677536', 'human_address': '{""address"": """", ""city"": """", ""state"": """", ""zip"": """"}'}",8,41,35701,3037180,Crown Heights (North),Summons Issued,"Burrows, Runways",1004826,183491
PC8778646,2026-09-22T11:10:00.000,Initial,129,FULTON STREET,10038,Manhattan,Failed for Rat Activity,1000910013,1,91,13,40.710098222678,-74.007495361479,"{'latitude': '40.710098222678', 'longitude': '-74.007495361479', 'human_address': '{""address"": """", ""city"": """", ""state"": """", ""zip"": """"}'}",1,1,1501,1001267,Financial District-Battery Park City,,Burrows,982172,197987
PC8761107,2026-09-22T11:11:00.000,Compliance,10,EAST 116 STREET,10029,Manhattan,Failed for Other Reason,1016210066,1,1621,66,40.800443235714,-73.945972870291,"{'latitude': '40.800443235714', 'longitude': '-73.945972870291', 'human_address': '{""address"": """", ""city"": """", ""state"": """", ""zip"": """"}'}",11,8,184,1051659,East Harlem (North),Summons Issued,Garbage,,
PC8741590,2026-09-22T11:12:00.000,Treatments,2180,VALENTINE AVENUE,10457,Bronx,Bait applied,2031440050,2,3144,50,40.854666888742,-73.899054515698,"{'latitude': '40.854666888742', 'longitude': '-73.899054515698', 'human_address': '{""address"": """", ""city"": """", ""state"": """", ""zip"": """"}'}",5,15,379,2013376,Mount Hope,,,,
PC8767046,2026-09-22T11:14:00.000,Stoppage,678,SAGAMORE STREET,10462,Bronx,Stoppage done,2042530084,2,4253,84,40.849003822414,-73.868527238351,"{'latitude': '40.849003822414', 'longitude': '-73.868527238351', 'human_address': '{""address"": """", ""city"": """", ""state"": """", ""zip"": """"}'}",11,13,220,2103139,West Farms,,,,
PC8779656,2026-09-22T11:16:26.000,Initial,526,WEST 174 STREET,10033,Manhattan,Failed for Rat Activity,1021300037,1,2130,37,40.843925281244,-73.935058398702,"{'latitude': '40.843925281244', 'longitude': '-73.935058398702', 'human_address': '{""address"": """", ""city"": """", ""state"": """", ""zip"": """"}'}",12,10,261,1063132,Washington Heights (South),,Burrows,,
PC8778131,2026-09-22T11:18:00.000,Initial,1496,LINCOLN PLACE,11213,Brooklyn,Failed for Rat Activity,3013920023,3,1392,23,40.669501973462,-73.926995509815,"{'latitude': '40.669501973462', 'longitude': '-73.926995509815', 'human_address': '{""address"": """", ""city"": """", ""state"": """", ""zip"": """"}'}",8,41,35701,3037393,Crown Heights (North),COTA,"Droppings, Burrows",1004502,183205
PC8757246,2026-09-22T11:18:51.000,Compliance,1247,WEBSTER AVENUE,10456,Bronx,Failed for Rat Activity,2024270041,2,2427,41,40.832978236637,-73.909234810232,"{'latitude': '40.832978236637', 'longitude': '-73.909234810232', 'human_address': '{""address"": """", ""city"": """", ""state"": """", ""zip"": """"}'}",4,16,17701,2002110,Concourse-Concourse Village,Summons Issued,Burrows,,
PC8767772,2026-09-22T11:20:06.000,Compliance,433,EAST   83 STREET,10028,Manhattan,Failed for Rat Activity,1015630011,1,1563,11,40.774570259054,-73.949943844256,"{'latitude': '40.774570259054', 'longitude': '-73.949943844256', 'human_address': '{""address"": """", ""city"": """", ""state"": """", ""zip"": """"}'}",8,5,13604,1085243,Upper East Side-Yorkville,Summons Issued,"Droppings, Burrows",998114,221480
PC8768091,2026-09-22T11:20:15.000,Compliance,255,CABRINI BOULEVARD,10040,Manhattan,Failed for Rat Activity,1021797501,1,2179,7501,40.855880060253,-73.937700050447,"{'latitude': '40.855880060253', 'longitude': '-73.937700050447', 'human_address': '{""address"": """", ""city"": """", ""state"": """", ""zip"": """"}'}",12,10,273,1082091,Washington Heights (North),Summons Issued,Burrows,,
PC8685790,2026-09-22T11:20:36.000,Compliance,5400,FIELDSTON ROAD,10471,Bronx,Failed for Rat Activity and Other Reason,2058451799,2,5845,1799,40.902312045453,-73.901604546686,"{'latitude': '40.902312045453', 'longitude': '-73.901604546686', 'human_address': '{""address"": """", ""city"": """", ""state"": """", ""zip"": """"}'}",8,11,345,2084740,Riverdale-Spuyten Duyvil,Summons Issued,"Droppings, Burrows, Harborage",1011450,268032
PC8725942,2026-09-22T11:20:37.000,Compliance,1226,ELDER AVENUE,10472,Bronx,Failed for Other Reason,2037730018,2,3773,18,40.829434735462,-73.879359595457,"{'latitude': '40.829434735462', 'longitude': '-73.879359595457', 'human_address': '{""address"": """", ""city"": """", ""state"": """", ""zip"": """"}'}",9,17,54,2025168,Soundview-Bruckner-Bronx River,Summons Issued,Garbage,1017636,241488
PC8588714,2026-09-22T11:20:53.000,Treatments,3451,GILES PLACE,10463,Bronx,Bait applied,2032580222,2,3258,222,40.881300012107,-73.89710449763,"{'latitude': '40.881300012107', 'longitude': '-73.89710449763', 'human_address': '{""address"": """", ""city"": """", ""state"": """", ""zip"": """"}'}",8,11,279,2015855,Kingsbridge Heights-Van Cortlandt Village,,,1012703,260378
PC8778946,2026-09-22T11:21:00.000,Initial,794,4 AVENUE,11232,Brooklyn,Failed for Rat Activity,3006600039,3,660,39,40.659262499221,-73.999271941883,"{'latitude': '40.659262499221', 'longitude': '-73.999271941883', 'human_address': '{""address"": """", ""city"": """", ""state"": """", ""zip"": """"}'}",7,38,101,3009735,Sunset Park (West),COTA,Burrows,984452,179466
PC8775157,2026-09-22T11:22:00.000,Initial,73,2 AVENUE,10003,Manhattan,Failed for Rat Activity and Other Reason,1004600040,1,460,40,40.726377186663,-73.989295384543,"{'latitude': '40.726377186663', 'longitude': '-73.989295384543', 'human_address': '{""address"": """", ""city"": """", ""state"": """", ""zip"": """"}'}",3,2,38,1006595,East Village,COTA,"Droppings, Harborage, Mice",987217,203918
PC8779617,2026-09-22T11:23:26.000,Initial,522,WEST 174 STREET,10033,Manhattan,Failed for Other Reason,1021300039,1,2130,39,40.843881310299,-73.934960855952,"{'latitude': '40.843881310299', 'longitude': '-73.934960855952', 'human_address': '{""address"": """", ""city"": """", ""state"": """", ""zip"": """"}'}",12,10,261,1063133,Washington Heights (South),City Agency Referral,Garbage,,
PC8779312,2026-09-22T11:24:27.000,Initial,471,EAST NEW YORK AVENUE,11225,Brooklyn,Failed for Rat Activity and Other Reason,3013310051,3,1331,51,40.661794653273,-73.946997508714,"{'latitude': '40.661794653273', 'longitude': '-73.946997508714', 'human_address': '{""address"": """", ""city"": """", ""state"": """", ""zip"": """"}'}",9,40,806,3035462,Prospect Lefferts Gardens-Wingate,,"Burrows, Garbage",998955,180393
PC8776952,2026-09-22T11:25:00.000,Initial,334,EAST 117 STREET,10035,Manhattan,Failed for Rat Activity,1016880036,1,1688,36,40.797182914279,-73.936137133035,"{'latitude': '40.797182914279', 'longitude': '-73.936137133035', 'human_address': '{""address"": """", ""city"": """", ""state"": """", ""zip"": """"}'}",11,8,188,1052965,East Harlem (North),COTA,Runways,,
PC8767205,2026-09-22T11:25:46.000,Compliance,554,WILSON AVENUE,11207,Brooklyn,Failed for Rat Activity,3034170025,3,3417,25,40.69099692064,-73.908689607494,"{'latitude': '40.69099692064', 'longitude': '-73.908689607494', 'human_address': '{""address"": """", ""city"": """", ""state"": """", ""zip"": """"}'}",4,37,413,3079037,Bushwick (East),Summons Issued,"Burrows, Runways",,
PC8757371,2026-09-22T11:26:37.000,Compliance,615,FORT WASHINGTON AVENUE,10040,Manhattan,Failed for Rat Activity,1021790354,1,2179,354,40.855843747856,-73.9365469178,"{'latitude': '40.855843747856', 'longitude': '-73.9365469178', 'human_address': '{""address"": """", ""city"": """", ""state"": """", ""zip"": """"}'}",12,10,273,1064370,Washington Heights (North),Summons Issued,Burrows,1001803,251093
PC8756742,2026-09-22T11:26:51.000,Compliance,1243,WEBSTER AVENUE,10456,Bronx,Failed for Rat Activity,2024270043,2,2427,43,40.832854780546,-73.909307253102,"{'latitude': '40.832854780546', 'longitude': '-73.909307253102', 'human_address': '{""address"": """", ""city"": """", ""state"": """", ""zip"": """"}'}",4,16,17701,2002112,Concourse-Concourse Village,Summons Issued,Burrows,,
PC8706109,2026-09-22T11:27:00.000,Treatments,1030,PARK PLACE,11213,Brooklyn,Bait applied,3012430017,3,1243,17,40.673032765748,-73.943333077556,"{'latitude': '40.673032765748', 'longitude': '-73.943333077556', 'human_address': '{""address"": """", ""city"": """", ""state"": """", ""zip"": """"}'}",8,36,341,3031644,Crown Heights (North),,,,
PC8750087,2026-09-22T11:27:59.000,Compliance,18-15,MENAHAN STREET,11385,Queens,Failed for Rat Activity,4034350051,4,3435,51,40.704884029609,-73.910336819968,"{'latitude': '40.704884029609', 'longitude': '-73.910336819968', 'human_address': '{""address"": """", ""city"": """", ""state"": """", ""zip"": """"}'}",5,34,545,4082039,Ridgewood,Summons Issued,Droppings,,
PC8768476,2026-09-22T11:28:06.000,Compliance,445,EAST   85 STREET,10028,Manhattan,Failed for Rat Activity and Other Reason,1015650022,1,1565,22,40.775675817606,-73.948635982283,"{'latitude': '40.775675817606', 'longitude': '-73.948635982283', 'human_address': '{""address"": """", ""city"": """", ""state"": """", ""zip"": """"}'}",8,5,14401,1050540,Upper East Side-Yorkville,Summons Issued,"Droppings, Gnawing, Garbage",998476,221883
PC8768523,2026-09-22T11:29:00.000,Initial,1231,EASTERN PARKWAY,11213,Brooklyn,Failed for Rat Activity,3013920073,3,1392,73,40.668601947905,-73.927407440901,"{'latitude': '40.668601947905', 'longitude': '-73.927407440901', 'human_address': '{""address"": """", ""city"": """", ""state"": """", ""zip"": """"}'}",8,41,35701,3000000,Crown Heights (North),COTA,Burrows,1004127,182891
PC8746963,2026-09-22T11:30:24.000,Compliance,50,WEST FORDHAM ROAD,10468,Bronx,Failed for Rat Activity,2032120072,2,3212,72,40.862720946008,-73.903427625927,"{'latitude': '40.862720946008', 'longitude': '-73.903427625927', 'human_address': '{""address"": """", ""city"": """", ""state"": """", ""zip"": """"}'}",7,14,253,2014615,University Heights (North)-Fordham,Summons Issued,Burrows,,
PC8687063,2026-09-22T11:30:46.000,Treatments,18,ROCKAWAY AVENUE,11233,Brooklyn,Bait applied,3015110032,3,1511,32,40.683061466307,-73.91180128079,"{'latitude': '40.683061466307', 'longitude': '-73.91180128079', 'human_address': '{""address"": """", ""city"": """", ""state"": """", ""zip"": """"}'}",16,41,373,3040950,Ocean Hill,,,,
PC8766948,2026-09-22T11:32:49.000,Compliance,690,FORT WASHINGTON AVENUE,10040,Manhattan,Failed for Rat Activity,1021800605,1,2180,605,40.857273152562,-73.935468272569,"{'latitude': '40.857273152562', 'longitude': '-73.935468272569', 'human_address': '{""address"": """", ""city"": """", ""state"": """", ""zip"": """"}'}",12,10,281,1064473,Washington Heights (North),Summons Issued,"Droppings, Burrows",1002101,251614
PC8773768,2026-09-22T11:33:06.000,Compliance,435,East 85 street,10028,Manhattan,Failed for Rat Activity,1015650017,1,1565,17,40.775733518755,-73.94877313953,"{'latitude': '40.775733518755', 'longitude': '-73.94877313953', 'human_address': '{""address"": """", ""city"": """", ""state"": """", ""zip"": """"}'}",8,5,14401,1050539,Upper East Side-Yorkville,Summons Issued,"Droppings, Gnawing",,
PC8779054,2026-09-22T11:34:00.000,Stoppage,737,EAST 183 STREET,10458,Bronx,Stoppage done,2031020065,2,3102,65,40.85167231292,-73.884412243901,"{'latitude': '40.85167231292', 'longitude': '-73.884412243901', 'human_address': '{""address"": """", ""city"": """", ""state"": """", ""zip"": """"}'}",6,15,393,2012856,Belmont,,,,
PC8686757,2026-09-22T11:35:05.000,Treatments,3871,SEDGWICK AVENUE,10463,Bronx,Bait applied,2032630292,2,3263,292,40.883002010919,-73.894375067358,"{'latitude': '40.883002010919', 'longitude': '-73.894375067358', 'human_address': '{""address"": """", ""city"": """", ""state"": """", ""zip"": """"}'}",8,11,279,2016101,Kingsbridge Heights-Van Cortlandt Village,,,1013457,260999
PC8634170,2026-09-22T11:35:27.000,Compliance,501,NEW YORK AVENUE,11225,Brooklyn,Failed for Rat Activity and Other Reason,3013220001,3,1322,1,40.662890252527,-73.947940999546,"{'latitude': '40.662890252527', 'longitude': '-73.947940999546', 'human_address': '{""address"": """", ""city"": """", ""state"": """", ""zip"": """"}'}",9,40,329,3035102,Prospect Lefferts Gardens-Wingate,Summons Issued,"Droppings, Burrows, Harborage",998693,180792
PC8767206,2026-09-22T11:35:46.000,Compliance,556,WILSON AVENUE,11207,Brooklyn,Failed for Rat Activity,3034170026,3,3417,26,40.690963937409,-73.908631957311,"{'latitude': '40.690963937409', 'longitude': '-73.908631957311', 'human_address': '{""address"": """", ""city"": """", ""state"": """", ""zip"": """"}'}",4,37,413,3079038,Bushwick (East),Summons Issued,Burrows,,
PC8690147,2026-09-22T11:35:49.000,Treatments,1548,LONGFELLOW AVENUE,10460,Bronx,Bait applied,2030090013,2,3009,13,40.833328015,-73.885943928927,"{'latitude': '40.833328015', 'longitude': '-73.885943928927', 'human_address': '{""address"": """", ""city"": """", ""state"": """", ""zip"": """"}'}",3,17,157,2100686,Crotona Park East,,,,
PC8769369,2026-09-22T11:36:00.000,Initial,10,MAIDEN LANE,10038,Manhattan,Failed for Other Reason,1000640021,1,64,21,40.709565586052,-74.009533244225,"{'latitude': '40.709565586052', 'longitude': '-74.009533244225', 'human_address': '{""address"": """", ""city"": """", ""state"": """", ""zip"": """"}'}",1,1,1502,1001090,Financial District-Battery Park City,COTA,Harborage,981607,197793
PC8773833,2026-09-22T11:37:00.000,Initial,781,4 AVENUE,11232,Brooklyn,Failed for Rat Activity,3006580001,3,658,1,40.659421695017,-73.999080914531,"{'latitude': '40.659421695017', 'longitude': '-73.999080914531', 'human_address': '{""address"": """", ""city"": """", ""state"": """", ""zip"": """"}'}",7,38,101,3009671,Sunset Park (West),COTA,Droppings,984479,179495
PC8779070,2026-09-22T11:38:00.000,Stoppage,711,EAST 183 STREET,10458,Bronx,Stoppage done,2031030065,2,3103,65,40.851898163471,-73.885192631559,"{'latitude': '40.851898163471', 'longitude': '-73.885192631559', 'human_address': '{""address"": """", ""city"": """", ""state"": """", ""zip"": """"}'}",6,15,391,2012885,Belmont,,,,
PC8634266,2026-09-22T11:38:25.000,Compliance,346,EAST  173 STREET,10457,Bronx,Failed for Rat Activity,2027900018,2,2790,18,40.843471017293,-73.905392927496,"{'latitude': '40.843471017293', 'longitude': '-73.905392927496', 'human_address': '{""address"": """", ""city"": """", ""state"": """", ""zip"": """"}'}",4,15,22902,2007315,Mount Eden-Claremont (West),Summons Issued,"Droppings, Burrows",1010426,246593
PC8749981,2026-09-22T11:40:32.000,Compliance,18-19,MENAHAN STREET,11385,Queens,Failed for Rat Activity,4034350047,4,3435,47,40.704936137906,-73.910282648676,"{'latitude': '40.704936137906', 'longitude': '-73.910282648676', 'human_address': '{""address"": """", ""city"": """", ""state"": """", ""zip"": """"}'}",5,34,545,4082037,Ridgewood,Summons Issued,Droppings,,
PC8706360,2026-09-22T11:41:00.000,Treatments,1050,PARK PLACE,11213,Brooklyn,Bait applied,3012430026,3,1243,26,40.673010587441,-73.942889682125,"{'latitude': '40.673010587441', 'longitude': '-73.942889682125', 'human_address': '{""address"": """", ""city"": """", ""state"": """", ""zip"": """"}'}",8,36,341,3031648,Crown Heights (North),,,,
PC8752170,2026-09-22T11:47:45.000,Compliance,18-73,MENAHAN STREET,11385,Queens,Failed for Rat Activity and Other Reason,4034060053,4,3406,53,40.70599750895,-73.909195571933,"{'latitude': '40.70599750895', 'longitude': '-73.909195571933', 'human_address': '{""address"": """", ""city"": """", ""state"": """", ""zip"": """"}'}",5,34,591,4081410,Ridgewood,,"Droppings, Burrows, Harborage",,
PC8676715,2026-09-22T11:48:10.000,Compliance,1022,UNIVERSITY AVENUE,10452,Bronx,Failed for Other Reason,2025230130,2,2523,131,40.833830350068,-73.930724571908,"{'latitude': '40.833830350068', 'longitude': '-73.930724571908', 'human_address': '{""address"": """", ""city"": """", ""state"": """", ""zip"": """"}'}",4,16,189,2000000,Highbridge,Summons Issued,Harborage,,
PC8701937,2026-09-22T11:50:00.000,Treatments,3873,ORLOFF AVENUE,10463,Bronx,Bait applied,2032630098,2,3263,98,40.884172885792,-73.896156129942,"{'latitude': '40.884172885792', 'longitude': '-73.896156129942', 'human_address': '{""address"": """", ""city"": """", ""state"": """", ""zip"": """"}'}",8,11,279,2016025,Kingsbridge Heights-Van Cortlandt Village,,,1012964,261425
PC8769385,2026-09-22T11:50:36.000,Initial,3210,PERRY AVENUE,10467,Bronx,Failed for Rat Activity and Other Reason,2033460010,2,3346,10,40.87491513818,-73.876904671314,"{'latitude': '40.87491513818', 'longitude': '-73.876904671314', 'human_address': '{""address"": """", ""city"": """", ""state"": """", ""zip"": """"}'}",7,11,42901,2018333,Norwood,COTA,"Droppings, Garbage",1018292,258059
PC8738475,2026-09-22T11:50:40.000,Compliance,2385,GRAND AVENUE,10468,Bronx,Failed for Other Reason,2032120088,2,3212,88,40.861854090611,-73.904000102562,"{'latitude': '40.861854090611', 'longitude': '-73.904000102562', 'human_address': '{""address"": """", ""city"": """", ""state"": """", ""zip"": """"}'}",7,14,253,2014617,University Heights (North)-Fordham,Summons Issued,Animal Nuisance,1010804,253291
PC8776747,2026-09-22T11:51:00.000,Initial,322,EAST 117 STREET,10035,Manhattan,Failed for Rat Activity,1016880042,1,1688,42,40.797257120772,-73.936314037283,"{'latitude': '40.797257120772', 'longitude': '-73.936314037283', 'human_address': '{""address"": """", ""city"": """", ""state"": """", ""zip"": """"}'}",11,8,188,1052970,East Harlem (North),COTA,Burrows,,
PC8634427,2026-09-22T11:51:27.000,Compliance,458,EMPIRE BOULEVARD,11225,Brooklyn,Failed for Rat Activity,3013170030,3,1317,30,40.664130454077,-73.946984832005,"{'latitude': '40.664130454077', 'longitude': '-73.946984832005', 'human_address': '{""address"": """", ""city"": """", ""state"": """", ""zip"": """"}'}",9,40,329,3034849,Prospect Lefferts Gardens-Wingate,Summons Issued,"Droppings, Burrows",998958,181244
PC8712374,2026-09-22T11:55:00.000,Compliance,1054,COLGATE AVENUE,10472,Bronx,Failed for Other Reason,2037110027,2,3711,27,40.825003882127,-73.881188744432,"{'latitude': '40.825003882127', 'longitude': '-73.881188744432', 'human_address': '{""address"": """", ""city"": """", ""state"": """", ""zip"": """"}'}",9,17,52,2023343,Soundview-Bruckner-Bronx River,Summons Issued,"Garbage, Harborage",1017132,239873
PC8778944,2026-09-22T11:55:00.000,Initial,211,21 STREET,11232,Brooklyn,Failed for Rat Activity,3006400052,3,640,52,40.661891859319,-73.994333897782,"{'latitude': '40.661891859319', 'longitude': '-73.994333897782', 'human_address': '{""address"": """", ""city"": """", ""state"": """", ""zip"": """"}'}",7,38,145,3009280,Sunset Park (West),COTA,Droppings,985806,180437
PC8469723,2026-09-22T11:55:37.000,Treatments,345,EAST 33 STREET,10016,Manhattan,Bait applied,1009390024,1,939,24,40.743546219325,-73.975052190377,"{'latitude': '40.743546219325', 'longitude': '-73.975052190377', 'human_address': '{""address"": """", ""city"": """", ""state"": """", ""zip"": """"}'}",6,4,7001,1021886,Murray Hill-Kips Bay,,,,
PC8676565,2026-09-22T11:59:10.000,Compliance,989,SUMMIT AVENUE,10452,Bronx,Failed for Rat Activity,2025230163,2,2523,163,40.832861263332,-73.930403966447,"{'latitude': '40.832861263332', 'longitude': '-73.930403966447', 'human_address': '{""address"": """", ""city"": """", ""state"": """", ""zip"": """"}'}",4,16,189,2003432,Highbridge,Summons Issued,"Droppings, Burrows",,
PC8777047,2026-09-22T12:00:00.000,Initial,2274,2 AVENUE,10035,Manhattan,Failed for Other Reason,1016880050,1,1688,50,40.797463586514,-73.937422649457,"{'latitude': '40.797463586514', 'longitude': '-73.937422649457', 'human_address': '{""address"": """", ""city"": """", ""state"": """", ""zip"": """"}'}",11,8,188,1052973,East Harlem (North),,Animal Nuisance,,
PC8774753,2026-09-22T12:00:42.000,Initial,2074,BELMONT AVENUE,10457,Bronx,Failed for Other Reason,2030800081,2,3080,81,40.848145460389,-73.890143803743,"{'latitude': '40.848145460389', 'longitude': '-73.890143803743', 'human_address': '{""address"": """", ""city"": """", ""state"": """", ""zip"": """"}'}",6,15,373,2012338,Tremont,COTA,Animal Nuisance,,
PC8741789,2026-09-22T12:00:46.000,Treatments,389,SUMPTER STREET,11233,Brooklyn,Bait applied,3015220050,3,1522,50,40.681193235835,-73.909514306895,"{'latitude': '40.681193235835', 'longitude': '-73.909514306895', 'human_address': '{""address"": """", ""city"": """", ""state"": """", ""zip"": """"}'}",16,37,369,3425407,Ocean Hill,,,1009347,187469
PC8606524,2026-09-22T12:02:06.000,Treatments,3840,ORLOFF AVENUE,10463,Bronx,Bait applied,2032630172,2,3263,172,40.883588684083,-73.896627185638,"{'latitude': '40.883588684083', 'longitude': '-73.896627185638', 'human_address': '{""address"": """", ""city"": """", ""state"": """", ""zip"": """"}'}",8,11,279,2016064,Kingsbridge Heights-Van Cortlandt Village,,,1012834,261212
PC8674995,2026-09-22T12:02:10.000,Compliance,50,WEST 112 STREET,10026,Manhattan,Failed for Rat Activity and Other Reason,1015950065,1,1595,65,40.798932829371,-73.950290249879,"{'latitude': '40.798932829371', 'longitude': '-73.950290249879', 'human_address': '{""address"": """", ""city"": """", ""state"": """", ""zip"": """"}'}",10,9,186,1051411,Harlem (South),Summons Issued,"Burrows, Garbage",,
PC8277453,2026-09-22T12:02:27.000,Compliance,358,NEW YORK AVENUE,11213,Brooklyn,Failed for Rat Activity and Other Reason,3012830046,3,1283,46,40.667353271949,-73.947962735597,"{'latitude': '40.667353271949', 'longitude': '-73.947962735597', 'human_address': '{""address"": """", ""city"": """", ""state"": """", ""zip"": """"}'}",9,35,319,3033575,Crown Heights (South),Summons Issued,"Droppings, Burrows, Harborage",,
PC8756937,2026-09-22T12:02:51.000,Compliance,1235,WEBSTER AVENUE,10456,Bronx,Failed for Other Reason,2024270047,2,2427,47,40.832676452464,-73.90940868017,"{'latitude': '40.832676452464', 'longitude': '-73.90940868017', 'human_address': '{""address"": """", ""city"": """", ""state"": """", ""zip"": """"}'}",4,16,17701,2113094,Concourse-Concourse Village,Summons Issued,Harborage,,
PC8747184,2026-09-22T12:05:33.000,Compliance,2366,UNIVERSITY AVENUE,10468,Bronx,Failed for Rat Activity,2032120062,2,3212,62,40.861792433758,-73.905778904121,"{'latitude': '40.861792433758', 'longitude': '-73.905778904121', 'human_address': '{""address"": """", ""city"": """", ""state"": """", ""zip"": """"}'}",7,14,253,2014613,University Heights (North)-Fordham,Summons Issued,Droppings,,
PC8767572,2026-09-22T12:06:55.000,Initial,263,TOMPKINS AVENUE,11216,Brooklyn,Failed for Rat Activity and Other Reason,3018000003,3,1800,3,40.688986225925,-73.945025039843,"{'latitude': '40.688986225925', 'longitude': '-73.945025039843', 'human_address': '{""address"": """", ""city"": """", ""state"": """", ""zip"": """"}'}",3,36,263,3050453,Bedford-Stuyvesant (West),City Agency Referral,"Droppings, Harborage",999835,190123
PC8779097,2026-09-22T12:08:00.000,Initial,504,EAST   88 STREET,10128,Manhattan,Failed for Rat Activity,1015840048,1,1584,48,40.77704412947,-73.945764457317,"{'latitude': '40.77704412947', 'longitude': '-73.945764457317', 'human_address': '{""address"": """", ""city"": """", ""state"": """", ""zip"": """"}'}",8,5,14402,1051337,Upper East Side-Yorkville,,Droppings,999271,222382
PC8683757,2026-09-22T12:08:20.000,Treatments,1229,FRANKLIN AVENUE,10456,Bronx,Bait applied,2026120058,2,2612,58,40.830552482562,-73.903239614736,"{'latitude': '40.830552482562', 'longitude': '-73.903239614736', 'human_address': '{""address"": """", ""city"": """", ""state"": """", ""zip"": """"}'}",3,17,149,2004257,Morrisania,,,1011024,241884
PC8753590,2026-09-22T12:09:11.000,Compliance,615,SENECA AVENUE,11385,Queens,Failed for Rat Activity,4034390001,4,3439,1,40.70396947785,-73.909645572908,"{'latitude': '40.70396947785', 'longitude': '-73.909645572908', 'human_address': '{""address"": """", ""city"": """", ""state"": """", ""zip"": """"}'}",5,34,547,4082124,Ridgewood,Summons Issued,Droppings,,
PC8676217,2026-09-22T12:10:10.000,Compliance,983,SUMMIT AVENUE,10452,Bronx,Failed for Rat Activity and Other Reason,2025230166,2,2523,166,40.832762485598,-73.930458275434,"{'latitude': '40.832762485598', 'longitude': '-73.930458275434', 'human_address': '{""address"": """", ""city"": """", ""state"": """", ""zip"": """"}'}",4,16,189,2003434,Highbridge,Summons Issued,"Runways, Harborage",,
PC8744041,2026-09-22T12:10:46.000,Treatments,393,Sumpter St,11233,Brooklyn,Bait applied,3015220048,3,1522,48,40.681206871416,-73.909402519662,"{'latitude': '40.681206871416', 'longitude': '-73.909402519662', 'human_address': '{""address"": """", ""city"": """", ""state"": """", ""zip"": """"}'}",16,37,369,3041405,Ocean Hill,,,,
PC8756737,2026-09-22T12:10:51.000,Compliance,391,EAST 168 STREET,10456,Bronx,Failed for Rat Activity and Other Reason,2024270001,2,2427,1,40.832405177947,-73.909987237441,"{'latitude': '40.832405177947', 'longitude': '-73.909987237441', 'human_address': '{""address"": """", ""city"": """", ""state"": """", ""zip"": """"}'}",4,16,17701,2002089,Concourse-Concourse Village,Summons Issued,"Droppings, Harborage",,
PC8777270,2026-09-22T12:11:00.000,Initial,1680,MADISON AVENUE,10029,Manhattan,Failed for Other Reason,1016170007,1,1617,7,40.797075898041,-73.94697967718,"{'latitude': '40.797075898041', 'longitude': '-73.94697967718', 'human_address': '{""address"": """", ""city"": """", ""state"": """", ""zip"": """"}'}",11,9,17402,1051628,East Harlem (South),COTA,"Harborage, Mice",998930,229680
PC8777751,2026-09-22T12:11:00.000,Initial,656,6 AVENUE,11215,Brooklyn,Failed for Other Reason,3008850041,3,885,41,40.661002272108,-73.990199792806,"{'latitude': '40.661002272108', 'longitude': '-73.990199792806', 'human_address': '{""address"": """", ""city"": """", ""state"": """", ""zip"": """"}'}",7,39,143,3017158,Sunset Park (West),COTA,Harborage,986969,180100
PC8747101,2026-09-22T12:13:51.000,Compliance,2352,UNIVERSITY AVENUE,10468,Bronx,Failed for Rat Activity,2032120055,2,3212,55,40.861583988397,-73.905967193957,"{'latitude': '40.861583988397', 'longitude': '-73.905967193957', 'human_address': '{""address"": """", ""city"": """", ""state"": """", ""zip"": """"}'}",7,14,253,2014610,University Heights (North)-Fordham,Summons Issued,Droppings,,
PC8778219,2026-09-22T12:16:37.000,Initial,247,WADSWORTH AVENUE,10033,Manhattan,Failed for Rat Activity and Other Reason,1021660033,1,2166,33,40.852545289972,-73.932964231689,"{'latitude': '40.852545289972', 'longitude': '-73.932964231689', 'human_address': '{""address"": """", ""city"": """", ""state"": """", ""zip"": """"}'}",12,10,271,1063968,Washington Heights (North),COTA,"Droppings, Burrows, Mice",1002795,249892
PC8718722,2026-09-22T12:17:25.000,Compliance,611,EAST 183 STREET,10458,Bronx,Failed for Rat Activity and Other Reason,2030720005,2,3072,5,40.852941946087,-73.888780306143,"{'latitude': '40.852941946087', 'longitude': '-73.888780306143', 'human_address': '{""address"": """", ""city"": """", ""state"": """", ""zip"": """"}'}",6,15,391,2012105,Belmont,Summons Issued,"Burrows, Harborage",,
PC8601907,2026-09-22T12:17:27.000,Compliance,1260,PRESIDENT STREET,11225,Brooklyn,Failed for Rat Activity,3012837501,3,1283,7501,40.667924322645,-73.948265084726,"{'latitude': '40.667924322645', 'longitude': '-73.948265084726', 'human_address': '{""address"": """", ""city"": """", ""state"": """", ""zip"": """"}'}",9,35,319,3033569,Crown Heights (South),Summons Issued,"Droppings, Burrows",998602,182626
PC8680651,2026-09-22T12:17:43.000,Treatments,244,FIELDSTON TERRACE,10471,Bronx,Bait applied,2058271620,2,5827,1620,40.89567222783,-73.898058785763,"{'latitude': '40.89567222783', 'longitude': '-73.898058785763', 'human_address': '{""address"": """", ""city"": """", ""state"": """", ""zip"": """"}'}",8,11,351,2084561,Riverdale-Spuyten Duyvil,,,1012414,265624
PC8777563,2026-09-22T12:18:10.000,Initial,2096,MADISON AVENUE,10037,Manhattan,Failed for Rat Activity,1017560059,1,1756,59,40.810018121217,-73.937530010684,"{'latitude': '40.810018121217', 'longitude': '-73.937530010684', 'human_address': '{""address"": """", ""city"": """", ""state"": """", ""zip"": """"}'}",11,9,206,1054334,East Harlem (North),,Burrows,,
PC8697023,2026-09-22T12:19:32.000,Compliance,72,WEST 116 STREET,10026,Manhattan,Failed for Rat Activity,1015990070,1,1599,70,40.801723675384,-73.949005900469,"{'latitude': '40.801723675384', 'longitude': '-73.949005900469', 'human_address': '{""address"": """", ""city"": """", ""state"": """", ""zip"": """"}'}",10,9,190,1051424,Harlem (South),Summons Issued,Burrows,,
PC8675720,2026-09-22T12:21:10.000,Compliance,949,OGDEN AVENUE,10452,Bronx,Failed for Rat Activity and Other Reason,2025240016,2,2524,16,40.831507978197,-73.930192184119,"{'latitude': '40.831507978197', 'longitude': '-73.930192184119', 'human_address': '{""address"": """", ""city"": """", ""state"": """", ""zip"": """"}'}",4,16,189,2003441,Highbridge,Summons Issued,"Burrows, Harborage, Animal Nuisance",,
PC8655944,2026-09-22T12:21:26.000,Compliance,2348,UNIVERSITY AVENUE,10468,Bronx,Failed for Rat Activity,2032120053,2,3212,53,40.861526393464,-73.906021504519,"{'latitude': '40.861526393464', 'longitude': '-73.906021504519', 'human_address': '{""address"": """", ""city"": """", ""state"": """", ""zip"": """"}'}",7,14,253,2014609,University Heights (North)-Fordham,Summons Issued,"Droppings, Burrows, Runways",,
PC8779040,2026-09-22T12:23:06.000,Initial,327,EAST 89 STREET,10128,Manhattan,Failed for Rat Activity,1015520018,1,1552,18,40.779474956994,-73.949535735576,"{'latitude': '40.779474956994', 'longitude': '-73.949535735576', 'human_address': '{""address"": """", ""city"": """", ""state"": """", ""zip"": """"}'}",8,5,15401,1050114,Upper East Side-Yorkville,,"Droppings, Burrows",998226,223267
PC8774736,2026-09-22T12:23:58.000,Initial,672,OAKLAND PLACE,10457,Bronx,Failed for Other Reason,2030800064,2,3080,64,40.847659563369,-73.89006147584,"{'latitude': '40.847659563369', 'longitude': '-73.89006147584', 'human_address': '{""address"": """", ""city"": """", ""state"": """", ""zip"": """"}'}",6,15,373,2012329,Tremont,COTA,"Garbage, Harborage",,
PC8663865,2026-09-22T12:25:00.000,Compliance,249,VERNON AVENUE,11206,Brooklyn,Failed for Rat Activity and Other Reason,3017570051,3,1757,51,40.69548421188,-73.941709156297,"{'latitude': '40.69548421188', 'longitude': '-73.941709156297', 'human_address': '{""address"": """", ""city"": """", ""state"": """", ""zip"": """"}'}",3,36,283,3048720,Bedford-Stuyvesant (East),Summons Issued,"Droppings, Burrows, Runways, Harborage",,
PC8749362,2026-09-22T12:26:00.000,Compliance,184,DUANE STREET,10013,Manhattan,Failed for Rat Activity,1001417502,1,141,7502,40.717396350423,-74.010245027189,"{'latitude': '40.717396350423', 'longitude': '-74.010245027189', 'human_address': '{""address"": """", ""city"": """", ""state"": """", ""zip"": """"}'}",1,1,39,1075718,Tribeca-Civic Center,Summons Issued,Droppings,,
PC8780039,2026-09-22T12:26:30.000,Initial,325,EAST   89 STREET,10128,Manhattan,Failed for Rat Activity and Other Reason,1015520017,1,1552,17,40.779488696627,-73.949571832937,"{'latitude': '40.779488696627', 'longitude': '-73.949571832937', 'human_address': '{""address"": """", ""city"": """", ""state"": """", ""zip"": """"}'}",8,5,15401,1050113,Upper East Side-Yorkville,,"Droppings, Rats, Garbage",998216,223272
PC8752229,2026-09-22T12:26:43.000,Compliance,18-75,MENAHAN STREET,11385,Queens,Failed for Rat Activity,4034060052,4,3406,52,40.706030420466,-73.909163065833,"{'latitude': '40.706030420466', 'longitude': '-73.909163065833', 'human_address': '{""address"": """", ""city"": """", ""state"": """", ""zip"": """"}'}",5,34,591,4081409,Ridgewood,,Droppings,,
PC8780038,2026-09-22T12:27:30.000,Initial,323A,EAST   89 STREET,10128,Manhattan,Failed for Rat Activity and Other Reason,1015520016,1,1552,16,40.779502434664,-73.949604319532,"{'latitude': '40.779502434664', 'longitude': '-73.949604319532', 'human_address': '{""address"": """", ""city"": """", ""state"": """", ""zip"": """"}'}",8,5,15401,1050112,Upper East Side-Yorkville,,"Burrows, Garbage",998207,223277
PC8741062,2026-09-22T12:28:37.000,Treatments,333,EAST   23 STREET,10010,Manhattan,Bait applied,1009290001,1,929,1,40.737481252181,-73.979943981619,"{'latitude': '40.737481252181', 'longitude': '-73.979943981619', 'human_address': '{""address"": """", ""city"": """", ""state"": """", ""zip"": """"}'}",6,2,64,1084711,Gramercy,,,989808,207964
PC8756717,2026-09-22T12:28:51.000,Compliance,1264,CLAY AVENUE,10456,Bronx,Failed for Rat Activity and Other Reason,2024270016,2,2427,16,40.833717043235,-73.909833678804,"{'latitude': '40.833717043235', 'longitude': '-73.909833678804', 'human_address': '{""address"": """", ""city"": """", ""state"": """", ""zip"": """"}'}",4,16,17701,2002099,Concourse-Concourse Village,Summons Issued,"Burrows, Harborage",,
PC8729012,2026-09-22T12:29:40.000,Compliance,211,HALSEY STREET,11216,Brooklyn,Failed for Rat Activity and Other Reason,3018390053,3,1839,53,40.682382205057,-73.944832202462,"{'latitude': '40.682382205057', 'longitude': '-73.944832202462', 'human_address': '{""address"": """", ""city"": """", ""state"": """", ""zip"": """"}'}",3,36,267,3052771,Bedford-Stuyvesant (West),Summons Issued,"Burrows, Harborage",,
PC8667064,2026-09-22T12:30:26.000,Treatments,5804,TYNDALL AVENUE,10471,Bronx,Bait applied,2058600230,2,5860,230,40.905355864218,-73.901520434631,"{'latitude': '40.905355864218', 'longitude': '-73.901520434631', 'human_address': '{""address"": """", ""city"": """", ""state"": """", ""zip"": """"}'}",8,11,337,2085037,Riverdale-Spuyten Duyvil,,,1011472,269141
PC8780040,2026-09-22T12:30:30.000,Initial,329,EAST   89 STREET,10128,Manhattan,Failed for Rat Activity,1015520019,1,1552,19,40.779461218938,-73.949503249009,"{'latitude': '40.779461218938', 'longitude': '-73.949503249009', 'human_address': '{""address"": """", ""city"": """", ""state"": """", ""zip"": """"}'}",8,5,15401,1050115,Upper East Side-Yorkville,,Droppings,998235,223262
PC8779570,2026-09-22T12:31:46.000,Initial,121,SAINT NICHOLAS AVENUE,11237,Brooklyn,Failed for Rat Activity,3032500009,3,3250,9,40.705364591148,-73.917971665242,"{'latitude': '40.705364591148', 'longitude': '-73.917971665242', 'human_address': '{""address"": """", ""city"": """", ""state"": """", ""zip"": """"}'}",4,37,445,3073968,Bushwick (West),,Droppings,1006993,196273
PC8769373,2026-09-22T12:33:00.000,Initial,108,CHARLES STREET,10014,Manhattan,Failed for Rat Activity and Other Reason,1006200012,1,620,12,40.734515779182,-74.005589309873,"{'latitude': '40.734515779182', 'longitude': '-74.005589309873', 'human_address': '{""address"": """", ""city"": """", ""state"": """", ""zip"": """"}'}",2,3,73,1011186,West Village,COTA,"Droppings, Burrows, Harborage",982701,206883
PC8753235,2026-09-22T12:34:56.000,Compliance,1818,GROVE STREET,11385,Queens,Failed for Rat Activity and Other Reason,4034390021,4,3439,21,40.704477174856,-73.909536681006,"{'latitude': '40.704477174856', 'longitude': '-73.909536681006', 'human_address': '{""address"": """", ""city"": """", ""state"": """", ""zip"": """"}'}",5,34,547,4000000,Ridgewood,,"Burrows, Harborage",,
PC8779255,2026-09-22T12:37:00.000,Initial,193,PULASKI STREET,11206,Brooklyn,Failed for Rat Activity and Other Reason,3017720056,3,1772,56,40.69300394156,-73.943719919545,"{'latitude': '40.69300394156', 'longitude': '-73.943719919545', 'human_address': '{""address"": """", ""city"": """", ""state"": """", ""zip"": """"}'}",3,36,261,3049390,Bedford-Stuyvesant (West),,"Droppings, Burrows, Runways, Harborage",999857,191764
PC8768782,2026-09-22T12:37:06.000,Compliance,333,EAST 92 STREET,10128,Manhattan,Failed for Rat Activity,1015550019,1,1555,19,40.781310537949,-73.9480574889,"{'latitude': '40.781310537949', 'longitude': '-73.9480574889', 'human_address': '{""address"": """", ""city"": """", ""state"": """", ""zip"": """"}'}",8,5,15402,1050255,Upper East Side-Yorkville,Summons Issued,"Droppings, Burrows",998635,223936
PC8756739,2026-09-22T12:38:51.000,Compliance,1272,CLAY AVENUE,10456,Bronx,Failed for Rat Activity and Other Reason,2024270019,2,2427,19,40.83383775491,-73.90976123971,"{'latitude': '40.83383775491', 'longitude': '-73.90976123971', 'human_address': '{""address"": """", ""city"": """", ""state"": """", ""zip"": """"}'}",4,16,17701,2002101,Concourse-Concourse Village,Summons Issued,"Burrows, Harborage",,
PC8760296,2026-09-22T12:40:25.000,Compliance,4636,3 AVENUE,10458,Bronx,Failed for Other Reason,2030550056,2,3055,56,40.85637223305,-73.89098691169,"{'latitude': '40.85637223305', 'longitude': '-73.89098691169', 'human_address': '{""address"": """", ""city"": """", ""state"": """", ""zip"": """"}'}",6,15,387,2011702,Belmont,Summons Issued,Animal Nuisance,,
PC8780016,2026-09-22T12:40:36.000,Initial,,,10463,Bronx,Failed for Other Reason,,2,5740,327,,,,,,,,,,Harborage,,
PC8654693,2026-09-22T12:41:27.000,Compliance,1240,UNION STREET,11225,Brooklyn,Failed for Rat Activity,3012760016,3,1276,16,40.668893875468,-73.949717052582,"{'latitude': '40.668893875468', 'longitude': '-73.949717052582', 'human_address': '{""address"": """", ""city"": """", ""state"": """", ""zip"": """"}'}",9,35,319,3033240,Crown Heights (South),Summons Issued,"Droppings, Burrows, Runways",998199,182979
PC8756901,2026-09-22T12:42:00.000,Compliance,960,GRAND CONCOURSE,10451,Bronx,Failed for Other Reason,2024610058,2,2461,58,40.82929823514,-73.9213450609,"{'latitude': '40.82929823514', 'longitude': '-73.9213450609', 'human_address': '{""address"": """", ""city"": """", ""state"": """", ""zip"": """"}'}",4,16,18301,2002815,Concourse-Concourse Village,Summons Issued,Harborage,,
PC8767203,2026-09-22T12:43:46.000,Compliance,160,BENNETT AVENUE,10040,Manhattan,Failed for Rat Activity and Other Reason,1021800340,1,2180,340,40.855403350247,-73.934338624098,"{'latitude': '40.855403350247', 'longitude': '-73.934338624098', 'human_address': '{""address"": """", ""city"": """", ""state"": """", ""zip"": """"}'}",12,10,281,1079996,Washington Heights (North),Summons Issued,"Burrows, Mice",,
PC8650392,2026-09-22T12:45:02.000,Treatments,170,WEST  233 STREET,10463,Bronx,Bait applied,2032670110,2,3267,110,40.880292111291,-73.902736609583,"{'latitude': '40.880292111291', 'longitude': '-73.902736609583', 'human_address': '{""address"": """", ""city"": """", ""state"": """", ""zip"": """"}'}",8,11,283,2016171,Kingsbridge-Marble Hill,,,1011115,260026
PC8757132,2026-09-22T12:46:00.000,Compliance,1276,CLAY AVENUE,10456,Bronx,Failed for Rat Activity,2024270021,2,2427,21,40.833898113569,-73.909728633806,"{'latitude': '40.833898113569', 'longitude': '-73.909728633806', 'human_address': '{""address"": """", ""city"": """", ""state"": """", ""zip"": """"}'}",4,16,17701,2002102,Concourse-Concourse Village,Summons Issued,Burrows,,
PC8780573,2026-09-22T12:48:18.000,Initial,1096,WOODYCREST AVENUE,10452,Bronx,Failed for Rat Activity and Other Reason,2025090115,2,2509,115,40.834673048654,-73.926412441435,"{'latitude': '40.834673048654', 'longitude': '-73.926412441435', 'human_address': '{""address"": """", ""city"": """", ""state"": """", ""zip"": """"}'}",4,16,193,2099370,Highbridge,,"Droppings, Burrows, Runways, Harborage",,
PC8757117,2026-09-22T12:50:00.000,Compliance,1011,SHERIDAN AVENUE,10456,Bronx,Failed for Rat Activity,2024610130,2,2461,130,40.829406738003,-73.919487592305,"{'latitude': '40.829406738003', 'longitude': '-73.919487592305', 'human_address': '{""address"": """", ""city"": """", ""state"": """", ""zip"": """"}'}",4,16,18301,2002825,Concourse-Concourse Village,Summons Issued,Burrows,,
PC8760437,2026-09-22T12:51:37.000,Compliance,518,EAST 187 STREET,10458,Bronx,Failed for Rat Activity,2030550058,2,3055,58,40.856983654049,-73.890299054331,"{'latitude': '40.856983654049', 'longitude': '-73.890299054331', 'human_address': '{""address"": """", ""city"": """", ""state"": """", ""zip"": """"}'}",6,15,387,2011704,Belmont,Summons Issued,Droppings,,
PC8774785,2026-09-22T12:51:55.000,Initial,2005,CROTONA AVENUE,10457,Bronx,Failed for Other Reason,2030800070,2,3080,70,40.846907326854,-73.889874772097,"{'latitude': '40.846907326854', 'longitude': '-73.889874772097', 'human_address': '{""address"": """", ""city"": """", ""state"": """", ""zip"": """"}'}",6,15,373,2012333,Tremont,COTA,Harborage,,
PC8744787,2026-09-22T12:52:46.000,Compliance,263,STOCKHOLM STREET,11237,Brooklyn,Failed for Rat Activity,3032470039,3,3247,39,40.701740591107,-73.920590893956,"{'latitude': '40.701740591107', 'longitude': '-73.920590893956', 'human_address': '{""address"": """", ""city"": """", ""state"": """", ""zip"": """"}'}",4,37,429,3073885,Bushwick (West),Summons Issued,Burrows,,
PC8689780,2026-09-22T12:54:55.000,Compliance,382,BLEECKER STREET,10014,Manhattan,Failed for Rat Activity,1006217503,1,621,7503,40.735147106492,-74.004900164622,"{'latitude': '40.735147106492', 'longitude': '-74.004900164622', 'human_address': '{""address"": """", ""city"": """", ""state"": """", ""zip"": """"}'}",2,3,73,1011232,West Village,Summons Issued,Droppings,,
PC8753359,2026-09-22T12:56:01.000,Compliance,1812,GROVE STREET,11385,Queens,Failed for Rat Activity,4034390016,4,3439,16,40.704400381048,-73.909612526317,"{'latitude': '40.704400381048', 'longitude': '-73.909612526317', 'human_address': '{""address"": """", ""city"": """", ""state"": """", ""zip"": """"}'}",5,34,547,4082132,Ridgewood,Summons Issued,Droppings,,
PC8706061,2026-09-22T12:58:00.000,Treatments,1054,PARK PLACE,11213,Brooklyn,Bait applied,3012430027,3,1243,27,40.673005054743,-73.942803167015,"{'latitude': '40.673005054743', 'longitude': '-73.942803167015', 'human_address': '{""address"": """", ""city"": """", ""state"": """", ""zip"": """"}'}",8,36,341,3031649,Crown Heights (North),,,,
PC8775897,2026-09-22T13:00:00.000,Initial,452,WILLOUGHBY AVENUE,11206,Brooklyn,Failed for Rat Activity and Other Reason,3017660012,3,1766,12,40.693597599364,-73.951443708377,"{'latitude': '40.693597599364', 'longitude': '-73.951443708377', 'human_address': '{""address"": """", ""city"": """", ""state"": """", ""zip"": """"}'}",3,36,253,3259358,Bedford-Stuyvesant (West),COTA,"Droppings, Runways, Harborage",997736,191983
PC8760060,2026-09-22T13:00:37.000,Compliance,2389,HOFFMAN STREET,10458,Bronx,Failed for Other Reason,2030540026,2,3054,26,40.855609861768,-73.888815591871,"{'latitude': '40.855609861768', 'longitude': '-73.888815591871', 'human_address': '{""address"": """", ""city"": """", ""state"": """", ""zip"": """"}'}",6,15,387,2011665,Belmont,Summons Issued,Harborage,,
PC8745424,2026-09-22T13:02:46.000,Compliance,259,STOCKHOLM STREET,11237,Brooklyn,Failed for Rat Activity,3032470041,3,3247,41,40.701672016795,-73.920655893876,"{'latitude': '40.701672016795', 'longitude': '-73.920655893876', 'human_address': '{""address"": """", ""city"": """", ""state"": """", ""zip"": """"}'}",4,37,429,3073887,Bushwick (West),Summons Issued,Burrows,,
PC8768661,2026-09-22T13:06:36.000,Initial,153,LEFFERTS PLACE,11238,Brooklyn,Failed for Other Reason,3020160079,3,2016,79,40.680595230002,-73.957409342896,"{'latitude': '40.680595230002', 'longitude': '-73.957409342896', 'human_address': '{""address"": """", ""city"": """", ""state"": """", ""zip"": """"}'}",3,36,227,3057736,Bedford-Stuyvesant (West),,Harborage,996063,187241
PC8747874,2026-09-22T13:14:32.000,Compliance,15,WEST  123 STREET,10027,Manhattan,Failed for Rat Activity and Other Reason,1017210045,1,1721,45,40.805948827812,-73.945188144148,"{'latitude': '40.805948827812', 'longitude': '-73.945188144148', 'human_address': '{""address"": """", ""city"": """", ""state"": """", ""zip"": """"}'}",10,9,200,1053424,Harlem (South),,"Droppings, Harborage",999424,232913
PC8706556,2026-09-22T13:21:00.000,Treatments,1509,PACIFIC STREET,11213,Brooklyn,Bait applied,3012040077,3,1204,77,40.677173423465,-73.940935679198,"{'latitude': '40.677173423465', 'longitude': '-73.940935679198', 'human_address': '{""address"": """", ""city"": """", ""state"": """", ""zip"": """"}'}",8,36,311,3029950,Crown Heights (North),,,1000633,185997
PC8718975,2026-09-22T13:26:37.000,Compliance,2481,HUGHES AVENUE,10458,Bronx,Failed for Rat Activity,2030770045,2,3077,45,40.856855440624,-73.885480471402,"{'latitude': '40.856855440624', 'longitude': '-73.885480471402', 'human_address': '{""address"": """", ""city"": """", ""state"": """", ""zip"": """"}'}",6,15,389,2116350,Belmont,Summons Issued,Burrows,,
PC8714490,2026-09-22T13:29:00.000,Compliance,923,BEDFORD AVENUE,11205,Brooklyn,Failed for Rat Activity,3017620024,3,1762,24,40.692229667181,-73.955663772375,"{'latitude': '40.692229667181', 'longitude': '-73.955663772375', 'human_address': '{""address"": """", ""city"": """", ""state"": """", ""zip"": """"}'}",3,33,241,3048950,Bedford-Stuyvesant (West),Summons Issued,"Droppings, Runways, Gnawing",,
PC8712342,2026-09-22T13:37:37.000,Compliance,2503,HUGHES AVENUE,10458,Bronx,Failed for Rat Activity,2030780026,2,3078,26,40.857765924274,-73.884712507011,"{'latitude': '40.857765924274', 'longitude': '-73.884712507011', 'human_address': '{""address"": """", ""city"": """", ""state"": """", ""zip"": """"}'}",6,15,389,2012268,Belmont,Summons Issued,Burrows,,
PC8779163,2026-09-22T13:38:00.000,Initial,590,DEKALB AVENUE,11205,Brooklyn,Failed for Rat Activity and Other Reason,3017780049,3,1778,49,40.691193749243,-73.952812132635,"{'latitude': '40.691193749243', 'longitude': '-73.952812132635', 'human_address': '{""address"": """", ""city"": """", ""state"": """", ""zip"": """"}'}",3,36,241,3049616,Bedford-Stuyvesant (West),,"Droppings, Burrows, Runways, Mice",997336,191103
PC8309674,2026-09-22T13:43:00.000,Treatments,1647,PARK PLACE,11233,Brooklyn,Bait applied,3013690053,3,1369,53,40.67192557395,-73.922749836614,"{'latitude': '40.67192557395', 'longitude': '-73.922749836614', 'human_address': '{""address"": """", ""city"": """", ""state"": """", ""zip"": """"}'}",8,41,359,3036360,Crown Heights (North),,,,
PC8776129,2026-09-22T13:57:32.000,Initial,15,WEST  126 STREET,10027,Manhattan,Failed for Rat Activity and Other Reason,1017240028,1,1724,28,40.807421467366,-73.942549945784,"{'latitude': '40.807421467366', 'longitude': '-73.942549945784', 'human_address': '{""address"": """", ""city"": """", ""state"": """", ""zip"": """"}'}",10,9,208,1053563,Harlem (North),,"Droppings, Harborage",1000154,233450
PC8745040,2026-09-22T14:08:46.000,Compliance,253,STOCKHOLM STREET,11237,Brooklyn,Failed for Rat Activity,3032470044,3,3247,44,40.701567787859,-73.920760608228,"{'latitude': '40.701567787859', 'longitude': '-73.920760608228', 'human_address': '{""address"": """", ""city"": """", ""state"": """", ""zip"": """"}'}",4,37,429,3073890,Bushwick (West),Summons Issued,"Droppings, Burrows",,
PC8780024,2026-09-22T14:09:15.000,Initial,,,11216,Brooklyn,Failed for Rat Activity and Other Reason,,3,1241,67,,,,,,,,,,"Burrows, Harborage",,
PC8676882,2026-09-22T14:10:10.000,Compliance,963,ANDERSON AVENUE,10452,Bronx,Failed for Rat Activity,2025070029,2,2507,29,40.831399479884,-73.927839838307,"{'latitude': '40.831399479884', 'longitude': '-73.927839838307', 'human_address': '{""address"": """", ""city"": """", ""state"": """", ""zip"": """"}'}",4,16,189,2003124,Highbridge,Summons Issued,Burrows,,
PC8675757,2026-09-22T14:18:10.000,Compliance,953,ANDERSON AVENUE,10452,Bronx,Failed for Rat Activity and Other Reason,2025070034,2,2507,34,40.831240359915,-73.927959260389,"{'latitude': '40.831240359915', 'longitude': '-73.927959260389', 'human_address': '{""address"": """", ""city"": """", ""state"": """", ""zip"": """"}'}",4,16,189,2091250,Highbridge,Summons Issued,"Droppings, Burrows, Runways, Garbage, Harborage",,
PC8746081,2026-09-22T14:25:46.000,Compliance,251,STOCKHOLM STREET,11237,Brooklyn,Failed for Rat Activity,3032470045,3,3247,45,40.701532128274,-73.920793109669,"{'latitude': '40.701532128274', 'longitude': '-73.920793109669', 'human_address': '{""address"": """", ""city"": """", ""state"": """", ""zip"": """"}'}",4,37,429,3073891,Bushwick (West),Summons Issued,"Droppings, Burrows",,
PC8650671,2026-09-22T14:38:26.000,Compliance,325,STOCKHOLM STREET,11237,Brooklyn,Failed for Rat Activity,3032480040,3,3248,40,40.703375351223,-73.91898398266,"{'latitude': '40.703375351223', 'longitude': '-73.91898398266', 'human_address': '{""address"": """", ""city"": """", ""state"": """", ""zip"": """"}'}",4,37,445,3325548,Bushwick (West),Summons Issued,"Droppings, Burrows, Runways",,
PC8749116,2026-09-23T08:22:00.000,Compliance,34-49,72 STREET,11372,Queens,Failed for Rat Activity,4012590047,4,1259,47,40.751311615186,-73.894057729193,"{'latitude': '40.751311615186', 'longitude': '-73.894057729193', 'human_address': '{""address"": """", ""city"": """", ""state"": """", ""zip"": """"}'}",3,25,291,4028912,Jackson Heights,,"Droppings, Burrows",1013603,213020
PC8706821,2026-09-23T08:31:03.000,Treatments,860,ATLANTIC AVENUE,11238,Brooklyn,Bait applied,3011220012,3,1122,12,40.681506727334,-73.966361104104,"{'latitude': '40.681506727334', 'longitude': '-73.966361104104', 'human_address': '{""address"": """", ""city"": """", ""state"": """", ""zip"": """"}'}",8,35,203,3027469,Prospect Heights,,,,
PC8678468,2026-09-23T08:34:04.000,Compliance,401,MADISON STREET,11221,Brooklyn,Failed for Other Reason,3018200056,3,1820,56,40.685655548611,-73.942446128806,"{'latitude': '40.685655548611', 'longitude': '-73.942446128806', 'human_address': '{""address"": """", ""city"": """", ""state"": """", ""zip"": """"}'}",3,36,265,3051517,Bedford-Stuyvesant (West),Summons Issued,Harborage,,
PC8699296,2026-09-23T08:41:00.000,Treatments,1002,HALSEY STREET,11207,Brooklyn,Bait applied,3034080023,3,3408,23,40.686423125498,-73.91451192711,"{'latitude': '40.686423125498', 'longitude': '-73.91451192711', 'human_address': '{""address"": """", ""city"": """", ""state"": """", ""zip"": """"}'}",4,37,401,3078720,Bushwick (East),,,,
PC8679119,2026-09-23T08:42:00.000,Compliance,411,MADISON STREET,11221,Brooklyn,Failed for Rat Activity,3018200051,3,1820,51,40.685688338885,-73.942154040093,"{'latitude': '40.685688338885', 'longitude': '-73.942154040093', 'human_address': '{""address"": """", ""city"": """", ""state"": """", ""zip"": """"}'}",3,36,265,3051512,Bedford-Stuyvesant (West),Summons Issued,Burrows,,
PC8754193,2026-09-23T08:45:00.000,Compliance,70-19,37 AVENUE,11372,Queens,Failed for Rat Activity,4012700062,4,1270,62,40.748617213653,-73.895097843329,"{'latitude': '40.748617213653', 'longitude': '-73.895097843329', 'human_address': '{""address"": """", ""city"": """", ""state"": """", ""zip"": """"}'}",3,25,291,4029262,Jackson Heights,,Burrows,1013316,212038
PC8708547,2026-09-23T08:50:14.000,Treatments,936,ATLANTIC AVENUE,11238,Brooklyn,Bait applied,3011240017,3,1124,17,40.680899242423,-73.963455441336,"{'latitude': '40.680899242423', 'longitude': '-73.963455441336', 'human_address': '{""address"": """", ""city"": """", ""state"": """", ""zip"": """"}'}",8,35,203,3027505,Prospect Heights,,,,
PC8678381,2026-09-23T08:53:20.000,Compliance,406,MADISON STREET,11221,Brooklyn,Failed for Rat Activity,3018250032,3,1825,32,40.685658204541,-73.94226944813,"{'latitude': '40.685658204541', 'longitude': '-73.94226944813', 'human_address': '{""address"": """", ""city"": """", ""state"": """", ""zip"": """"}'}",3,36,267,3051738,Bedford-Stuyvesant (West),Summons Issued,Burrows,,
PC8705623,2026-09-23T08:57:00.000,Treatments,857,HALSEY STREET,11233,Brooklyn,Bait applied,3014910044,3,1491,44,40.685394095408,-73.918641740874,"{'latitude': '40.685394095408', 'longitude': '-73.918641740874', 'human_address': '{""address"": """", ""city"": """", ""state"": """", ""zip"": """"}'}",3,41,377,3039962,Bedford-Stuyvesant (East),,,,
PC8736880,2026-09-23T09:00:01.000,Treatments,351,HOWARD AVENUE,11233,Brooklyn,Bait applied,3014390004,3,1439,4,40.675496929476,-73.919346046053,"{'latitude': '40.675496929476', 'longitude': '-73.919346046053', 'human_address': '{""address"": """", ""city"": """", ""state"": """", ""zip"": """"}'}",16,41,303,3038672,Ocean Hill,,,1006622,185391
PC8588754,2026-09-23T09:00:33.000,Treatments,2840,Randall Avenue,10465,Bronx,Bait applied,2055620190,2,5562,190,40.825190850633,-73.823740941671,"{'latitude': '40.825190850633', 'longitude': '-73.823740941671', 'human_address': '{""address"": """", ""city"": """", ""state"": """", ""zip"": """"}'}",10,13,152,2080413,Throgs Neck-Schuylerville,,,,
PC8636492,2026-09-23T09:03:29.000,Treatments,336,EAST 167 STREET,10456,Bronx,Bait applied,2024340068,2,2434,68,40.831026718627,-73.912767960436,"{'latitude': '40.831026718627', 'longitude': '-73.912767960436', 'human_address': '{""address"": """", ""city"": """", ""state"": """", ""zip"": """"}'}",4,16,175,2002277,Concourse-Concourse Village,,,,
PC8579438,2026-09-23T09:04:00.000,Compliance,631,PUTNAM AVENUE,11221,Brooklyn,Failed for Rat Activity,3016440049,3,1644,49,40.685600212478,-73.93641748306,"{'latitude': '40.685600212478', 'longitude': '-73.93641748306', 'human_address': '{""address"": """", ""city"": """", ""state"": """", ""zip"": """"}'}",3,36,277,3045094,Bedford-Stuyvesant (East),Summons Issued,Burrows,,
PC8697234,2026-09-23T09:06:00.000,Compliance,35-42,73 STREET,11372,Queens,Failed for Rat Activity and Other Reason,4012720025,4,1272,25,40.750539353391,-73.892997854841,"{'latitude': '40.750539353391', 'longitude': '-73.892997854841', 'human_address': '{""address"": """", ""city"": """", ""state"": """", ""zip"": """"}'}",3,25,291,4029530,Jackson Heights,Summons Issued,"Droppings, Burrows, Harborage",,
PC8708932,2026-09-23T09:08:18.000,Treatments,984,ATLANTIC AVENUE,11238,Brooklyn,Bait applied,3011240037,3,1124,37,40.680511636614,-73.9616421377,"{'latitude': '40.680511636614', 'longitude': '-73.9616421377', 'human_address': '{""address"": """", ""city"": """", ""state"": """", ""zip"": """"}'}",8,35,203,3332190,Prospect Heights,,,,
PC8704446,2026-09-23T09:10:32.000,Treatments,44,West 14 street,10011,Manhattan,Bait applied,1005770018,1,577,18,40.736610065458,-73.995092510478,"{'latitude': '40.736610065458', 'longitude': '-73.995092510478', 'human_address': '{""address"": """", ""city"": """", ""state"": """", ""zip"": """"}'}",2,2,63,1009712,Greenwich Village,,,,
PC8551032,2026-09-23T09:13:00.000,Treatments,828,HALSEY STREET,11233,Brooklyn,Bait applied,3014930029,3,1493,29,40.685085709542,-73.921180496721,"{'latitude': '40.685085709542', 'longitude': '-73.921180496721', 'human_address': '{""address"": """", ""city"": """", ""state"": """", ""zip"": """"}'}",3,41,377,3040016,Bedford-Stuyvesant (East),,,,
PC8779657,2026-09-23T09:15:43.000,Initial,21,NOSTRAND AVENUE,11206,Brooklyn,Failed for Rat Activity and Other Reason,3017190001,3,1719,1,40.699387118268,-73.95335448779,"{'latitude': '40.699387118268', 'longitude': '-73.95335448779', 'human_address': '{""address"": """", ""city"": """", ""state"": """", ""zip"": """"}'}",3,36,255,3325557,Bedford-Stuyvesant (West),,"Burrows, Garbage, Harborage",,
PC8656014,2026-09-23T09:15:50.000,Treatments,1410,PARK CHESTER ROAD,10462,Bronx,Bait applied,2039387501,2,3938,7501,40.835670583101,-73.859833477639,"{'latitude': '40.835670583101', 'longitude': '-73.859833477639', 'human_address': '{""address"": """", ""city"": """", ""state"": """", ""zip"": """"}'}",9,18,212,2096666,Parkchester,,,1023036,243768
PC8730911,2026-09-23T09:18:12.000,Treatments,1118,FINDLAY AVENUE,10456,Bronx,Bait applied,2024340055,2,2434,55,40.83046199861,-73.913690161326,"{'latitude': '40.83046199861', 'longitude': '-73.913690161326', 'human_address': '{""address"": """", ""city"": """", ""state"": """", ""zip"": """"}'}",4,16,175,2002271,Concourse-Concourse Village,,,,
PC8770741,2026-09-23T09:20:00.000,Initial,360,EAST    4 STREET,10009,Manhattan,Failed for Rat Activity,1003730032,1,373,32,40.721432287948,-73.978191917348,"{'latitude': '40.721432287948', 'longitude': '-73.978191917348', 'human_address': '{""address"": """", ""city"": """", ""state"": """", ""zip"": """"}'}",3,2,2601,1004392,East Village,,Droppings,990295,202117
PC8220750,2026-09-23T09:20:01.000,Treatments,1828,EASTERN PARKWAY,11233,Brooklyn,Bait applied,3014420066,3,1442,66,40.674860513394,-73.908855989133,"{'latitude': '40.674860513394', 'longitude': '-73.908855989133', 'human_address': '{""address"": """", ""city"": """", ""state"": """", ""zip"": """"}'}",16,37,36501,3038759,Ocean Hill,,,1009535,185165
PC8713918,2026-09-23T09:21:42.000,Treatments,689,DEKALB AVENUE,11216,Brooklyn,Bait applied,3017750001,3,1775,1,40.691759859122,-73.948051794418,"{'latitude': '40.691759859122', 'longitude': '-73.948051794418', 'human_address': '{""address"": """", ""city"": """", ""state"": """", ""zip"": """"}'}",3,36,261,3322103,Bedford-Stuyvesant (West),,,,
PC8692808,2026-09-23T09:25:32.000,Treatments,14,GAY STREET,10014,Manhattan,Bait applied,1005930048,1,593,48,40.733563481081,-74.000472685015,"{'latitude': '40.733563481081', 'longitude': '-74.000472685015', 'human_address': '{""address"": """", ""city"": """", ""state"": """", ""zip"": """"}'}",2,3,71,1010282,West Village,,,,
PC8668151,2026-09-23T09:26:20.000,Compliance,366,LEWIS AVENUE,11233,Brooklyn,Failed for Rat Activity,3016640050,3,1664,50,40.683038584674,-73.935075068847,"{'latitude': '40.683038584674', 'longitude': '-73.935075068847', 'human_address': '{""address"": """", ""city"": """", ""state"": """", ""zip"": """"}'}",3,36,275,3046379,Bedford-Stuyvesant (East),Summons Issued,Burrows,,
PC8741106,2026-09-23T09:29:00.000,Treatments,729,HALSEY STREET,11233,Brooklyn,Bait applied,3016630056,3,1663,56,40.684818393435,-73.923650674679,"{'latitude': '40.684818393435', 'longitude': '-73.923650674679', 'human_address': '{""address"": """", ""city"": """", ""state"": """", ""zip"": """"}'}",3,41,383,3046321,Bedford-Stuyvesant (East),,,1005425,188786
PC8747331,2026-09-23T09:29:00.000,Compliance,74-05,37 AVENUE,11372,Queens,Failed for Rat Activity and Other Reason,4012740035,4,1274,35,40.748981747053,-73.891585589849,"{'latitude': '40.748981747053', 'longitude': '-73.891585589849', 'human_address': '{""address"": """", ""city"": """", ""state"": """", ""zip"": """"}'}",3,25,289,4029563,Jackson Heights,,"Droppings, Burrows, Garbage",1014289,212172
PC8622558,2026-09-23T09:30:22.000,Treatments,1935,MCGRAW AVENUE,10462,Bronx,Bait applied,2039387501,2,3938,7501,40.834748519827,-73.859972751952,"{'latitude': '40.834748519827', 'longitude': '-73.859972751952', 'human_address': '{""address"": """", ""city"": """", ""state"": """", ""zip"": """"}'}",9,18,212,2096669,Parkchester,,,1022992,243419
PC8780081,2026-09-23T09:30:23.000,Initial,,,10002,Manhattan,Failed for Rat Activity,,1,255,1,,,,,,,,,,Burrows,,
PC8777294,2026-09-23T09:30:23.000,Treatments,1061,JEROME AVENUE,10452,Bronx,Bait applied,2025050036,2,2505,36,40.833450689129,-73.924943013798,"{'latitude': '40.833450689129', 'longitude': '-73.924943013798', 'human_address': '{""address"": """", ""city"": """", ""state"": """", ""zip"": """"}'}",4,16,193,2003064,Highbridge,,,,
PC8539947,2026-09-23T09:30:28.000,Treatments,768,DEAN STREET,11238,Brooklyn,Bait applied,3011390013,3,1139,13,40.679491559327,-73.964689244014,"{'latitude': '40.679491559327', 'longitude': '-73.964689244014', 'human_address': '{""address"": """", ""city"": """", ""state"": """", ""zip"": """"}'}",8,35,203,3027944,Prospect Heights,,,,
PC8717675,2026-09-23T09:33:30.000,Compliance,633,OLMSTEAD AVENUE,10473,Bronx,Failed for Other Reason,2035670001,2,3567,1,40.819325838364,-73.851265589701,"{'latitude': '40.819325838364', 'longitude': '-73.851265589701', 'human_address': '{""address"": """", ""city"": """", ""state"": """", ""zip"": """"}'}",9,18,74,2092669,Castle Hill-Unionport,,"Garbage, Harborage",1025417,237817
PC8668555,2026-09-23T09:34:20.000,Compliance,368,LEWIS AVENUE,11233,Brooklyn,Failed for Rat Activity,3016640051,3,1664,51,40.682980938293,-73.93506430858,"{'latitude': '40.682980938293', 'longitude': '-73.93506430858', 'human_address': '{""address"": """", ""city"": """", ""state"": """", ""zip"": """"}'}",3,36,275,3046380,Bedford-Stuyvesant (East),Summons Issued,"Droppings, Burrows",,
PC8729083,2026-09-23T09:34:37.000,Treatments,321,EAST 166 STREET,10456,Bronx,Bait applied,2024340045,2,2434,45,40.82994612346,-73.913871509654,"{'latitude': '40.82994612346', 'longitude': '-73.913871509654', 'human_address': '{""address"": """", ""city"": """", ""state"": """", ""zip"": """"}'}",4,16,175,2002268,Concourse-Concourse Village,,,,
PC8694560,2026-09-23T09:37:49.000,Compliance,133,AVENUE D,10009,Manhattan,Failed for Rat Activity,1003790037,1,379,37,40.724371397626,-73.975535623511,"{'latitude': '40.724371397626', 'longitude': '-73.975535623511', 'human_address': '{""address"": """", ""city"": """", ""state"": """", ""zip"": """"}'}",3,2,28,1004556,East Village,Summons Issued,Burrows,,
PC8495501,2026-09-23T09:40:01.000,Treatments,54,ROCKAWAY PARKWAY,11212,Brooklyn,Bait applied,3045990032,3,4599,32,40.664954948025,-73.924416037372,"{'latitude': '40.664954948025', 'longitude': '-73.924416037372', 'human_address': '{""address"": """", ""city"": """", ""state"": """", ""zip"": """"}'}",17,41,892,3099541,East Flatbush-Remsen Village,,,1005219,181549
PC8692851,2026-09-23T09:40:32.000,Treatments,39,GROVE STREET,10014,Manhattan,Bait applied,1005880070,1,588,70,40.732759178452,-74.004481432636,"{'latitude': '40.732759178452', 'longitude': '-74.004481432636', 'human_address': '{""address"": """", ""city"": """", ""state"": """", ""zip"": """"}'}",2,3,73,1010049,West Village,,,,
PC8779205,2026-09-23T09:42:00.000,Treatments,227,West 61 street,10023,Manhattan,Bait applied,1011540108,1,1154,108,40.772000420686,-73.987479225728,"{'latitude': '40.772000420686', 'longitude': '-73.987479225728', 'human_address': '{""address"": """", ""city"": """", ""state"": """", ""zip"": """"}'}",7,6,15101,1030328,Upper West Side-Lincoln Square,,,,
PC8773273,2026-09-23T09:42:02.000,Initial,1743,UNDERCLIFF AVENUE,10453,Bronx,Failed for Rat Activity and Other Reason,2028800213,2,2880,213,40.851214237952,-73.920292472781,"{'latitude': '40.851214237952', 'longitude': '-73.920292472781', 'human_address': '{""address"": """", ""city"": """", ""state"": """", ""zip"": """"}'}",5,16,20502,2009210,University Heights (South)-Morris Heights,,"Burrows, Harborage",,
PC8709510,2026-09-23T09:44:00.000,Treatments,760,HALSEY STREET,11233,Brooklyn,Bait applied,3016680042,3,1668,42,40.684769167311,-73.923921153767,"{'latitude': '40.684769167311', 'longitude': '-73.923921153767', 'human_address': '{""address"": """", ""city"": """", ""state"": """", ""zip"": """"}'}",3,41,383,3046663,Bedford-Stuyvesant (East),,,,
PC8668253,2026-09-23T09:45:20.000,Compliance,362,MACON STREET,11233,Brooklyn,Failed for Rat Activity,3016690021,3,1669,21,40.682589175575,-73.936384309923,"{'latitude': '40.682589175575', 'longitude': '-73.936384309923', 'human_address': '{""address"": """", ""city"": """", ""state"": """", ""zip"": """"}'}",3,36,273,3046734,Bedford-Stuyvesant (East),Summons Issued,"Burrows, Runways",,
PC8774423,2026-09-23T09:45:28.000,Initial,2010,BELMONT AVENUE,10457,Bronx,Failed for Other Reason,2030800050,2,3080,50,40.847319905952,-73.890784935334,"{'latitude': '40.847319905952', 'longitude': '-73.890784935334', 'human_address': '{""address"": """", ""city"": """", ""state"": """", ""zip"": """"}'}",6,15,373,2100765,Tremont,,Harborage,,
PC8685907,2026-09-23T09:45:56.000,Treatments,1368,METROPOLITAN AVENUE,10462,Bronx,Bait applied,2039387501,2,3938,7501,40.834972142064,-73.861041966704,"{'latitude': '40.834972142064', 'longitude': '-73.861041966704', 'human_address': '{""address"": """", ""city"": """", ""state"": """", ""zip"": """"}'}",9,18,212,2096674,Parkchester,,,1022702,243513
PC8776957,2026-09-23T09:47:00.000,Initial,209,EAST 110 STREET,10029,Manhattan,Failed for Rat Activity,1016600006,1,1660,6,40.793936413408,-73.942341322133,"{'latitude': '40.793936413408', 'longitude': '-73.942341322133', 'human_address': '{""address"": """", ""city"": """", ""state"": """", ""zip"": """"}'}",11,8,180,1052459,East Harlem (North),,Gnawing,,
PC8773590,2026-09-23T09:48:01.000,Initial,1741,UNDERCLIFF AVENUE,10453,Bronx,Failed for Rat Activity and Other Reason,2028800214,2,2880,214,40.851175834268,-73.920325051178,"{'latitude': '40.851175834268', 'longitude': '-73.920325051178', 'human_address': '{""address"": """", ""city"": """", ""state"": """", ""zip"": """"}'}",5,16,20502,2009211,University Heights (South)-Morris Heights,,"Burrows, Harborage",,
PC8778868,2026-09-23T09:48:36.000,Initial,150,NORTH    9 STREET,11249,Brooklyn,Failed for Rat Activity,3023110017,3,2311,17,40.719277187365,-73.957106750433,"{'latitude': '40.719277187365', 'longitude': '-73.957106750433', 'human_address': '{""address"": """", ""city"": """", ""state"": """", ""zip"": """"}'}",1,33,517,3061784,Williamsburg,,"Droppings, Burrows",996140,201334
PC8694454,2026-09-23T09:49:53.000,Compliance,169,AVENUE C,10009,Manhattan,Failed for Rat Activity,1003930036,1,393,36,40.726139398445,-73.977342519427,"{'latitude': '40.726139398445', 'longitude': '-73.977342519427', 'human_address': '{""address"": """", ""city"": """", ""state"": """", ""zip"": """"}'}",3,2,28,1004893,East Village,Summons Issued,"Droppings, Burrows",,
PC8567857,2026-09-23T09:49:55.000,Treatments,1020,CARROLL PLACE,10456,Bronx,Bait applied,2024550048,2,2455,48,40.83015878364,-73.919468611068,"{'latitude': '40.83015878364', 'longitude': '-73.919468611068', 'human_address': '{""address"": """", ""city"": """", ""state"": """", ""zip"": """"}'}",4,16,18301,2002721,Concourse-Concourse Village,,,,
PC8778048,2026-09-23T09:52:10.000,Initial,210,WEST   70 STREET,10023,Manhattan,Failed for Rat Activity,1011580038,1,1158,38,40.777549771547,-73.983221192108,"{'latitude': '40.777549771547', 'longitude': '-73.983221192108', 'human_address': '{""address"": """", ""city"": """", ""state"": """", ""zip"": """"}'}",7,6,15501,1030350,Upper West Side-Lincoln Square,,Droppings,988793,222617
PC8707077,2026-09-23T09:52:47.000,Treatments,648,BERGEN STREET,11238,Brooklyn,Bait applied,3011457503,3,1145,7503,40.679330554123,-73.967872842299,"{'latitude': '40.679330554123', 'longitude': '-73.967872842299', 'human_address': '{""address"": """", ""city"": """", ""state"": """", ""zip"": """"}'}",8,35,205,3397967,Prospect Heights,,,,
PC8668551,2026-09-23T09:53:20.000,Compliance,376,MACON STREET,11233,Brooklyn,Failed for Rat Activity,3016690028,3,1669,28,40.682632877202,-73.935998477745,"{'latitude': '40.682632877202', 'longitude': '-73.935998477745', 'human_address': '{""address"": """", ""city"": """", ""state"": """", ""zip"": """"}'}",3,36,273,3046741,Bedford-Stuyvesant (East),Summons Issued,Burrows,,
PC8755583,2026-09-23T09:55:00.000,Compliance,37-34,78 STREET,11372,Queens,Failed for Rat Activity and Other Reason,4012880025,4,1288,25,40.748305690811,-73.887851289247,"{'latitude': '40.748305690811', 'longitude': '-73.887851289247', 'human_address': '{""address"": """", ""city"": """", ""state"": """", ""zip"": """"}'}",3,25,287,4029894,Jackson Heights,,"Burrows, Harborage",1015324,211927
PC8777292,2026-09-23T09:55:23.000,Treatments,1110,ANDERSON AVENUE,10452,Bronx,Bait applied,2025050040,2,2505,40,40.834894559966,-73.925154592864,"{'latitude': '40.834894559966', 'longitude': '-73.925154592864', 'human_address': '{""address"": """", ""city"": """", ""state"": """", ""zip"": """"}'}",4,16,199,2003065,Highbridge,,,,
PC8692516,2026-09-23T09:55:32.000,Treatments,98,CHRISTOPHER STREET,10014,Manhattan,Bait applied,1005880057,1,588,57,40.733308122,-74.004716007162,"{'latitude': '40.733308122', 'longitude': '-74.004716007162', 'human_address': '{""address"": """", ""city"": """", ""state"": """", ""zip"": """"}'}",2,3,73,1010040,West Village,,,,
PC8604436,2026-09-23T09:58:23.000,Treatments,160,RIVERSIDE BOULEVARD,10069,Manhattan,Bait applied,1011710132,1,1171,132,40.777800215888,-73.988716597278,"{'latitude': '40.777800215888', 'longitude': '-73.988716597278', 'human_address': '{""address"": """", ""city"": """", ""state"": """", ""zip"": """"}'}",7,6,15502,1085804,Upper West Side-Lincoln Square,,,987375,222653
PC8777071,2026-09-23T10:00:00.000,Initial,221,EAST 110 STREET,10029,Manhattan,Failed for Rat Activity,1016600010,1,1660,10,40.79385671758,-73.942146366976,"{'latitude': '40.79385671758', 'longitude': '-73.942146366976', 'human_address': '{""address"": """", ""city"": """", ""state"": """", ""zip"": """"}'}",11,8,180,1085271,East Harlem (North),,Gnawing,,
PC8741362,2026-09-23T10:00:00.000,Compliance,940,SHERIDAN AVENUE,10456,Bronx,Failed for Other Reason,2024550001,2,2455,1,40.828259861108,-73.920096043172,"{'latitude': '40.828259861108', 'longitude': '-73.920096043172', 'human_address': '{""address"": """", ""city"": """", ""state"": """", ""zip"": """"}'}",4,16,18302,2002708,Concourse-Concourse Village,Summons Issued,Harborage,,
PC8726363,2026-09-23T10:00:28.000,Treatments,145,ROCKAWAY PARKWAY,11212,Brooklyn,Bait applied,3046160055,3,4616,55,40.663238164517,-73.922475183472,"{'latitude': '40.663238164517', 'longitude': '-73.922475183472', 'human_address': '{""address"": """", ""city"": """", ""state"": """", ""zip"": """"}'}",17,41,892,3100157,East Flatbush-Remsen Village,,,1005758,180924
PC8715508,2026-09-23T10:00:30.000,Compliance,2316,TURNBULL AVENUE,10473,Bronx,Failed for Other Reason,2036960015,2,3696,15,40.824475753978,-73.845610158402,"{'latitude': '40.824475753978', 'longitude': '-73.845610158402', 'human_address': '{""address"": """", ""city"": """", ""state"": """", ""zip"": """"}'}",9,18,98,2087699,Castle Hill-Unionport,Summons Issued,Harborage,1026979,239696
PC8681855,2026-09-23T10:01:00.000,Treatments,693,HALSEY STREET,11233,Brooklyn,Bait applied,3016630073,3,1663,73,40.684706509123,-73.924635140273,"{'latitude': '40.684706509123', 'longitude': '-73.924635140273', 'human_address': '{""address"": """", ""city"": """", ""state"": """", ""zip"": """"}'}",3,41,383,3046337,Bedford-Stuyvesant (East),,,1005152,188745
PC8712204,2026-09-23T10:04:43.000,Treatments,261,EAST 164 STREET,10456,Bronx,Bait applied,2024470062,2,2447,62,40.828559810798,-73.917309707373,"{'latitude': '40.828559810798', 'longitude': '-73.917309707373', 'human_address': '{""address"": """", ""city"": """", ""state"": """", ""zip"": """"}'}",4,16,18302,2002525,Concourse-Concourse Village,,,,
PC8604172,2026-09-23T10:05:23.000,Treatments,903,SUMMIT AVENUE,10452,Bronx,Bait applied,2025230043,2,2523,43,40.83095980289,-73.931475584478,"{'latitude': '40.83095980289', 'longitude': '-73.931475584478', 'human_address': '{""address"": """", ""city"": """", ""state"": """", ""zip"": """"}'}",4,16,189,2003406,Highbridge,,,,
PC8778778,2026-09-23T10:07:00.000,Initial,433,CARROLL STREET,11215,Brooklyn,Failed for Rat Activity and Other Reason,3004470059,3,447,59,40.677640875436,-73.987749376817,"{'latitude': '40.677640875436', 'longitude': '-73.987749376817', 'human_address': '{""address"": """", ""city"": """", ""state"": """", ""zip"": """"}'}",6,39,11901,3007514,Carroll Gardens-Cobble Hill-Gowanus-Red Hook,,"Burrows, Harborage",987648,186162
PC8778913,2026-09-23T10:08:00.000,Stoppage,128,Edgecombe Ave,10030,Manhattan,Stoppage done,1020430001,1,2043,1,40.820954291865,-73.945070958725,"{'latitude': '40.820954291865', 'longitude': '-73.945070958725', 'human_address': '{""address"": """", ""city"": """", ""state"": """", ""zip"": """"}'}",10,9,259,1060736,Harlem (North),,,,
PC8780088,2026-09-23T10:09:00.000,Initial,,,11201,Brooklyn,Failed for Rat Activity,,3,278,2,,,,,,,,,,Burrows,,
PC8741427,2026-09-23T10:10:00.000,Compliance,201,EAST 164 STREET,10456,Bronx,Failed for Rat Activity,2024550053,2,2455,53,40.829675585446,-73.919292135852,"{'latitude': '40.829675585446', 'longitude': '-73.919292135852', 'human_address': '{""address"": """", ""city"": """", ""state"": """", ""zip"": """"}'}",4,16,18302,2002722,Concourse-Concourse Village,Summons Issued,Burrows,,
PC8629957,2026-09-23T10:10:10.000,Compliance,201,AVENUE A,10009,Manhattan,Failed for Rat Activity,1004400035,1,440,35,40.729370672416,-73.981122657914,"{'latitude': '40.729370672416', 'longitude': '-73.981122657914', 'human_address': '{""address"": """", ""city"": """", ""state"": """", ""zip"": """"}'}",3,2,34,1005997,East Village,Summons Issued,"Droppings, Burrows",989482,205009
PC8624422,2026-09-23T10:10:28.000,Treatments,196,ROCKAWAY PARKWAY,11212,Brooklyn,Bait applied,3046320018,3,4632,18,40.662073513631,-73.921207792723,"{'latitude': '40.662073513631', 'longitude': '-73.921207792723', 'human_address': '{""address"": """", ""city"": """", ""state"": """", ""zip"": """"}'}",17,41,892,3100708,East Flatbush-Remsen Village,,,1006110,180500
PC8715586,2026-09-23T10:10:46.000,Compliance,344,EAST  209 STREET,10467,Bronx,Failed for Other Reason,2033510035,2,3351,35,40.876569780643,-73.873976189991,"{'latitude': '40.876569780643', 'longitude': '-73.873976189991', 'human_address': '{""address"": """", ""city"": """", ""state"": """", ""zip"": """"}'}",7,11,42902,2018474,Norwood,Summons Issued,Garbage,1019101,258663
PC8670935,2026-09-23T10:11:20.000,Compliance,180,DECATUR STREET,11233,Brooklyn,Failed for Rat Activity,3016790020,3,1679,20,40.681117846281,-73.936151365642,"{'latitude': '40.681117846281', 'longitude': '-73.936151365642', 'human_address': '{""address"": """", ""city"": """", ""state"": """", ""zip"": """"}'}",3,36,273,3047373,Bedford-Stuyvesant (East),Summons Issued,Burrows,,
PC8778022,2026-09-23T10:11:39.000,Initial,1049,40 STREET,11219,Brooklyn,Failed for Rat Activity,3055840054,3,5584,54,40.643383694205,-73.992357215999,"{'latitude': '40.643383694205', 'longitude': '-73.992357215999', 'human_address': '{""address"": """", ""city"": """", ""state"": """", ""zip"": """"}'}",12,38,110,3135255,Sunset Park (East)-Borough Park (West),,Droppings,986371,173681
PC8656046,2026-09-23T10:12:54.000,Treatments,549,BERGEN STREET,11217,Brooklyn,Bait applied,3011360058,3,1136,58,40.680245687402,-73.972166415363,"{'latitude': '40.680245687402', 'longitude': '-73.972166415363', 'human_address': '{""address"": """", ""city"": """", ""state"": """", ""zip"": """"}'}",8,35,161,3027830,Prospect Heights,,,991970,187112
PC8517087,2026-09-23T10:17:00.000,Treatments,637,HALSEY STREET,11233,Brooklyn,Bait applied,3016620052,3,1662,52,40.684425378644,-73.927080066001,"{'latitude': '40.684425378644', 'longitude': '-73.927080066001', 'human_address': '{""address"": """", ""city"": """", ""state"": """", ""zip"": """"}'}",3,36,383,3046238,Bedford-Stuyvesant (East),,,1004474,188642
PC8778731,2026-09-23T10:18:00.000,Stoppage,249,West 144 St,10030,Manhattan,Stoppage done,1020300010,1,2030,10,40.821589071059,-73.941034628241,"{'latitude': '40.821589071059', 'longitude': '-73.941034628241', 'human_address': '{""address"": """", ""city"": """", ""state"": """", ""zip"": """"}'}",10,9,232,1060448,Harlem (North),,,,
PC8780091,2026-09-23T10:19:00.000,Initial,,,11201,Brooklyn,Failed for Rat Activity,,3,278,11,,,,,,,,,,Burrows,,
PC8711229,2026-09-23T10:19:12.000,Treatments,985,MORRIS AVENUE,10456,Bronx,Bait applied,2024470060,2,2447,60,40.828499097923,-73.916854488129,"{'latitude': '40.828499097923', 'longitude': '-73.916854488129', 'human_address': '{""address"": """", ""city"": """", ""state"": """", ""zip"": """"}'}",4,16,18302,2002524,Concourse-Concourse Village,,,,
PC8768652,2026-09-23T10:19:25.000,Compliance,103,WEST   70 STREET,10023,Manhattan,Failed for Rat Activity,1011420031,1,1142,31,40.776209810507,-73.979971988902,"{'latitude': '40.776209810507', 'longitude': '-73.979971988902', 'human_address': '{""address"": """", ""city"": """", ""state"": """", ""zip"": """"}'}",7,6,157,1029759,Upper West Side-Lincoln Square,,"Droppings, Gnawing",,
PC8685817,2026-09-23T10:20:00.000,Compliance,416,EAST   13 STREET,10009,Manhattan,Failed for Rat Activity and Other Reason,1004400018,1,440,18,40.730394686799,-73.982489840544,"{'latitude': '40.730394686799', 'longitude': '-73.982489840544', 'human_address': '{""address"": """", ""city"": """", ""state"": """", ""zip"": """"}'}",3,2,34,1005986,East Village,Summons Issued,"Droppings, Harborage",989103,205382
PC8612626,2026-09-23T10:20:32.000,Treatments,703,GREENWICH STREET,10014,Manhattan,Bait applied,1006310033,1,631,33,40.733900859056,-74.007249076511,"{'latitude': '40.733900859056', 'longitude': '-74.007249076511', 'human_address': '{""address"": """", ""city"": """", ""state"": """", ""zip"": """"}'}",2,3,75,1000000,West Village,,,,
PC8777651,2026-09-23T10:22:46.000,Initial,3295,PARKSIDE PLACE,10467,Bronx,Failed for Other Reason,2033550037,2,3355,37,40.875772860703,-73.873113474282,"{'latitude': '40.875772860703', 'longitude': '-73.873113474282', 'human_address': '{""address"": """", ""city"": """", ""state"": """", ""zip"": """"}'}",7,11,42901,2018585,Norwood,,Harborage,1019340,258373
PC8773836,2026-09-23T10:24:39.000,Initial,1070,45 STREET,11219,Brooklyn,Failed for Rat Activity and Other Reason,3056140059,3,5614,59,40.640227329535,-73.99473570146,"{'latitude': '40.640227329535', 'longitude': '-73.99473570146', 'human_address': '{""address"": """", ""city"": """", ""state"": """", ""zip"": """"}'}",12,44,222,3136645,Borough Park,,"Burrows, Runways, Garbage",,
PC8778732,2026-09-23T10:25:00.000,Stoppage,201,West 144 St,10030,Manhattan,Stoppage done,1020300029,1,2030,29,40.821141128018,-73.939972789873,"{'latitude': '40.821141128018', 'longitude': '-73.939972789873', 'human_address': '{""address"": """", ""city"": """", ""state"": """", ""zip"": """"}'}",10,9,232,1060456,Harlem (North),,,,
PC8654816,2026-09-23T10:25:02.000,Treatments,2028,CROSS BRONX EXPRESSWAY,10472,Bronx,Bait applied,2038030019,2,3803,19,40.831697235717,-73.856231864294,"{'latitude': '40.831697235717', 'longitude': '-73.856231864294', 'human_address': '{""address"": """", ""city"": """", ""state"": """", ""zip"": """"}'}",9,18,78,2026230,Castle Hill-Unionport,,,1024035,242322
PC8750745,2026-09-23T10:25:15.000,Compliance,8-53,WYCKOFF AVENUE,11385,Queens,Failed for Other Reason,4035470004,4,3547,4,40.697726430082,-73.907843684999,"{'latitude': '40.697726430082', 'longitude': '-73.907843684999', 'human_address': '{""address"": """", ""city"": """", ""state"": """", ""zip"": """"}'}",5,34,553,4085497,Ridgewood,,Harborage,,
PC8778010,2026-09-23T10:26:10.000,Initial,4511,HILL AVENUE,10466,Bronx,Failed for Other Reason,2051220035,2,5122,35,40.902519771791,-73.84378582497,"{'latitude': '40.902519771791', 'longitude': '-73.84378582497', 'human_address': '{""address"": """", ""city"": """", ""state"": """", ""zip"": """"}'}",12,11,442,2072163,Wakefield-Woodlawn,,"Garbage, Harborage, Mice",1027433,268131
PC8686617,2026-09-23T10:26:20.000,Compliance,80,MAC DONOUGH STREET,11216,Brooklyn,Failed for Rat Activity,3018550010,3,1855,10,40.681099425645,-73.942853884692,"{'latitude': '40.681099425645', 'longitude': '-73.942853884692', 'human_address': '{""address"": """", ""city"": """", ""state"": """", ""zip"": """"}'}",3,36,269,3053488,Bedford-Stuyvesant (West),Summons Issued,Burrows,,
PC8777317,2026-09-23T10:28:00.000,Initial,123,WEST   86 STREET,10024,Manhattan,Failed for Rat Activity,1012170024,1,1217,24,40.786797618704,-73.97290893712,"{'latitude': '40.786797618704', 'longitude': '-73.97290893712', 'human_address': '{""address"": """", ""city"": """", ""state"": """", ""zip"": """"}'}",7,6,173,1032197,Upper West Side (Central),,Droppings,991752,225932
PC8778784,2026-09-23T10:30:00.000,Stoppage,2461,ADAM C POWELL BLVD,10030,Manhattan,Stoppage done,1020120001,1,2012,1,40.820411015442,-73.939951772939,"{'latitude': '40.820411015442', 'longitude': '-73.939951772939', 'human_address': '{""address"": """", ""city"": """", ""state"": """", ""zip"": """"}'}",10,9,232,1060128,Harlem (North),,,,
PC8780082,2026-09-23T10:30:23.000,Initial,,,10002,Manhattan,Failed for Rat Activity and Other Reason,,1,256,1,,,,,,,,,,"Burrows, Garbage",,
PC8749691,2026-09-23T10:31:23.000,Treatments,350,WEST   71 STREET,10023,Manhattan,Monitoring visit,1011827502,1,1182,7502,40.779498907981,-73.985907120418,"{'latitude': '40.779498907981', 'longitude': '-73.985907120418', 'human_address': '{""address"": """", ""city"": """", ""state"": """", ""zip"": """"}'}",7,6,159,1030944,Upper West Side-Lincoln Square,,,988153,223272
PC8755014,2026-09-23T10:32:00.000,Treatments,638,HALSEY STREET,11233,Brooklyn,Bait applied,3016670014,3,1667,14,40.684261497087,-73.928356630334,"{'latitude': '40.684261497087', 'longitude': '-73.928356630334', 'human_address': '{""address"": """", ""city"": """", ""state"": """", ""zip"": """"}'}",3,36,383,3046559,Bedford-Stuyvesant (East),,,,
PC8778049,2026-09-23T10:33:32.000,Initial,26,WEST   70 STREET,10023,Manhattan,Failed for Other Reason,1011220145,1,1122,145,40.775287180856,-73.977838431121,"{'latitude': '40.775287180856', 'longitude': '-73.977838431121', 'human_address': '{""address"": """", ""city"": """", ""state"": """", ""zip"": """"}'}",7,6,15301,1028535,Upper West Side-Lincoln Square,,"Mice, Animal Nuisance",990388,221738
PC8677225,2026-09-23T10:34:57.000,Treatments,269,PROSPECT PLACE,11238,Brooklyn,Bait applied,3011520078,3,1152,78,40.677381659926,-73.967506051171,"{'latitude': '40.677381659926', 'longitude': '-73.967506051171', 'human_address': '{""address"": """", ""city"": """", ""state"": """", ""zip"": """"}'}",8,35,205,3028527,Prospect Heights,,,993263,186069
PC8725764,2026-09-23T10:35:23.000,Treatments,1400,UNIVERSITY AVENUE,10452,Bronx,Bait applied,2025340018,2,2534,18,40.843161637805,-73.925044056638,"{'latitude': '40.843161637805', 'longitude': '-73.925044056638', 'human_address': '{""address"": """", ""city"": """", ""state"": """", ""zip"": """"}'}",4,16,201,2000000,Highbridge,,,,
PC8688187,2026-09-23T10:35:32.000,Treatments,95,PERRY STREET,10014,Manhattan,Bait applied,1006220025,1,622,25,40.73524040748,-74.005369260094,"{'latitude': '40.73524040748', 'longitude': '-74.005369260094', 'human_address': '{""address"": """", ""city"": """", ""state"": """", ""zip"": """"}'}",2,3,73,1011294,West Village,,,,
PC8780092,2026-09-23T10:36:00.000,Initial,,,11201,Brooklyn,Failed for Rat Activity,,3,181,37,,,,,,,,,,Burrows,,
PC8778783,2026-09-23T10:37:00.000,Stoppage,2477,ADAM C POWELL BLVD,10030,Manhattan,Stoppage done,1020120061,1,2012,61,40.820825314257,-73.939651515894,"{'latitude': '40.820825314257', 'longitude': '-73.939651515894', 'human_address': '{""address"": """", ""city"": """", ""state"": """", ""zip"": """"}'}",10,9,232,1060155,Harlem (North),,,,
PC8780086,2026-09-23T10:37:52.000,Initial,,,11226,Brooklyn,Failed for Rat Activity and Other Reason,,3,5212,41,,,,,,,,,,"Droppings, Garbage",,
PC8777085,2026-09-23T10:38:00.000,Initial,253,EAST 110 STREET,10029,Manhattan,Failed for Rat Activity,1016600120,1,1660,120,40.793639622842,-73.941633715973,"{'latitude': '40.793639622842', 'longitude': '-73.941633715973', 'human_address': '{""address"": """", ""city"": """", ""state"": """", ""zip"": """"}'}",11,8,180,1052486,East Harlem (North),,Gnawing,,
PC8587666,2026-09-23T10:40:52.000,Treatments,1520,LELAND AVENUE,10460,Bronx,Bait applied,2039230050,2,3923,50,40.838550099832,-73.864648467655,"{'latitude': '40.838550099832', 'longitude': '-73.864648467655', 'human_address': '{""address"": """", ""city"": """", ""state"": """", ""zip"": """"}'}",9,18,21601,2028686,Soundview-Bruckner-Bronx River,,,,
PC8773905,2026-09-23T10:41:00.000,Initial,158,EAST  116 STREET,10029,Manhattan,Failed for Other Reason,1016430049,1,1643,49,40.798371281598,-73.941066108998,"{'latitude': '40.798371281598', 'longitude': '-73.941066108998', 'human_address': '{""address"": """", ""city"": """", ""state"": """", ""zip"": """"}'}",11,8,182,1052259,East Harlem (North),,Harborage,1000567,230153
PC8778729,2026-09-23T10:43:46.000,Initial,3010,VALENTINE AVENUE,10458,Bronx,Failed for Other Reason,2033070007,2,3307,7,40.872621143622,-73.885449598031,"{'latitude': '40.872621143622', 'longitude': '-73.885449598031', 'human_address': '{""address"": """", ""city"": """", ""state"": """", ""zip"": """"}'}",7,11,413,2017215,Bedford Park,,Mice,1015930,257220
PC8778975,2026-09-23T10:44:00.000,Stoppage,148,W 144th st,10030,Manhattan,Stoppage done,1020120052,1,2012,52,40.820572277515,-73.938669004964,"{'latitude': '40.820572277515', 'longitude': '-73.938669004964', 'human_address': '{""address"": """", ""city"": """", ""state"": """", ""zip"": """"}'}",10,9,232,1060150,Harlem (North),,,,
PC8780087,2026-09-23T10:44:52.000,Initial,,,11226,Brooklyn,Failed for Rat Activity and Other Reason,,3,5212,24,,,,,,,,,,"Burrows, Garbage",,
PC8780093,2026-09-23T10:45:00.000,Initial,,,11201,Brooklyn,Failed for Rat Activity,,3,279,35,,,,,,,,,,Droppings,,
PC8636194,2026-09-23T10:45:25.000,Treatments,1069,TELLER AVENUE,10456,Bronx,Bait applied,2024330066,2,2433,66,40.829232149275,-73.913417137376,"{'latitude': '40.829232149275', 'longitude': '-73.913417137376', 'human_address': '{""address"": """", ""city"": """", ""state"": """", ""zip"": """"}'}",4,16,175,2002237,Concourse-Concourse Village,,,,
PC8594629,2026-09-23T10:47:23.000,Treatments,2112,BROADWAY,10023,Manhattan,Bait applied,1011657505,1,1165,7505,40.78005822339,-73.981570416568,"{'latitude': '40.78005822339', 'longitude': '-73.981570416568', 'human_address': '{""address"": """", ""city"": """", ""state"": """", ""zip"": """"}'}",7,6,159,1030545,Upper West Side-Lincoln Square,,,,
PC8688470,2026-09-23T10:47:32.000,Treatments,99,PERRY STREET,10014,Manhattan,Bait applied,1006220027,1,622,27,40.73521569619,-74.005546068342,"{'latitude': '40.73521569619', 'longitude': '-74.005546068342', 'human_address': '{""address"": """", ""city"": """", ""state"": """", ""zip"": """"}'}",2,3,73,1011296,West Village,,,,
PC8557545,2026-09-23T10:48:00.000,Treatments,557A,HALSEY STREET,11233,Brooklyn,Bait applied,3016610062,3,1661,62,40.684037715805,-73.930451721535,"{'latitude': '40.684037715805', 'longitude': '-73.930451721535', 'human_address': '{""address"": """", ""city"": """", ""state"": """", ""zip"": """"}'}",3,36,295,3046179,Bedford-Stuyvesant (East),,,,
PC8778782,2026-09-23T10:49:00.000,Stoppage,109,WEST 144 STREET,10030,Manhattan,Stoppage done,1020130026,1,2013,26,40.819989617471,-73.937235187907,"{'latitude': '40.819989617471', 'longitude': '-73.937235187907', 'human_address': '{""address"": """", ""city"": """", ""state"": """", ""zip"": """"}'}",10,9,232,1060169,Harlem (North),,,,
PC8721777,2026-09-23T10:50:04.000,Treatments,499,EAST   94 STREET,11212,Brooklyn,Bait applied,3046910051,3,4691,51,40.655170589362,-73.917586721046,"{'latitude': '40.655170589362', 'longitude': '-73.917586721046', 'human_address': '{""address"": """", ""city"": """", ""state"": """", ""zip"": """"}'}",17,41,888,3102599,East Flatbush-Remsen Village,,,1007117,177986
PC8675508,2026-09-23T10:50:23.000,Treatments,1314,SEDGWICK AVENUE,10452,Bronx,Bait applied,2025300039,2,2530,39,40.840666034284,-73.928346566634,"{'latitude': '40.840666034284', 'longitude': '-73.928346566634', 'human_address': '{""address"": """", ""city"": """", ""state"": """", ""zip"": """"}'}",4,16,201,2003524,Highbridge,,,,
PC8777548,2026-09-23T10:52:33.000,Initial,545,CATHEDRAL PARKWAY,10025,Manhattan,Failed for Rat Activity,1018827502,1,1882,7502,40.803988972468,-73.966273681929,"{'latitude': '40.803988972468', 'longitude': '-73.966273681929', 'human_address': '{""address"": """", ""city"": """", ""state"": """", ""zip"": """"}'}",9,7,199,1088200,Morningside Heights,,Burrows,,
PC8680081,2026-09-23T10:55:20.000,Treatments,420,PROSPECT PLACE,11238,Brooklyn,Bait applied,3011620016,3,1162,16,40.676235437319,-73.962127699331,"{'latitude': '40.676235437319', 'longitude': '-73.962127699331', 'human_address': '{""address"": """", ""city"": """", ""state"": """", ""zip"": """"}'}",8,35,305,3028922,Crown Heights (North),,,994755,185652
PC8578537,2026-09-23T10:55:52.000,Treatments,1511A,COMMONWEALTH AVENUE,10460,Bronx,Bait applied,2039170047,2,3917,47,40.838341239428,-73.869162769582,"{'latitude': '40.838341239428', 'longitude': '-73.869162769582', 'human_address': '{""address"": """", ""city"": """", ""state"": """", ""zip"": """"}'}",9,17,218,2114757,Soundview-Bruckner-Bronx River,,,,
PC8750750,2026-09-23T10:57:11.000,Compliance,16-16,HANCOCK STREET,11385,Queens,Failed for Rat Activity,4035490017,4,3549,17,40.697711449275,-73.906292980983,"{'latitude': '40.697711449275', 'longitude': '-73.906292980983', 'human_address': '{""address"": """", ""city"": """", ""state"": """", ""zip"": """"}'}",5,34,553,4085570,Ridgewood,Summons Issued,Droppings,,
PC8735622,2026-09-23T10:58:22.000,Compliance,2128,HUGHES AVENUE,10457,Bronx,Failed for Rat Activity,2030820066,2,3082,66,40.85011578975,-73.889735698225,"{'latitude': '40.85011578975', 'longitude': '-73.889735698225', 'human_address': '{""address"": """", ""city"": """", ""state"": """", ""zip"": """"}'}",6,15,373,2012400,Tremont,Summons Issued,Burrows,,
PC8613091,2026-09-23T10:59:00.000,Treatments,555,HALSEY STREET,11233,Brooklyn,Bait applied,3016610064,3,1661,64,40.684029520843,-73.93051663079,"{'latitude': '40.684029520843', 'longitude': '-73.93051663079', 'human_address': '{""address"": """", ""city"": """", ""state"": """", ""zip"": """"}'}",3,36,295,3046181,Bedford-Stuyvesant (East),,,1003521,188497
PC8778228,2026-09-23T11:00:10.000,Initial,664,EAST  213 STREET,10467,Bronx,Failed for Rat Activity and Other Reason,2046430031,2,4643,31,40.879514352594,-73.866228221625,"{'latitude': '40.879514352594', 'longitude': '-73.866228221625', 'human_address': '{""address"": """", ""city"": """", ""state"": """", ""zip"": """"}'}",12,12,378,2057310,Williamsbridge-Olinville,,"Droppings, Burrows, Garbage, Harborage",1021242,259739
PC8739725,2026-09-23T11:00:21.000,Compliance,44,WEST  126 STREET,10027,Manhattan,Failed for Rat Activity,1017230055,1,1723,55,40.807679802225,-73.943210775916,"{'latitude': '40.807679802225', 'longitude': '-73.943210775916', 'human_address': '{""address"": """", ""city"": """", ""state"": """", ""zip"": """"}'}",10,9,200,1053518,Harlem (South),,"Droppings, Gnawing",999971,233544
PC8595572,2026-09-23T11:00:26.000,Compliance,2663,BRIGGS AVENUE,10458,Bronx,Failed for Rat Activity,2033000075,2,3300,75,40.865631416083,-73.892262400681,"{'latitude': '40.865631416083', 'longitude': '-73.892262400681', 'human_address': '{""address"": """", ""city"": """", ""state"": """", ""zip"": """"}'}",7,15,40501,2017026,Bedford Park,Summons Issued,"Droppings, Burrows",,
PC8731657,2026-09-23T11:00:32.000,Treatments,1073,TELLER AVENUE,10456,Bronx,Bait applied,2024330064,2,2433,64,40.829385783772,-73.913322985665,"{'latitude': '40.829385783772', 'longitude': '-73.913322985665', 'human_address': '{""address"": """", ""city"": """", ""state"": """", ""zip"": """"}'}",4,16,175,2002235,Concourse-Concourse Village,,,,
PC8757239,2026-09-23T11:01:00.000,Compliance,1108,SHERMAN AVENUE,10456,Bronx,Failed for Rat Activity,2024520005,2,2452,5,40.831663974249,-73.917117926109,"{'latitude': '40.831663974249', 'longitude': '-73.917117926109', 'human_address': '{""address"": """", ""city"": """", ""state"": """", ""zip"": """"}'}",4,16,18101,2002643,Concourse-Concourse Village,Summons Issued,Burrows,,
PC8776073,2026-09-23T11:03:00.000,Stoppage,67,West 125,,Manhattan,Stoppage done,,1,1723,7,0.00000000000000000000,0.00000000000000000000,"{'latitude': '0.0', 'longitude': '0.0', 'human_address': '{""address"": """", ""city"": """", ""state"": """", ""zip"": """"}'}",,,,,,,,,
PC8586907,2026-09-23T11:04:23.000,Treatments,2161,BROADWAY,10024,Manhattan,Bait applied,1011680010,1,1168,10,40.781853204912,-73.981035503216,"{'latitude': '40.781853204912', 'longitude': '-73.981035503216', 'human_address': '{""address"": """", ""city"": """", ""state"": """", ""zip"": """"}'}",7,6,163,1030859,Upper West Side (Central),,,989502,224130
PC8714768,2026-09-23T11:04:41.000,Treatments,709,DEKALB AVENUE,11216,Brooklyn,Bait applied,3017750064,3,1775,64,40.691820005995,-73.947528875133,"{'latitude': '40.691820005995', 'longitude': '-73.947528875133', 'human_address': '{""address"": """", ""city"": """", ""state"": """", ""zip"": """"}'}",3,36,261,3049515,Bedford-Stuyvesant (West),,,,
PC8777627,2026-09-23T11:05:00.000,Initial,587,AMSTERDAM AVENUE,10024,Manhattan,Failed for Rat Activity,1012190001,1,1219,1,40.789191271826,-73.973901069389,"{'latitude': '40.789191271826', 'longitude': '-73.973901069389', 'human_address': '{""address"": """", ""city"": """", ""state"": """", ""zip"": """"}'}",7,6,173,1032284,Upper West Side (Central),City Agency Referral,Droppings,991477,226804
PC8667166,2026-09-23T11:05:23.000,Treatments,1240,EDWARD L GRANT HWY,10452,Bronx,Bait applied,2028710002,2,2871,2,40.836792027252,-73.9223046935,"{'latitude': '40.836792027252', 'longitude': '-73.9223046935', 'human_address': '{""address"": """", ""city"": """", ""state"": """", ""zip"": """"}'}",4,16,219,2008638,Mount Eden-Claremont (West),,,,
PC8687963,2026-09-23T11:07:32.000,Treatments,53,PERRY STREET,10014,Manhattan,Bait applied,1006220056,1,622,56,40.73551495616,-74.003500136984,"{'latitude': '40.73551495616', 'longitude': '-74.003500136984', 'human_address': '{""address"": """", ""city"": """", ""state"": """", ""zip"": """"}'}",2,3,73,1011317,West Village,,,,
PC8701427,2026-09-23T11:07:36.000,Compliance,311,WEST 126 STREET,10027,Manhattan,Failed for Rat Activity,1019530025,1,1953,25,40.81102104091,-73.951093998694,"{'latitude': '40.81102104091', 'longitude': '-73.951093998694', 'human_address': '{""address"": """", ""city"": """", ""state"": """", ""zip"": """"}'}",10,9,215,1059336,Harlem (North),Summons Issued,Burrows,,
PC8777229,2026-09-23T11:09:00.000,Stoppage,261,WEST 125 STREET,10027,Manhattan,Stoppage done,1019310006,1,1931,6,40.809826751402,-73.950336268594,"{'latitude': '40.809826751402', 'longitude': '-73.950336268594', 'human_address': '{""address"": """", ""city"": """", ""state"": """", ""zip"": """"}'}",10,9,222,1089941,Harlem (South),,,,
PC8664084,2026-09-23T11:10:00.000,Treatments,547,HALSEY STREET,11233,Brooklyn,Bait applied,3016610071,3,1661,71,40.683999483223,-73.930772659201,"{'latitude': '40.683999483223', 'longitude': '-73.930772659201', 'human_address': '{""address"": """", ""city"": """", ""state"": """", ""zip"": """"}'}",3,36,295,3046187,Bedford-Stuyvesant (East),,,,
PC8704346,2026-09-23T11:10:04.000,Treatments,879,LENOX ROAD,11203,Brooklyn,Bait applied,3046410028,3,4641,28,40.655585784715,-73.926747701597,"{'latitude': '40.655585784715', 'longitude': '-73.926747701597', 'human_address': '{""address"": """", ""city"": """", ""state"": """", ""zip"": """"}'}",17,41,866,3100953,East Flatbush-Rugby,,,1004575,178135
PC8717732,2026-09-23T11:10:05.000,Treatments,1434,FTELEY AVENUE,10472,Bronx,Bait applied,2038920020,2,3892,20,40.834961128383,-73.872862753033,"{'latitude': '40.834961128383', 'longitude': '-73.872862753033', 'human_address': '{""address"": """", ""city"": """", ""state"": """", ""zip"": """"}'}",9,18,64,2028082,Soundview-Bruckner-Bronx River,,,1019431,243504
PC8702270,2026-09-23T11:10:31.000,Compliance,2687,BRIGGS AVENUE,10458,Bronx,Failed for Rat Activity,2033000064,2,3300,64,40.866007155084,-73.891954472148,"{'latitude': '40.866007155084', 'longitude': '-73.891954472148', 'human_address': '{""address"": """", ""city"": """", ""state"": """", ""zip"": """"}'}",7,15,40501,2017015,Bedford Park,Summons Issued,"Droppings, Burrows",1014134,254808
PC8775243,2026-09-23T11:10:46.000,Initial,2952,MARION AVENUE,10458,Bronx,Failed for Other Reason,2032850001,2,3285,1,40.868868067078,-73.884418394916,"{'latitude': '40.868868067078', 'longitude': '-73.884418394916', 'human_address': '{""address"": """", ""city"": """", ""state"": """", ""zip"": """"}'}",7,11,415,2016569,Bedford Park,,Animal Nuisance,1016217,255853
PC8750935,2026-09-23T11:12:03.000,Compliance,16-50,JEFFERSON AVENUE,11385,Queens,Failed for Other Reason,4035480036,4,3548,36,40.698639358309,-73.906508054957,"{'latitude': '40.698639358309', 'longitude': '-73.906508054957', 'human_address': '{""address"": """", ""city"": """", ""state"": """", ""zip"": """"}'}",5,34,553,4085531,Ridgewood,,Harborage,,
PC8778130,2026-09-23T11:12:21.000,Initial,36,WEST  126 STREET,10027,Manhattan,Failed for Rat Activity,1017230052,1,1723,52,40.807602858106,-73.943026613877,"{'latitude': '40.807602858106', 'longitude': '-73.943026613877', 'human_address': '{""address"": """", ""city"": """", ""state"": """", ""zip"": """"}'}",10,9,200,1053516,Harlem (South),,Droppings,1000022,233516
PC8704124,2026-09-23T11:14:27.000,Treatments,432,PROSPECT PLACE,11238,Brooklyn,Bait applied,3011620020,3,1162,20,40.676177707365,-73.961857344781,"{'latitude': '40.676177707365', 'longitude': '-73.961857344781', 'human_address': '{""address"": """", ""city"": """", ""state"": """", ""zip"": """"}'}",8,35,305,3028925,Crown Heights (North),,,,
PC8764853,2026-09-23T11:15:36.000,Compliance,160,MORNINGSIDE AVENUE,10027,Manhattan,Failed for Rat Activity,1019670020,1,1967,20,40.812235189458,-73.953430432462,"{'latitude': '40.812235189458', 'longitude': '-73.953430432462', 'human_address': '{""address"": """", ""city"": """", ""state"": """", ""zip"": """"}'}",9,7,21303,1083263,Manhattanville-West Harlem,Summons Issued,Burrows,,
PC8780095,2026-09-23T11:16:00.000,Initial,,,11201,Brooklyn,Failed for Rat Activity,,3,280,7501,,,,,,,,,,Burrows,,
PC8767666,2026-09-23T11:18:39.000,Compliance,5510,13 AVENUE,11219,Brooklyn,Failed for Rat Activity and Other Reason,3056830040,3,5683,40,40.631540135945,-73.995755966236,"{'latitude': '40.631540135945', 'longitude': '-73.995755966236', 'human_address': '{""address"": """", ""city"": """", ""state"": """", ""zip"": """"}'}",12,44,216,3327728,Borough Park,Summons Issued,"Droppings, Burrows, Runways, Harborage",985428,169366
PC8760698,2026-09-23T11:20:22.000,Compliance,2383,HOFFMAN STREET,10458,Bronx,Failed for Rat Activity and Other Reason,2030540029,2,3054,29,40.855527593308,-73.888891643409,"{'latitude': '40.855527593308', 'longitude': '-73.888891643409', 'human_address': '{""address"": """", ""city"": """", ""state"": """", ""zip"": """"}'}",6,15,387,2011667,Belmont,,"Burrows, Harborage",,
PC8741517,2026-09-23T11:20:25.000,Compliance,35,WEST 177 STREET,10453,Bronx,Failed for Rat Activity,2028620001,2,2862,1,40.850195370347,-73.911987266049,"{'latitude': '40.850195370347', 'longitude': '-73.911987266049', 'human_address': '{""address"": """", ""city"": """", ""state"": """", ""zip"": """"}'}",5,14,217,2008379,University Heights (South)-Morris Heights,,Burrows,,
PC8701456,2026-09-23T11:20:42.000,Treatments,1068,PUTNAM AVENUE,11221,Brooklyn,Bait applied,3014860022,3,1486,22,40.687527397457,-73.919508121727,"{'latitude': '40.687527397457', 'longitude': '-73.919508121727', 'human_address': '{""address"": """", ""city"": """", ""state"": """", ""zip"": """"}'}",3,41,375,3039815,Bedford-Stuyvesant (East),,,,
PC8780096,2026-09-23T11:21:00.000,Initial,,,11201,Brooklyn,Failed for Rat Activity,,3,280,27,,,,,,,,,,Burrows,,
PC8777124,2026-09-23T11:24:00.000,Initial,242,EAST 111 STREET,10029,Manhattan,Failed for Rat Activity,1016600030,1,1660,30,40.794320173391,-73.941344189882,"{'latitude': '40.794320173391', 'longitude': '-73.941344189882', 'human_address': '{""address"": """", ""city"": """", ""state"": """", ""zip"": """"}'}",11,8,180,1052473,East Harlem (North),,Runways,,
PC8750006,2026-09-23T11:25:10.000,Compliance,2760,GRAND CONCOURSE,10458,Bronx,Failed for Rat Activity,2033040092,2,3304,92,40.868362749638,-73.89261228992,"{'latitude': '40.868362749638', 'longitude': '-73.89261228992', 'human_address': '{""address"": """", ""city"": """", ""state"": """", ""zip"": """"}'}",7,15,40302,2017142,Bedford Park,Summons Issued,Droppings,,
PC8698728,2026-09-23T11:25:23.000,Treatments,1401,JESUP AVENUE,10452,Bronx,Bait applied,2028720036,2,2872,36,40.841253900888,-73.920738150582,"{'latitude': '40.841253900888', 'longitude': '-73.920738150582', 'human_address': '{""address"": """", ""city"": """", ""state"": """", ""zip"": """"}'}",4,16,21302,2117667,Mount Eden-Claremont (West),,,,
PC8764907,2026-09-23T11:25:36.000,Compliance,410,WEST 127 STREET,10027,Manhattan,Failed for Rat Activity,1019670030,1,1967,30,40.812869291164,-73.95359255402,"{'latitude': '40.812869291164', 'longitude': '-73.95359255402', 'human_address': '{""address"": """", ""city"": """", ""state"": """", ""zip"": """"}'}",9,7,21303,1059571,Manhattanville-West Harlem,,Burrows,,
PC8662733,2026-09-23T11:26:00.000,Treatments,465,HALSEY STREET,11233,Brooklyn,Bait applied,3016600069,3,1660,69,40.683636311009,-73.933963968596,"{'latitude': '40.683636311009', 'longitude': '-73.933963968596', 'human_address': '{""address"": """", ""city"": """", ""state"": """", ""zip"": """"}'}",3,36,295,3046110,Bedford-Stuyvesant (East),,,,
PC8777072,2026-09-23T11:28:00.000,Initial,238,EAST 111 STREET,10029,Manhattan,Failed for Rat Activity,1016600031,1,1660,31,40.794347654073,-73.941409174207,"{'latitude': '40.794347654073', 'longitude': '-73.941409174207', 'human_address': '{""address"": """", ""city"": """", ""state"": """", ""zip"": """"}'}",11,8,180,1052474,East Harlem (North),,"Runways, Gnawing",,
PC8778867,2026-09-23T11:28:00.000,Initial,253,WEST   93 STREET,10025,Manhattan,Failed for Rat Activity and Other Reason,1012410009,1,1241,9,40.792984494682,-73.973802065674,"{'latitude': '40.792984494682', 'longitude': '-73.973802065674', 'human_address': '{""address"": """", ""city"": """", ""state"": """", ""zip"": """"}'}",7,7,179,1033643,Upper West Side (Central),,"Runways, Harborage",991504,228186
PC8746727,2026-09-23T11:28:34.000,Compliance,233,EAST 116 STREET,10029,Manhattan,Failed for Rat Activity,1016660015,1,1666,15,40.797409400502,-73.938737380306,"{'latitude': '40.797409400502', 'longitude': '-73.938737380306', 'human_address': '{""address"": """", ""city"": """", ""state"": """", ""zip"": """"}'}",11,8,188,1052577,East Harlem (North),Summons Issued,Burrows,,
PC8741142,2026-09-23T11:28:34.000,Compliance,37,WEST 177 STREET,10453,Bronx,Failed for Other Reason,2028620002,2,2862,2,40.850261329674,-73.912099232253,"{'latitude': '40.850261329674', 'longitude': '-73.912099232253', 'human_address': '{""address"": """", ""city"": """", ""state"": """", ""zip"": """"}'}",5,14,217,2008380,University Heights (South)-Morris Heights,,Harborage,,
PC8756757,2026-09-23T11:29:00.000,Compliance,1135,GRANT AVENUE,10456,Bronx,Failed for Rat Activity,2024520020,2,2452,20,40.831756526596,-73.916059016816,"{'latitude': '40.831756526596', 'longitude': '-73.916059016816', 'human_address': '{""address"": """", ""city"": """", ""state"": """", ""zip"": """"}'}",4,16,18101,2002652,Concourse-Concourse Village,Summons Issued,Burrows,,
PC8469607,2026-09-23T11:30:00.000,Treatments,340,AMSTERDAM AVENUE,10024,Manhattan,Bait applied,1011680029,1,1168,29,40.781240900337,-73.979721319327,"{'latitude': '40.781240900337', 'longitude': '-73.979721319327', 'human_address': '{""address"": """", ""city"": """", ""state"": """", ""zip"": """"}'}",7,6,163,1077359,Upper West Side (Central),,,,
PC8750930,2026-09-23T11:30:26.000,Compliance,16-68,JEFFERSON AVENUE,11385,Queens,Failed for Other Reason,4035480047,4,3548,47,40.698913617406,-73.906240795119,"{'latitude': '40.698913617406', 'longitude': '-73.906240795119', 'human_address': '{""address"": """", ""city"": """", ""state"": """", ""zip"": """"}'}",5,34,553,4085535,Ridgewood,,Harborage,,
PC8692599,2026-09-23T11:30:32.000,Treatments,283,BLEECKER STREET,10014,Manhattan,Bait applied,1005900050,1,590,50,40.731878147161,-74.003362833962,"{'latitude': '40.731878147161', 'longitude': '-74.003362833962', 'human_address': '{""address"": """", ""city"": """", ""state"": """", ""zip"": """"}'}",2,3,67,1010153,West Village,,,,
PC8678479,2026-09-23T11:31:30.000,Treatments,1299,GRAND CONCOURSE,10452,Bronx,Bait applied,2028390057,2,2839,57,40.836655561598,-73.915615530293,"{'latitude': '40.836655561598', 'longitude': '-73.915615530293', 'human_address': '{""address"": """", ""city"": """", ""state"": """", ""zip"": """"}'}",4,16,22102,2008036,Mount Eden-Claremont (West),,,,
PC8777690,2026-09-23T11:32:10.000,Initial,2932,HOLLAND AVENUE,10467,Bronx,Failed for Other Reason,2045480018,2,4548,18,40.868410832693,-73.86529250201,"{'latitude': '40.868410832693', 'longitude': '-73.86529250201', 'human_address': '{""address"": """", ""city"": """", ""state"": """", ""zip"": """"}'}",11,12,33801,2054854,Allerton,,Harborage,1021507,255694
PC8764893,2026-09-23T11:32:36.000,Compliance,423,WEST 126 STREET,10027,Manhattan,Failed for Rat Activity,1019670012,1,1967,12,40.812743388588,-73.954481339882,"{'latitude': '40.812743388588', 'longitude': '-73.954481339882', 'human_address': '{""address"": """", ""city"": """", ""state"": """", ""zip"": """"}'}",9,7,21303,1090943,Manhattanville-West Harlem,Summons Issued,Burrows,,
PC8779135,2026-09-23T11:33:51.000,Initial,290,WEST END AVENUE,10023,Manhattan,Failed for Rat Activity,1011650004,1,1165,4,40.780862758358,-73.98370059786,"{'latitude': '40.780862758358', 'longitude': '-73.98370059786', 'human_address': '{""address"": """", ""city"": """", ""state"": """", ""zip"": """"}'}",7,6,159,1030542,Upper West Side-Lincoln Square,,Droppings,988764,223769
PC8775159,2026-09-23T11:34:30.000,Initial,620,WEST   42 STREET,10036,Manhattan,Failed for Rat Activity,1010897502,1,1089,7502,40.761192248497,-73.999234725564,"{'latitude': '40.761192248497', 'longitude': '-73.999234725564', 'human_address': '{""address"": """", ""city"": """", ""state"": """", ""zip"": """"}'}",4,3,117,1085962,Chelsea-Hudson Yards,,Burrows,984462,216602
PC8759305,2026-09-23T11:34:32.000,Treatments,520,PROSPECT PLACE,11238,Brooklyn,Bait applied,3011630001,3,1163,1,40.675603100806,-73.959106956693,"{'latitude': '40.675603100806', 'longitude': '-73.959106956693', 'human_address': '{""address"": """", ""city"": """", ""state"": """", ""zip"": """"}'}",8,35,305,3330782,Crown Heights (North),,,,
PC8638674,2026-09-23T11:35:04.000,Treatments,150,EAST   55 STREET,11203,Brooklyn,Bait applied,3046600024,3,4660,24,40.654553168437,-73.925847841299,"{'latitude': '40.654553168437', 'longitude': '-73.925847841299', 'human_address': '{""address"": """", ""city"": """", ""state"": """", ""zip"": """"}'}",17,41,866,3101536,East Flatbush-Rugby,,,1004825,177759
PC8675050,2026-09-23T11:35:21.000,Compliance,2340,8 AVENUE,10027,Manhattan,Failed for Rat Activity,1019310063,1,1931,63,40.810546107585,-73.95087760066,"{'latitude': '40.810546107585', 'longitude': '-73.95087760066', 'human_address': '{""address"": """", ""city"": """", ""state"": """", ""zip"": """"}'}",10,9,222,1058663,Harlem (South),Summons Issued,Burrows,,
PC8765911,2026-09-23T11:37:29.000,Compliance,144,HAMILTON PLACE,10031,Manhattan,Failed for Rat Activity,1020750036,1,2075,36,40.824331916808,-73.948507949213,"{'latitude': '40.824331916808', 'longitude': '-73.948507949213', 'human_address': '{""address"": """", ""city"": """", ""state"": """", ""zip"": """"}'}",9,7,229,1061888,Hamilton Heights-Sugar Hill,Summons Issued,Burrows,,
PC8542926,2026-09-23T11:40:37.000,Treatments,874,JEFFERSON AVENUE,11221,Brooklyn,Bait applied,3014870017,3,1487,17,40.686439738633,-73.922433682063,"{'latitude': '40.686439738633', 'longitude': '-73.922433682063', 'human_address': '{""address"": """", ""city"": """", ""state"": """", ""zip"": """"}'}",3,41,375,3039849,Bedford-Stuyvesant (East),,,,
PC8723792,2026-09-23T11:40:39.000,Compliance,2780,VALENTINE AVENUE,10458,Bronx,Failed for Rat Activity,2033010019,2,3301,19,40.867683814746,-73.891561253613,"{'latitude': '40.867683814746', 'longitude': '-73.891561253613', 'human_address': '{""address"": """", ""city"": """", ""state"": """", ""zip"": """"}'}",7,15,40501,2017036,Bedford Park,Summons Issued,Burrows,1014366,255599
PC8779308,2026-09-23T11:40:53.000,Initial,106,GERRY STREET,11206,Brooklyn,Failed for Other Reason,3022700001,3,2270,1,40.702351011892,-73.946049066773,"{'latitude': '40.702351011892', 'longitude': '-73.946049066773', 'human_address': '{""address"": """", ""city"": """", ""state"": """", ""zip"": """"}'}",1,33,507,3061454,South Williamsburg,,Animal Nuisance,999209,195169
PC8764708,2026-09-23T11:41:06.000,Compliance,431,WEST 126 STREET,10027,Manhattan,Failed for Rat Activity and Other Reason,1019670008,1,1967,8,40.812880674409,-73.954604074021,"{'latitude': '40.812880674409', 'longitude': '-73.954604074021', 'human_address': '{""address"": """", ""city"": """", ""state"": """", ""zip"": """"}'}",9,7,21303,1083140,Manhattanville-West Harlem,Summons Issued,"Burrows, Garbage",,
PC8719092,2026-09-23T11:42:00.000,Treatments,449,HALSEY STREET,11233,Brooklyn,Bait applied,3016600078,3,1660,78,40.683587151457,-73.934393080168,"{'latitude': '40.683587151457', 'longitude': '-73.934393080168', 'human_address': '{""address"": """", ""city"": """", ""state"": """", ""zip"": """"}'}",3,36,295,3046119,Bedford-Stuyvesant (East),,,1002446,188335
PC8753103,2026-09-23T11:42:00.000,Compliance,250,WEST   94 STREET,10025,Manhattan,Failed for Rat Activity,1012410052,1,1241,52,40.793538800001,-73.973220387809,"{'latitude': '40.793538800001', 'longitude': '-73.973220387809', 'human_address': '{""address"": """", ""city"": """", ""state"": """", ""zip"": """"}'}",7,7,179,1033653,Upper West Side (Central),Summons Issued,Droppings,991665,228388
PC8779197,2026-09-23T11:43:00.000,Stoppage,22,West 96 Street.,10025,Manhattan,Stoppage done,1012090041,1,1209,41,40.791958485452,-73.965423883972,"{'latitude': '40.791958485452', 'longitude': '-73.965423883972', 'human_address': '{""address"": """", ""city"": """", ""state"": """", ""zip"": """"}'}",7,6,181,1031730,Upper West Side (Central),,,,
PC8654411,2026-09-23T11:44:06.000,Compliance,10,ST MARKS PLACE,10003,Manhattan,Failed for Rat Activity,1004630014,1,463,14,40.729242715479,-73.989222761502,"{'latitude': '40.729242715479', 'longitude': '-73.989222761502', 'human_address': '{""address"": """", ""city"": """", ""state"": """", ""zip"": """"}'}",3,2,38,1006664,East Village,Summons Issued,Burrows,,
PC8698822,2026-09-23T11:45:23.000,Treatments,1404,JESUP AVENUE,10452,Bronx,Bait applied,2028720058,2,2872,58,40.841185302457,-73.92076714578,"{'latitude': '40.841185302457', 'longitude': '-73.92076714578', 'human_address': '{""address"": """", ""city"": """", ""state"": """", ""zip"": """"}'}",4,16,21302,2114651,Mount Eden-Claremont (West),,,,
PC8728367,2026-09-23T11:45:23.000,Treatments,252,West 74 street,10023,Manhattan,Monitoring visit,1011657502,1,1165,7502,40.780796749311,-73.982776235957,"{'latitude': '40.780796749311', 'longitude': '-73.982776235957', 'human_address': '{""address"": """", ""city"": """", ""state"": """", ""zip"": """"}'}",7,6,159,1070732,Upper West Side-Lincoln Square,,,,
PC8779248,2026-09-23T11:46:00.000,Initial,345,EAST  118 STREET,10035,Manhattan,Failed for Other Reason,1017950022,1,1795,22,40.797844164774,-73.935717529599,"{'latitude': '40.797844164774', 'longitude': '-73.935717529599', 'human_address': '{""address"": """", ""city"": """", ""state"": """", ""zip"": """"}'}",11,8,188,1054715,East Harlem (North),,"Garbage, Animal Nuisance",1002048,229962
PC8768981,2026-09-23T11:46:11.000,Compliance,2042,PACIFIC STREET,11233,Brooklyn,Failed for Rat Activity,3014390023,3,1439,23,40.675904985429,-73.918054906055,"{'latitude': '40.675904985429', 'longitude': '-73.918054906055', 'human_address': '{""address"": """", ""city"": """", ""state"": """", ""zip"": """"}'}",16,41,303,3038680,Ocean Hill,Summons Issued,Burrows,1006980,185540
PC8780397,2026-09-23T11:46:23.000,Initial,252,WEST 74 STREET,10023,Manhattan,Failed for Rat Activity,1011657502,1,1165,7502,40.780796749311,-73.982776235957,"{'latitude': '40.780796749311', 'longitude': '-73.982776235957', 'human_address': '{""address"": """", ""city"": """", ""state"": """", ""zip"": """"}'}",7,6,159,1070732,Upper West Side-Lincoln Square,,"Burrows, Runways",,
PC8729946,2026-09-23T11:46:44.000,Treatments,1265,WALTON AVENUE,10452,Bronx,Bait applied,2024810028,2,2481,28,40.836544991279,-73.918333317082,"{'latitude': '40.836544991279', 'longitude': '-73.918333317082', 'human_address': '{""address"": """", ""city"": """", ""state"": """", ""zip"": """"}'}",4,16,22101,2002967,Mount Eden-Claremont (West),,,,
PC8779546,2026-09-23T11:47:00.000,Initial,461,5 AVENUE,11215,Brooklyn,Failed for Rat Activity,3010170010,3,1017,10,40.668475968582,-73.986864298625,"{'latitude': '40.668475968582', 'longitude': '-73.986864298625', 'human_address': '{""address"": """", ""city"": """", ""state"": """", ""zip"": """"}'}",6,39,139,3022597,Park Slope,,Droppings,987894,182823
PC8777572,2026-09-23T11:47:19.000,Initial,2881,BROADWAY,10025,Manhattan,Failed for Rat Activity,1018950016,1,1895,16,40.80549842483,-73.965738308924,"{'latitude': '40.80549842483', 'longitude': '-73.965738308924', 'human_address': '{""address"": """", ""city"": """", ""state"": """", ""zip"": """"}'}",9,7,199,1057336,Morningside Heights,,Burrows,,
PC8764906,2026-09-23T11:48:00.000,Compliance,WEST,126 STREET,10027,Manhattan,Failed for Rat Activity,,1,1967,5,,,,,,,,,Summons Issued,Burrows,,
PC8751024,2026-09-23T11:50:18.000,Compliance,2776,BRIGGS AVENUE,10458,Bronx,Failed for Rat Activity,2032950022,2,3295,22,40.867844552769,-73.89029553059,"{'latitude': '40.867844552769', 'longitude': '-73.89029553059', 'human_address': '{""address"": """", ""city"": """", ""state"": """", ""zip"": """"}'}",7,15,40501,2016870,Bedford Park,Summons Issued,Burrows,1014592,255478
PC8654983,2026-09-23T11:50:19.000,Treatments,902,JEFFERSON AVENUE,11221,Brooklyn,Bait applied,3014870030,3,1487,30,40.686529779099,-73.921643922253,"{'latitude': '40.686529779099', 'longitude': '-73.921643922253', 'human_address': '{""address"": """", ""city"": """", ""state"": """", ""zip"": """"}'}",3,41,375,3039861,Bedford-Stuyvesant (East),,,,
PC8756890,2026-09-23T11:51:00.000,Compliance,1194,CLAY AVENUE,10456,Bronx,Failed for Rat Activity,2024260057,2,2426,57,40.831999599404,-73.910811698948,"{'latitude': '40.831999599404', 'longitude': '-73.910811698948', 'human_address': '{""address"": """", ""city"": """", ""state"": """", ""zip"": """"}'}",4,16,17701,2002080,Concourse-Concourse Village,Summons Issued,"Droppings, Burrows",,
PC8730224,2026-09-23T11:52:00.000,Compliance,1185,GRAND CONCOURSE,10452,Bronx,Failed for Rat Activity,2024630053,2,2463,53,40.833978587992,-73.918231680641,"{'latitude': '40.833978587992', 'longitude': '-73.918231680641', 'human_address': '{""address"": """", ""city"": """", ""state"": """", ""zip"": """"}'}",4,16,197,2002844,Concourse-Concourse Village,,Burrows,,
PC8777076,2026-09-23T11:55:00.000,Initial,214,EAST 111 STREET,10029,Manhattan,Failed for Rat Activity,1016600042,1,1660,42,40.794507044231,-73.94179186291,"{'latitude': '40.794507044231', 'longitude': '-73.94179186291', 'human_address': '{""address"": """", ""city"": """", ""state"": """", ""zip"": """"}'}",11,8,180,1052482,East Harlem (North),,Gnawing,,
PC8607167,2026-09-23T11:55:08.000,Compliance,55,3 AVENUE,10003,Manhattan,Failed for Rat Activity,1004667502,1,466,7502,40.730988349684,-73.988840014972,"{'latitude': '40.730988349684', 'longitude': '-73.988840014972', 'human_address': '{""address"": """", ""city"": """", ""state"": """", ""zip"": """"}'}",3,2,4002,1006807,East Village,Summons Issued,"Droppings, Burrows",,
PC8713154,2026-09-23T11:55:21.000,Treatments,114,PULASKI STREET,11206,Brooklyn,Bait applied,3017750128,3,1775,128,40.692602050658,-73.947059469784,"{'latitude': '40.692602050658', 'longitude': '-73.947059469784', 'human_address': '{""address"": """", ""city"": """", ""state"": """", ""zip"": """"}'}",3,36,261,3391974,Bedford-Stuyvesant (West),,,,
PC8779073,2026-09-23T11:56:29.000,Initial,568,WEST  149 STREET,10031,Manhattan,Failed for Rat Activity,1020800059,1,2080,59,40.828497975832,-73.947496559881,"{'latitude': '40.828497975832', 'longitude': '-73.947496559881', 'human_address': '{""address"": """", ""city"": """", ""state"": """", ""zip"": """"}'}",9,7,233,1062060,Hamilton Heights-Sugar Hill,,"Droppings, Burrows",998780,241128
PC8717979,2026-09-23T11:56:34.000,Compliance,2283,1 AVENUE,10035,Manhattan,Failed for Rat Activity,1016890026,1,1689,26,40.796937841684,-73.934732405356,"{'latitude': '40.796937841684', 'longitude': '-73.934732405356', 'human_address': '{""address"": """", ""city"": """", ""state"": """", ""zip"": """"}'}",11,8,188,1052990,East Harlem (North),Summons Issued,Burrows,,
PC8683335,2026-09-23T11:57:00.000,Treatments,357,HALSEY STREET,11216,Brooklyn,Bait applied,3018410046,3,1841,46,40.683098185344,-73.938633680858,"{'latitude': '40.683098185344', 'longitude': '-73.938633680858', 'human_address': '{""address"": """", ""city"": """", ""state"": """", ""zip"": """"}'}",3,36,275,3052906,Bedford-Stuyvesant (East),,,,
PC8766227,2026-09-23T11:58:42.000,Compliance,936,SENECA AVENUE,11385,Queens,Failed for Rat Activity,4035610036,4,3561,36,40.700132522723,-73.903209640882,"{'latitude': '40.700132522723', 'longitude': '-73.903209640882', 'human_address': '{""address"": """", ""city"": """", ""state"": """", ""zip"": """"}'}",5,34,553,4085891,Ridgewood,,"Droppings, Burrows",,
PC8756671,2026-09-23T11:59:31.000,Compliance,1198,CLAY AVENUE,10456,Bronx,Failed for Rat Activity,2024260058,2,2426,58,40.832087394521,-73.91076460338,"{'latitude': '40.832087394521', 'longitude': '-73.91076460338', 'human_address': '{""address"": """", ""city"": """", ""state"": """", ""zip"": """"}'}",4,16,17701,2002081,Concourse-Concourse Village,Summons Issued,"Droppings, Burrows",,
PC8750707,2026-09-23T11:59:58.000,Compliance,16-63,HANCOCK STREET,11385,Queens,Failed for Other Reason,4035480073,4,3548,73,40.698416313959,-73.905632019802,"{'latitude': '40.698416313959', 'longitude': '-73.905632019802', 'human_address': '{""address"": """", ""city"": """", ""state"": """", ""zip"": """"}'}",5,34,553,4085543,Ridgewood,,Harborage,,
PC8749979,2026-09-23T12:00:03.000,Compliance,2778,BRIGGS AVENUE,10458,Bronx,Failed for Rat Activity,2032950024,2,3295,24,40.867871972412,-73.89026656037,"{'latitude': '40.867871972412', 'longitude': '-73.89026656037', 'human_address': '{""address"": """", ""city"": """", ""state"": """", ""zip"": """"}'}",7,15,40501,2000000,Bedford Park,,"Droppings, Burrows",,
PC8778193,2026-09-23T12:00:10.000,Initial,2735,YATES AVENUE,10469,Bronx,Failed for Other Reason,2045210051,2,4521,51,40.866021067438,-73.85475817322,"{'latitude': '40.866021067438', 'longitude': '-73.85475817322', 'human_address': '{""address"": """", ""city"": """", ""state"": """", ""zip"": """"}'}",11,13,348,2054041,Pelham Gardens,,"Harborage, Mice",1024422,254828
PC8779621,2026-09-23T12:00:30.000,Initial,111,NOSTRAND AVENUE,11206,Brooklyn,Failed for Rat Activity and Other Reason,3017380001,3,1738,1,40.696161745677,-73.952707627868,"{'latitude': '40.696161745677', 'longitude': '-73.952707627868', 'human_address': '{""address"": """", ""city"": """", ""state"": """", ""zip"": """"}'}",3,36,255,3324242,Bedford-Stuyvesant (West),City Agency Referral,"Droppings, Burrows, Garbage, Harborage",,
PC8779051,2026-09-23T12:01:00.000,Stoppage,311,Pleasant Ave,10035,Manhattan,Stoppage done,1017100027,1,1710,27,40.795506730118,-73.932830472211,"{'latitude': '40.795506730118', 'longitude': '-73.932830472211', 'human_address': '{""address"": """", ""city"": """", ""state"": """", ""zip"": """"}'}",11,8,178,1053087,East Harlem (North),,,,
PC8777400,2026-09-23T12:01:19.000,Initial,400,RIVERSIDE DRIVE,10025,Manhattan,Failed for Rat Activity,1018950001,1,1895,1,40.806327792129,-73.967294756934,"{'latitude': '40.806327792129', 'longitude': '-73.967294756934', 'human_address': '{""address"": """", ""city"": """", ""state"": """", ""zip"": """"}'}",9,7,199,1057333,Morningside Heights,,Burrows,,
PC8755609,2026-09-23T12:01:21.000,Compliance,61,WEST   74 STREET,10023,Manhattan,Failed for Rat Activity,1011270001,1,1127,1,40.778223828694,-73.976631472177,"{'latitude': '40.778223828694', 'longitude': '-73.976631472177', 'human_address': '{""address"": """", ""city"": """", ""state"": """", ""zip"": """"}'}",7,6,161,1028692,Upper West Side (Central),,Droppings,990722,222808
PC8771416,2026-09-23T12:03:47.000,Compliance,1088,DEAN STREET,11216,Brooklyn,Failed for Rat Activity,3012110028,3,1211,28,40.67726998782,-73.953997326115,"{'latitude': '40.67726998782', 'longitude': '-73.953997326115', 'human_address': '{""address"": """", ""city"": """", ""state"": """", ""zip"": """"}'}",8,35,221,3030265,Crown Heights (North),Summons Issued,"Burrows, Runways",,
PC8779095,2026-09-23T12:04:00.000,Initial,349,12 STREET,11215,Brooklyn,Failed for Other Reason,3010240084,3,1024,84,40.666032891191,-73.985026427744,"{'latitude': '40.666032891191', 'longitude': '-73.985026427744', 'human_address': '{""address"": """", ""city"": """", ""state"": """", ""zip"": """"}'}",6,39,151,3023056,Park Slope,,Harborage,988404,181933
PC8698763,2026-09-23T12:05:23.000,Treatments,1466,JESUP AVENUE,10452,Bronx,Bait applied,2028720307,2,2872,307,40.842702344947,-73.9196196221,"{'latitude': '40.842702344947', 'longitude': '-73.9196196221', 'human_address': '{""address"": """", ""city"": """", ""state"": """", ""zip"": """"}'}",4,16,21302,2008713,Mount Eden-Claremont (West),,,,
PC8764271,2026-09-23T12:05:34.000,Compliance,2336,1 AVENUE,10035,Manhattan,Failed for Rat Activity and Other Reason,1018070046,1,1807,46,40.798424859456,-73.933622115215,"{'latitude': '40.798424859456', 'longitude': '-73.933622115215', 'human_address': '{""address"": """", ""city"": """", ""state"": """", ""zip"": """"}'}",11,8,192,1054880,East Harlem (North),Summons Issued,"Burrows, Garbage",,
PC8756989,2026-09-23T12:07:31.000,Compliance,1202,CLAY AVENUE,10456,Bronx,Failed for Rat Activity,2024260059,2,2426,59,40.832369981665,-73.910608835379,"{'latitude': '40.832369981665', 'longitude': '-73.910608835379', 'human_address': '{""address"": """", ""city"": """", ""state"": """", ""zip"": """"}'}",4,16,17701,2002082,Concourse-Concourse Village,Summons Issued,"Droppings, Burrows",,
PC8779536,2026-09-23T12:09:00.000,Initial,540,WEST  126 STREET,10027,Manhattan,Failed for Rat Activity and Other Reason,1019820047,1,1982,47,40.815236462755,-73.956668941444,"{'latitude': '40.815236462755', 'longitude': '-73.956668941444', 'human_address': '{""address"": """", ""city"": """", ""state"": """", ""zip"": """"}'}",9,7,219,1079730,Manhattanville-West Harlem,,"Droppings, Garbage, Mice",996244,236295
PC8758227,2026-09-23T12:09:00.000,Compliance,760,WEST END AVENUE,10025,Manhattan,Failed for Rat Activity,1018690001,1,1869,1,40.79601168212,-73.972637908623,"{'latitude': '40.79601168212', 'longitude': '-73.972637908623', 'human_address': '{""address"": """", ""city"": """", ""state"": """", ""zip"": """"}'}",7,7,183,1056372,Upper West Side (Central),Summons Issued,Droppings,991826,229289
PC8766254,2026-09-23T12:10:31.000,Compliance,952,SENECA AVENUE,11385,Queens,Failed for Rat Activity,4035620026,4,3562,26,40.699929107788,-73.902852898067,"{'latitude': '40.699929107788', 'longitude': '-73.902852898067', 'human_address': '{""address"": """", ""city"": """", ""state"": """", ""zip"": """"}'}",5,34,555,4085901,Ridgewood,,Burrows,,
PC8750086,2026-09-23T12:10:31.000,Compliance,262,EAST 197 STREET,10458,Bronx,Failed for Rat Activity and Other Reason,2032950030,2,3295,30,40.868222646323,-73.889586242829,"{'latitude': '40.868222646323', 'longitude': '-73.889586242829', 'human_address': '{""address"": """", ""city"": """", ""state"": """", ""zip"": """"}'}",7,15,40501,2016873,Bedford Park,Summons Issued,"Droppings, Burrows, Harborage",,
PC8750864,2026-09-23T12:11:18.000,Compliance,16-61,HANCOCK STREET,11385,Queens,Failed for Rat Activity,4035480074,4,3548,74,40.698386145229,-73.905660913657,"{'latitude': '40.698386145229', 'longitude': '-73.905660913657', 'human_address': '{""address"": """", ""city"": """", ""state"": """", ""zip"": """"}'}",5,34,553,4085544,Ridgewood,,Burrows,,
PC8780098,2026-09-23T12:12:00.000,Initial,,,11201,Brooklyn,Failed for Rat Activity,,3,384,22,,,,,,,,,,Burrows,,
PC8756771,2026-09-23T12:16:31.000,Compliance,1208,CLAY AVENUE,10456,Bronx,Failed for Rat Activity,2024260060,2,2426,60,40.832468750017,-73.910554497133,"{'latitude': '40.832468750017', 'longitude': '-73.910554497133', 'human_address': '{""address"": """", ""city"": """", ""state"": """", ""zip"": """"}'}",4,16,17701,2002083,Concourse-Concourse Village,,Droppings,,
PC8730322,2026-09-23T12:16:46.000,Treatments,120,WEST 169 STREET,10452,Bronx,Bait applied,2025180036,2,2518,36,40.839933270033,-73.924194786295,"{'latitude': '40.839933270033', 'longitude': '-73.924194786295', 'human_address': '{""address"": """", ""city"": """", ""state"": """", ""zip"": """"}'}",4,16,211,2128510,Highbridge,,,,
PC8777494,2026-09-23T12:17:19.000,Initial,614,WEST 113 STREET,10025,Manhattan,Failed for Rat Activity,1018950129,1,1895,129,40.806445505668,-73.966221860909,"{'latitude': '40.806445505668', 'longitude': '-73.966221860909', 'human_address': '{""address"": """", ""city"": """", ""state"": """", ""zip"": """"}'}",9,7,199,1057361,Morningside Heights,,Droppings,,
PC8765502,2026-09-23T12:18:29.000,Compliance,24,ST NICHOLAS PLACE,10031,Manhattan,Failed for Rat Activity and Other Reason,1020540033,1,2054,33,40.827968278601,-73.941874494157,"{'latitude': '40.827968278601', 'longitude': '-73.941874494157', 'human_address': '{""address"": """", ""city"": """", ""state"": """", ""zip"": """"}'}",9,9,23501,1061176,Hamilton Heights-Sugar Hill,Summons Issued,"Burrows, Harborage",,
PC8779548,2026-09-23T12:19:14.000,Initial,1225,61 STREET,11219,Brooklyn,Failed for Other Reason,3057180063,3,5718,63,40.629168720266,-74.000634060525,"{'latitude': '40.629168720266', 'longitude': '-74.000634060525', 'human_address': '{""address"": """", ""city"": """", ""state"": """", ""zip"": """"}'}",12,44,192,3141295,Borough Park,,Harborage,984074,168502
PC8718350,2026-09-23T12:19:22.000,Compliance,2472,CAMBRELENG AVENUE,10458,Bronx,Failed for Rat Activity,2030910048,2,3091,48,40.856491372374,-73.883724220177,"{'latitude': '40.856491372374', 'longitude': '-73.883724220177', 'human_address': '{""address"": """", ""city"": """", ""state"": """", ""zip"": """"}'}",6,15,389,2012589,Belmont,Summons Issued,Burrows,1016415,251344
PC8779786,2026-09-23T12:20:00.000,Initial,849,BUSHWICK AVENUE,11221,Brooklyn,Failed for Rat Activity,3032640009,3,3264,9,40.694160730317,-73.926510425342,"{'latitude': '40.694160730317', 'longitude': '-73.926510425342', 'human_address': '{""address"": """", ""city"": """", ""state"": """", ""zip"": """"}'}",4,34,395,3074347,Bushwick (East),,Droppings,1004629,192189
PC8526938,2026-09-23T12:20:06.000,Treatments,1584,EAST 172 STREET,10472,Bronx,Bait applied,2037760040,2,3776,40,40.831537136357,-73.876706985387,"{'latitude': '40.831537136357', 'longitude': '-73.876706985387', 'human_address': '{""address"": """", ""city"": """", ""state"": """", ""zip"": """"}'}",9,17,54,2025347,Soundview-Bruckner-Bronx River,,,,
PC8777655,2026-09-23T12:20:10.000,Initial,1290,ARNOW AVENUE,10469,Bronx,Failed for Other Reason,2045270041,2,4527,41,40.86754847734,-73.849400141539,"{'latitude': '40.86754847734', 'longitude': '-73.849400141539', 'human_address': '{""address"": """", ""city"": """", ""state"": """", ""zip"": """"}'}",11,13,350,2054274,Pelham Gardens,,Harborage,1025903,255387
PC8777401,2026-09-23T12:20:19.000,Initial,610,WEST 113 STREET,10025,Manhattan,Failed for Rat Activity,1018950028,1,1895,28,40.806404303618,-73.966117126741,"{'latitude': '40.806404303618', 'longitude': '-73.966117126741', 'human_address': '{""address"": """", ""city"": """", ""state"": """", ""zip"": """"}'}",9,7,199,1057340,Morningside Heights,,Burrows,,
PC8750001,2026-09-23T12:20:51.000,Compliance,2777,BAINBRIDGE AVENUE,10458,Bronx,Failed for Rat Activity,2032950069,2,3295,69,40.867508913527,-73.889478965034,"{'latitude': '40.867508913527', 'longitude': '-73.889478965034', 'human_address': '{""address"": """", ""city"": """", ""state"": """", ""zip"": """"}'}",7,15,40501,2016889,Bedford Park,Summons Issued,Burrows,,
PC8753026,2026-09-23T12:23:21.000,Compliance,114,W 130th st,10027,Manhattan,Failed for Rat Activity,1019140140,1,1914,140,40.811237335988,-73.943908555758,"{'latitude': '40.811237335988', 'longitude': '-73.943908555758', 'human_address': '{""address"": """", ""city"": """", ""state"": """", ""zip"": """"}'}",10,9,224,1058018,Harlem (North),,"Droppings, Burrows",,
PC8682225,2026-09-23T12:23:22.000,Compliance,332,EAST 6 STREET,10003,Manhattan,Failed for Rat Activity and Other Reason,1004470022,1,447,22,40.727008316752,-73.987642852533,"{'latitude': '40.727008316752', 'longitude': '-73.987642852533', 'human_address': '{""address"": """", ""city"": """", ""state"": """", ""zip"": """"}'}",3,2,38,1006238,East Village,Summons Issued,"Droppings, Garbage, Harborage",,
PC8776789,2026-09-23T12:24:00.000,Initial,510,EAST 117 STREET,10035,Manhattan,Failed for Rat Activity,1017150046,1,1715,46,40.795627278708,-73.93245473741,"{'latitude': '40.795627278708', 'longitude': '-73.93245473741', 'human_address': '{""address"": """", ""city"": """", ""state"": """", ""zip"": """"}'}",11,8,178,1081450,East Harlem (North),,Burrows,,
PC8651923,2026-09-23T12:24:18.000,Compliance,31,CLINTON PLACE,10453,Bronx,Failed for Rat Activity,2031950028,2,3195,28,40.856860623218,-73.906357087702,"{'latitude': '40.856860623218', 'longitude': '-73.906357087702', 'human_address': '{""address"": """", ""city"": """", ""state"": """", ""zip"": """"}'}",5,14,251,2014187,University Heights (South)-Morris Heights,Summons Issued,"Droppings, Burrows",,
PC8612521,2026-09-23T12:24:25.000,Compliance,314,EAST 194 STREET,10458,Bronx,Failed for Rat Activity,2032870008,2,3287,12,40.864393072401,-73.89176187246,"{'latitude': '40.864393072401', 'longitude': '-73.89176187246', 'human_address': '{""address"": """", ""city"": """", ""state"": """", ""zip"": """"}'}",7,15,39901,2016607,University Heights (North)-Fordham,Summons Issued,Burrows,,
PC8469432,2026-09-23T12:24:38.000,Treatments,189,PULASKI STREET,11206,Brooklyn,Bait applied,3017720058,3,1772,58,40.692990272523,-73.94383171958,"{'latitude': '40.692990272523', 'longitude': '-73.94383171958', 'human_address': '{""address"": """", ""city"": """", ""state"": """", ""zip"": """"}'}",3,36,261,3049392,Bedford-Stuyvesant (West),,,,
PC8767503,2026-09-23T12:27:49.000,Compliance,969,SENECA AVENUE,11385,Queens,Failed for Rat Activity,4035730001,4,3573,1,40.69971192801,-73.902449293852,"{'latitude': '40.69971192801', 'longitude': '-73.902449293852', 'human_address': '{""address"": """", ""city"": """", ""state"": """", ""zip"": """"}'}",5,34,557,4086219,Ridgewood,,"Droppings, Burrows",,
PC8765316,2026-09-23T12:28:29.000,Compliance,26,ST NICHOLAS PLACE,10031,Manhattan,Failed for Rat Activity and Other Reason,1020540032,1,2054,32,40.82803138383,-73.941827464281,"{'latitude': '40.82803138383', 'longitude': '-73.941827464281', 'human_address': '{""address"": """", ""city"": """", ""state"": """", ""zip"": """"}'}",9,9,23501,1061175,Hamilton Heights-Sugar Hill,Summons Issued,"Burrows, Harborage",,
PC8775888,2026-09-23T12:30:06.000,Initial,550,WEST  126 STREET,10027,Manhattan,Failed for Rat Activity and Other Reason,1019820068,1,1982,68,40.81563183342,-73.957008281504,"{'latitude': '40.81563183342', 'longitude': '-73.957008281504', 'human_address': '{""address"": """", ""city"": """", ""state"": """", ""zip"": """"}'}",9,7,219,1059715,Manhattanville-West Harlem,,"Droppings, Burrows, Runways, Rats, Garbage, Harborage",996150,236439
PC8780100,2026-09-23T12:32:00.000,Initial,,,11201,Brooklyn,Failed for Rat Activity,,3,390,70,,,,,,,,,,Burrows,,
PC8771946,2026-09-23T12:32:07.000,Compliance,993,BERGEN STREET,11216,Brooklyn,Failed for Rat Activity,3012110060,3,1211,60,40.676485058569,-73.954188944331,"{'latitude': '40.676485058569', 'longitude': '-73.954188944331', 'human_address': '{""address"": """", ""city"": """", ""state"": """", ""zip"": """"}'}",8,35,221,3030283,Crown Heights (North),Summons Issued,Burrows,,
PC8756800,2026-09-23T12:32:31.000,Compliance,382,EAST 168 STREET,10456,Bronx,Failed for Rat Activity and Other Reason,2024260062,2,2426,62,40.832490513515,-73.910305124522,"{'latitude': '40.832490513515', 'longitude': '-73.910305124522', 'human_address': '{""address"": """", ""city"": """", ""state"": """", ""zip"": """"}'}",4,16,17701,2002085,Concourse-Concourse Village,,"Burrows, Harborage",,
PC8651661,2026-09-23T12:32:54.000,Compliance,2184,DAVIDSON AVENUE,10453,Bronx,Failed for Rat Activity,2031950159,2,3195,159,40.857269067728,-73.905720266559,"{'latitude': '40.857269067728', 'longitude': '-73.905720266559', 'human_address': '{""address"": """", ""city"": """", ""state"": """", ""zip"": """"}'}",5,14,251,2115082,University Heights (South)-Morris Heights,Summons Issued,Burrows,,
PC8774345,2026-09-23T12:33:00.000,Initial,343,WEST   25 STREET,10001,Manhattan,Failed for Rat Activity,1007490015,1,749,15,40.747254357293,-73.999159096722,"{'latitude': '40.747254357293', 'longitude': '-73.999159096722', 'human_address': '{""address"": """", ""city"": """", ""state"": """", ""zip"": """"}'}",4,3,93,1068012,Chelsea-Hudson Yards,,Burrows,984483,211524
PC8777009,2026-09-23T12:34:00.000,Initial,316,PLEASANT AVENUE,10035,Manhattan,Failed for Other Reason,1017150049,1,1715,49,40.795558844406,-73.932769021259,"{'latitude': '40.795558844406', 'longitude': '-73.932769021259', 'human_address': '{""address"": """", ""city"": """", ""state"": """", ""zip"": """"}'}",11,8,178,1053165,East Harlem (North),,Harborage,,
PC8778298,2026-09-23T12:34:00.000,Initial,510,6 AVENUE,11215,Brooklyn,Failed for Other Reason,3010350039,3,1035,39,40.665478579231,-73.98608269616,"{'latitude': '40.665478579231', 'longitude': '-73.98608269616', 'human_address': '{""address"": """", ""city"": """", ""state"": """", ""zip"": """"}'}",6,39,14101,3023462,Park Slope,,"Harborage, Animal Nuisance",988111,181731
PC8733152,2026-09-23T12:34:23.000,Treatments,1565,TOWNSEND AVENUE,10452,Bronx,Bait applied,2028460041,2,2846,41,40.843420338205,-73.914262409114,"{'latitude': '40.843420338205', 'longitude': '-73.914262409114', 'human_address': '{""address"": """", ""city"": """", ""state"": """", ""zip"": """"}'}",4,16,209,2008141,Mount Eden-Claremont (West),,,,
PC8527044,2026-09-23T12:35:53.000,Treatments,1561,WESTCHESTER AVENUE,10472,Bronx,Bait applied,2037750007,2,3775,7,40.828779163752,-73.877167412725,"{'latitude': '40.828779163752', 'longitude': '-73.877167412725', 'human_address': '{""address"": """", ""city"": """", ""state"": """", ""zip"": """"}'}",9,17,54,2090512,Soundview-Bruckner-Bronx River,,,,
PC8764595,2026-09-23T12:36:11.000,Compliance,280,LIVONIA AVENUE,11212,Brooklyn,Failed for Rat Activity,3035900011,3,3590,11,40.662757656172,-73.90744883621,"{'latitude': '40.662757656172', 'longitude': '-73.90744883621', 'human_address': '{""address"": """", ""city"": """", ""state"": """", ""zip"": """"}'}",16,41,918,3326581,Brownsville,Summons Issued,Burrows,1009927,180753
PC8768570,2026-09-23T12:36:47.000,Compliance,34,WEST 74 STREET,10023,Manhattan,Failed for Rat Activity,1011260050,1,1126,50,40.777973944558,-73.976089955441,"{'latitude': '40.777973944558', 'longitude': '-73.976089955441', 'human_address': '{""address"": """", ""city"": """", ""state"": """", ""zip"": """"}'}",7,6,157,1028680,Upper West Side-Lincoln Square,Summons Issued,Droppings,990872,222717
PC8667230,2026-09-23T12:36:49.000,Compliance,319,EAST 115 STREET,10029,Manhattan,Failed for Rat Activity and Other Reason,1016870011,1,1687,11,40.796028193205,-73.937626258154,"{'latitude': '40.796028193205', 'longitude': '-73.937626258154', 'human_address': '{""address"": """", ""city"": """", ""state"": """", ""zip"": """"}'}",11,8,188,1052904,East Harlem (North),Summons Issued,"Droppings, Burrows, Runways, Garbage",,
PC8780101,2026-09-23T12:37:00.000,Initial,,,11201,Brooklyn,Failed for Rat Activity,,3,390,58,,,,,,,,,,Droppings,,
PC8776954,2026-09-23T12:37:00.000,Initial,314,PLEASANT AVENUE,10035,Manhattan,Failed for Rat Activity,1017150050,1,1715,50,40.795501230056,-73.932812419513,"{'latitude': '40.795501230056', 'longitude': '-73.932812419513', 'human_address': '{""address"": """", ""city"": """", ""state"": """", ""zip"": """"}'}",11,8,178,1053166,East Harlem (North),,Droppings,,
PC8773740,2026-09-23T12:37:00.000,Compliance,2651,BROADWAY,10025,Manhattan,Failed for Rat Activity,1018720054,1,1872,54,40.79758092878,-73.969653942332,"{'latitude': '40.79758092878', 'longitude': '-73.969653942332', 'human_address': '{""address"": """", ""city"": """", ""state"": """", ""zip"": """"}'}",7,7,187,1056487,Upper West Side-Manhattan Valley,Summons Issued,Droppings,,
PC8776688,2026-09-23T12:37:06.000,Initial,565,WEST  125 STREET,10027,Manhattan,Failed for Other Reason,1019820063,1,1982,63,40.815247901214,-73.957904487224,"{'latitude': '40.815247901214', 'longitude': '-73.957904487224', 'human_address': '{""address"": """", ""city"": """", ""state"": """", ""zip"": """"}'}",9,7,219,1059712,Manhattanville-West Harlem,,Animal Nuisance,995902,236299
PC8711707,2026-09-23T12:38:21.000,Compliance,WEST,131 STREET,10027,Manhattan,Failed for Other Reason,,1,1916,16,,,,,,,,,Summons Issued,"Garbage, Harborage",,
PC8776793,2026-09-23T12:40:00.000,Initial,312,PLEASANT AVENUE,10035,Manhattan,Failed for Rat Activity,1017150150,1,1715,150,40.79544087094,-73.932855820471,"{'latitude': '40.79544087094', 'longitude': '-73.932855820471', 'human_address': '{""address"": """", ""city"": """", ""state"": """", ""zip"": """"}'}",11,8,178,1053169,East Harlem (North),,Gnawing,,
PC8651608,2026-09-23T12:40:09.000,Compliance,17,WEST 182 STREET,10453,Bronx,Failed for Rat Activity,2031960023,2,3196,23,40.857326478361,-73.905441827938,"{'latitude': '40.857326478361', 'longitude': '-73.905441827938', 'human_address': '{""address"": """", ""city"": """", ""state"": """", ""zip"": """"}'}",5,14,239,2014206,Fordham Heights,Summons Issued,"Droppings, Burrows, Runways",,
PC8750416,2026-09-23T12:40:44.000,Compliance,266,EAST 198 STREET,10458,Bronx,Failed for Rat Activity and Other Reason,2032950045,2,3295,45,40.868886186873,-73.888876468115,"{'latitude': '40.868886186873', 'longitude': '-73.888876468115', 'human_address': '{""address"": """", ""city"": """", ""state"": """", ""zip"": """"}'}",7,15,40501,2016879,Bedford Park,Summons Issued,"Burrows, Harborage",,
PC8756899,2026-09-23T12:42:31.000,Compliance,1175,WEBSTER AVENUE,10456,Bronx,Failed for Rat Activity and Other Reason,2024260075,2,2426,75,40.831269020679,-73.910198369438,"{'latitude': '40.831269020679', 'longitude': '-73.910198369438', 'human_address': '{""address"": """", ""city"": """", ""state"": """", ""zip"": """"}'}",4,16,17701,2002087,Concourse-Concourse Village,,"Burrows, Animal Nuisance",,
PC8772813,2026-09-23T12:42:50.000,Compliance,963,BERGEN STREET,11216,Brooklyn,Failed for Other Reason,3012110074,3,1211,74,40.676658306439,-73.955014413915,"{'latitude': '40.676658306439', 'longitude': '-73.955014413915', 'human_address': '{""address"": """", ""city"": """", ""state"": """", ""zip"": """"}'}",8,35,221,3030296,Crown Heights (North),Summons Issued,Harborage,,
PC8764318,2026-09-23T12:45:09.000,Compliance,2138,BROADWAY,10023,Manhattan,Failed for Rat Activity,1011677501,1,1167,7501,40.781125882719,-73.981263195974,"{'latitude': '40.781125882719', 'longitude': '-73.981263195974', 'human_address': '{""address"": """", ""city"": """", ""state"": """", ""zip"": """"}'}",7,6,163,1030839,Upper West Side (Central),Summons Issued,Burrows,989439,223865
PC8765465,2026-09-23T12:45:29.000,Compliance,38,ST NICHOLAS PLACE,10031,Manhattan,Failed for Rat Activity,1020540096,1,2054,96,40.828530740999,-73.941462067251,"{'latitude': '40.828530740999', 'longitude': '-73.941462067251', 'human_address': '{""address"": """", ""city"": """", ""state"": """", ""zip"": """"}'}",9,9,23501,1061192,Hamilton Heights-Sugar Hill,Summons Issued,Burrows,,
PC8779783,2026-09-23T12:45:57.000,Initial,851,BUSHWICK AVENUE,11221,Brooklyn,Failed for Rat Activity,3032640008,3,3264,8,40.694097528853,-73.92639870494,"{'latitude': '40.694097528853', 'longitude': '-73.92639870494', 'human_address': '{""address"": """", ""city"": """", ""state"": """", ""zip"": """"}'}",4,34,395,3074346,Bushwick (East),,Rats,1004660,192166
PC8776798,2026-09-23T12:49:00.000,Initial,306,PLEASANT AVENUE,10035,Manhattan,Failed for Rat Activity,1017150003,1,1715,3,40.795262538241,-73.932986020096,"{'latitude': '40.795262538241', 'longitude': '-73.932986020096', 'human_address': '{""address"": """", ""city"": """", ""state"": """", ""zip"": """"}'}",11,8,178,1053156,East Harlem (North),,Gnawing,,
PC8767657,2026-09-23T12:49:00.000,Compliance,6518,13 AVENUE,11219,Brooklyn,Failed for Other Reason,3057530046,3,5753,46,40.625814583993,-74.001703951695,"{'latitude': '40.625814583993', 'longitude': '-74.001703951695', 'human_address': '{""address"": """", ""city"": """", ""state"": """", ""zip"": """"}'}",10,43,194,3328859,Dyker Heights,Summons Issued,Harborage,983777,167280
PC8773301,2026-09-23T12:49:17.000,Initial,1655,UNDERCLIFF AVENUE,10453,Bronx,Failed for Rat Activity and Other Reason,2028800115,2,2880,115,40.849417444545,-73.921758544306,"{'latitude': '40.849417444545', 'longitude': '-73.921758544306', 'human_address': '{""address"": """", ""city"": """", ""state"": """", ""zip"": """"}'}",5,14,20501,2009182,University Heights (South)-Morris Heights,,"Droppings, Burrows, Rats, Harborage, Animal Nuisance",,
PC8654648,2026-09-23T12:50:08.000,Treatments,1050,ELDER AVENUE,10472,Bronx,Bait applied,2037140027,2,3714,27,40.82494323185,-73.878312697997,"{'latitude': '40.82494323185', 'longitude': '-73.878312697997', 'human_address': '{""address"": """", ""city"": """", ""state"": """", ""zip"": """"}'}",9,18,5001,2023471,Soundview-Bruckner-Bronx River,,,,
PC8725626,2026-09-23T12:50:23.000,Treatments,NELSON,AVENUE,10452,Bronx,Bait applied,,2,2873,185,,,,,,,,,,,,
PC8749997,2026-09-23T12:50:58.000,Compliance,260,EAST 198 STREET,10458,Bronx,Failed for Rat Activity,2032950043,2,3295,43,40.868938413515,-73.888955925011,"{'latitude': '40.868938413515', 'longitude': '-73.888955925011', 'human_address': '{""address"": """", ""city"": """", ""state"": """", ""zip"": """"}'}",7,15,40501,2016878,Bedford Park,Summons Issued,Burrows,,
PC8758791,2026-09-23T12:51:39.000,Treatments,560,PROSPECT PLACE,11238,Brooklyn,Bait applied,3011630031,3,1163,31,40.675416133567,-73.958213000809,"{'latitude': '40.675416133567', 'longitude': '-73.958213000809', 'human_address': '{""address"": """", ""city"": """", ""state"": """", ""zip"": """"}'}",8,35,305,3029001,Crown Heights (North),,,,
PC8767399,2026-09-23T12:52:30.000,Compliance,57-22,MYRTLE AVENUE,11385,Queens,Failed for Rat Activity,4035720008,4,3572,8,40.700445155073,-73.90288820804,"{'latitude': '40.700445155073', 'longitude': '-73.90288820804', 'human_address': '{""address"": """", ""city"": """", ""state"": """", ""zip"": """"}'}",5,34,553,4086218,Ridgewood,,"Droppings, Burrows",,
PC8756778,2026-09-23T12:52:31.000,Compliance,1147,WEBSTER AVENUE,10456,Bronx,Failed for Rat Activity and Other Reason,2024260017,2,2426,17,40.830297808741,-73.910745331448,"{'latitude': '40.830297808741', 'longitude': '-73.910745331448', 'human_address': '{""address"": """", ""city"": """", ""state"": """", ""zip"": """"}'}",4,16,143,2002071,Concourse-Concourse Village,Summons Issued,"Burrows, Harborage",,
PC8766375,2026-09-23T12:53:51.000,Compliance,342,WEST END AVENUE,10024,Manhattan,Failed for Rat Activity,1011680002,1,1168,2,40.782525898328,-73.982476078411,"{'latitude': '40.782525898328', 'longitude': '-73.982476078411', 'human_address': '{""address"": """", ""city"": """", ""state"": """", ""zip"": """"}'}",7,6,163,1030852,Upper West Side (Central),Summons Issued,Droppings,989119,224404
PC8766376,2026-09-23T12:55:43.000,Compliance,346,WEST END AVENUE,10024,Manhattan,Failed for Rat Activity,1011680004,1,1168,4,40.782624698379,-73.982403833277,"{'latitude': '40.782624698379', 'longitude': '-73.982403833277', 'human_address': '{""address"": """", ""city"": """", ""state"": """", ""zip"": """"}'}",7,6,163,1030854,Upper West Side (Central),Summons Issued,Droppings,989139,224438
PC8767087,2026-09-23T12:58:59.000,Compliance,253,WEST   76 STREET,10023,Manhattan,Failed for Rat Activity,1011680104,1,1168,104,40.78204270932,-73.981754022091,"{'latitude': '40.78204270932', 'longitude': '-73.981754022091', 'human_address': '{""address"": """", ""city"": """", ""state"": """", ""zip"": """"}'}",7,6,163,1030874,Upper West Side (Central),,Droppings,989303,224199
PC8778301,2026-09-23T12:59:25.000,Initial,496,EAST  189 STREET,10458,Bronx,Failed for Rat Activity,2030580018,2,3058,18,40.859052159913,-73.889232783989,"{'latitude': '40.859052159913', 'longitude': '-73.889232783989', 'human_address': '{""address"": """", ""city"": """", ""state"": """", ""zip"": """"}'}",6,15,387,2011774,Belmont,,Gnawing,1014890,252275
PC8563798,2026-09-23T13:00:00.000,Compliance,472A,GREENE AVENUE,11216,Brooklyn,Failed for Rat Activity and Other Reason,3017970047,3,1797,47,40.688264826861,-73.952212041039,"{'latitude': '40.688264826861', 'longitude': '-73.952212041039', 'human_address': '{""address"": """", ""city"": """", ""state"": """", ""zip"": """"}'}",3,36,243,3050362,Bedford-Stuyvesant (West),Summons Issued,"Droppings, Burrows, Runways, Harborage",,
PC8756028,2026-09-23T13:00:04.000,Treatments,435,EAST   92 STREET,11212,Brooklyn,Bait applied,3046670046,3,4667,46,40.65560909668,-73.920541499488,"{'latitude': '40.65560909668', 'longitude': '-73.920541499488', 'human_address': '{""address"": """", ""city"": """", ""state"": """", ""zip"": """"}'}",17,41,886,3101778,East Flatbush-Remsen Village,,,1006297,178145
PC8773198,2026-09-23T13:02:14.000,Initial,1355,64 STREET,11219,Brooklyn,Failed for Other Reason,3057400058,3,5740,58,40.625872236754,-73.999708202522,"{'latitude': '40.625872236754', 'longitude': '-73.999708202522', 'human_address': '{""address"": """", ""city"": """", ""state"": """", ""zip"": """"}'}",10,43,194,3141865,Dyker Heights,,"Garbage, Harborage",984331,167301
PC8765364,2026-09-23T13:02:29.000,Compliance,377,EDGECOMBE AVENUE,10031,Manhattan,Failed for Rat Activity and Other Reason,1020540022,1,2054,22,40.827948476412,-73.940721830082,"{'latitude': '40.827948476412', 'longitude': '-73.940721830082', 'human_address': '{""address"": """", ""city"": """", ""state"": """", ""zip"": """"}'}",9,9,23501,1061170,Hamilton Heights-Sugar Hill,,"Droppings, Burrows, Rats, Harborage",,
PC8756853,2026-09-23T13:02:31.000,Compliance,1100,CLAY AVENUE,10456,Bronx,Failed for Rat Activity,2024260002,2,2426,2,40.829695000117,-73.912086758262,"{'latitude': '40.829695000117', 'longitude': '-73.912086758262', 'human_address': '{""address"": """", ""city"": """", ""state"": """", ""zip"": """"}'}",4,16,143,2002066,Concourse-Concourse Village,Summons Issued,Burrows,,
PC8634803,2026-09-23T13:04:21.000,Compliance,2259,ADAM C POWELL BLVD,10027,Manhattan,Failed for Rat Activity and Other Reason,1019170061,1,1917,61,40.813905616043,-73.944708307853,"{'latitude': '40.813905616043', 'longitude': '-73.944708307853', 'human_address': '{""address"": """", ""city"": """", ""state"": """", ""zip"": """"}'}",10,9,226,1058189,Harlem (North),Summons Issued,"Droppings, Burrows, Garbage",,
PC8695655,2026-09-23T13:05:00.000,Compliance,453,GREENE AVENUE,11216,Brooklyn,Failed for Rat Activity,3017930080,3,1793,80,40.688204713543,-73.952868343361,"{'latitude': '40.688204713543', 'longitude': '-73.952868343361', 'human_address': '{""address"": """", ""city"": """", ""state"": """", ""zip"": """"}'}",3,36,243,3050140,Bedford-Stuyvesant (West),Summons Issued,"Droppings, Runways",,
PC8722594,2026-09-23T13:05:32.000,Treatments,950,EVERGREEN AVENUE,10473,Bronx,Bait applied,2036500001,2,3650,1,40.822339837809,-73.879610973483,"{'latitude': '40.822339837809', 'longitude': '-73.879610973483', 'human_address': '{""address"": """", ""city"": """", ""state"": """", ""zip"": """"}'}",9,18,28,2022564,Soundview-Bruckner-Bronx River,,,1017570,238903
PC8768225,2026-09-23T13:06:56.000,Compliance,169,WEST   76 STREET,10023,Manhattan,Failed for Rat Activity,1011480006,1,1148,6,40.780760384819,-73.978706817353,"{'latitude': '40.780760384819', 'longitude': '-73.978706817353', 'human_address': '{""address"": """", ""city"": """", ""state"": """", ""zip"": """"}'}",7,6,161,1030171,Upper West Side (Central),Summons Issued,"Droppings, Burrows",990147,223732
PC8778811,2026-09-23T13:08:49.000,Initial,70,BARKER STREET,10310,Staten Island,Failed for Other Reason,5001980104,5,198,104,40.635612228319,-74.121438002176,"{'latitude': '40.635612228319', 'longitude': '-74.121438002176', 'human_address': '{""address"": """", ""city"": """", ""state"": """", ""zip"": """"}'}",1,49,13302,5005302,Port Richmond,,Harborage,950545,170873
PC8679914,2026-09-23T13:09:00.000,Treatments,297,HALSEY STREET,11216,Brooklyn,Bait applied,3018400050,3,1840,50,40.682778493925,-73.941399413759,"{'latitude': '40.682778493925', 'longitude': '-73.941399413759', 'human_address': '{""address"": """", ""city"": """", ""state"": """", ""zip"": """"}'}",3,36,267,3052835,Bedford-Stuyvesant (West),,,,
PC8758885,2026-09-23T13:09:44.000,Treatments,566,PROSPECT PLACE,11238,Brooklyn,Bait applied,3011630033,3,1163,33,40.675388637099,-73.958079628539,"{'latitude': '40.675388637099', 'longitude': '-73.958079628539', 'human_address': '{""address"": """", ""city"": """", ""state"": """", ""zip"": """"}'}",8,35,305,3029002,Crown Heights (North),,,,
PC8757162,2026-09-23T13:10:00.000,Compliance,1066,CLAY AVENUE,10456,Bronx,Failed for Rat Activity and Other Reason,2024250015,2,2425,15,40.828874670896,-73.912543143898,"{'latitude': '40.828874670896', 'longitude': '-73.912543143898', 'human_address': '{""address"": """", ""city"": """", ""state"": """", ""zip"": """"}'}",4,16,143,2002062,Concourse-Concourse Village,Summons Issued,"Burrows, Harborage, Animal Nuisance",,
PC8621601,2026-09-23T13:10:04.000,Treatments,459,EAST   92 STREET,11212,Brooklyn,Bait applied,3046890031,3,4689,31,40.655142125811,-73.920026682081,"{'latitude': '40.655142125811', 'longitude': '-73.920026682081', 'human_address': '{""address"": """", ""city"": """", ""state"": """", ""zip"": """"}'}",17,41,888,3102519,East Flatbush-Remsen Village,,,1006440,177975
PC8750749,2026-09-23T13:10:54.000,Compliance,16-13,HANCOCK STREET,11385,Queens,Failed for Rat Activity,4035480106,4,3548,106,40.69766210528,-73.906368783622,"{'latitude': '40.69766210528', 'longitude': '-73.906368783622', 'human_address': '{""address"": """", ""city"": """", ""state"": """", ""zip"": """"}'}",5,34,553,4085558,Ridgewood,,Burrows,,
PC8742654,2026-09-23T13:13:00.000,Compliance,99,ROGERS AVENUE,11216,Brooklyn,Failed for Rat Activity,3012330011,3,1233,11,40.674198122444,-73.952863859589,"{'latitude': '40.674198122444', 'longitude': '-73.952863859589', 'human_address': '{""address"": """", ""city"": """", ""state"": """", ""zip"": """"}'}",8,36,31701,3031193,Crown Heights (North),Summons Issued,Burrows,,
PC8468996,2026-09-23T13:14:00.000,Compliance,432,GREENE AVENUE,11216,Brooklyn,Failed for Rat Activity,3017970024,3,1797,24,40.688139016067,-73.953301087839,"{'latitude': '40.688139016067', 'longitude': '-73.953301087839', 'human_address': '{""address"": """", ""city"": """", ""state"": """", ""zip"": """"}'}",3,36,243,3050339,Bedford-Stuyvesant (West),Summons Issued,"Droppings, Burrows, Runways, Gnawing",,
PC8679558,2026-09-23T13:14:40.000,Compliance,530,GRAND STREET,10002,Manhattan,Failed for Other Reason,1003310120,1,331,120,40.714406252871,-73.981437135218,"{'latitude': '40.714406252871', 'longitude': '-73.981437135218', 'human_address': '{""address"": """", ""city"": """", ""state"": """", ""zip"": """"}'}",3,1,12,1076783,Lower East Side,Summons Issued,Harborage,,
PC8769317,2026-09-23T13:15:14.000,Compliance,6415,15 AVENUE,11219,Brooklyn,Failed for Other Reason,3055440003,3,5544,3,40.623758704505,-73.996646236837,"{'latitude': '40.623758704505', 'longitude': '-73.996646236837', 'human_address': '{""address"": """", ""city"": """", ""state"": """", ""zip"": """"}'}",11,43,250,3133355,Bensonhurst,Summons Issued,Harborage,,
PC8767161,2026-09-23T13:17:10.000,Compliance,315,WEST 77 STREET,10024,Manhattan,Failed for Rat Activity,1011860015,1,1186,15,40.783286234205,-73.982735868634,"{'latitude': '40.783286234205', 'longitude': '-73.982735868634', 'human_address': '{""address"": """", ""city"": """", ""state"": """", ""zip"": """"}'}",7,6,163,1031097,Upper West Side (Central),Summons Issued,Droppings,989031,224652
PC8767382,2026-09-23T13:17:44.000,Compliance,18-16,CENTRE STREET,11385,Queens,Failed for Rat Activity,4035740017,4,3574,17,40.699813112385,-73.902012764642,"{'latitude': '40.699813112385', 'longitude': '-73.902012764642', 'human_address': '{""address"": """", ""city"": """", ""state"": """", ""zip"": """"}'}",5,34,557,4086253,Ridgewood,,Burrows,,
PC8780089,2026-09-23T13:19:00.000,Initial,,,11216,Brooklyn,Failed for Rat Activity,,3,1797,23,,,,,,,,,,"Burrows, Runways, Gnawing",,
PC8637543,2026-09-23T13:19:57.000,Compliance,233,IRVING AVENUE,11237,Brooklyn,Failed for Rat Activity,3032900003,3,3290,3,40.700678776862,-73.917292218473,"{'latitude': '40.700678776862', 'longitude': '-73.917292218473', 'human_address': '{""address"": """", ""city"": """", ""state"": """", ""zip"": """"}'}",4,37,443,3075141,Bushwick (West),Summons Issued,"Droppings, Burrows, Runways",,
PC8612061,2026-09-23T13:20:13.000,Compliance,287,EAST 203 STREET,10458,Bronx,Failed for Rat Activity and Other Reason,2033090080,2,3309,80,40.873267133775,-73.883691155384,"{'latitude': '40.873267133775', 'longitude': '-73.883691155384', 'human_address': '{""address"": """", ""city"": """", ""state"": """", ""zip"": """"}'}",7,11,413,2017291,Bedford Park,Summons Issued,"Burrows, Harborage",,
PC8712390,2026-09-23T13:20:34.000,Treatments,955,CROES AVENUE,10473,Bronx,Bait applied,2036600061,2,3660,61,40.824236316809,-73.869432695951,"{'latitude': '40.824236316809', 'longitude': '-73.869432695951', 'human_address': '{""address"": """", ""city"": """", ""state"": """", ""zip"": """"}'}",9,18,46,2119269,Soundview-Clason Point,,,1020386,239598
PC8696333,2026-09-23T13:24:00.000,Compliance,419,GREENE AVENUE,11216,Brooklyn,Failed for Rat Activity,3017930097,3,1793,97,40.688098044641,-73.953795113063,"{'latitude': '40.688098044641', 'longitude': '-73.953795113063', 'human_address': '{""address"": """", ""city"": """", ""state"": """", ""zip"": """"}'}",3,36,243,3050157,Bedford-Stuyvesant (West),Summons Issued,"Droppings, Runways",,
PC8742029,2026-09-23T13:24:00.000,Compliance,113,ROGERS AVENUE,11216,Brooklyn,Failed for Rat Activity,3012330002,3,1233,2,40.673761720852,-73.952907429628,"{'latitude': '40.673761720852', 'longitude': '-73.952907429628', 'human_address': '{""address"": """", ""city"": """", ""state"": """", ""zip"": """"}'}",8,36,31701,3031187,Crown Heights (North),Summons Issued,"Droppings, Burrows",,
PC8683266,2026-09-23T13:25:00.000,Treatments,284,HALSEY STREET,11216,Brooklyn,Bait applied,3018460023,3,1846,23,40.682636318972,-73.94249201086,"{'latitude': '40.682636318972', 'longitude': '-73.94249201086', 'human_address': '{""address"": """", ""city"": """", ""state"": """", ""zip"": """"}'}",3,36,269,3053093,Bedford-Stuyvesant (West),,,,
PC8738933,2026-09-23T13:30:04.000,Treatments,465,EAST   91 STREET,11212,Brooklyn,Bait applied,3046880136,3,4688,136,40.654733684589,-73.920791222437,"{'latitude': '40.654733684589', 'longitude': '-73.920791222437', 'human_address': '{""address"": """", ""city"": """", ""state"": """", ""zip"": """"}'}",17,41,888,3102512,East Flatbush-Remsen Village,,,1006228,177826
PC8779437,2026-09-23T13:30:14.000,Initial,6516,BAY PARKWAY,11204,Brooklyn,Failed for Rat Activity and Other Reason,3055570046,3,5557,46,40.613500049021,-73.981811072703,"{'latitude': '40.613500049021', 'longitude': '-73.981811072703', 'human_address': '{""address"": """", ""city"": """", ""state"": """", ""zip"": """"}'}",11,43,256,3134086,Bensonhurst,,"Burrows, Garbage",989300,162794
PC8758833,2026-09-23T13:32:03.000,Treatments,100,NEW YORK AVENUE,11216,Brooklyn,Bait applied,3012130037,3,1213,37,40.676446327692,-73.947108395673,"{'latitude': '40.676446327692', 'longitude': '-73.947108395673', 'human_address': '{""address"": """", ""city"": """", ""state"": """", ""zip"": """"}'}",8,36,315,3030380,Crown Heights (North),,,,
PC8678108,2026-09-23T13:34:31.000,Compliance,35,MONTGOMERY STREET,10002,Manhattan,Failed for Rat Activity,1002590071,1,259,71,40.713045374694,-73.985044683287,"{'latitude': '40.713045374694', 'longitude': '-73.985044683287', 'human_address': '{""address"": """", ""city"": """", ""state"": """", ""zip"": """"}'}",3,1,202,1003215,Lower East Side,Summons Issued,"Droppings, Burrows",,
PC8779758,2026-09-23T13:38:00.000,Initial,831,HART STREET,11237,Brooklyn,Failed for Rat Activity and Other Reason,3032200152,3,3220,152,40.702057630389,-73.922624621566,"{'latitude': '40.702057630389', 'longitude': '-73.922624621566', 'human_address': '{""address"": """", ""city"": """", ""state"": """", ""zip"": """"}'}",4,34,429,3000000,Bushwick (West),,"Burrows, Runways, Rats, Harborage",,
PC8779620,2026-09-23T13:39:15.000,Initial,191,AUDUBON AVENUE,10033,Manhattan,Failed for Other Reason,1021310033,1,2131,33,40.844559492151,-73.935372223652,"{'latitude': '40.844559492151', 'longitude': '-73.935372223652', 'human_address': '{""address"": """", ""city"": """", ""state"": """", ""zip"": """"}'}",12,10,261,1063162,Washington Heights (South),,Harborage,,
PC8679595,2026-09-23T13:41:00.000,Treatments,257,HALSEY STREET,11216,Brooklyn,Bait applied,3018400076,3,1840,76,40.682641862736,-73.942600171582,"{'latitude': '40.682641862736', 'longitude': '-73.942600171582', 'human_address': '{""address"": """", ""city"": """", ""state"": """", ""zip"": """"}'}",3,36,267,3052857,Bedford-Stuyvesant (West),,,,
PC8758738,2026-09-23T13:50:08.000,Treatments,60,NEW YORK AVENUE,11216,Brooklyn,Bait applied,3012010035,3,1201,35,40.677994312642,-73.94695934737,"{'latitude': '40.677994312642', 'longitude': '-73.94695934737', 'human_address': '{""address"": """", ""city"": """", ""state"": """", ""zip"": """"}'}",8,36,315,3029795,Crown Heights (North),,,,
PC8759011,2026-09-23T13:56:00.000,Treatments,33,HALSEY STREET,11216,Brooklyn,Bait applied,3018370089,3,1837,89,40.681526432208,-73.952278181209,"{'latitude': '40.681526432208', 'longitude': '-73.952278181209', 'human_address': '{""address"": """", ""city"": """", ""state"": """", ""zip"": """"}'}",3,36,245,3052640,Bedford-Stuyvesant (West),,,,
PC8678786,2026-09-23T14:30:56.000,Compliance,225,EAST BROADWAY,10002,Manhattan,Failed for Other Reason,1002860035,1,286,35,40.714324656757,-73.986837191976,"{'latitude': '40.714324656757', 'longitude': '-73.986837191976', 'human_address': '{""address"": """", ""city"": """", ""state"": """", ""zip"": """"}'}",3,1,201,1003734,Chinatown-Two Bridges,Summons Issued,Harborage,,
PC8779787,2026-09-23T14:40:02.000,Initial,472,SUYDAM STREET,11237,Brooklyn,Failed for Rat Activity,3032230023,3,3223,23,40.707171147685,-73.918669162536,"{'latitude': '40.707171147685', 'longitude': '-73.918669162536', 'human_address': '{""address"": """", ""city"": """", ""state"": """", ""zip"": """"}'}",4,34,445,3073324,Bushwick (West),,"Burrows, Runways",1006799,196931
PC8677988,2026-09-23T14:48:47.000,Compliance,34,MARKET STREET,10002,Manhattan,Failed for Rat Activity and Other Reason,1002750024,1,275,24,40.712596070567,-73.99439089242,"{'latitude': '40.712596070567', 'longitude': '-73.99439089242', 'human_address': '{""address"": """", ""city"": """", ""state"": """", ""zip"": """"}'}",3,1,8,1003282,Chinatown-Two Bridges,Summons Issued,"Burrows, Harborage",,
PC8678131,2026-09-23T15:00:15.000,Compliance,125,MADISON STREET,10002,Manhattan,Failed for Rat Activity and Other Reason,1002750001,1,275,1,40.712346274018,-73.993947236584,"{'latitude': '40.712346274018', 'longitude': '-73.993947236584', 'human_address': '{""address"": """", ""city"": """", ""state"": """", ""zip"": """"}'}",3,1,8,1003278,Chinatown-Two Bridges,Summons Issued,"Droppings, Harborage",,
PC8677673,2026-09-23T15:13:40.000,Compliance,74,STARR STREET,11237,Brooklyn,Failed for Rat Activity,3031970010,3,3197,10,40.701878887453,-73.926285490626,"{'latitude': '40.701878887453', 'longitude': '-73.926285490626', 'human_address': '{""address"": """", ""city"": """", ""state"": """", ""zip"": """"}'}",4,34,429,3072723,Bushwick (West),Summons Issued,"Droppings, Burrows, Runways",,
PC8758241,2026-09-24T08:26:47.000,Compliance,26,CANAL STREET,10002,Manhattan,Failed for Rat Activity,1002830073,1,283,73,40.714443036403,-73.990411946822,"{'latitude': '40.714443036403', 'longitude': '-73.990411946822', 'human_address': '{""address"": """", ""city"": """", ""state"": """", ""zip"": """"}'}",3,1,6,1003599,Chinatown-Two Bridges,,Burrows,,
PC8606520,2026-09-24T08:31:43.000,Treatments,235,ADAMS STREET,11201,Brooklyn,Bait applied,3000860011,3,86,11,40.696489339759,-73.988734017656,"{'latitude': '40.696489339759', 'longitude': '-73.988734017656', 'human_address': '{""address"": """", ""city"": """", ""state"": """", ""zip"": """"}'}",2,33,13,3325917,Downtown Brooklyn-DUMBO-Boerum Hill,,,,
PC8604109,2026-09-24T08:36:04.000,Compliance,237,EAST BROADWAY,10002,Manhattan,Failed for Rat Activity,1002860032,1,286,32,40.714357548177,-73.986443996418,"{'latitude': '40.714357548177', 'longitude': '-73.986443996418', 'human_address': '{""address"": """", ""city"": """", ""state"": """", ""zip"": """"}'}",3,1,201,1003731,Chinatown-Two Bridges,Summons Issued,"Droppings, Burrows",,
PC8658784,2026-09-24T08:52:13.000,Treatments,254,PLYMOUTH STREET,11201,Brooklyn,Bait applied,3000320021,3,32,21,40.703636089667,-73.983488726682,"{'latitude': '40.703636089667', 'longitude': '-73.983488726682', 'human_address': '{""address"": """", ""city"": """", ""state"": """", ""zip"": """"}'}",2,33,21,3000051,Downtown Brooklyn-DUMBO-Boerum Hill,,,,
PC8671362,2026-09-24T08:53:11.000,Compliance,809,HERKIMER STREET,11233,Brooklyn,Failed for Rat Activity,3017030063,3,1703,63,40.678389362847,-73.926682899228,"{'latitude': '40.678389362847', 'longitude': '-73.926682899228', 'human_address': '{""address"": """", ""city"": """", ""state"": """", ""zip"": """"}'}",3,41,299,3048026,Bedford-Stuyvesant (East),Summons Issued,Burrows,,
PC8751300,2026-09-24T09:00:35.000,Treatments,201,EAST 202 STREET,10458,Bronx,Bait applied,2033080044,2,3308,44,40.873261861266,-73.88665619913,"{'latitude': '40.873261861266', 'longitude': '-73.88665619913', 'human_address': '{""address"": """", ""city"": """", ""state"": """", ""zip"": """"}'}",7,14,413,2017247,Bedford Park,,,,
PC8769305,2026-09-24T09:07:00.000,Initial,2336,WEST    8 STREET,11223,Brooklyn,Failed for Other Reason,3071400016,3,7140,16,40.590893372201,-73.978285120584,"{'latitude': '40.590893372201', 'longitude': '-73.978285120584', 'human_address': '{""address"": """", ""city"": """", ""state"": """", ""zip"": """"}'}",13,47,382,3322183,Gravesend (South),,Animal Nuisance,990281,154558
PC8671570,2026-09-24T09:08:54.000,Compliance,470,FLUSHING AVENUE,11205,Brooklyn,Failed for Rat Activity and Other Reason,3017160026,3,1716,26,40.699105375521,-73.955799832257,"{'latitude': '40.699105375521', 'longitude': '-73.955799832257', 'human_address': '{""address"": """", ""city"": """", ""state"": """", ""zip"": """"}'}",3,33,1237,3048296,Bedford-Stuyvesant (West),Summons Issued,"Burrows, Harborage",,
PC8767045,2026-09-24T09:10:29.000,Initial,87,ELLWOOD STREET,10040,Manhattan,Failed for Rat Activity,1021740115,1,2174,115,40.861348087385,-73.929126781565,"{'latitude': '40.861348087385', 'longitude': '-73.929126781565', 'human_address': '{""address"": """", ""city"": """", ""state"": """", ""zip"": """"}'}",12,10,285,1064189,Washington Heights (North),,Burrows,1003854,253100
PC8673109,2026-09-24T09:12:05.000,Treatments,1429,PROSPECT AVENUE,10459,Bronx,Bait applied,2029620030,2,2962,30,40.832882396126,-73.896514746134,"{'latitude': '40.832882396126', 'longitude': '-73.896514746134', 'human_address': '{""address"": """", ""city"": """", ""state"": """", ""zip"": """"}'}",3,17,151,2010197,Morrisania,,,,
PC8657052,2026-09-24T09:13:34.000,Treatments,1,JOHN STREET,11201,Brooklyn,Bait applied,3000017501,3,1,7501,40.704457367277,-73.988292648347,"{'latitude': '40.704457367277', 'longitude': '-73.988292648347', 'human_address': '{""address"": """", ""city"": """", ""state"": """", ""zip"": """"}'}",2,33,21,3413929,Downtown Brooklyn-DUMBO-Boerum Hill,,,,
PC8737797,2026-09-24T09:15:00.000,Compliance,1905,FULTON STREET,11233,Brooklyn,Failed for Rat Activity and Other Reason,3015300012,3,1530,12,40.678796794352,-73.920264999015,"{'latitude': '40.678796794352', 'longitude': '-73.920264999015', 'human_address': '{""address"": """", ""city"": """", ""state"": """", ""zip"": """"}'}",3,41,379,3000000,Bedford-Stuyvesant (East),Summons Issued,"Droppings, Burrows, Garbage, Harborage",,
PC8750096,2026-09-24T09:15:20.000,Treatments,356,BEDFORD PARK BLVD,10458,Bronx,Bait applied,2032840062,2,3284,62,40.868429078232,-73.884585479949,"{'latitude': '40.868429078232', 'longitude': '-73.884585479949', 'human_address': '{""address"": """", ""city"": """", ""state"": """", ""zip"": """"}'}",7,15,40702,2016566,Bedford Park,,,,
PC8672559,2026-09-24T09:24:54.000,Compliance,40,NOSTRAND AVENUE,11205,Brooklyn,Failed for Rat Activity,3017180047,3,1718,47,40.698780482666,-73.953253934853,"{'latitude': '40.698780482666', 'longitude': '-73.953253934853', 'human_address': '{""address"": """", ""city"": """", ""state"": """", ""zip"": """"}'}",3,33,1237,3048316,Bedford-Stuyvesant (West),Summons Issued,Burrows,,
PC8750425,2026-09-24T09:28:13.000,Treatments,355,OLIVER PLACE,10458,Bronx,Bait applied,2032840040,2,3284,40,40.867601750429,-73.886170548391,"{'latitude': '40.867601750429', 'longitude': '-73.886170548391', 'human_address': '{""address"": """", ""city"": """", ""state"": """", ""zip"": """"}'}",7,15,40702,2120788,Bedford Park,,,,
PC8656994,2026-09-24T09:36:47.000,Treatments,41,WATER STREET,11201,Brooklyn,Bait applied,3000260001,3,26,1,40.703315909746,-73.992729015648,"{'latitude': '40.703315909746', 'longitude': '-73.992729015648', 'human_address': '{""address"": """", ""city"": """", ""state"": """", ""zip"": """"}'}",2,33,21,3000000,Downtown Brooklyn-DUMBO-Boerum Hill,,,,
PC8560717,2026-09-24T09:37:00.000,Compliance,121,MAC DOUGAL STREET,11233,Brooklyn,Failed for Rat Activity,3015250043,3,1525,43,40.679560434374,-73.917228376981,"{'latitude': '40.679560434374', 'longitude': '-73.917228376981', 'human_address': '{""address"": """", ""city"": """", ""state"": """", ""zip"": """"}'}",3,41,379,3041477,Bedford-Stuyvesant (East),Summons Issued,Burrows,,
PC8750295,2026-09-24T09:40:01.000,Treatments,2830,MARION AVENUE,10458,Bronx,Bait applied,2032840006,2,3284,6,40.867544350834,-73.886412891123,"{'latitude': '40.867544350834', 'longitude': '-73.886412891123', 'human_address': '{""address"": """", ""city"": """", ""state"": """", ""zip"": """"}'}",7,15,40702,2016543,Bedford Park,,,,
PC8754758,2026-09-24T09:40:24.000,Compliance,2631,WEST    2 STREET,11223,Brooklyn,Failed for Rat Activity,3072340100,3,7234,100,40.585264969904,-73.971108080664,"{'latitude': '40.585264969904', 'longitude': '-73.971108080664', 'human_address': '{""address"": """", ""city"": """", ""state"": """", ""zip"": """"}'}",13,47,37402,3196057,Gravesend (South),,Burrows,992275,152508
PC8699899,2026-09-24T09:42:39.000,Treatments,669,JEFFERSON PLACE,10456,Bronx,Bait applied,2029350063,2,2935,63,40.832955666364,-73.898653939824,"{'latitude': '40.832955666364', 'longitude': '-73.898653939824', 'human_address': '{""address"": """", ""city"": """", ""state"": """", ""zip"": """"}'}",3,17,151,2009791,Morrisania,,,,
PC8690933,2026-09-24T09:42:54.000,Compliance,105,FRANKLIN AVENUE,11205,Brooklyn,Failed for Rat Activity,3018990018,3,1899,18,40.695702776385,-73.95825072421,"{'latitude': '40.695702776385', 'longitude': '-73.95825072421', 'human_address': '{""address"": """", ""city"": """", ""state"": """", ""zip"": """"}'}",3,33,1237,3054731,Bedford-Stuyvesant (West),Summons Issued,"Droppings, Burrows, Runways",,
PC8779568,2026-09-24T09:45:00.000,Initial,41,WEST   90 STREET,10024,Manhattan,Failed for Rat Activity,1012040015,1,1204,15,40.788591748078,-73.969188589401,"{'latitude': '40.788591748078', 'longitude': '-73.969188589401', 'human_address': '{""address"": """", ""city"": """", ""state"": """", ""zip"": """"}'}",7,6,177,1031604,Upper West Side (Central),,Droppings,992782,226586
PC8742865,2026-09-24T09:45:52.000,Treatments,828,EAST  149 STREET,10455,Bronx,Bait applied,2025827503,2,2582,7503,40.812433378535,-73.905271039307,"{'latitude': '40.812433378535', 'longitude': '-73.905271039307', 'human_address': '{""address"": """", ""city"": """", ""state"": """", ""zip"": """"}'}",1,8,31,2128608,Mott Haven-Port Morris,,,1010472,235285
PC8758191,2026-09-24T09:48:00.000,Compliance,603,ACADEMY STREET,10034,Manhattan,Failed for Rat Activity,1022250042,1,2225,42,40.864591746219,-73.923877336006,"{'latitude': '40.864591746219', 'longitude': '-73.923877336006', 'human_address': '{""address"": """", ""city"": """", ""state"": """", ""zip"": """"}'}",12,10,291,1064833,Inwood,,Burrows,1005305,254283
PC8657139,2026-09-24T09:54:15.000,Treatments,45,WATER STREET,11201,Brooklyn,Bait applied,3000260080,3,26,80,40.703313158295,-73.992624423421,"{'latitude': '40.703313158295', 'longitude': '-73.992624423421', 'human_address': '{""address"": """", ""city"": """", ""state"": """", ""zip"": """"}'}",2,33,21,3378511,Downtown Brooklyn-DUMBO-Boerum Hill,,,,
PC8750172,2026-09-24T09:55:13.000,Treatments,2823,DECATUR AVENUE,10458,Bronx,Bait applied,2032840012,2,3284,12,40.86695378741,-73.885961959838,"{'latitude': '40.86695378741', 'longitude': '-73.885961959838', 'human_address': '{""address"": """", ""city"": """", ""state"": """", ""zip"": """"}'}",7,15,40702,2016546,Bedford Park,,,,
PC8699623,2026-09-24T09:57:56.000,Treatments,650,EAST 170 STREET,10456,Bronx,Bait applied,2029350036,2,2935,36,40.833858926634,-73.898927203264,"{'latitude': '40.833858926634', 'longitude': '-73.898927203264', 'human_address': '{""address"": """", ""city"": """", ""state"": """", ""zip"": """"}'}",3,17,151,2088296,Morrisania,,,,
PC8654837,2026-09-24T10:00:00.000,Treatments,540,JACKSON AVENUE,10455,Bronx,Bait applied,2025790019,2,2579,19,40.812785149789,-73.90921910436,"{'latitude': '40.812785149789', 'longitude': '-73.90921910436', 'human_address': '{""address"": """", ""city"": """", ""state"": """", ""zip"": """"}'}",1,8,35,2003924,Mott Haven-Port Morris,,,1009379,235412
PC8779737,2026-09-24T10:01:00.000,Initial,134,WEST   93 STREET,10025,Manhattan,Failed for Rat Activity,1012237504,1,1223,7504,40.791397119174,-73.970079309105,"{'latitude': '40.791397119174', 'longitude': '-73.970079309105', 'human_address': '{""address"": """", ""city"": """", ""state"": """", ""zip"": """"}'}",7,7,177,1032528,Upper West Side (Central),,Burrows,992535,227608
PC8674319,2026-09-24T10:06:54.000,Compliance,717,MYRTLE AVENUE,11205,Brooklyn,Failed for Rat Activity,3017360043,3,1736,43,40.694814629782,-73.954104177946,"{'latitude': '40.694814629782', 'longitude': '-73.954104177946', 'human_address': '{""address"": """", ""city"": """", ""state"": """", ""zip"": """"}'}",3,33,1237,3048469,Bedford-Stuyvesant (West),Summons Issued,Burrows,,
PC8780301,2026-09-24T10:07:50.000,Initial,2316,AMSTERDAM AVENUE,10033,Manhattan,Failed for Other Reason,1021320064,1,2132,64,40.844344422379,-73.933652019134,"{'latitude': '40.844344422379', 'longitude': '-73.933652019134', 'human_address': '{""address"": """", ""city"": """", ""state"": """", ""zip"": """"}'}",12,10,261,1063195,Washington Heights (South),,Garbage,,
PC8750309,2026-09-24T10:08:53.000,Treatments,2839,DECATUR AVENUE,10458,Bronx,Bait applied,2032840034,2,3284,34,40.867394968507,-73.885238085252,"{'latitude': '40.867394968507', 'longitude': '-73.885238085252', 'human_address': '{""address"": """", ""city"": """", ""state"": """", ""zip"": """"}'}",7,15,40702,2016559,Bedford Park,,,,
PC8780440,2026-09-24T10:10:30.000,Initial,,,11236,Brooklyn,Failed for Other Reason,,3,8301,39,,,,,,,,,,Harborage,,
PC8778688,2026-09-24T10:10:30.000,Initial,1954,CROSS BRONX EXPRESSWAY,10472,Bronx,Failed for Rat Activity,2037940039,2,3794,39,40.832322903247,-73.858333659542,"{'latitude': '40.832322903247', 'longitude': '-73.858333659542', 'human_address': '{""address"": """", ""city"": """", ""state"": """", ""zip"": """"}'}",9,18,72,2025918,Castle Hill-Unionport,,Droppings,1023453,242549
PC8778226,2026-09-24T10:14:07.000,Initial,342,MANHATTAN AVENUE,10026,Manhattan,Failed for Rat Activity and Other Reason,1018480003,1,1848,3,40.803958647751,-73.957593788284,"{'latitude': '40.803958647751', 'longitude': '-73.957593788284', 'human_address': '{""address"": """", ""city"": """", ""state"": """", ""zip"": """"}'}",10,9,20102,1055824,Harlem (South),,"Droppings, Burrows, Runways, Animal Nuisance",995990,232186
PC8770760,2026-09-24T10:15:24.000,Compliance,39,MAPLE AVENUE,10302,Staten Island,Failed for Other Reason,5010730027,5,1073,27,40.639402428221,-74.134056039394,"{'latitude': '40.639402428221', 'longitude': '-74.134056039394', 'human_address': '{""address"": """", ""city"": """", ""state"": """", ""zip"": """"}'}",1,49,20702,5025268,Port Richmond,,Harborage,947045,172259
PC8780022,2026-09-24T10:15:24.000,Initial,2601,OCEAN PARKWAY,11235,Brooklyn,Failed for Other Reason,3072390001,3,7239,1,40.586545432467,-73.966167901117,"{'latitude': '40.586545432467', 'longitude': '-73.966167901117', 'human_address': '{""address"": """", ""city"": """", ""state"": """", ""zip"": """"}'}",13,48,370,3000000,Gravesend (South),,Animal Nuisance,993647,152975
PC8746217,2026-09-24T10:15:52.000,Treatments,333,CYPRESS AVENUE,10454,Bronx,Bait applied,2025540054,2,2554,54,40.808119363682,-73.913134046552,"{'latitude': '40.808119363682', 'longitude': '-73.913134046552', 'human_address': '{""address"": """", ""city"": """", ""state"": """", ""zip"": """"}'}",1,8,33,2116430,Mott Haven-Port Morris,,,1008297,233711
PC8660801,2026-09-24T10:16:30.000,Treatments,11,OLD FULTON STREET,11201,Brooklyn,Bait applied,3000350009,3,35,9,40.702736836919,-73.994005818148,"{'latitude': '40.702736836919', 'longitude': '-73.994005818148', 'human_address': '{""address"": """", ""city"": """", ""state"": """", ""zip"": """"}'}",2,33,21,3000076,Downtown Brooklyn-DUMBO-Boerum Hill,,,,
PC8780049,2026-09-24T10:17:00.000,Initial,705,COLUMBUS AVENUE,10025,Manhattan,Failed for Rat Activity,1012080001,1,1208,1,40.791750719149,-73.968316762655,"{'latitude': '40.791750719149', 'longitude': '-73.968316762655', 'human_address': '{""address"": """", ""city"": """", ""state"": """", ""zip"": """"}'}",7,6,181,1079518,Upper West Side (Central),,Droppings,993023,227737
PC8723385,2026-09-24T10:19:05.000,Compliance,624,DECATUR STREET,11233,Brooklyn,Failed for Rat Activity,3015050030,3,1505,30,40.683189662441,-73.918110819662,"{'latitude': '40.683189662441', 'longitude': '-73.918110819662', 'human_address': '{""address"": """", ""city"": """", ""state"": """", ""zip"": """"}'}",3,41,377,3040586,Bedford-Stuyvesant (East),Summons Issued,Burrows,,
PC8750217,2026-09-24T10:20:21.000,Treatments,375,EAST 199 STREET,10458,Bronx,Bait applied,2032840046,2,3284,46,40.867672095467,-73.885147215381,"{'latitude': '40.867672095467', 'longitude': '-73.885147215381', 'human_address': '{""address"": """", ""city"": """", ""state"": """", ""zip"": """"}'}",7,15,40702,2016563,Bedford Park,,,,
PC8552173,2026-09-24T10:24:50.000,Compliance,17,PITT STREET,10002,Manhattan,Failed for Rat Activity,1003410070,1,341,70,40.716080960671,-73.984091663748,"{'latitude': '40.716080960671', 'longitude': '-73.984091663748', 'human_address': '{""address"": """", ""city"": """", ""state"": """", ""zip"": """"}'}",3,1,12,1088770,Lower East Side,Summons Issued,Burrows,,
PC8674348,2026-09-24T10:26:54.000,Compliance,741,MYRTLE AVENUE,11205,Brooklyn,Failed for Rat Activity,3017370040,3,1737,40,40.694940457014,-73.953036660308,"{'latitude': '40.694940457014', 'longitude': '-73.953036660308', 'human_address': '{""address"": """", ""city"": """", ""state"": """", ""zip"": """"}'}",3,33,1237,3048494,Bedford-Stuyvesant (West),Summons Issued,Burrows,,
PC8780267,2026-09-24T10:27:50.000,Initial,521,WEST 175 STREET,10033,Manhattan,Failed for Other Reason,1021320076,1,2132,76,40.844569975815,-73.934497546056,"{'latitude': '40.844569975815', 'longitude': '-73.934497546056', 'human_address': '{""address"": """", ""city"": """", ""state"": """", ""zip"": """"}'}",12,10,261,1063200,Washington Heights (South),,Garbage,,
PC8779708,2026-09-24T10:29:30.000,Initial,633,EAST   79 STREET,11236,Brooklyn,Failed for Other Reason,3079840031,3,7984,31,40.637595266329,-73.916916720157,"{'latitude': '40.637595266329', 'longitude': '-73.916916720157', 'human_address': '{""address"": """", ""city"": """", ""state"": """", ""zip"": """"}'}",18,45,950,3223555,Canarsie,,Harborage,1007309,171583
PC8750119,2026-09-24T10:30:27.000,Compliance,101,EAST KINGSBRIDGE RD,10468,Bronx,Failed for Other Reason,2033140001,2,3314,1,40.866501493399,-73.895229332666,"{'latitude': '40.866501493399', 'longitude': '-73.895229332666', 'human_address': '{""address"": """", ""city"": """", ""state"": """", ""zip"": """"}'}",7,14,40304,2017410,Bedford Park,,Harborage,,
PC8777425,2026-09-24T10:32:00.000,Initial,2157,5 AVENUE,10037,Manhattan,Failed for Other Reason,1017560070,1,1756,70,40.810636565293,-73.939162268031,"{'latitude': '40.810636565293', 'longitude': '-73.939162268031', 'human_address': '{""address"": """", ""city"": """", ""state"": """", ""zip"": """"}'}",11,9,206,1000000,East Harlem (North),,Harborage,,
PC8612880,2026-09-24T10:32:28.000,Treatments,2675,DECATUR AVENUE,10458,Bronx,Bait applied,2032820044,2,3282,44,40.864278263364,-73.889372277285,"{'latitude': '40.864278263364', 'longitude': '-73.889372277285', 'human_address': '{""address"": """", ""city"": """", ""state"": """", ""zip"": """"}'}",7,15,40502,2000000,Bedford Park,,,,
PC8770671,2026-09-24T10:32:36.000,Initial,3216,CRUGER AVENUE,10467,Bronx,Failed for Other Reason,2045970014,2,4597,14,40.87196349316,-73.866131380342,"{'latitude': '40.87196349316', 'longitude': '-73.866131380342', 'human_address': '{""address"": """", ""city"": """", ""state"": """", ""zip"": """"}'}",12,12,374,2128747,Williamsbridge-Olinville,,Mice,1021273,256988
PC8709272,2026-09-24T10:32:38.000,Compliance,686,ACADEMY STREET,10034,Manhattan,Failed for Rat Activity,1022370041,1,2237,41,40.867216822779,-73.925580865624,"{'latitude': '40.867216822779', 'longitude': '-73.925580865624', 'human_address': '{""address"": """", ""city"": """", ""state"": """", ""zip"": """"}'}",12,10,295,1064942,Inwood,Summons Issued,Burrows,1004833,255239
PC8780002,2026-09-24T10:33:00.000,Initial,2532,BROADWAY,10025,Manhattan,Failed for Other Reason,1012420040,1,1242,40,40.793763679678,-73.972418531085,"{'latitude': '40.793763679678', 'longitude': '-73.972418531085', 'human_address': '{""address"": """", ""city"": """", ""state"": """", ""zip"": """"}'}",7,7,183,1033684,Upper West Side (Central),,Mice,991887,228470
PC8674333,2026-09-24T10:34:54.000,Compliance,145,SANDFORD STREET,11205,Brooklyn,Failed for Rat Activity and Other Reason,3017530018,3,1753,18,40.694358672838,-73.953300320866,"{'latitude': '40.694358672838', 'longitude': '-73.953300320866', 'human_address': '{""address"": """", ""city"": """", ""state"": """", ""zip"": """"}'}",3,33,241,3427002,Bedford-Stuyvesant (West),Summons Issued,"Droppings, Burrows, Runways, Harborage",,
PC8740470,2026-09-24T10:38:07.000,Compliance,1902,ADAM C POWELL BLVD,10026,Manhattan,Failed for Rat Activity and Other Reason,1018310029,1,1831,29,40.802642106218,-73.952953156219,"{'latitude': '40.802642106218', 'longitude': '-73.952953156219', 'human_address': '{""address"": """", ""city"": """", ""state"": """", ""zip"": """"}'}",10,9,218,1055237,Harlem (South),Summons Issued,"Burrows, Harborage",,
PC8778926,2026-09-24T10:38:24.000,Initial,4,BRIGHTON    4 ROAD,11235,Brooklyn,Failed for Rat Activity,3072620051,3,7262,51,40.582446804854,-73.964009933248,"{'latitude': '40.582446804854', 'longitude': '-73.964009933248', 'human_address': '{""address"": """", ""city"": """", ""state"": """", ""zip"": """"}'}",13,48,366,3196412,Brighton Beach,,Droppings,994247,151482
PC8572651,2026-09-24T10:40:00.000,Compliance,720,LENOX AVENUE,10039,Manhattan,Failed for Rat Activity and Other Reason,1017440001,1,1744,1,40.821190944696,-73.935662372303,"{'latitude': '40.821190944696', 'longitude': '-73.935662372303', 'human_address': '{""address"": """", ""city"": """", ""state"": """", ""zip"": """"}'}",10,9,236,1083993,Harlem (North),Summons Issued,"Droppings, Burrows, Harborage, Animal Nuisance",1002057,238468
PC8778304,2026-09-24T10:43:19.000,Initial,192,HEBERTON AVENUE,10302,Staten Island,Failed for Rat Activity,5010210030,5,1021,30,40.635597534873,-74.132228866986,"{'latitude': '40.635597534873', 'longitude': '-74.132228866986', 'human_address': '{""address"": """", ""city"": """", ""state"": """", ""zip"": """"}'}",1,49,20702,5023964,Port Richmond,,Burrows,947550,170872
PC8753091,2026-09-24T10:43:38.000,Compliance,68,COOPER STREET,10034,Manhattan,Failed for Rat Activity,1022400027,1,2240,27,40.868178268918,-73.922622211234,"{'latitude': '40.868178268918', 'longitude': '-73.922622211234', 'human_address': '{""address"": """", ""city"": """", ""state"": """", ""zip"": """"}'}",12,10,295,1000000,Inwood,,Burrows,1005651,255590
PC8750299,2026-09-24T10:44:00.000,Compliance,2722,VALENTINE AVENUE,10458,Bronx,Failed for Rat Activity,2033000039,2,3300,39,40.866902224154,-73.892260333859,"{'latitude': '40.866902224154', 'longitude': '-73.892260333859', 'human_address': '{""address"": """", ""city"": """", ""state"": """", ""zip"": """"}'}",7,15,40501,2017006,Bedford Park,,Burrows,,
PC8618285,2026-09-24T10:45:25.000,Treatments,2605,Marion Ave.,10458,Bronx,Bait applied,2032870016,2,3287,16,40.863833008504,-73.891614556919,"{'latitude': '40.863833008504', 'longitude': '-73.891614556919', 'human_address': '{""address"": """", ""city"": """", ""state"": """", ""zip"": """"}'}",7,15,39901,2016609,University Heights (North)-Fordham,,,,
PC8777486,2026-09-24T10:46:00.000,Initial,2153,5 AVENUE,10037,Manhattan,Failed for Other Reason,1017560072,1,1756,72,40.810521330009,-73.939245460621,"{'latitude': '40.810521330009', 'longitude': '-73.939245460621', 'human_address': '{""address"": """", ""city"": """", ""state"": """", ""zip"": """"}'}",11,9,206,1054342,East Harlem (North),,Garbage,,
PC8773738,2026-09-24T10:47:00.000,Initial,1565,PARK AVENUE,10029,Manhattan,Failed for Rat Activity and Other Reason,1016400001,1,1640,1,40.797028250926,-73.944884908112,"{'latitude': '40.797028250926', 'longitude': '-73.944884908112', 'human_address': '{""address"": """", ""city"": """", ""state"": """", ""zip"": """"}'}",11,8,182,1079194,East Harlem (North),,"Droppings, Burrows, Harborage",999510,229663
PC8780194,2026-09-24T10:49:50.000,Initial,514,WEST 176 STREET,10033,Manhattan,Failed for Rat Activity,1021320080,1,2132,80,40.845140493229,-73.933821096953,"{'latitude': '40.845140493229', 'longitude': '-73.933821096953', 'human_address': '{""address"": """", ""city"": """", ""state"": """", ""zip"": """"}'}",12,10,261,1063201,Washington Heights (South),,Burrows,,
PC8767519,2026-09-24T10:50:36.000,Compliance,18-12,CENTRE STREET,11385,Queens,Failed for Rat Activity,4035740014,4,3574,14,40.699785686258,-73.902038050255,"{'latitude': '40.699785686258', 'longitude': '-73.902038050255', 'human_address': '{""address"": """", ""city"": """", ""state"": """", ""zip"": """"}'}",5,34,557,4086251,Ridgewood,,"Droppings, Runways",,
PC8717684,2026-09-24T10:50:38.000,Compliance,101,COOPER STREET,10034,Manhattan,Failed for Rat Activity and Other Reason,1022420037,1,2242,37,40.86872066016,-73.921056002878,"{'latitude': '40.86872066016', 'longitude': '-73.921056002878', 'human_address': '{""address"": """", ""city"": """", ""state"": """", ""zip"": """"}'}",12,10,303,1064993,Inwood,Summons Issued,"Burrows, Harborage",1006084,255788
PC8775611,2026-09-24T10:51:07.000,Initial,121,SAINT NICHOLAS AVENUE,10026,Manhattan,Failed for Rat Activity,1019220024,1,1922,24,40.803695988103,-73.952706785694,"{'latitude': '40.803695988103', 'longitude': '-73.952706785694', 'human_address': '{""address"": """", ""city"": """", ""state"": """", ""zip"": """"}'}",10,9,218,1058377,Harlem (South),,"Droppings, Burrows, Runways",997343,232091
PC8728590,2026-09-24T10:52:57.000,Treatments,335,EAST 165 STREET,10456,Bronx,Bait applied,2024330079,2,2433,79,40.82855751843,-73.914184071215,"{'latitude': '40.82855751843', 'longitude': '-73.914184071215', 'human_address': '{""address"": """", ""city"": """", ""state"": """", ""zip"": """"}'}",4,16,175,2000000,Concourse-Concourse Village,,,,
PC8750414,2026-09-24T10:54:00.000,Compliance,230,EAST 196 STREET,10458,Bronx,Failed for Rat Activity,2033000044,2,3300,44,40.867351846127,-73.891713651096,"{'latitude': '40.867351846127', 'longitude': '-73.891713651096', 'human_address': '{""address"": """", ""city"": """", ""state"": """", ""zip"": """"}'}",7,15,40501,2017008,Bedford Park,,Burrows,,
PC8718650,2026-09-24T10:57:00.000,Treatments,2605,BAINBRIDGE AVENUE,10458,Bronx,Bait applied,2032930056,2,3293,56,40.86422345279,-73.892351460125,"{'latitude': '40.86422345279', 'longitude': '-73.892351460125', 'human_address': '{""address"": """", ""city"": """", ""state"": """", ""zip"": """"}'}",7,15,39901,2016800,University Heights (North)-Fordham,,,,
PC8780473,2026-09-24T10:58:11.000,Initial,,,10302,Staten Island,Failed for Other Reason,,5,1021,22,,,,,,,,,,Harborage,,
PC8777498,2026-09-24T10:58:16.000,Initial,5,EAST 131 STREET,10037,Manhattan,Failed for Rat Activity,1017560006,1,1756,6,40.810051909822,-73.939115842711,"{'latitude': '40.810051909822', 'longitude': '-73.939115842711', 'human_address': '{""address"": """", ""city"": """", ""state"": """", ""zip"": """"}'}",11,9,206,1054301,East Harlem (North),,Burrows,,
PC8640011,2026-09-24T11:00:00.000,Compliance,DELANCEY,STREET,10002,Manhattan,Failed for Other Reason,,1,336,1,,,,,,,,,Summons Issued,Harborage,,
PC8767595,2026-09-24T11:00:30.000,Compliance,1458,BROOKLYN AVENUE,11210,Brooklyn,Failed for Rat Activity,3049990037,3,4999,37,40.637641093954,-73.942372401677,"{'latitude': '40.637641093954', 'longitude': '-73.942372401677', 'human_address': '{""address"": """", ""city"": """", ""state"": """", ""zip"": """"}'}",17,45,782,3113884,East Flatbush-Farragut,,"Droppings, Burrows",1000244,171594
PC8770821,2026-09-24T11:00:48.000,Compliance,190,LAWRENCE AVENUE,11230,Brooklyn,Failed for Rat Activity and Other Reason,3054230039,3,5423,39,40.630922201931,-73.973004881233,"{'latitude': '40.630922201931', 'longitude': '-73.973004881233', 'human_address': '{""address"": """", ""city"": """", ""state"": """", ""zip"": """"}'}",14,40,480,3127905,Flatbush (West)-Ditmas Park-Parkville,,"Droppings, Burrows, Garbage",991743,169142
PC8780306,2026-09-24T11:00:50.000,Initial,510,WEST 176 STREET,10033,Manhattan,Failed for Rat Activity,1021320082,1,2132,82,40.845082772546,-73.933680194714,"{'latitude': '40.845082772546', 'longitude': '-73.933680194714', 'human_address': '{""address"": """", ""city"": """", ""state"": """", ""zip"": """"}'}",12,10,261,1063202,Washington Heights (South),,Burrows,,
PC8778482,2026-09-24T11:03:00.000,Initial,608,WEST 148 STREET,10031,Manhattan,Failed for Rat Activity,1020940137,1,2094,137,40.828553795079,-73.949559798045,"{'latitude': '40.828553795079', 'longitude': '-73.949559798045', 'human_address': '{""address"": """", ""city"": """", ""state"": """", ""zip"": """"}'}",9,7,233,1062431,Hamilton Heights-Sugar Hill,,"Droppings, Gnawing",,
PC8758049,2026-09-24T11:04:07.000,Compliance,221,WEST 116 STREET,10026,Manhattan,Failed for Rat Activity,1019220017,1,1922,17,40.803693623372,-73.95363870902,"{'latitude': '40.803693623372', 'longitude': '-73.95363870902', 'human_address': '{""address"": """", ""city"": """", ""state"": """", ""zip"": """"}'}",10,9,218,1058375,Harlem (South),,Burrows,,
PC8670104,2026-09-24T11:04:53.000,Treatments,97,COLUMBIA HEIGHTS,11201,Brooklyn,Bait applied,3002197501,3,219,7501,40.699791769936,-73.99561095318,"{'latitude': '40.699791769936', 'longitude': '-73.99561095318', 'human_address': '{""address"": """", ""city"": """", ""state"": """", ""zip"": """"}'}",2,33,1,3001617,Brooklyn Heights,,,985472,194246
PC8778295,2026-09-24T11:05:30.000,Initial,1017,PIERCE AVENUE,10462,Bronx,Failed for Other Reason,2040980033,2,4098,33,40.84518659661,-73.853238818291,"{'latitude': '40.84518659661', 'longitude': '-73.853238818291', 'human_address': '{""address"": """", ""city"": """", ""state"": """", ""zip"": """"}'}",11,13,252,2044621,Morris Park,,Harborage,1024834,247225
PC8778479,2026-09-24T11:06:00.000,Initial,610,WEST 148 STREET,10031,Manhattan,Failed for Rat Activity,1020940038,1,2094,38,40.82859501055,-73.949660943461,"{'latitude': '40.82859501055', 'longitude': '-73.949660943461', 'human_address': '{""address"": """", ""city"": """", ""state"": """", ""zip"": """"}'}",9,7,233,1062424,Hamilton Heights-Sugar Hill,,Burrows,,
PC8779712,2026-09-24T11:06:00.000,Initial,160,WEST  100 STREET,10025,Manhattan,Failed for Rat Activity,1018520049,1,1852,49,40.796400218589,-73.967931700865,"{'latitude': '40.796400218589', 'longitude': '-73.967931700865', 'human_address': '{""address"": """", ""city"": """", ""state"": """", ""zip"": """"}'}",7,7,185,1055906,Upper West Side-Manhattan Valley,,"Droppings, Burrows",993154,229417
PC8767411,2026-09-24T11:06:18.000,Compliance,18-10,CENTRE STREET,11385,Queens,Failed for Rat Activity and Other Reason,4035740012,4,3574,12,40.699771971652,-73.902048889832,"{'latitude': '40.699771971652', 'longitude': '-73.902048889832', 'human_address': '{""address"": """", ""city"": """", ""state"": """", ""zip"": """"}'}",5,34,557,4086250,Ridgewood,,"Burrows, Harborage",,
PC8693549,2026-09-24T11:07:16.000,Treatments,283,EAST 164 STREET,10456,Bronx,Bait applied,2024320019,2,2432,19,40.828246348754,-73.916533209152,"{'latitude': '40.828246348754', 'longitude': '-73.916533209152', 'human_address': '{""address"": """", ""city"": """", ""state"": """", ""zip"": """"}'}",4,16,173,2129536,Concourse-Concourse Village,,,,
PC8743785,2026-09-24T11:07:18.000,Compliance,2170,DAVIDSON AVENUE,10453,Bronx,Failed for Rat Activity and Other Reason,2031950051,2,3195,51,40.856758802675,-73.906031882155,"{'latitude': '40.856758802675', 'longitude': '-73.906031882155', 'human_address': '{""address"": """", ""city"": """", ""state"": """", ""zip"": """"}'}",5,14,251,2014194,University Heights (South)-Morris Heights,,"Droppings, Burrows, Harborage",,
PC8769299,2026-09-24T11:09:07.000,Initial,235,WEST  116 STREET,10026,Manhattan,Failed for Rat Activity and Other Reason,1019220013,1,1922,13,40.803852971172,-73.95401786895,"{'latitude': '40.803852971172', 'longitude': '-73.95401786895', 'human_address': '{""address"": """", ""city"": """", ""state"": """", ""zip"": """"}'}",10,9,218,1058372,Harlem (South),,"Droppings, Burrows, Runways, Harborage, Animal Nuisance",996980,232148
PC8765001,2026-09-24T11:10:38.000,Compliance,501,WEST  214 STREET,10034,Manhattan,Failed for Rat Activity and Other Reason,1022320016,1,2232,16,40.868952999725,-73.915831098788,"{'latitude': '40.868952999725', 'longitude': '-73.915831098788', 'human_address': '{""address"": """", ""city"": """", ""state"": """", ""zip"": """"}'}",12,10,303,1064889,Inwood,,"Droppings, Harborage",1007529,255874
PC8674389,2026-09-24T11:11:54.000,Compliance,393,WILLOUGHBY AVENUE,11205,Brooklyn,Failed for Rat Activity,3017510001,3,1751,1,40.693126822877,-73.954678711953,"{'latitude': '40.693126822877', 'longitude': '-73.954678711953', 'human_address': '{""address"": """", ""city"": """", ""state"": """", ""zip"": """"}'}",3,33,241,3338602,Bedford-Stuyvesant (West),Summons Issued,"Burrows, Runways",,
PC8648241,2026-09-24T11:15:52.000,Treatments,345,EAST 146 STREET,10451,Bronx,Bait applied,2023290093,2,2329,93,40.81504448442,-73.920906769318,"{'latitude': '40.81504448442', 'longitude': '-73.920906769318', 'human_address': '{""address"": """", ""city"": """", ""state"": """", ""zip"": """"}'}",1,8,65,2000881,Melrose,,,,
PC8743870,2026-09-24T11:17:18.000,Compliance,29,CLINTON PLACE,10453,Bronx,Failed for Rat Activity,2031950030,2,3195,30,40.85684686127,-73.906310112169,"{'latitude': '40.85684686127', 'longitude': '-73.906310112169', 'human_address': '{""address"": """", ""city"": """", ""state"": """", ""zip"": """"}'}",5,14,251,2014188,University Heights (South)-Morris Heights,,Burrows,,
PC8747029,2026-09-24T11:17:25.000,Compliance,2322,UNIVERSITY AVENUE,10468,Bronx,Failed for Rat Activity,2032120039,2,3212,39,40.861139673017,-73.906372730709,"{'latitude': '40.861139673017', 'longitude': '-73.906372730709', 'human_address': '{""address"": """", ""city"": """", ""state"": """", ""zip"": """"}'}",7,14,253,2014601,University Heights (North)-Fordham,,Burrows,,
PC8750384,2026-09-24T11:20:14.000,Compliance,2715,GRAND CONCOURSE,10468,Bronx,Failed for Other Reason,2033140041,2,3314,41,40.867474115136,-73.89331876848,"{'latitude': '40.867474115136', 'longitude': '-73.89331876848', 'human_address': '{""address"": """", ""city"": """", ""state"": """", ""zip"": """"}'}",7,14,40304,2017426,Bedford Park,,Harborage,,
PC8767510,2026-09-24T11:20:22.000,Compliance,975,SENECA AVENUE,11385,Queens,Failed for Rat Activity,4035740010,4,3574,10,40.699519517495,-73.902124997314,"{'latitude': '40.699519517495', 'longitude': '-73.902124997314', 'human_address': '{""address"": """", ""city"": """", ""state"": """", ""zip"": """"}'}",5,34,557,4086249,Ridgewood,,Droppings,,
PC8778427,2026-09-24T11:21:00.000,Initial,620,WEST 148 STREET,10031,Manhattan,Failed for Rat Activity,1020940041,1,2094,41,40.828669194385,-73.949834333226,"{'latitude': '40.828669194385', 'longitude': '-73.949834333226', 'human_address': '{""address"": """", ""city"": """", ""state"": """", ""zip"": """"}'}",9,7,233,1089750,Hamilton Heights-Sugar Hill,,Droppings,,
PC8696086,2026-09-24T11:22:00.000,Treatments,316,EAST 165 STREET,10456,Bronx,Bait applied,2024320080,2,2432,80,40.828675851855,-73.91459946614,"{'latitude': '40.828675851855', 'longitude': '-73.91459946614', 'human_address': '{""address"": """", ""city"": """", ""state"": """", ""zip"": """"}'}",4,16,173,2129110,Concourse-Concourse Village,,,,
PC8780158,2026-09-24T11:24:50.000,Initial,2324,AMSTERDAM AVENUE,10033,Manhattan,Failed for Rat Activity,1021320058,1,2132,58,40.844511780143,-73.933528964525,"{'latitude': '40.844511780143', 'longitude': '-73.933528964525', 'human_address': '{""address"": """", ""city"": """", ""state"": """", ""zip"": """"}'}",12,10,261,1063194,Washington Heights (South),,Burrows,,
PC8779803,2026-09-24T11:25:00.000,Initial,330,WEST  101 STREET,10025,Manhattan,Failed for Rat Activity,1018890032,1,1889,32,40.798687532651,-73.971488243722,"{'latitude': '40.798687532651', 'longitude': '-73.971488243722', 'human_address': '{""address"": """", ""city"": """", ""state"": """", ""zip"": """"}'}",7,7,187,1057144,Upper West Side-Manhattan Valley,,"Droppings, Burrows",992144,230264
PC8743460,2026-09-24T11:25:18.000,Compliance,28,WEST 182 STREET,10453,Bronx,Failed for Rat Activity,2031950022,2,3195,22,40.857477838961,-73.905929641401,"{'latitude': '40.857477838961', 'longitude': '-73.905929641401', 'human_address': '{""address"": """", ""city"": """", ""state"": """", ""zip"": """"}'}",5,14,251,2014186,University Heights (South)-Morris Heights,,Droppings,,
PC8778798,2026-09-24T11:25:30.000,Initial,1140,ROSEDALE AVENUE,10472,Bronx,Failed for Other Reason,2037510028,2,3751,28,40.828530742645,-73.868470284002,"{'latitude': '40.828530742645', 'longitude': '-73.868470284002', 'human_address': '{""address"": """", ""city"": """", ""state"": """", ""zip"": """"}'}",9,18,70,2101535,Soundview-Bruckner-Bronx River,,Harborage,1020650,241163
PC8780057,2026-09-24T11:25:48.000,Initial,880,EAST   16 STREET,11230,Brooklyn,Failed for Rat Activity,3066997501,3,6699,7501,40.628127304271,-73.961016694901,"{'latitude': '40.628127304271', 'longitude': '-73.961016694901', 'human_address': '{""address"": """", ""city"": """", ""state"": """", ""zip"": """"}'}",14,45,532,3343103,Midwood,,Burrows,995071,168125
PC8779224,2026-09-24T11:26:00.000,Initial,1922,3 AVENUE,10029,Manhattan,Failed for Rat Activity,1016330040,1,1633,40,40.791464581963,-73.944759520207,"{'latitude': '40.791464581963', 'longitude': '-73.944759520207', 'human_address': '{""address"": """", ""city"": """", ""state"": """", ""zip"": """"}'}",11,8,172,1052005,East Harlem (South),,Burrows,999546,227636
PC8742860,2026-09-24T11:26:08.000,Treatments,82,PIERREPONT STREET,11201,Brooklyn,Bait applied,3002420037,3,242,37,40.695526334801,-73.994266116466,"{'latitude': '40.695526334801', 'longitude': '-73.994266116466', 'human_address': '{""address"": """", ""city"": """", ""state"": """", ""zip"": """"}'}",2,33,501,3001982,Brooklyn Heights,,,985840,192678
PC8766306,2026-09-24T11:26:15.000,Compliance,16-54,WEIRFIELD STREET,11385,Queens,Failed for Other Reason,4035500039,4,3550,39,40.697866847664,-73.905012509158,"{'latitude': '40.697866847664', 'longitude': '-73.905012509158', 'human_address': '{""address"": """", ""city"": """", ""state"": """", ""zip"": """"}'}",5,34,555,4549238,Ridgewood,,Harborage,,
PC8747304,2026-09-24T11:26:52.000,Compliance,2300,UNIVERSITY AVENUE,10468,Bronx,Failed for Rat Activity and Other Reason,2032120028,2,3212,28,40.860813288542,-73.906666024404,"{'latitude': '40.860813288542', 'longitude': '-73.906666024404', 'human_address': '{""address"": """", ""city"": """", ""state"": """", ""zip"": """"}'}",7,14,253,2014597,University Heights (North)-Fordham,,"Burrows, Rats, Harborage",,
PC8779300,2026-09-24T11:29:24.000,Initial,2822,BRIGHTON    8 STREET,11235,Brooklyn,Failed for Rat Activity,3072630124,3,7263,124,40.582028645351,-73.961101307498,"{'latitude': '40.582028645351', 'longitude': '-73.961101307498', 'human_address': '{""address"": """", ""city"": """", ""state"": """", ""zip"": """"}'}",13,48,366,3196508,Brighton Beach,,Burrows,995055,151330
PC8706419,2026-09-24T11:30:22.000,Compliance,2701,GRAND CONCOURSE,10468,Bronx,Failed for Rat Activity and Other Reason,2033140051,2,3314,51,40.867262918805,-73.893478193585,"{'latitude': '40.867262918805', 'longitude': '-73.893478193585', 'human_address': '{""address"": """", ""city"": """", ""state"": """", ""zip"": """"}'}",7,14,40304,2017427,Bedford Park,,"Droppings, Garbage, Harborage",1013712,255265
PC8777963,2026-09-24T11:30:36.000,Initial,813,CALHOUN AVENUE,10465,Bronx,Failed for Other Reason,2055450033,2,5545,33,40.827398020067,-73.825798322627,"{'latitude': '40.827398020067', 'longitude': '-73.825798322627', 'human_address': '{""address"": """", ""city"": """", ""state"": """", ""zip"": """"}'}",10,13,152,2080082,Throgs Neck-Schuylerville,,Harborage,1032460,240771
PC8704911,2026-09-24T11:32:00.000,Compliance,2695,BRIGGS AVENUE,10458,Bronx,Failed for Rat Activity,2033000059,2,3300,59,40.866133317273,-73.891853032201,"{'latitude': '40.866133317273', 'longitude': '-73.891853032201', 'human_address': '{""address"": """", ""city"": """", ""state"": """", ""zip"": """"}'}",7,15,40501,2017014,Bedford Park,,"Droppings, Burrows",,
PC8743259,2026-09-24T11:34:18.000,Compliance,38,WEST 182 STREET,10453,Bronx,Failed for Rat Activity,2031950016,2,3195,16,40.857560367024,-73.9061572716,"{'latitude': '40.857560367024', 'longitude': '-73.9061572716', 'human_address': '{""address"": """", ""city"": """", ""state"": """", ""zip"": """"}'}",5,14,251,2091929,University Heights (South)-Morris Heights,,"Droppings, Rats",,
PC8696585,2026-09-24T11:35:54.000,Compliance,168,SKILLMAN STREET,11205,Brooklyn,Failed for Rat Activity,3019130044,3,1913,44,40.693380193161,-73.956885472258,"{'latitude': '40.693380193161', 'longitude': '-73.956885472258', 'human_address': '{""address"": """", ""city"": """", ""state"": """", ""zip"": """"}'}",3,33,235,3054983,Bedford-Stuyvesant (West),Summons Issued,Burrows,,
PC8767381,2026-09-24T11:35:54.000,Compliance,981,SENECA AVENUE,11385,Queens,Failed for Rat Activity,4035740007,4,3574,7,40.699445303966,-73.902002488028,"{'latitude': '40.699445303966', 'longitude': '-73.902002488028', 'human_address': '{""address"": """", ""city"": """", ""state"": """", ""zip"": """"}'}",5,34,557,4086246,Ridgewood,,Burrows,,
PC8746557,2026-09-24T11:36:10.000,Compliance,155,EAST 104 STREET,10029,Manhattan,Failed for Rat Activity and Other Reason,1016320023,1,1632,23,40.790790370498,-73.946872748898,"{'latitude': '40.790790370498', 'longitude': '-73.946872748898', 'human_address': '{""address"": """", ""city"": """", ""state"": """", ""zip"": """"}'}",11,8,166,1051956,East Harlem (South),,"Burrows, Garbage",,
PC8778923,2026-09-24T11:36:30.000,Initial,108,VERONICA PLACE,11226,Brooklyn,Failed for Other Reason,3051280016,3,5128,16,40.647559996083,-73.952749417514,"{'latitude': '40.647559996083', 'longitude': '-73.952749417514', 'human_address': '{""address"": """", ""city"": """", ""state"": """", ""zip"": """"}'}",17,40,794,3117769,East Flatbush-Erasmus,,Harborage,997362,175206
PC8780214,2026-09-24T11:36:50.000,Initial,506,EDGECOMBE AVENUE,10032,Manhattan,Failed for Rat Activity,1021060001,1,2106,1,40.832103671567,-73.940064043483,"{'latitude': '40.832103671567', 'longitude': '-73.940064043483', 'human_address': '{""address"": """", ""city"": """", ""state"": """", ""zip"": """"}'}",12,10,239,1076738,Washington Heights (South),,Burrows,,
PC8721644,2026-09-24T11:38:41.000,Treatments,1048,FRANKLIN AVENUE,10456,Bronx,Bait applied,2026070026,2,2607,26,40.826781988395,-73.907519722728,"{'latitude': '40.826781988395', 'longitude': '-73.907519722728', 'human_address': '{""address"": """", ""city"": """", ""state"": """", ""zip"": """"}'}",3,17,18502,2004177,Morrisania,,,,
PC8778574,2026-09-24T11:41:00.000,Initial,611,WEST 147 STREET,10031,Manhattan,Failed for Rat Activity,1020940125,1,2094,125,40.827884209932,-73.949860221258,"{'latitude': '40.827884209932', 'longitude': '-73.949860221258', 'human_address': '{""address"": """", ""city"": """", ""state"": """", ""zip"": """"}'}",9,7,233,1062428,Hamilton Heights-Sugar Hill,,Droppings,,
PC8779392,2026-09-24T11:45:00.000,Initial,955,SHERIDAN AVENUE,10456,Bronx,Failed for Rat Activity and Other Reason,2024610074,2,2461,74,40.828569915962,-73.919951131157,"{'latitude': '40.828569915962', 'longitude': '-73.919951131157', 'human_address': '{""address"": """", ""city"": """", ""state"": """", ""zip"": """"}'}",4,16,18301,2002818,Concourse-Concourse Village,,"Burrows, Mice",1006399,241151
PC8778558,2026-09-24T11:45:16.000,Initial,127,WEST 25 STREET,10001,Manhattan,Failed for Other Reason,1008017503,1,801,7503,40.744588971862,-73.992818324813,"{'latitude': '40.744588971862', 'longitude': '-73.992818324813', 'human_address': '{""address"": """", ""city"": """", ""state"": """", ""zip"": """"}'}",4,3,91,1015006,Chelsea-Hudson Yards,,"Harborage, Mice",,
PC8768486,2026-09-24T11:46:36.000,Compliance,511,WEST  184 STREET,10033,Manhattan,Failed for Rat Activity,1021560025,1,2156,25,40.850114492173,-73.930096674288,"{'latitude': '40.850114492173', 'longitude': '-73.930096674288', 'human_address': '{""address"": """", ""city"": """", ""state"": """", ""zip"": """"}'}",12,10,269,1063723,Washington Heights (North),,Droppings,1003589,249007
PC8770662,2026-09-24T11:48:07.000,Initial,2170,FREDERICK DOUGLASS BOULEVARD,,Manhattan,Failed for Rat Activity,1019230001,1,1923,1,0.00000000000000000000,0.00000000000000000000,"{'latitude': '0.0', 'longitude': '0.0', 'human_address': '{""address"": """", ""city"": """", ""state"": """", ""zip"": """"}'}",10,9,218,1086232,Harlem (South),,Burrows,996765,232632
PC8750274,2026-09-24T11:50:28.000,Compliance,2726,CRESTON AVENUE,10468,Bronx,Failed for Other Reason,2033150016,2,3315,16,40.868789250428,-73.893761375565,"{'latitude': '40.868789250428', 'longitude': '-73.893761375565', 'human_address': '{""address"": """", ""city"": """", ""state"": """", ""zip"": """"}'}",7,14,40303,2017436,Bedford Park,,Harborage,,
PC8763272,2026-09-24T11:50:32.000,Treatments,34,MONROE PLACE,11201,Brooklyn,Bait applied,3002380021,3,238,21,40.696110878442,-73.99263964824,"{'latitude': '40.696110878442', 'longitude': '-73.99263964824', 'human_address': '{""address"": """", ""city"": """", ""state"": """", ""zip"": """"}'}",2,33,502,3001925,Brooklyn Heights,,,986291,192891
PC8690940,2026-09-24T11:50:54.000,Compliance,648,MYRTLE AVENUE,11205,Brooklyn,Failed for Rat Activity,3019120034,3,1912,34,40.69432762447,-73.958193890195,"{'latitude': '40.69432762447', 'longitude': '-73.958193890195', 'human_address': '{""address"": """", ""city"": """", ""state"": """", ""zip"": """"}'}",3,33,235,3054942,Bedford-Stuyvesant (West),Summons Issued,Burrows,,
PC8746573,2026-09-24T11:53:10.000,Compliance,1884,3 AVENUE,10029,Manhattan,Failed for Rat Activity,1016320033,1,1632,33,40.790347856771,-73.945573009218,"{'latitude': '40.790347856771', 'longitude': '-73.945573009218', 'human_address': '{""address"": """", ""city"": """", ""state"": """", ""zip"": """"}'}",11,8,166,1051965,East Harlem (South),Summons Issued,Burrows,,
PC8743121,2026-09-24T11:53:18.000,Compliance,27,WEST 181 STREET,10453,Bronx,Failed for Rat Activity and Other Reason,2031950104,2,3195,104,40.856191173836,-73.906683380562,"{'latitude': '40.856191173836', 'longitude': '-73.906683380562', 'human_address': '{""address"": """", ""city"": """", ""state"": """", ""zip"": """"}'}",5,14,251,2014202,University Heights (South)-Morris Heights,,"Droppings, Harborage",,
PC8776678,2026-09-24T11:53:36.000,Initial,1337,ELLISON AVENUE,10461,Bronx,Failed for Other Reason,2053480050,2,5348,50,40.836931845034,-73.836025945952,"{'latitude': '40.836931845034', 'longitude': '-73.836025945952', 'human_address': '{""address"": """", ""city"": """", ""state"": """", ""zip"": """"}'}",10,13,194,2073504,Throgs Neck-Schuylerville,,Harborage,1029623,244239
PC8775873,2026-09-24T11:55:00.000,Initial,1268,OLMSTEAD AVENUE,10462,Bronx,Failed for Rat Activity and Other Reason,2038140001,2,3814,1,40.833229349631,-73.854486730951,"{'latitude': '40.833229349631', 'longitude': '-73.854486730951', 'human_address': '{""address"": """", ""city"": """", ""state"": """", ""zip"": """"}'}",9,18,92,2026596,Castle Hill-Unionport,,"Burrows, Mice",1024517,242881
PC8594391,2026-09-24T11:55:52.000,Treatments,303,EAST  158 STREET,10451,Bronx,Bait applied,2024180033,2,2418,33,40.823064837215,-73.917309335731,"{'latitude': '40.823064837215', 'longitude': '-73.917309335731', 'human_address': '{""address"": """", ""city"": """", ""state"": """", ""zip"": """"}'}",1,17,69,2001897,Melrose,,,1007136,239155
PC8773104,2026-09-24T11:57:21.000,Compliance,95,PERRY AVENUE,10314,Staten Island,Failed for Rat Activity,5007250035,5,725,35,40.609854025714,-74.129962711821,"{'latitude': '40.609854025714', 'longitude': '-74.129962711821', 'human_address': '{""address"": """", ""city"": """", ""state"": """", ""zip"": """"}'}",1,50,18701,5134318,Westerleigh-Castleton Corners,,Burrows,948165,161492
PC8746671,2026-09-24T12:00:10.000,Compliance,1888,3 AVENUE,10029,Manhattan,Failed for Rat Activity,1016320035,1,1632,35,40.790457609087,-73.945493468817,"{'latitude': '40.790457609087', 'longitude': '-73.945493468817', 'human_address': '{""address"": """", ""city"": """", ""state"": """", ""zip"": """"}'}",11,8,166,1051967,East Harlem (South),Summons Issued,Burrows,,
PC8750179,2026-09-24T12:00:11.000,Compliance,2742,CRESTON AVENUE,10468,Bronx,Failed for Rat Activity and Other Reason,2033150023,2,3315,23,40.869121081052,-73.893457127156,"{'latitude': '40.869121081052', 'longitude': '-73.893457127156', 'human_address': '{""address"": """", ""city"": """", ""state"": """", ""zip"": """"}'}",7,14,40303,2017443,Bedford Park,,"Burrows, Harborage",,
PC8778908,2026-09-24T12:04:13.000,Initial,910,GRAND CONCOURSE,10451,Bronx,Failed for Rat Activity and Other Reason,2024610001,2,2461,1,40.827791883247,-73.922094825019,"{'latitude': '40.827791883247', 'longitude': '-73.922094825019', 'human_address': '{""address"": """", ""city"": """", ""state"": """", ""zip"": """"}'}",4,16,18301,2002808,Concourse-Concourse Village,,"Droppings, Burrows, Harborage",1005808,240874
PC8766130,2026-09-24T12:05:24.000,Initial,711,BRIGHTWATER COURT,11235,Brooklyn,Failed for Other Reason,3086920083,3,8692,83,40.575855210833,-73.959931404557,"{'latitude': '40.575855210833', 'longitude': '-73.959931404557', 'human_address': '{""address"": """", ""city"": """", ""state"": """", ""zip"": """"}'}",13,48,36002,3245128,Brighton Beach,,Animal Nuisance,995381,149081
PC8575882,2026-09-24T12:05:49.000,Compliance,2260,UNIVERSITY AVENUE,10468,Bronx,Failed for Rat Activity,2032120005,2,3212,5,40.860218118669,-73.907205525109,"{'latitude': '40.860218118669', 'longitude': '-73.907205525109', 'human_address': '{""address"": """", ""city"": """", ""state"": """", ""zip"": """"}'}",7,14,253,2014593,University Heights (North)-Fordham,Summons Issued,Burrows,1009918,252694
PC8680768,2026-09-24T12:08:10.000,Compliance,168,EAST 104 STREET,10029,Manhattan,Failed for Rat Activity and Other Reason,1016310047,1,1631,47,40.790661249988,-73.946620055052,"{'latitude': '40.790661249988', 'longitude': '-73.946620055052', 'human_address': '{""address"": """", ""city"": """", ""state"": """", ""zip"": """"}'}",11,8,166,1051935,East Harlem (South),Summons Issued,"Droppings, Burrows, Garbage",,
PC8693179,2026-09-24T12:08:31.000,Compliance,195,LEFFERTS PLACE,11238,Brooklyn,Failed for Rat Activity,3020160056,3,2016,56,40.680361496511,-73.956273793866,"{'latitude': '40.680361496511', 'longitude': '-73.956273793866', 'human_address': '{""address"": """", ""city"": """", ""state"": """", ""zip"": """"}'}",3,36,227,3000000,Bedford-Stuyvesant (West),Summons Issued,Burrows,,
PC8699516,2026-09-24T12:08:50.000,Treatments,572,EAST 170 STREET,10456,Bronx,Bait applied,2029310139,2,2931,139,40.834569485997,-73.901712347081,"{'latitude': '40.834569485997', 'longitude': '-73.901712347081', 'human_address': '{""address"": """", ""city"": """", ""state"": """", ""zip"": """"}'}",3,16,149,2103616,Morrisania,,,,
PC8756705,2026-09-24T12:10:00.000,Compliance,803,SENECA AVENUE,11385,Queens,Failed for Rat Activity,4034630010,4,3463,10,40.701416097824,-73.905324807957,"{'latitude': '40.701416097824', 'longitude': '-73.905324807957', 'human_address': '{""address"": """", ""city"": """", ""state"": """", ""zip"": """"}'}",5,30,551,4082785,Ridgewood,,Burrows,,
PC8750002,2026-09-24T12:10:13.000,Compliance,2791,GRAND CONCOURSE,10468,Bronx,Failed for Other Reason,2033150094,2,3315,94,40.868999099342,-73.892155684806,"{'latitude': '40.868999099342', 'longitude': '-73.892155684806', 'human_address': '{""address"": """", ""city"": """", ""state"": """", ""zip"": """"}'}",7,14,40303,2017466,Bedford Park,,"Garbage, Harborage",,
PC8768803,2026-09-24T12:15:02.000,Compliance,44,PINEHURST AVENUE,10033,Manhattan,Failed for Rat Activity,1021770159,1,2177,159,40.849903133216,-73.939766002798,"{'latitude': '40.849903133216', 'longitude': '-73.939766002798', 'human_address': '{""address"": """", ""city"": """", ""state"": """", ""zip"": """"}'}",12,10,265,1064317,Washington Heights (North),,"Droppings, Burrows",1000914,248928
PC8715421,2026-09-24T12:15:24.000,Compliance,319,HARMAN STREET,11237,Brooklyn,Failed for Rat Activity,3032790039,3,3279,39,40.700328283215,-73.918461153977,"{'latitude': '40.700328283215', 'longitude': '-73.918461153977', 'human_address': '{""address"": """", ""city"": """", ""state"": """", ""zip"": """"}'}",4,37,431,3074829,Bushwick (West),Summons Issued,Droppings,,
PC8737937,2026-09-24T12:15:52.000,Treatments,3023,3 AVENUE,10455,Bronx,Bait applied,2023770056,2,2377,56,40.819663989278,-73.91343324731,"{'latitude': '40.819663989278', 'longitude': '-73.91343324731', 'human_address': '{""address"": """", ""city"": """", ""state"": """", ""zip"": """"}'}",1,17,69,2001415,Melrose,,,1008210,237917
PC8743261,2026-09-24T12:17:00.000,Compliance,2260,AQUEDUCT AVENUE EAST,10453,Bronx,Failed for Rat Activity and Other Reason,2032080035,2,3208,35,40.859095393226,-73.907044417177,"{'latitude': '40.859095393226', 'longitude': '-73.907044417177', 'human_address': '{""address"": """", ""city"": """", ""state"": """", ""zip"": """"}'}",5,14,251,2014527,University Heights (South)-Morris Heights,,"Burrows, Harborage",,
PC8769654,2026-09-24T12:17:24.000,Initial,101,BRIGHTWATER COURT,11235,Brooklyn,Failed for Rat Activity,3086820042,3,8682,42,40.575508725788,-73.966472289048,"{'latitude': '40.575508725788', 'longitude': '-73.966472289048', 'human_address': '{""address"": """", ""city"": """", ""state"": """", ""zip"": """"}'}",13,48,36001,3245030,Brighton Beach,,"Droppings, Burrows, Runways",993564,148954
PC8674870,2026-09-24T12:18:13.000,Compliance,101,EAST 161 STREET,10451,Bronx,Failed for Rat Activity,2024760057,2,2476,57,40.82734876626,-73.924386234665,"{'latitude': '40.82734876626', 'longitude': '-73.924386234665', 'human_address': '{""address"": """", ""city"": """", ""state"": """", ""zip"": """"}'}",4,16,195,2002919,Concourse-Concourse Village,Summons Issued,Burrows,,
PC8749898,2026-09-24T12:20:00.000,Treatments,275,EAST 194 STREET,10458,Bronx,Bait applied,2032940001,2,3294,1,40.864821877618,-73.892430027255,"{'latitude': '40.864821877618', 'longitude': '-73.892430027255', 'human_address': '{""address"": """", ""city"": """", ""state"": """", ""zip"": """"}'}",7,15,40501,2016832,Bedford Park,,,,
PC8747147,2026-09-24T12:20:18.000,Compliance,2343,JEROME AVENUE,10468,Bronx,Failed for Other Reason,2031980102,2,3198,102,40.85955332009,-73.903182798175,"{'latitude': '40.85955332009', 'longitude': '-73.903182798175', 'human_address': '{""address"": """", ""city"": """", ""state"": """", ""zip"": """"}'}",7,14,239,2014285,Fordham Heights,,Animal Nuisance,,
PC8779540,2026-09-24T12:20:30.000,Initial,229,EAST   52 STREET,11203,Brooklyn,Failed for Rat Activity and Other Reason,3046580001,3,4658,1,40.655219272626,-73.92879159063,"{'latitude': '40.655219272626', 'longitude': '-73.92879159063', 'human_address': '{""address"": """", ""city"": """", ""state"": """", ""zip"": """"}'}",17,41,868,3101461,East Flatbush-Rugby,,"Droppings, Burrows, Harborage",1004008,178001
PC8750201,2026-09-24T12:20:48.000,Compliance,2825,GRAND CONCOURSE,10468,Bronx,Failed for Other Reason,2033150054,2,3315,54,40.869709414987,-73.891550706225,"{'latitude': '40.869709414987', 'longitude': '-73.891550706225', 'human_address': '{""address"": """", ""city"": """", ""state"": """", ""zip"": """"}'}",7,14,40303,2017463,Bedford Park,,Animal Nuisance,,
PC8698155,2026-09-24T12:21:10.000,Compliance,102,EAST 103 STREET,10029,Manhattan,Failed for Rat Activity and Other Reason,1016300072,1,1630,72,40.790815997681,-73.948909556912,"{'latitude': '40.790815997681', 'longitude': '-73.948909556912', 'human_address': '{""address"": """", ""city"": """", ""state"": """", ""zip"": """"}'}",11,8,166,1051907,East Harlem (South),Summons Issued,"Droppings, Burrows, Harborage",,
PC8757093,2026-09-24T12:22:59.000,Compliance,801,SENECA AVENUE,11385,Queens,Failed for Rat Activity and Other Reason,4034630012,4,3463,12,40.701427094769,-73.905346431511,"{'latitude': '40.701427094769', 'longitude': '-73.905346431511', 'human_address': '{""address"": """", ""city"": """", ""state"": """", ""zip"": """"}'}",5,30,551,4082786,Ridgewood,,"Droppings, Burrows, Runways, Harborage",,
PC8712740,2026-09-24T12:24:24.000,Compliance,317,HARMAN STREET,11237,Brooklyn,Failed for Rat Activity,3032790040,3,3279,40,40.700298111256,-73.918490042836,"{'latitude': '40.700298111256', 'longitude': '-73.918490042836', 'human_address': '{""address"": """", ""city"": """", ""state"": """", ""zip"": """"}'}",4,37,431,3074830,Bushwick (West),Summons Issued,"Droppings, Burrows, Runways",,
PC8652373,2026-09-24T12:26:10.000,Compliance,2250,AQUEDUCT AVENUE EAST,10453,Bronx,Failed for Rat Activity,2032080031,2,3208,31,40.858867755963,-73.907261643109,"{'latitude': '40.858867755963', 'longitude': '-73.907261643109', 'human_address': '{""address"": """", ""city"": """", ""state"": """", ""zip"": """"}'}",5,14,251,2000000,University Heights (South)-Morris Heights,Summons Issued,Burrows,,
PC8747321,2026-09-24T12:28:18.000,Compliance,2344,DAVIDSON AVENUE,10468,Bronx,Failed for Rat Activity,2031980055,2,3198,55,40.859880736746,-73.904129492785,"{'latitude': '40.859880736746', 'longitude': '-73.904129492785', 'human_address': '{""address"": """", ""city"": """", ""state"": """", ""zip"": """"}'}",7,14,239,2014265,Fordham Heights,,Burrows,,
PC8757321,2026-09-24T12:28:36.000,Initial,121,HERKIMER STREET,11216,Brooklyn,Failed for Rat Activity,3018610069,3,1861,69,40.679603667329,-73.948977059745,"{'latitude': '40.679603667329', 'longitude': '-73.948977059745', 'human_address': '{""address"": """", ""city"": """", ""state"": """", ""zip"": """"}'}",3,36,247,3053783,Bedford-Stuyvesant (West),,Burrows,998234,186890
PC8698513,2026-09-24T12:30:10.000,Compliance,108,EAST 103 STREET,10029,Manhattan,Failed for Rat Activity,1016300070,1,1630,70,40.790755550417,-73.94876875908,"{'latitude': '40.790755550417', 'longitude': '-73.94876875908', 'human_address': '{""address"": """", ""city"": """", ""state"": """", ""zip"": """"}'}",11,8,166,1088166,East Harlem (South),Summons Issued,Burrows,,
PC8740071,2026-09-24T12:30:25.000,Compliance,2782,CRESTON AVENUE,10468,Bronx,Failed for Rat Activity,2033150122,2,3315,122,40.870231744996,-73.892435704898,"{'latitude': '40.870231744996', 'longitude': '-73.892435704898', 'human_address': '{""address"": """", ""city"": """", ""state"": """", ""zip"": """"}'}",7,14,40303,2017468,Bedford Park,,"Droppings, Burrows",1013999,256347
PC8755716,2026-09-24T12:33:42.000,Compliance,1702,PALMETTO STREET,11385,Queens,Failed for Rat Activity and Other Reason,4034560006,4,3456,6,40.701827788994,-73.90867832211,"{'latitude': '40.701827788994', 'longitude': '-73.90867832211', 'human_address': '{""address"": """", ""city"": """", ""state"": """", ""zip"": """"}'}",5,34,549,4082565,Ridgewood,,"Droppings, Harborage",,
PC8718816,2026-09-24T12:35:13.000,Treatments,260,EAST 194 STREET,10458,Bronx,Bait applied,2032930050,2,3293,50,40.864893379132,-73.892578144131,"{'latitude': '40.864893379132', 'longitude': '-73.892578144131', 'human_address': '{""address"": """", ""city"": """", ""state"": """", ""zip"": """"}'}",7,15,39901,2016797,University Heights (North)-Fordham,,,,
PC8736978,2026-09-24T12:35:52.000,Treatments,654,SAINT ANNS AVENUE,10455,Bronx,Bait applied,2026170012,2,2617,12,40.816791600094,-73.911612526837,"{'latitude': '40.816791600094', 'longitude': '-73.911612526837', 'human_address': '{""address"": """", ""city"": """", ""state"": """", ""zip"": """"}'}",1,17,75,2004320,Melrose,,,1008715,236871
PC8750666,2026-09-24T12:37:24.000,Compliance,1526,NEPTUNE AVENUE,11224,Brooklyn,Failed for Other Reason,3070220001,3,7022,1,40.57911085809,-73.983444031785,"{'latitude': '40.57911085809', 'longitude': '-73.983444031785', 'human_address': '{""address"": """", ""city"": """", ""state"": """", ""zip"": """"}'}",13,47,348,3189086,Coney Island-Sea Gate,,Animal Nuisance,988849,150265
PC8702686,2026-09-24T12:38:24.000,Treatments,3738,3 AVENUE,10456,Bronx,Bait applied,2029270001,2,2927,1,40.8360470825,-73.902801542817,"{'latitude': '40.8360470825', 'longitude': '-73.902801542817', 'human_address': '{""address"": """", ""city"": """", ""state"": """", ""zip"": """"}'}",3,16,169,2090452,Claremont Village-Claremont (East),,,,
PC8750077,2026-09-24T12:40:07.000,Compliance,2788,CRESTON AVENUE,10468,Bronx,Failed for Rat Activity and Other Reason,2033150040,2,3315,40,40.870338694474,-73.892334290626,"{'latitude': '40.870338694474', 'longitude': '-73.892334290626', 'human_address': '{""address"": """", ""city"": """", ""state"": """", ""zip"": """"}'}",7,14,40303,2017454,Bedford Park,,"Burrows, Harborage",,
PC8776632,2026-09-24T12:41:36.000,Initial,1817,AMETHYST STREET,10462,Bronx,Failed for Rat Activity,2040470037,2,4047,37,40.845459765601,-73.868002956093,"{'latitude': '40.845459765601', 'longitude': '-73.868002956093', 'human_address': '{""address"": """", ""city"": """", ""state"": """", ""zip"": """"}'}",11,13,236,2043404,Pelham Parkway-Van Nest,,Droppings,1020770,247331
PC8768561,2026-09-24T12:42:00.000,Compliance,624,WEST  176 STREET,10033,Manhattan,Failed for Rat Activity,1021440008,1,2144,8,40.846410262759,-73.936845105345,"{'latitude': '40.846410262759', 'longitude': '-73.936845105345', 'human_address': '{""address"": """", ""city"": """", ""state"": """", ""zip"": """"}'}",12,10,263,1063538,Washington Heights (South),,Droppings,1001723,247656
PC8746990,2026-09-24T12:42:18.000,Compliance,2356,DAVIDSON AVENUE,10468,Bronx,Failed for Rat Activity,2031980068,2,3198,68,40.860369050727,-73.903832340478,"{'latitude': '40.860369050727', 'longitude': '-73.903832340478', 'human_address': '{""address"": """", ""city"": """", ""state"": """", ""zip"": """"}'}",7,14,239,2014268,Fordham Heights,,Burrows,,
PC8646275,2026-09-24T12:45:13.000,Compliance,923,WALTON AVENUE,10452,Bronx,Failed for Rat Activity,2024760047,2,2476,47,40.82885204138,-73.923116191332,"{'latitude': '40.82885204138', 'longitude': '-73.923116191332', 'human_address': '{""address"": """", ""city"": """", ""state"": """", ""zip"": """"}'}",4,16,195,2002917,Concourse-Concourse Village,Summons Issued,"Droppings, Burrows",,
PC8777419,2026-09-24T12:45:16.000,Initial,1477,AMSTERDAM AVENUE,10027,Manhattan,Failed for Rat Activity,1019700061,1,1970,61,40.817499531169,-73.953238866104,"{'latitude': '40.817499531169', 'longitude': '-73.953238866104', 'human_address': '{""address"": """", ""city"": """", ""state"": """", ""zip"": """"}'}",9,7,21303,1059632,Manhattanville-West Harlem,,Burrows,,
PC8766268,2026-09-24T12:45:35.000,Compliance,1629,GEORGE STREET,11385,Queens,Failed for Rat Activity,4035510097,4,3551,97,40.696658274405,-73.903964810288,"{'latitude': '40.696658274405', 'longitude': '-73.903964810288', 'human_address': '{""address"": """", ""city"": """", ""state"": """", ""zip"": """"}'}",5,34,555,4085626,Ridgewood,,Burrows,,
PC8655599,2026-09-24T12:49:33.000,Compliance,28,NORTH STREET,10468,Bronx,Failed for Rat Activity,2031980043,2,3198,43,40.860114333635,-73.904483442113,"{'latitude': '40.860114333635', 'longitude': '-73.904483442113', 'human_address': '{""address"": """", ""city"": """", ""state"": """", ""zip"": """"}'}",7,14,253,2014261,University Heights (North)-Fordham,Summons Issued,"Burrows, Rats",,
PC8747322,2026-09-24T12:50:18.000,Compliance,10,WEST 184 STREET,10468,Bronx,Failed for Rat Activity,2031980077,2,3198,77,40.860700415268,-73.902942518009,"{'latitude': '40.860700415268', 'longitude': '-73.902942518009', 'human_address': '{""address"": """", ""city"": """", ""state"": """", ""zip"": """"}'}",7,14,239,2014277,Fordham Heights,,Burrows,,
PC8750010,2026-09-24T12:50:45.000,Treatments,2650,BRIGGS AVENUE,10458,Bronx,Bait applied,2032940008,2,3294,8,40.865466837516,-73.892374747909,"{'latitude': '40.865466837516', 'longitude': '-73.892374747909', 'human_address': '{""address"": """", ""city"": """", ""state"": """", ""zip"": """"}'}",7,15,40501,2016833,Bedford Park,,,,
PC8756838,2026-09-24T12:50:52.000,Compliance,1710,PUTNAM AVENUE,11385,Queens,Failed for Rat Activity,4034610005,4,3461,5,40.700604490078,-73.906353815745,"{'latitude': '40.700604490078', 'longitude': '-73.906353815745', 'human_address': '{""address"": """", ""city"": """", ""state"": """", ""zip"": """"}'}",5,34,551,4082727,Ridgewood,,Burrows,,
PC8751253,2026-09-24T12:51:00.000,Compliance,122,WEST  130 STREET,10027,Manhattan,Failed for Rat Activity,1019140043,1,1914,43,40.811303283855,-73.94406022556,"{'latitude': '40.811303283855', 'longitude': '-73.94406022556', 'human_address': '{""address"": """", ""city"": """", ""state"": """", ""zip"": """"}'}",10,9,224,1076643,Harlem (North),,Burrows,999735,234864
PC8742511,2026-09-24T12:51:10.000,Compliance,1399,PACIFIC STREET,11216,Brooklyn,Failed for Rat Activity and Other Reason,3012020064,3,1202,64,40.677425500296,-73.945586207282,"{'latitude': '40.677425500296', 'longitude': '-73.945586207282', 'human_address': '{""address"": """", ""city"": """", ""state"": """", ""zip"": """"}'}",8,36,313,3029851,Crown Heights (North),Summons Issued,"Droppings, Burrows, Harborage",,
PC8755747,2026-09-24T12:56:19.000,Compliance,1706,PALMETTO STREET,11385,Queens,Failed for Rat Activity,4034560009,4,3456,9,40.70189360887,-73.908609706888,"{'latitude': '40.70189360887', 'longitude': '-73.908609706888', 'human_address': '{""address"": """", ""city"": """", ""state"": """", ""zip"": """"}'}",5,34,549,4082567,Ridgewood,,Droppings,,
PC8750005,2026-09-24T13:00:30.000,Compliance,2686,MORRIS AVENUE,10468,Bronx,Failed for Other Reason,2033160013,2,3316,13,40.867553324528,-73.895889320871,"{'latitude': '40.867553324528', 'longitude': '-73.895889320871', 'human_address': '{""address"": """", ""city"": """", ""state"": """", ""zip"": """"}'}",7,14,40304,2017475,Bedford Park,,"Harborage, Animal Nuisance",,
PC8655765,2026-09-24T13:00:43.000,Compliance,2322,GRAND AVENUE,10468,Bronx,Failed for Rat Activity and Other Reason,2031980020,2,3198,20,40.860575661009,-73.904739456356,"{'latitude': '40.860575661009', 'longitude': '-73.904739456356', 'human_address': '{""address"": """", ""city"": """", ""state"": """", ""zip"": """"}'}",7,14,253,2014246,University Heights (North)-Fordham,Summons Issued,"Burrows, Animal Nuisance",,
PC8757169,2026-09-24T13:03:03.000,Compliance,56-01,MYRTLE AVENUE,11385,Queens,Failed for Rat Activity,4034610061,4,3461,61,40.700134942714,-73.906120057404,"{'latitude': '40.700134942714', 'longitude': '-73.906120057404', 'human_address': '{""address"": """", ""city"": """", ""state"": """", ""zip"": """"}'}",5,34,551,4082759,Ridgewood,,Burrows,,
PC8633665,2026-09-24T13:03:24.000,Treatments,2594,BRIGGS AVENUE,10458,Bronx,Bait applied,2032930038,2,3293,38,40.864051481993,-73.89336766489,"{'latitude': '40.864051481993', 'longitude': '-73.89336766489', 'human_address': '{""address"": """", ""city"": """", ""state"": """", ""zip"": """"}'}",7,15,39901,2016793,University Heights (North)-Fordham,,,,
PC8602159,2026-09-24T13:03:51.000,Treatments,168,MONTAGUE STREET,11201,Brooklyn,Bait applied,3002507501,3,250,7501,40.694178524821,-73.992131396235,"{'latitude': '40.694178524821', 'longitude': '-73.992131396235', 'human_address': '{""address"": """", ""city"": """", ""state"": """", ""zip"": """"}'}",2,33,9,3002103,Brooklyn Heights,,,986432,192187
PC8780344,2026-09-24T13:05:00.000,Initial,2185,AMSTERDAM AVENUE,10032,Manhattan,Failed for Other Reason,1021120014,1,2112,14,40.840078100299,-73.936742717308,"{'latitude': '40.840078100299', 'longitude': '-73.936742717308', 'human_address': '{""address"": """", ""city"": """", ""state"": """", ""zip"": """"}'}",12,10,249,1062675,Washington Heights (South),,Harborage,,
PC8775661,2026-09-24T13:05:30.000,Initial,872,HOME STREET,10459,Bronx,Failed for Other Reason,2026920035,2,2692,35,40.828098322179,-73.8965258288,"{'latitude': '40.828098322179', 'longitude': '-73.8965258288', 'human_address': '{""address"": """", ""city"": """", ""state"": """", ""zip"": """"}'}",2,17,131,2129159,Longwood,,Harborage,1012885,240994
PC8755663,2026-09-24T13:06:28.000,Compliance,1708,PALMETTO STREET,11385,Queens,Failed for Rat Activity,4034560010,4,3456,10,40.701926517354,-73.908573595945,"{'latitude': '40.701926517354', 'longitude': '-73.908573595945', 'human_address': '{""address"": """", ""city"": """", ""state"": """", ""zip"": """"}'}",5,34,549,4082568,Ridgewood,,Droppings,,
PC8775452,2026-09-24T13:10:00.000,Initial,159-04,HARLEM RIVER DRIVE,10039,Manhattan,Failed for Rat Activity and Other Reason,1021060320,1,2106,320,40.831985880238,-73.935427847754,"{'latitude': '40.831985880238', 'longitude': '-73.935427847754', 'human_address': '{""address"": """", ""city"": """", ""state"": """", ""zip"": """"}'}",10,9,24302,1084188,Harlem (North),,"Burrows, Harborage, Animal Nuisance",,
PC8750234,2026-09-24T13:10:45.000,Compliance,2680,MORRIS AVENUE,10468,Bronx,Failed for Rat Activity,2033160011,2,3316,11,40.867465555508,-73.89595815481,"{'latitude': '40.867465555508', 'longitude': '-73.89595815481', 'human_address': '{""address"": """", ""city"": """", ""state"": """", ""zip"": """"}'}",7,14,40304,2000000,Bedford Park,,Burrows,,
PC8693008,2026-09-24T13:13:13.000,Compliance,1109,CLAY AVENUE,10456,Bronx,Failed for Rat Activity and Other Reason,2024290034,2,2429,34,40.829791041059,-73.91205410917,"{'latitude': '40.829791041059', 'longitude': '-73.91205410917', 'human_address': '{""address"": """", ""city"": """", ""state"": """", ""zip"": """"}'}",4,16,175,2002150,Concourse-Concourse Village,Summons Issued,"Droppings, Runways, Rats, Harborage",1008588,241607
PC8718918,2026-09-24T13:14:19.000,Treatments,2596,BRIGGS AVENUE,10458,Bronx,Bait applied,2032930173,2,3293,173,40.864081657215,-73.893349539348,"{'latitude': '40.864081657215', 'longitude': '-73.893349539348', 'human_address': '{""address"": """", ""city"": """", ""state"": """", ""zip"": """"}'}",7,15,39901,2016831,University Heights (North)-Fordham,,,,
PC8736305,2026-09-24T13:20:00.000,Treatments,1299,OCEAN AVENUE,11230,Brooklyn,Bait applied,3075480006,3,7548,6,40.630865294557,-73.957358339805,"{'latitude': '40.630865294557', 'longitude': '-73.957358339805', 'human_address': '{""address"": """", ""city"": """", ""state"": """", ""zip"": """"}'}",14,45,766,3205707,Flatbush,,,996086,169123
PC8661090,2026-09-24T13:20:24.000,Compliance,124,NOLL STREET,11206,Brooklyn,Failed for Rat Activity,3031540013,3,3154,13,40.702458568651,-73.931575720126,"{'latitude': '40.702458568651', 'longitude': '-73.931575720126', 'human_address': '{""address"": """", ""city"": """", ""state"": """", ""zip"": """"}'}",4,34,425,3071916,Bushwick (West),Summons Issued,"Droppings, Burrows, Runways",,
PC8428122,2026-09-24T13:20:43.000,Compliance,1302,PACIFIC STREET,11216,Brooklyn,Failed for Rat Activity,3012070025,3,1207,25,40.677533613799,-73.947882656634,"{'latitude': '40.677533613799', 'longitude': '-73.947882656634', 'human_address': '{""address"": """", ""city"": """", ""state"": """", ""zip"": """"}'}",8,36,315,3030047,Crown Heights (North),Summons Issued,Droppings,998706,186127
PC8755784,2026-09-24T13:24:57.000,Compliance,1714,PALMETTO STREET,11385,Queens,Failed for Rat Activity and Other Reason,4034560014,4,3456,14,40.702025248496,-73.908472476034,"{'latitude': '40.702025248496', 'longitude': '-73.908472476034', 'human_address': '{""address"": """", ""city"": """", ""state"": """", ""zip"": """"}'}",5,34,549,4082571,Ridgewood,,"Droppings, Harborage",,
PC8749059,2026-09-24T13:25:14.000,Treatments,426,CLINTON STREET,11231,Brooklyn,Bait applied,3003500028,3,350,28,40.68200571085,-73.998337872764,"{'latitude': '40.68200571085', 'longitude': '-73.998337872764', 'human_address': '{""address"": """", ""city"": """", ""state"": """", ""zip"": """"}'}",6,39,65,3004775,Carroll Gardens-Cobble Hill-Gowanus-Red Hook,,,984711,187752
PC8721774,2026-09-24T13:27:40.000,Compliance,914,ST NICHOLAS AVENUE,10032,Manhattan,Failed for Rat Activity,1021070009,1,2107,9,40.831371410962,-73.941195764987,"{'latitude': '40.831371410962', 'longitude': '-73.941195764987', 'human_address': '{""address"": """", ""city"": """", ""state"": """", ""zip"": """"}'}",12,10,239,1062484,Washington Heights (South),Summons Issued,Burrows,1000520,242164
PC8755597,2026-09-24T13:28:00.000,Initial,2215,NEWKIRK AVENUE,11226,Brooklyn,Failed for Other Reason,3052080025,3,5208,25,40.638756269823,-73.956625444238,"{'latitude': '40.638756269823', 'longitude': '-73.956625444238', 'human_address': '{""address"": """", ""city"": """", ""state"": """", ""zip"": """"}'}",14,40,51601,3120283,Flatbush,,Mice,996288,171998
PC8718719,2026-09-24T13:29:00.000,Treatments,2616,BRIGGS AVENUE,10458,Bronx,Bait applied,2032930047,2,3293,47,40.864394368006,-73.893146572879,"{'latitude': '40.864394368006', 'longitude': '-73.893146572879', 'human_address': '{""address"": """", ""city"": """", ""state"": """", ""zip"": """"}'}",7,15,39901,2016796,University Heights (North)-Fordham,,,,
PC8764500,2026-09-24T13:30:04.000,Treatments,1347,OCEAN AVENUE,11230,Brooklyn,Bait applied,3075660020,3,7566,20,40.629245756962,-73.957049553143,"{'latitude': '40.629245756962', 'longitude': '-73.957049553143', 'human_address': '{""address"": """", ""city"": """", ""state"": """", ""zip"": """"}'}",14,45,772,3206226,Flatbush,,,996176,168502
PC8738127,2026-09-24T13:35:24.000,Compliance,21,NOLL STREET,11206,Brooklyn,Failed for Rat Activity,3031450125,3,3145,125,40.700232032615,-73.935400875135,"{'latitude': '40.700232032615', 'longitude': '-73.935400875135', 'human_address': '{""address"": """", ""city"": """", ""state"": """", ""zip"": """"}'}",4,34,391,3350303,Bushwick (West),Summons Issued,"Burrows, Runways",1002162,194399
PC8755719,2026-09-24T13:36:38.000,Compliance,1716,PALMETTO STREET,11385,Queens,Failed for Rat Activity,4034560016,4,3456,16,40.702060901707,-73.908436361167,"{'latitude': '40.702060901707', 'longitude': '-73.908436361167', 'human_address': '{""address"": """", ""city"": """", ""state"": """", ""zip"": """"}'}",5,34,549,4082572,Ridgewood,,Droppings,,
PC8779280,2026-09-24T13:41:00.000,Initial,9,WEST 108 STREET,10025,Manhattan,Failed for Rat Activity,1018440025,1,1844,25,40.799543046675,-73.959528964209,"{'latitude': '40.799543046675', 'longitude': '-73.959528964209', 'human_address': '{""address"": """", ""city"": """", ""state"": """", ""zip"": """"}'}",7,7,193,1055722,Upper West Side-Manhattan Valley,,"Droppings, Burrows, Runways",995455,230577
PC8779448,2026-09-24T13:45:30.000,Initial,727,EAST   96 STREET,11236,Brooklyn,Failed for Other Reason,3081140011,3,8114,11,40.651457244252,-73.910718828484,"{'latitude': '40.651457244252', 'longitude': '-73.910718828484', 'human_address': '{""address"": """", ""city"": """", ""state"": """", ""zip"": """"}'}",17,42,928,3321308,East Flatbush-Remsen Village,,"Garbage, Harborage",1009024,176635
PC8674443,2026-09-24T13:46:25.000,Treatments,135,HUNTINGTON STREET,11231,Brooklyn,Bait applied,3003790001,3,379,1,40.676260906825,-74.000493908331,"{'latitude': '40.676260906825', 'longitude': '-74.000493908331', 'human_address': '{""address"": """", ""city"": """", ""state"": """", ""zip"": """"}'}",6,39,65,3005612,Carroll Gardens-Cobble Hill-Gowanus-Red Hook,,,984113,185659
PC8749241,2026-09-24T13:49:24.000,Compliance,2836,WEST   36 STREET,11224,Brooklyn,Failed for Rat Activity,3070040022,3,7004,22,40.576101004518,-74.002001457244,"{'latitude': '40.576101004518', 'longitude': '-74.002001457244', 'human_address': '{""address"": """", ""city"": """", ""state"": """", ""zip"": """"}'}",13,47,328,3188691,Coney Island-Sea Gate,,Droppings,983694,149168
PC8598306,2026-09-24T13:50:04.000,Treatments,1430,OCEAN AVENUE,11230,Brooklyn,Bait applied,3067120068,3,6712,68,40.627181541757,-73.95668343071,"{'latitude': '40.627181541757', 'longitude': '-73.95668343071', 'human_address': '{""address"": """", ""city"": """", ""state"": """", ""zip"": """"}'}",14,44,762,3179804,Midwood,,,996274,167781
PC8755729,2026-09-24T13:52:57.000,Compliance,1720,PALMETTO STREET,11385,Queens,Failed for Rat Activity,4034560019,4,3456,19,40.702126721436,-73.908367745464,"{'latitude': '40.702126721436', 'longitude': '-73.908367745464', 'human_address': '{""address"": """", ""city"": """", ""state"": """", ""zip"": """"}'}",5,34,549,4082574,Ridgewood,,Droppings,,
PC8749807,2026-09-24T14:00:04.000,Treatments,1434,OCEAN AVENUE,11230,Brooklyn,Bait applied,3067120073,3,6712,73,40.627112916727,-73.956669065399,"{'latitude': '40.627112916727', 'longitude': '-73.956669065399', 'human_address': '{""address"": """", ""city"": """", ""state"": """", ""zip"": """"}'}",14,44,762,3179805,Midwood,,,996278,167756
PC8628417,2026-09-24T14:10:24.000,Compliance,79,JEFFERSON STREET,11206,Brooklyn,Failed for Rat Activity,3031620043,3,3162,43,40.69891294013,-73.932618016649,"{'latitude': '40.69891294013', 'longitude': '-73.932618016649', 'human_address': '{""address"": """", ""city"": """", ""state"": """", ""zip"": """"}'}",4,34,391,3072040,Bushwick (West),Summons Issued,"Droppings, Burrows, Runways",,
PC8725920,2026-09-24T14:20:49.000,Treatments,1474,OCEAN AVENUE,11230,Brooklyn,Bait applied,3067120089,3,6712,89,40.626399221223,-73.956532636793,"{'latitude': '40.626399221223', 'longitude': '-73.956532636793', 'human_address': '{""address"": """", ""city"": """", ""state"": """", ""zip"": """"}'}",14,44,762,3179814,Midwood,,,996316,167496
PC8751233,2026-09-24T14:28:13.000,Compliance,1547,MORRIS AVENUE,10457,Bronx,Failed for Other Reason,2028200043,2,2820,43,40.842598836832,-73.909604740703,"{'latitude': '40.842598836832', 'longitude': '-73.909604740703', 'human_address': '{""address"": """", ""city"": """", ""state"": """", ""zip"": """"}'}",4,16,225,2007830,Mount Eden-Claremont (West),,Harborage,,
PC8730078,2026-09-24T14:43:59.000,Compliance,897,PARK PLACE,11216,Brooklyn,Failed for Rat Activity,3012340051,3,1234,51,40.673315013056,-73.948149131708,"{'latitude': '40.673315013056', 'longitude': '-73.948149131708', 'human_address': '{""address"": """", ""city"": """", ""state"": """", ""zip"": """"}'}",8,36,31701,3031258,Crown Heights (North),Summons Issued,Burrows,,
PC8758674,2026-09-25T08:30:07.000,Treatments,101,GREENE AVENUE,11238,Brooklyn,Bait applied,3019430044,3,1943,44,40.686420438329,-73.96834176279,"{'latitude': '40.686420438329', 'longitude': '-73.96834176279', 'human_address': '{""address"": """", ""city"": """", ""state"": """", ""zip"": """"}'}",2,35,197,3055466,Clinton Hill,,,993030,189362
PC8767550,2026-09-25T08:47:28.000,Treatments,413,GREENE AVENUE,11216,Brooklyn,Bait applied,3017930100,3,1793,100,40.688078896514,-73.953957387933,"{'latitude': '40.688078896514', 'longitude': '-73.953957387933', 'human_address': '{""address"": """", ""city"": """", ""state"": """", ""zip"": """"}'}",3,36,243,3050160,Bedford-Stuyvesant (West),,,997019,189968
PC8269748,2026-09-25T09:00:04.000,Treatments,100,NEPTUNE AVENUE,11235,Brooklyn,Bait applied,3087070002,3,8707,2,40.582543226836,-73.957076103537,"{'latitude': '40.582543226836', 'longitude': '-73.957076103537', 'human_address': '{""address"": """", ""city"": """", ""state"": """", ""zip"": """"}'}",13,48,61003,3245316,Brighton Beach,,,996173,151518
PC8601114,2026-09-25T09:00:44.000,Treatments,1048,MORRIS AVENUE,10456,Bronx,Bait applied,2024370008,2,2437,8,40.829733712796,-73.916141076019,"{'latitude': '40.829733712796', 'longitude': '-73.916141076019', 'human_address': '{""address"": """", ""city"": """", ""state"": """", ""zip"": """"}'}",4,16,175,2002381,Concourse-Concourse Village,,,,
PC8595634,2026-09-25T09:00:53.000,Treatments,357,EAST 193 STREET,10458,Bronx,Bait applied,2032760035,2,3276,35,40.863201184715,-73.891047981265,"{'latitude': '40.863201184715', 'longitude': '-73.891047981265', 'human_address': '{""address"": """", ""city"": """", ""state"": """", ""zip"": """"}'}",7,15,39901,2016343,University Heights (North)-Fordham,,,,
PC8711233,2026-09-25T09:08:44.000,Treatments,770A,GREENE AVENUE,11221,Brooklyn,Bait applied,3016190031,3,1619,31,40.689940376261,-73.937646550909,"{'latitude': '40.689940376261', 'longitude': '-73.937646550909', 'human_address': '{""address"": """", ""city"": """", ""state"": """", ""zip"": """"}'}",3,36,279,3043969,Bedford-Stuyvesant (East),,,,
PC8747194,2026-09-25T09:15:04.000,Treatments,2565,MARION AVENUE,10458,Bronx,Bait applied,2032860051,2,3286,51,40.86292506829,-73.892216187341,"{'latitude': '40.86292506829', 'longitude': '-73.892216187341', 'human_address': '{""address"": """", ""city"": """", ""state"": """", ""zip"": """"}'}",7,15,39901,2016602,University Heights (North)-Fordham,,,,
PC8435378,2026-09-25T09:20:04.000,Treatments,3232,SHORE PARKWAY,11235,Brooklyn,Bait applied,3087650019,3,8765,19,40.584859519978,-73.956260959866,"{'latitude': '40.584859519978', 'longitude': '-73.956260959866', 'human_address': '{""address"": """", ""city"": """", ""state"": """", ""zip"": """"}'}",15,48,608,3246947,Sheepshead Bay-Manhattan Beach-Gerritsen Beach,,,996399,152362
PC8682966,2026-09-25T09:21:35.000,Treatments,2319,PROSPECT AVENUE,10458,Bronx,Bait applied,2031020054,2,3102,54,40.852088621403,-73.883529521018,"{'latitude': '40.852088621403', 'longitude': '-73.883529521018', 'human_address': '{""address"": """", ""city"": """", ""state"": """", ""zip"": """"}'}",6,15,393,2012845,Belmont,,,,
PC8711690,2026-09-25T09:25:41.000,Treatments,824,GREENE AVENUE,11221,Brooklyn,Bait applied,3016200023,3,1620,23,40.690224452313,-73.935158193112,"{'latitude': '40.690224452313', 'longitude': '-73.935158193112', 'human_address': '{""address"": """", ""city"": """", ""state"": """", ""zip"": """"}'}",3,36,291,3044036,Bedford-Stuyvesant (East),,,,
PC8621590,2026-09-25T09:30:04.000,Treatments,2750,HOMECREST AVENUE,11235,Brooklyn,Bait applied,3087640010,3,8764,10,40.584291359858,-73.956290134901,"{'latitude': '40.584291359858', 'longitude': '-73.956290134901', 'human_address': '{""address"": """", ""city"": """", ""state"": """", ""zip"": """"}'}",15,48,608,3246945,Sheepshead Bay-Manhattan Beach-Gerritsen Beach,,,996391,152155
PC8718649,2026-09-25T09:30:50.000,Treatments,283,EAST KINGSBRIDGE RD,10458,Bronx,Bait applied,2032930104,2,3293,104,40.863547247315,-73.894228933389,"{'latitude': '40.863547247315', 'longitude': '-73.894228933389', 'human_address': '{""address"": """", ""city"": """", ""state"": """", ""zip"": """"}'}",7,15,39901,2016815,University Heights (North)-Fordham,,,,
PC8731149,2026-09-25T09:35:44.000,Treatments,1170,WALTON AVENUE,10452,Bronx,Bait applied,2024630001,2,2463,1,40.834067693872,-73.920042062362,"{'latitude': '40.834067693872', 'longitude': '-73.920042062362', 'human_address': '{""address"": """", ""city"": """", ""state"": """", ""zip"": """"}'}",4,16,197,2002834,Concourse-Concourse Village,,,,
PC8712069,2026-09-25T09:43:25.000,Treatments,903,GREENE AVENUE,11221,Brooklyn,Bait applied,3016160065,3,1616,65,40.690650572814,-73.931605914022,"{'latitude': '40.690650572814', 'longitude': '-73.931605914022', 'human_address': '{""address"": """", ""city"": """", ""state"": """", ""zip"": """"}'}",3,36,291,3043831,Bedford-Stuyvesant (East),,,,
PC8750478,2026-09-25T09:45:50.000,Treatments,2703,BAINBRIDGE AVENUE,10458,Bronx,Bait applied,2032940059,2,3294,59,40.865973310349,-73.890992805002,"{'latitude': '40.865973310349', 'longitude': '-73.890992805002', 'human_address': '{""address"": """", ""city"": """", ""state"": """", ""zip"": """"}'}",7,15,40501,2016854,Bedford Park,,,,
PC8746282,2026-09-25T09:50:44.000,Treatments,70,EAST  162 STREET,10452,Bronx,Bait applied,2024840015,2,2484,15,40.828567565768,-73.924590811254,"{'latitude': '40.828567565768', 'longitude': '-73.924590811254', 'human_address': '{""address"": """", ""city"": """", ""state"": """", ""zip"": """"}'}",4,16,195,2002989,Concourse-Concourse Village,,,1005119,241158
PC8750014,2026-09-25T10:00:32.000,Treatments,263,EAST 198 STREET,10458,Bronx,Bait applied,2032960009,2,3296,9,40.868949378442,-73.88894144399,"{'latitude': '40.868949378442', 'longitude': '-73.88894144399', 'human_address': '{""address"": """", ""city"": """", ""state"": """", ""zip"": """"}'}",7,15,40702,2016896,Bedford Park,,,,
PC8735499,2026-09-25T10:06:25.000,Treatments,607,EAST 182 STREET,10457,Bronx,Bait applied,2030710003,2,3071,3,40.851946493915,-73.889700119072,"{'latitude': '40.851946493915', 'longitude': '-73.889700119072', 'human_address': '{""address"": """", ""city"": """", ""state"": """", ""zip"": """"}'}",6,15,391,2012069,Belmont,,,,
PC8612283,2026-09-25T10:15:12.000,Treatments,233,EAST 198 STREET,10458,Bronx,Bait applied,2033020001,2,3302,1,40.869408471621,-73.889692736794,"{'latitude': '40.869408471621', 'longitude': '-73.889692736794', 'human_address': '{""address"": """", ""city"": """", ""state"": """", ""zip"": """"}'}",7,15,40702,2094736,Bedford Park,,,,
PC8674687,2026-09-25T10:15:44.000,Treatments,1014,GERARD AVENUE,10452,Bronx,Bait applied,2024770007,2,2477,7,40.830959855155,-73.922896931122,"{'latitude': '40.830959855155', 'longitude': '-73.922896931122', 'human_address': '{""address"": """", ""city"": """", ""state"": """", ""zip"": """"}'}",4,16,195,2002936,Concourse-Concourse Village,,,,
PC8697256,2026-09-25T10:18:05.000,Treatments,990,GREENE AVENUE,11221,Brooklyn,Bait applied,3016220039,3,1622,39,40.691005426869,-73.928385415842,"{'latitude': '40.691005426869', 'longitude': '-73.928385415842', 'human_address': '{""address"": """", ""city"": """", ""state"": """", ""zip"": """"}'}",3,36,387,3044154,Bedford-Stuyvesant (East),,,,
PC8735658,2026-09-25T10:21:47.000,Treatments,2357,HUGHES AVENUE,10458,Bronx,Bait applied,2030730054,2,3073,54,40.854623092414,-73.887367681552,"{'latitude': '40.854623092414', 'longitude': '-73.887367681552', 'human_address': '{""address"": """", ""city"": """", ""state"": """", ""zip"": """"}'}",6,15,391,2116247,Belmont,,,,
PC8270841,2026-09-25T10:30:04.000,Treatments,3066,BRIGHTON   14 STREET,11235,Brooklyn,Bait applied,3087160053,3,8716,53,40.578403522813,-73.955602828259,"{'latitude': '40.578403522813', 'longitude': '-73.955602828259', 'human_address': '{""address"": """", ""city"": """", ""state"": """", ""zip"": """"}'}",13,48,61004,3245638,Brighton Beach,,,996583,150010
PC8750597,2026-09-25T10:36:00.000,Treatments,2383,WASHINGTON AVENUE,10458,Bronx,Bait applied,2030400022,2,3040,22,40.857303151195,-73.891466178207,"{'latitude': '40.857303151195', 'longitude': '-73.891466178207', 'human_address': '{""address"": """", ""city"": """", ""state"": """", ""zip"": """"}'}",6,15,385,2011400,Belmont,,,1014273,251637
PC8763570,2026-09-25T10:36:32.000,Treatments,1049,GREENE AVENUE,11221,Brooklyn,Bait applied,3032830057,3,3283,57,40.691774733361,-73.92529062667,"{'latitude': '40.691774733361', 'longitude': '-73.92529062667', 'human_address': '{""address"": """", ""city"": """", ""state"": """", ""zip"": """"}'}",4,37,395,3388259,Bushwick (East),,,,
PC8288420,2026-09-25T10:40:04.000,Treatments,3026,BRIGHTON 14 STREET,11235,Brooklyn,Bait applied,3087160038,3,8716,38,40.578963303973,-73.955202865978,"{'latitude': '40.578963303973', 'longitude': '-73.955202865978', 'human_address': '{""address"": """", ""city"": """", ""state"": """", ""zip"": """"}'}",13,48,61004,3245627,Brighton Beach,,,,
PC8612161,2026-09-25T10:45:20.000,Treatments,251,BEDFORD PARK BLVD,10458,Bronx,Bait applied,2033030041,2,3303,41,40.870953323829,-73.886432355828,"{'latitude': '40.870953323829', 'longitude': '-73.886432355828', 'human_address': '{""address"": """", ""city"": """", ""state"": """", ""zip"": """"}'}",7,11,413,2017128,Bedford Park,,,,
PC8700688,2026-09-25T10:51:51.000,Treatments,2334,WASHINGTON AVENUE,10458,Bronx,Bait applied,2030530074,2,3053,74,40.856131974742,-73.892342917189,"{'latitude': '40.856131974742', 'longitude': '-73.892342917189', 'human_address': '{""address"": """", ""city"": """", ""state"": """", ""zip"": """"}'}",6,15,385,2011631,Belmont,,,,
PC8763890,2026-09-25T10:53:50.000,Treatments,1059,GREENE AVENUE,11221,Brooklyn,Bait applied,3032830051,3,3283,51,40.691999663472,-73.925074012113,"{'latitude': '40.691999663472', 'longitude': '-73.925074012113', 'human_address': '{""address"": """", ""city"": """", ""state"": """", ""zip"": """"}'}",4,37,395,3074972,Bushwick (East),,,,
PC8612259,2026-09-25T10:58:49.000,Treatments,196,EAST 205 STREET,10458,Bronx,Bait applied,2033110119,2,3311,119,40.874964054666,-73.884364365496,"{'latitude': '40.874964054666', 'longitude': '-73.884364365496', 'human_address': '{""address"": """", ""city"": """", ""state"": """", ""zip"": """"}'}",7,11,413,2017356,Bedford Park,,,,
PC8608466,2026-09-25T11:00:04.000,Treatments,3033,BRIGHTON   13 STREET,11235,Brooklyn,Bait applied,3087160085,3,8716,85,40.579287497667,-73.955998229156,"{'latitude': '40.579287497667', 'longitude': '-73.955998229156', 'human_address': '{""address"": """", ""city"": """", ""state"": """", ""zip"": """"}'}",13,48,61004,3245653,Brighton Beach,,,996473,150332
PC8605384,2026-09-25T11:06:50.000,Treatments,4575,PARK AVENUE,10458,Bronx,Bait applied,2030310069,2,3031,69,40.856775723654,-73.893936084184,"{'latitude': '40.856775723654', 'longitude': '-73.893936084184', 'human_address': '{""address"": """", ""city"": """", ""state"": """", ""zip"": """"}'}",6,15,38304,2011213,Belmont,,,,
PC8673396,2026-09-25T11:15:44.000,Treatments,950,WOODYCREST AVENUE,10452,Bronx,Bait applied,2025070001,2,2507,1,40.831372726197,-73.92895285886,"{'latitude': '40.831372726197', 'longitude': '-73.92895285886', 'human_address': '{""address"": """", ""city"": """", ""state"": """", ""zip"": """"}'}",4,16,189,2003113,Highbridge,,,1003911,242179
PC8684782,2026-09-25T11:20:04.000,Treatments,2964,BRIGHTON   12 STREET,11235,Brooklyn,Bait applied,3087110041,3,8711,41,40.580536456511,-73.956206202189,"{'latitude': '40.580536456511', 'longitude': '-73.956206202189', 'human_address': '{""address"": """", ""city"": """", ""state"": """", ""zip"": """"}'}",13,48,61004,3245465,Brighton Beach,,,996415,150787
PC8732937,2026-09-25T11:21:38.000,Treatments,485,WASHINGTON AVENUE,,Bronx,Bait applied,,2,3047,1,0.00000000000000000000,0.00000000000000000000,"{'latitude': '0.0', 'longitude': '0.0', 'human_address': '{""address"": """", ""city"": """", ""state"": """", ""zip"": """"}'}",2,35,201,,Clinton Hill,,,,
PC8647083,2026-09-25T11:35:44.000,Treatments,1277,SHAKESPEARE AVENUE,10452,Bronx,Bait applied,2025170035,2,2517,35,40.839136275548,-73.922663348364,"{'latitude': '40.839136275548', 'longitude': '-73.922663348364', 'human_address': '{""address"": """", ""city"": """", ""state"": """", ""zip"": """"}'}",4,16,211,2003311,Highbridge,,,1005649,245009
PC8718498,2026-09-25T11:36:35.000,Treatments,547,EAST 180 STREET,10457,Bronx,Bait applied,2030620017,2,3062,17,40.850443240357,-73.893523306654,"{'latitude': '40.850443240357', 'longitude': '-73.893523306654', 'human_address': '{""address"": """", ""city"": """", ""state"": """", ""zip"": """"}'}",6,15,37504,2011854,Tremont,,,,
PC8680000,2026-09-25T11:40:04.000,Treatments,283,NEPTUNE AVENUE,11235,Brooklyn,Bait applied,3072620009,3,7262,9,40.581123779419,-73.963891848436,"{'latitude': '40.581123779419', 'longitude': '-73.963891848436', 'human_address': '{""address"": """", ""city"": """", ""state"": """", ""zip"": """"}'}",13,48,366,3196387,Brighton Beach,,,994280,151000
PC8715273,2026-09-25T11:47:39.000,Treatments,436,EVERGREEN AVENUE,11221,Brooklyn,Bait applied,3033220017,3,3322,17,40.692735293895,-73.921030782366,"{'latitude': '40.692735293895', 'longitude': '-73.921030782366', 'human_address': '{""address"": """", ""city"": """", ""state"": """", ""zip"": """"}'}",4,37,399,3076067,Bushwick (East),,,,
PC8704926,2026-09-25T11:51:45.000,Treatments,2105,MONTEREY AVENUE,10457,Bronx,Bait applied,2030620015,2,3062,15,40.850333048397,-73.893089726441,"{'latitude': '40.850333048397', 'longitude': '-73.893089726441', 'human_address': '{""address"": """", ""city"": """", ""state"": """", ""zip"": """"}'}",6,15,37504,2011853,Tremont,,,1013827,249097
PC8455412,2026-09-25T11:55:44.000,Treatments,1360,OGDEN AVENUE,10452,Bronx,Bait applied,2025220043,2,2522,43,40.841838370654,-73.924579324235,"{'latitude': '40.841838370654', 'longitude': '-73.924579324235', 'human_address': '{""address"": """", ""city"": """", ""state"": """", ""zip"": """"}'}",4,16,211,2003376,Highbridge,,,,
PC8747163,2026-09-25T12:06:52.000,Treatments,4262,3 AVENUE,10457,Bronx,Bait applied,2030610001,2,3061,1,40.848032406757,-73.895471791536,"{'latitude': '40.848032406757', 'longitude': '-73.895471791536', 'human_address': '{""address"": """", ""city"": """", ""state"": """", ""zip"": """"}'}",6,15,37504,2011830,Tremont,,,,
PC8624017,2026-09-25T12:20:00.000,Treatments,2605,GRAND AVENUE,10468,Bronx,Bait applied,2032150151,2,3215,151,40.866829816835,-73.90022549517,"{'latitude': '40.866829816835', 'longitude': '-73.90022549517', 'human_address': '{""address"": """", ""city"": """", ""state"": """", ""zip"": """"}'}",7,14,265,2115310,University Heights (North)-Fordham,,,,
PC8735638,2026-09-25T12:21:51.000,Treatments,724,EAST 181 STREET,10457,Bronx,Bait applied,2030960061,2,3096,61,40.848529790832,-73.887378038943,"{'latitude': '40.848529790832', 'longitude': '-73.887378038943', 'human_address': '{""address"": """", ""city"": """", ""state"": """", ""zip"": """"}'}",6,15,371,2012701,Tremont,,,,
PC8746952,2026-09-25T12:32:13.000,Treatments,2564,CRESTON AVENUE,10468,Bronx,Bait applied,2031670046,2,3167,46,40.864515838164,-73.896920873154,"{'latitude': '40.864515838164', 'longitude': '-73.896920873154', 'human_address': '{""address"": """", ""city"": """", ""state"": """", ""zip"": """"}'}",7,14,401,2013819,University Heights (North)-Fordham,,,,
PC8678848,2026-09-25T12:35:44.000,Treatments,1460,MACOMBS ROAD,10452,Bronx,Bait applied,2028580001,2,2858,1,40.841512539639,-73.917734472803,"{'latitude': '40.841512539639', 'longitude': '-73.917734472803', 'human_address': '{""address"": """", ""city"": """", ""state"": """", ""zip"": """"}'}",4,16,219,2008313,Mount Eden-Claremont (West),,,,
PC8679069,2026-09-25T12:35:44.000,Treatments,14,WEST 170 STREET,10452,Bronx,Bait applied,2028560029,2,2856,29,40.840415042836,-73.918292406897,"{'latitude': '40.840415042836', 'longitude': '-73.918292406897', 'human_address': '{""address"": """", ""city"": """", ""state"": """", ""zip"": """"}'}",4,16,219,2008292,Mount Eden-Claremont (West),,,,
PC8718878,2026-09-25T12:45:00.000,Treatments,2450,DAVIDSON AVENUE,10468,Bronx,Bait applied,2032000001,2,3200,1,40.862928435138,-73.902114958374,"{'latitude': '40.862928435138', 'longitude': '-73.902114958374', 'human_address': '{""address"": """", ""city"": """", ""state"": """", ""zip"": """"}'}",7,14,265,2014355,University Heights (North)-Fordham,,,,
PC8698892,2026-09-25T12:50:44.000,Treatments,1451,CROMWELL AVENUE,10452,Bronx,Bait applied,2028720177,2,2872,177,40.842034879292,-73.9189156646,"{'latitude': '40.842034879292', 'longitude': '-73.9189156646', 'human_address': '{""address"": """", ""city"": """", ""state"": """", ""zip"": """"}'}",4,16,21302,2008684,Mount Eden-Claremont (West),,,,
PC8748246,2026-09-25T13:00:49.000,Treatments,2297,SEDGWICK AVENUE,10468,Bronx,Bait applied,2032340057,2,3234,57,40.861729592379,-73.909553330337,"{'latitude': '40.861729592379', 'longitude': '-73.909553330337', 'human_address': '{""address"": """", ""city"": """", ""state"": """", ""zip"": """"}'}",7,14,257,2015104,University Heights (North)-Fordham,,,,
PC8638720,2026-09-25T13:15:04.000,Treatments,3091,BRIGHTON    5 STREET,11235,Brooklyn,Bait applied,3086890015,3,8689,15,40.577060975587,-73.962292144297,"{'latitude': '40.577060975587', 'longitude': '-73.962292144297', 'human_address': '{""address"": """", ""city"": """", ""state"": """", ""zip"": """"}'}",13,48,36002,3245098,Brighton Beach,,,994725,149520
