job_id,inspection_date,inspection_type,house_number,street_name,zip_code,borough,result,bbl,boro_code,block,lot,latitude,longitude,location,community_board,council_district,census_tract,bin,nta,letter_type,observations,x_coord,y_coord
PC8645009,2026-09-07T08:07:23.000,Treatments,1768,BRYANT AVENUE,10460,Bronx,Bait applied,2029980170,2,2998,170,40.836513785073,-73.885067498642,"{'latitude': '40.836513785073', 'longitude': '-73.885067498642', 'human_address': '{""address"": """", ""city"": """", ""state"": """", ""zip"": """"}'}",3,17,161,2117995,Crotona Park East,,,,
PC8545981,2026-09-07T08:10:52.000,Treatments,851,Hornaday Place,10460,Bronx,Bait applied,2031190050,2,3119,50,40.847043229436,-73.882970918198,"{'latitude': '40.847043229436', 'longitude': '-73.882970918198', 'human_address': '{""address"": """", ""city"": """", ""state"": """", ""zip"": """"}'}",6,15,363,2118281,West Farms,,,,
PC8681818,2026-09-07T08:15:16.000,Treatments,000,PEARL STREET,,Manhattan,Bait applied,,1,106,22,0.00000000000000000000,0.00000000000000000000,"{'latitude': '0.0', 'longitude': '0.0', 'human_address': '{""address"": """", ""city"": """", ""state"": """", ""zip"": """"}'}",,,,,,,,,
PC8766583,2026-09-07T09:01:32.000,Treatments,48,EAST 1 STREET,10003,Manhattan,Bait applied,1004430053,1,443,53,40.723744980883,-73.989569997889,"{'latitude': '40.723744980883', 'longitude': '-73.989569997889', 'human_address': '{""address"": """", ""city"": """", ""state"": """", ""zip"": """"}'}",3,2,3602,1000000,East Village,,,,
PC8701947,2026-09-07T09:14:50.000,Treatments,122,HART STREET,11206,Brooklyn,Bait applied,3017710029,3,1771,29,40.693367783811,-73.946932645952,"{'latitude': '40.693367783811', 'longitude': '-73.946932645952', 'human_address': '{""address"": """", ""city"": """", ""state"": """", ""zip"": """"}'}",3,36,261,3000000,Bedford-Stuyvesant (West),,,,
PC8646203,2026-09-07T09:19:06.000,Treatments,864,REV JAMES POLITE AVENUE,10459,Bronx,Bait applied,2026960079,2,2696,79,40.819545070476,-73.898898445757,"{'latitude': '40.819545070476', 'longitude': '-73.898898445757', 'human_address': '{""address"": """", ""city"": """", ""state"": """", ""zip"": """"}'}",2,17,87,2000000,Longwood,,,,
PC8708114,2026-09-07T09:35:20.000,Treatments,EAST,5 STREET,10009,Manhattan,Bait applied,,1,374,14,,,,,,,,,,,,
PC8487224,2026-09-07T09:55:59.000,Treatments,700,Marcy Ave,11216,Brooklyn,Bait applied,3017890047,3,1789,47,40.690124030008,-73.948175675193,"{'latitude': '40.690124030008', 'longitude': '-73.948175675193', 'human_address': '{""address"": """", ""city"": """", ""state"": """", ""zip"": """"}'}",3,36,251,3000000,Bedford-Stuyvesant (West),,,,
PC8658557,2026-09-07T10:03:59.000,Treatments,EAST,2 STREET,10009,Manhattan,Bait applied,,1,397,28,,,,,,,,,,,,
PC8775907,2026-09-07T10:10:00.000,Initial,0000,EAST 158 STREET,,Bronx,Failed for Rat Activity,,2,2404,9,0.00000000000000000000,0.00000000000000000000,"{'latitude': '0.0', 'longitude': '0.0', 'human_address': '{""address"": """", ""city"": """", ""state"": """", ""zip"": """"}'}",,,,,,City Agency Referral,Burrows,,
PC8619662,2026-09-07T10:15:15.000,Treatments,EAST,5 STREET,10009,Manhattan,Bait applied,,1,387,155,,,,,,,,,,,,
PC8640972,2026-09-07T10:22:36.000,Treatments,EAST,158 STREET,10451,Bronx,Bait applied,,2,2404,9,,,,,,,,,,,,
PC8768292,2026-09-07T11:05:24.000,Treatments,212,EAST 3 STREET,10009,Manhattan,Bait applied,1003850011,1,385,11,40.722495263601,-73.982582116051,"{'latitude': '40.722495263601', 'longitude': '-73.982582116051', 'human_address': '{""address"": """", ""city"": """", ""state"": """", ""zip"": """"}'}",3,2,2202,1000000,East Village,,,,
PC8673481,2026-09-07T11:10:13.000,Treatments,196,EAST 3 STREET,10009,Manhattan,Bait applied,1003980028,1,398,28,40.722882411759,-73.983501978513,"{'latitude': '40.722882411759', 'longitude': '-73.983501978513', 'human_address': '{""address"": """", ""city"": """", ""state"": """", ""zip"": """"}'}",3,2,3002,1000000,East Village,,,,
PC8701929,2026-09-07T11:21:00.000,Treatments,1276,MYRTLE AVENUE,11221,Brooklyn,Bait applied,3032320040,3,3232,40,40.697997563343,-73.925950801583,"{'latitude': '40.697997563343', 'longitude': '-73.925950801583', 'human_address': '{""address"": """", ""city"": """", ""state"": """", ""zip"": """"}'}",4,34,423,3000000,Bushwick (West),,,,
PC8702333,2026-09-07T11:23:13.000,Treatments,94,WEST 162 STREET,10452,Bronx,Bait applied,2025110030,2,2511,30,40.83140596149,-73.929437047016,"{'latitude': '40.83140596149', 'longitude': '-73.929437047016', 'human_address': '{""address"": """", ""city"": """", ""state"": """", ""zip"": """"}'}",4,16,189,2000000,Highbridge,,,,
PC8738152,2026-09-07T12:04:09.000,Treatments,427,EAST 157 STREET,10451,Bronx,Bait applied,2023790030,2,2379,30,40.821355291997,-73.914153651256,"{'latitude': '40.821355291997', 'longitude': '-73.914153651256', 'human_address': '{""address"": """", ""city"": """", ""state"": """", ""zip"": """"}'}",1,17,69,2000000,Melrose,,,,
PC8701926,2026-09-07T12:05:37.000,Treatments,162,LEFFERTS PLACE,11238,Brooklyn,Bait applied,3020200019,3,2020,19,40.680592509323,-73.957474241945,"{'latitude': '40.680592509323', 'longitude': '-73.957474241945', 'human_address': '{""address"": """", ""city"": """", ""state"": """", ""zip"": """"}'}",3,36,227,3000000,Bedford-Stuyvesant (West),,,,
PC8720006,2026-09-07T12:10:15.000,Treatments,209,AVENUE B,10009,Manhattan,Bait applied,1003950008,1,395,8,40.728582488646,-73.978636961846,"{'latitude': '40.728582488646', 'longitude': '-73.978636961846', 'human_address': '{""address"": """", ""city"": """", ""state"": """", ""zip"": """"}'}",3,2,28,1000000,East Village,,,,
PC8619661,2026-09-07T12:30:39.000,Treatments,EAST,6 STREET,10009,Manhattan,Bait applied,,1,387,121,,,,,,,,,,,,
PC8719317,2026-09-07T12:55:17.000,Treatments,96,WEST 163 STREET,10452,Bronx,Bait applied,2025110065,2,2511,65,40.832108498849,-73.929248389339,"{'latitude': '40.832108498849', 'longitude': '-73.929248389339', 'human_address': '{""address"": """", ""city"": """", ""state"": """", ""zip"": """"}'}",4,16,189,2000000,Highbridge,,,,
PC8681773,2026-09-07T12:57:08.000,Treatments,178,Bayard Street,11222,Brooklyn,Bait applied,3027260014,3,2726,14,40.720630780277,-73.945208076269,"{'latitude': '40.720630780277', 'longitude': '-73.945208076269', 'human_address': '{""address"": """", ""city"": """", ""state"": """", ""zip"": """"}'}",1,33,499,3000000,Greenpoint,,,,
PC8738138,2026-09-07T13:08:36.000,Treatments,1651,Madison Avenue,10029,Manhattan,Bait applied,1016160023,1,1616,23,40.796288409049,-73.947532896309,"{'latitude': '40.796288409049', 'longitude': '-73.947532896309', 'human_address': '{""address"": """", ""city"": """", ""state"": """", ""zip"": """"}'}",11,8,17402,1000000,East Harlem (South),,,,
PC8716052,2026-09-07T13:18:20.000,Treatments,272,EAST 4 STREET,10009,Manhattan,Bait applied,1003860022,1,386,22,40.722876634721,-73.981611544211,"{'latitude': '40.722876634721', 'longitude': '-73.981611544211', 'human_address': '{""address"": """", ""city"": """", ""state"": """", ""zip"": """"}'}",3,2,2601,1000000,East Village,,,,
PC8708116,2026-09-07T13:20:06.000,Treatments,143,AVENUE C,10009,Manhattan,Bait applied,1003910030,1,391,30,40.725198081121,-73.978049974983,"{'latitude': '40.725198081121', 'longitude': '-73.978049974983', 'human_address': '{""address"": """", ""city"": """", ""state"": """", ""zip"": """"}'}",3,2,2602,1000000,East Village,,,,
PC8645011,2026-09-07T13:28:32.000,Treatments,1312,BRISTOW STREET,10459,Bronx,Bait applied,2029650199,2,2965,199,40.830956717029,-73.894736254275,"{'latitude': '40.830956717029', 'longitude': '-73.894736254275', 'human_address': '{""address"": """", ""city"": """", ""state"": """", ""zip"": """"}'}",3,17,153,2126571,Crotona Park East,,,,
PC8727629,2026-09-07T14:07:39.000,Treatments,1315,OGDEN AVENUE,10452,Bronx,Bait applied,2025310035,2,2531,35,40.840370371998,-73.925245989194,"{'latitude': '40.840370371998', 'longitude': '-73.925245989194', 'human_address': '{""address"": """", ""city"": """", ""state"": """", ""zip"": """"}'}",4,16,201,2000000,Highbridge,,,,
PC8598088,2026-09-07T14:10:41.000,Treatments,000,East 11 STREET,,Manhattan,Bait applied,,1,393,20,0.00000000000000000000,0.00000000000000000000,"{'latitude': '0.0', 'longitude': '0.0', 'human_address': '{""address"": """", ""city"": """", ""state"": """", ""zip"": """"}'}",,,,,,,,,
PC8727647,2026-09-07T15:24:00.000,Treatments,100,VAN CORTLANDT PARK E,,Bronx,Bait applied,,2,3323,100,0.00000000000000000000,0.00000000000000000000,"{'latitude': '0.0', 'longitude': '0.0', 'human_address': '{""address"": """", ""city"": """", ""state"": """", ""zip"": """"}'}",,,,,,,,,
PC8557851,2026-09-08T08:16:06.000,Treatments,1681,Amsterdam Ave,10031,Manhattan,Bait applied,1020590001,1,2059,1,40.824024491269,-73.948475669157,"{'latitude': '40.824024491269', 'longitude': '-73.948475669157', 'human_address': '{""address"": """", ""city"": """", ""state"": """", ""zip"": """"}'}",9,7,227,1061269,Hamilton Heights-Sugar Hill,,,,
PC8560502,2026-09-08T08:25:06.000,Treatments,3502,Broadway,10031,Manhattan,Bait applied,1020750001,1,2075,1,40.825269083716,-73.951282216525,"{'latitude': '40.825269083716', 'longitude': '-73.951282216525', 'human_address': '{""address"": """", ""city"": """", ""state"": """", ""zip"": """"}'}",9,7,229,1061879,Hamilton Heights-Sugar Hill,,,,
PC8560505,2026-09-08T08:30:06.000,Treatments,3512,Broadway,10031,Manhattan,Bait applied,1020750061,1,2075,61,40.825510545646,-73.951104987931,"{'latitude': '40.825510545646', 'longitude': '-73.951104987931', 'human_address': '{""address"": """", ""city"": """", ""state"": """", ""zip"": """"}'}",9,7,229,1061895,Hamilton Heights-Sugar Hill,,,,
PC8624141,2026-09-08T08:31:05.000,Treatments,167,STOCKHOLM STREET,11237,Brooklyn,Bait applied,3032460050,3,3246,50,40.69963127773,-73.922663512869,"{'latitude': '40.69963127773', 'longitude': '-73.922663512869', 'human_address': '{""address"": """", ""city"": """", ""state"": """", ""zip"": """"}'}",4,37,429,3073849,Bushwick (West),,,1005694,194183
PC8490614,2026-09-08T08:36:00.000,Treatments,1474,PACIFIC STREET,11213,Brooklyn,Bait applied,3012100013,3,1210,13,40.677143111803,-73.940704972131,"{'latitude': '40.677143111803', 'longitude': '-73.940704972131', 'human_address': '{""address"": """", ""city"": """", ""state"": """", ""zip"": """"}'}",8,36,311,3030194,Crown Heights (North),,,1000697,185986
PC8557894,2026-09-08T08:36:06.000,Treatments,537,West 144 St,10031,Manhattan,Bait applied,1020760018,1,2076,18,40.825032139322,-73.94921199141,"{'latitude': '40.825032139322', 'longitude': '-73.94921199141', 'human_address': '{""address"": """", ""city"": """", ""state"": """", ""zip"": """"}'}",9,7,229,1061904,Hamilton Heights-Sugar Hill,,,,
PC8557890,2026-09-08T08:42:06.000,Treatments,531,West 145 St,10031,Manhattan,Bait applied,1020770012,1,2077,12,40.825654922162,-73.948597253874,"{'latitude': '40.825654922162', 'longitude': '-73.948597253874', 'human_address': '{""address"": """", ""city"": """", ""state"": """", ""zip"": """"}'}",9,7,229,1061931,Hamilton Heights-Sugar Hill,,,,
PC8697727,2026-09-08T08:46:36.000,Treatments,232,STOCKHOLM STREET,11237,Brooklyn,Bait applied,3032580016,3,3258,16,40.701178276687,-73.921118118904,"{'latitude': '40.701178276687', 'longitude': '-73.921118118904', 'human_address': '{""address"": """", ""city"": """", ""state"": """", ""zip"": """"}'}",4,37,431,3074183,Bushwick (West),,,,
PC8706556,2026-09-08T08:51:00.000,Treatments,1509,PACIFIC STREET,11213,Brooklyn,Bait applied,3012040077,3,1204,77,40.677173423465,-73.940935679198,"{'latitude': '40.677173423465', 'longitude': '-73.940935679198', 'human_address': '{""address"": """", ""city"": """", ""state"": """", ""zip"": """"}'}",8,36,311,3029950,Crown Heights (North),,,1000633,185997
PC8558785,2026-09-08T08:51:06.000,Treatments,3543,Broadway,10031,Manhattan,Bait applied,1020920026,1,2092,26,40.826569692997,-73.950352630669,"{'latitude': '40.826569692997', 'longitude': '-73.950352630669', 'human_address': '{""address"": """", ""city"": """", ""state"": """", ""zip"": """"}'}",9,7,229,1062380,Hamilton Heights-Sugar Hill,,,,
PC8776136,2026-09-08T09:00:03.000,Treatments,1411,BRYANT AVENUE,10459,Bronx,Bait applied,2029940044,2,2994,44,40.830407609717,-73.888742234498,"{'latitude': '40.830407609717', 'longitude': '-73.888742234498', 'human_address': '{""address"": """", ""city"": """", ""state"": """", ""zip"": """"}'}",3,17,123,2115738,Crotona Park East,,,,
PC8511915,2026-09-08T09:00:18.000,Treatments,1050,HOE AVENUE,10459,Bronx,Bait applied,2027490022,2,2749,22,40.824423033736,-73.890519149373,"{'latitude': '40.824423033736', 'longitude': '-73.890519149373', 'human_address': '{""address"": """", ""city"": """", ""state"": """", ""zip"": """"}'}",2,17,119,2006113,Longwood,,,,
PC8746081,2026-09-08T09:00:36.000,Treatments,251,STOCKHOLM STREET,11237,Brooklyn,Bait applied,3032470045,3,3247,45,40.701532128274,-73.920793109669,"{'latitude': '40.701532128274', 'longitude': '-73.920793109669', 'human_address': '{""address"": """", ""city"": """", ""state"": """", ""zip"": """"}'}",4,37,429,3073891,Bushwick (West),,,,
PC8768947,2026-09-08T09:00:46.000,Initial,3603,3 AVENUE,10456,Bronx,Failed for Rat Activity and Other Reason,2029100001,2,2910,1,40.833073464543,-73.904807894763,"{'latitude': '40.833073464543', 'longitude': '-73.904807894763', 'human_address': '{""address"": """", ""city"": """", ""state"": """", ""zip"": """"}'}",3,16,14701,2092082,Claremont Village-Claremont (East),City Agency Referral,"Burrows, Garbage",,
PC8714436,2026-09-08T09:02:00.000,Treatments,2345,TIEBOUT AVENUE,10458,Bronx,Bait applied,2031460055,2,3146,55,40.857834878686,-73.89660591292,"{'latitude': '40.857834878686', 'longitude': '-73.89660591292', 'human_address': '{""address"": """", ""city"": """", ""state"": """", ""zip"": """"}'}",5,15,38301,2013438,Fordham Heights,,,,
PC8689532,2026-09-08T09:02:19.000,Treatments,1566,BRYANT AVENUE,10460,Bronx,Bait applied,2030010023,2,3001,23,40.833828282892,-73.8866766581,"{'latitude': '40.833828282892', 'longitude': '-73.8866766581', 'human_address': '{""address"": """", ""city"": """", ""state"": """", ""zip"": """"}'}",3,17,157,2100185,Crotona Park East,,,,
PC8671305,2026-09-08T09:05:00.000,Compliance,162-01,85 AVENUE,11432,Queens,Failed for Rat Activity and Other Reason,4097860047,4,9786,47,40.712557734111,-73.802411465678,"{'latitude': '40.712557734111', 'longitude': '-73.802411465678', 'human_address': '{""address"": """", ""city"": """", ""state"": """", ""zip"": """"}'}",8,24,450,4209413,Jamaica Hills-Briarwood,Summons Issued,"Droppings, Burrows, Harborage",,
PC8704703,2026-09-08T09:07:00.000,Treatments,1406,PACIFIC STREET,11216,Brooklyn,Bait applied,3012090014,3,1209,14,40.677292700168,-73.943415969387,"{'latitude': '40.677292700168', 'longitude': '-73.943415969387', 'human_address': '{""address"": """", ""city"": """", ""state"": """", ""zip"": """"}'}",8,36,313,3030134,Crown Heights (North),,,,
PC8596826,2026-09-08T09:07:06.000,Treatments,486,Convent Ave,10031,Manhattan,Bait applied,1020660021,1,2066,21,40.828531403696,-73.94277736363,"{'latitude': '40.828531403696', 'longitude': '-73.94277736363', 'human_address': '{""address"": """", ""city"": """", ""state"": """", ""zip"": """"}'}",9,7,23501,1061592,Hamilton Heights-Sugar Hill,,,,
PC8561574,2026-09-08T09:14:06.000,Treatments,795,ST NICHOLAS AVENUE,10031,Manhattan,Bait applied,1020640036,1,2064,36,40.827126145631,-73.942876137954,"{'latitude': '40.827126145631', 'longitude': '-73.942876137954', 'human_address': '{""address"": """", ""city"": """", ""state"": """", ""zip"": """"}'}",9,9,231,1061550,Hamilton Heights-Sugar Hill,,,,
PC8745040,2026-09-08T09:14:45.000,Treatments,253,STOCKHOLM STREET,11237,Brooklyn,Bait applied,3032470044,3,3247,44,40.701567787859,-73.920760608228,"{'latitude': '40.701567787859', 'longitude': '-73.920760608228', 'human_address': '{""address"": """", ""city"": """", ""state"": """", ""zip"": """"}'}",4,37,429,3073890,Bushwick (West),,,,
PC8771721,2026-09-08T09:15:46.000,Initial,1076,BROADWAY,11221,Brooklyn,Failed for Other Reason,3016000006,3,1600,6,40.694580732178,-73.931010455678,"{'latitude': '40.694580732178', 'longitude': '-73.931010455678', 'human_address': '{""address"": """", ""city"": """", ""state"": """", ""zip"": """"}'}",3,36,289,3043191,Bedford-Stuyvesant (East),,Garbage,,
PC8689673,2026-09-08T09:17:27.000,Treatments,1538,BRYANT AVENUE,10460,Bronx,Bait applied,2030010012,2,3001,12,40.833608832261,-73.886807127687,"{'latitude': '40.833608832261', 'longitude': '-73.886807127687', 'human_address': '{""address"": """", ""city"": """", ""state"": """", ""zip"": """"}'}",3,17,157,2010874,Crotona Park East,,,,
PC8772616,2026-09-08T09:19:22.000,Initial,401,PUTNAM AVENUE,11216,Brooklyn,Failed for Other Reason,3018240056,3,1824,56,40.684580980002,-73.945270262329,"{'latitude': '40.684580980002', 'longitude': '-73.945270262329', 'human_address': '{""address"": """", ""city"": """", ""state"": """", ""zip"": """"}'}",3,36,267,3051695,Bedford-Stuyvesant (West),COTA,Harborage,,
PC8748912,2026-09-08T09:19:42.000,Treatments,608,WEST 176 STREET,10033,Manhattan,Bait applied,1021440066,1,2144,66,40.846250856999,-73.936462128792,"{'latitude': '40.846250856999', 'longitude': '-73.936462128792', 'human_address': '{""address"": """", ""city"": """", ""state"": """", ""zip"": """"}'}",12,10,263,1063556,Washington Heights (South),,,1001829,247598
PC8561570,2026-09-08T09:21:06.000,Treatments,757,ST NICHOLAS AVENUE,10031,Manhattan,Bait applied,1020630029,1,2063,29,40.826055917227,-73.943321498412,"{'latitude': '40.826055917227', 'longitude': '-73.943321498412', 'human_address': '{""address"": """", ""city"": """", ""state"": """", ""zip"": """"}'}",9,9,231,1061510,Hamilton Heights-Sugar Hill,,,,
PC8772534,2026-09-08T09:22:24.000,Initial,1096,BROADWAY,11221,Brooklyn,Failed for Other Reason,3016007502,3,1600,7502,40.694234520384,-73.930397770299,"{'latitude': '40.694234520384', 'longitude': '-73.930397770299', 'human_address': '{""address"": """", ""city"": """", ""state"": """", ""zip"": """"}'}",3,36,289,3043197,Bedford-Stuyvesant (East),,Harborage,,
PC8705306,2026-09-08T09:23:00.000,Treatments,1374,PACIFIC STREET,11216,Brooklyn,Bait applied,3012080036,3,1208,36,40.677384086208,-73.945077903497,"{'latitude': '40.677384086208', 'longitude': '-73.945077903497', 'human_address': '{""address"": """", ""city"": """", ""state"": """", ""zip"": """"}'}",8,36,313,3030109,Crown Heights (North),,,999484,186073
PC8771744,2026-09-08T09:25:24.000,Initial,1104,BROADWAY,11221,Brooklyn,Failed for Rat Activity,3016000019,3,1600,19,40.694108122727,-73.930170715924,"{'latitude': '40.694108122727', 'longitude': '-73.930170715924', 'human_address': '{""address"": """", ""city"": """", ""state"": """", ""zip"": """"}'}",3,36,289,3043200,Bedford-Stuyvesant (East),,Burrows,,
PC8745424,2026-09-08T09:28:57.000,Treatments,259,STOCKHOLM STREET,11237,Brooklyn,Bait applied,3032470041,3,3247,41,40.701672016795,-73.920655893876,"{'latitude': '40.701672016795', 'longitude': '-73.920655893876', 'human_address': '{""address"": """", ""city"": """", ""state"": """", ""zip"": """"}'}",4,37,429,3073887,Bushwick (West),,,,
PC8738023,2026-09-08T09:28:58.000,Treatments,580,WEST  176 STREET,10033,Manhattan,Bait applied,1021330010,1,2133,10,40.845866085006,-73.935548054873,"{'latitude': '40.845866085006', 'longitude': '-73.935548054873', 'human_address': '{""address"": """", ""city"": """", ""state"": """", ""zip"": """"}'}",12,10,261,1063218,Washington Heights (South),,,1002082,247458
PC8748635,2026-09-08T09:29:58.000,Compliance,508,EAST 6 STREET,10009,Manhattan,Failed for Rat Activity,1004010014,1,401,14,40.725253887549,-73.98348335001,"{'latitude': '40.725253887549', 'longitude': '-73.98348335001', 'human_address': '{""address"": """", ""city"": """", ""state"": """", ""zip"": """"}'}",3,2,32,1005047,East Village,,"Droppings, Burrows, Runways",,
PC8699879,2026-09-08T09:30:18.000,Treatments,571,EAST 170 STREET,10456,Bronx,Bait applied,2029320015,2,2932,15,40.834599715187,-73.901755667677,"{'latitude': '40.834599715187', 'longitude': '-73.901755667677', 'human_address': '{""address"": """", ""city"": """", ""state"": """", ""zip"": """"}'}",3,15,149,2009720,Morrisania,,,,
PC8554035,2026-09-08T09:31:06.000,Treatments,1734,Amsterdam Ave,10031,Manhattan,Bait applied,1020770036,1,2077,36,40.82574213954,-73.947242198366,"{'latitude': '40.82574213954', 'longitude': '-73.947242198366', 'human_address': '{""address"": """", ""city"": """", ""state"": """", ""zip"": """"}'}",9,7,229,1061946,Hamilton Heights-Sugar Hill,,,,
PC8771071,2026-09-08T09:31:24.000,Initial,797,BUSHWICK AVENUE,11221,Brooklyn,Failed for Rat Activity,3032420001,3,3242,1,40.695048324832,-73.928139441715,"{'latitude': '40.695048324832', 'longitude': '-73.928139441715', 'human_address': '{""address"": """", ""city"": """", ""state"": """", ""zip"": """"}'}",4,34,393,3073761,Bushwick (West),,Burrows,,
PC8689527,2026-09-08T09:32:47.000,Treatments,1522,BRYANT AVENUE,10460,Bronx,Bait applied,2030010006,2,3001,6,40.833482645589,-73.886879617705,"{'latitude': '40.833482645589', 'longitude': '-73.886879617705', 'human_address': '{""address"": """", ""city"": """", ""state"": """", ""zip"": """"}'}",3,17,157,2010870,Crotona Park East,,,,
PC8557850,2026-09-08T09:34:30.000,Treatments,1681,Amsterdam Ave,10031,Manhattan,Bait applied,1020590001,1,2059,1,40.824024491269,-73.948475669157,"{'latitude': '40.824024491269', 'longitude': '-73.948475669157', 'human_address': '{""address"": """", ""city"": """", ""state"": """", ""zip"": """"}'}",9,7,227,1061269,Hamilton Heights-Sugar Hill,,,,
PC8710431,2026-09-08T09:35:00.000,Treatments,1366,PACIFIC STREET,11216,Brooklyn,Bait applied,3012080032,3,1208,32,40.677395168759,-73.945294208288,"{'latitude': '40.677395168759', 'longitude': '-73.945294208288', 'human_address': '{""address"": """", ""city"": """", ""state"": """", ""zip"": """"}'}",8,36,313,3030105,Crown Heights (North),,,,
PC8612080,2026-09-08T09:37:00.000,Treatments,17,EAST 204 STREET,10468,Bronx,Bait applied,2033110008,2,3311,8,40.87490943064,-73.887401888782,"{'latitude': '40.87490943064', 'longitude': '-73.887401888782', 'human_address': '{""address"": """", ""city"": """", ""state"": """", ""zip"": """"}'}",7,11,411,2017322,Bedford Park,,,,
PC8770161,2026-09-08T09:38:00.000,Initial,1187,CLAY AVENUE,10456,Bronx,Failed for Rat Activity,2024300035,2,2430,35,40.832007847642,-73.910829756068,"{'latitude': '40.832007847642', 'longitude': '-73.910829756068', 'human_address': '{""address"": """", ""city"": """", ""state"": """", ""zip"": """"}'}",4,16,17701,2002155,Concourse-Concourse Village,COTA,Droppings,,
PC8558789,2026-09-08T09:40:06.000,Treatments,675,Riverside Drive,10031,Manhattan,Bait applied,1021010055,1,2101,55,40.826809268533,-73.952198877717,"{'latitude': '40.826809268533', 'longitude': '-73.952198877717', 'human_address': '{""address"": """", ""city"": """", ""state"": """", ""zip"": """"}'}",9,7,229,1000000,Hamilton Heights-Sugar Hill,,,,
PC8751212,2026-09-08T09:40:10.000,Treatments,574,WEST 176 STREET,10033,Manhattan,Bait applied,1021330013,1,2133,13,40.845822108395,-73.935439665758,"{'latitude': '40.845822108395', 'longitude': '-73.935439665758', 'human_address': '{""address"": """", ""city"": """", ""state"": """", ""zip"": """"}'}",12,10,261,1063219,Washington Heights (South),,,1002112,247442
PC8748166,2026-09-08T09:41:02.000,Treatments,600,WEST  175 STREET,10033,Manhattan,Bait applied,1021430055,1,2143,55,40.845496220687,-73.93676284578,"{'latitude': '40.845496220687', 'longitude': '-73.93676284578', 'human_address': '{""address"": """", ""city"": """", ""state"": """", ""zip"": """"}'}",12,10,263,1063534,Washington Heights (South),,,1001746,247323
PC8744787,2026-09-08T09:42:05.000,Treatments,263,STOCKHOLM STREET,11237,Brooklyn,Bait applied,3032470039,3,3247,39,40.701740591107,-73.920590893956,"{'latitude': '40.701740591107', 'longitude': '-73.920590893956', 'human_address': '{""address"": """", ""city"": """", ""state"": """", ""zip"": """"}'}",4,37,429,3073885,Bushwick (West),,,,
PC8721502,2026-09-08T09:43:24.000,Compliance,1155,BOSTON ROAD,10456,Bronx,Failed for Other Reason,2026140053,2,2614,53,40.828483187238,-73.903524484793,"{'latitude': '40.828483187238', 'longitude': '-73.903524484793', 'human_address': '{""address"": """", ""city"": """", ""state"": """", ""zip"": """"}'}",3,17,18502,2000000,Morrisania,Summons Issued,Harborage,,
PC8770418,2026-09-08T09:45:00.000,Initial,1171,CLAY AVENUE,10456,Bronx,Failed for Other Reason,2024300043,2,2430,43,40.831662159218,-73.911021743271,"{'latitude': '40.831662159218', 'longitude': '-73.911021743271', 'human_address': '{""address"": """", ""city"": """", ""state"": """", ""zip"": """"}'}",4,16,17701,2002159,Concourse-Concourse Village,COTA,Harborage,,
PC8732103,2026-09-08T09:46:38.000,Treatments,10,WEST   65 STREET,10023,Manhattan,Bait applied,1011170039,1,1117,39,40.772018539397,-73.979799956294,"{'latitude': '40.772018539397', 'longitude': '-73.979799956294', 'human_address': '{""address"": """", ""city"": """", ""state"": """", ""zip"": """"}'}",7,6,149,1028139,Upper West Side-Lincoln Square,,,989845,220547
PC8690101,2026-09-08T09:47:13.000,Treatments,1313,WEST FARMS ROAD,10459,Bronx,Bait applied,2030070043,2,3007,43,40.829568992147,-73.887233194183,"{'latitude': '40.829568992147', 'longitude': '-73.887233194183', 'human_address': '{""address"": """", ""city"": """", ""state"": """", ""zip"": """"}'}",3,17,123,2010912,Crotona Park East,,,,
PC8770040,2026-09-08T09:48:00.000,Initial,1160,TELLER AVENUE,10456,Bronx,Failed for Other Reason,2024300045,2,2430,45,40.831561366523,-73.912012010313,"{'latitude': '40.831561366523', 'longitude': '-73.912012010313', 'human_address': '{""address"": """", ""city"": """", ""state"": """", ""zip"": """"}'}",4,16,17701,2002160,Concourse-Concourse Village,,Harborage,,
PC8758707,2026-09-08T09:50:13.000,Compliance,24,LAUREL HILL TERRACE,10033,Manhattan,Failed for Rat Activity,1021490056,1,2149,56,40.848774571781,-73.929295656079,"{'latitude': '40.848774571781', 'longitude': '-73.929295656079', 'human_address': '{""address"": """", ""city"": """", ""state"": """", ""zip"": """"}'}",12,10,267,1063581,Washington Heights (North),,"Droppings, Burrows",1003803,248519
PC8561569,2026-09-08T09:50:16.000,Treatments,757,ST NICHOLAS AVENUE,10031,Manhattan,Bait applied,1020630029,1,2063,29,40.826055917227,-73.943321498412,"{'latitude': '40.826055917227', 'longitude': '-73.943321498412', 'human_address': '{""address"": """", ""city"": """", ""state"": """", ""zip"": """"}'}",9,9,231,1061510,Hamilton Heights-Sugar Hill,,,,
PC8699675,2026-09-08T09:50:18.000,Treatments,595,EAST 170 STREET,10456,Bronx,Bait applied,2029320004,2,2932,4,40.834379400708,-73.900899529927,"{'latitude': '40.834379400708', 'longitude': '-73.900899529927', 'human_address': '{""address"": """", ""city"": """", ""state"": """", ""zip"": """"}'}",3,15,149,2009719,Morrisania,,,,
PC8738070,2026-09-08T09:51:00.000,Treatments,1407,PACIFIC STREET,11216,Brooklyn,Bait applied,3012020060,3,1202,60,40.677414416578,-73.945366297111,"{'latitude': '40.677414416578', 'longitude': '-73.945366297111', 'human_address': '{""address"": """", ""city"": """", ""state"": """", ""zip"": """"}'}",8,36,313,3029847,Crown Heights (North),,,999404,186084
PC8580404,2026-09-08T09:51:06.000,Treatments,1841,Amsterdam Avenue,10031,Manhattan,Bait applied,1020660001,1,2066,1,40.829180107097,-73.944706406458,"{'latitude': '40.829180107097', 'longitude': '-73.944706406458', 'human_address': '{""address"": """", ""city"": """", ""state"": """", ""zip"": """"}'}",9,7,23501,1088260,Hamilton Heights-Sugar Hill,,,,
PC8672254,2026-09-08T09:55:00.000,Treatments,253,EAST 202 STREET,10458,Bronx,Bait applied,2033080051,2,3308,51,40.872823646227,-73.884841781364,"{'latitude': '40.872823646227', 'longitude': '-73.884841781364', 'human_address': '{""address"": """", ""city"": """", ""state"": """", ""zip"": """"}'}",7,11,413,2017249,Bedford Park,,,,
PC8766770,2026-09-08T09:55:00.000,Initial,1802,PALISADE PLACE,10453,Bronx,Failed for Rat Activity,2028770546,2,2877,546,40.851904478182,-73.918252935504,"{'latitude': '40.851904478182', 'longitude': '-73.918252935504', 'human_address': '{""address"": """", ""city"": """", ""state"": """", ""zip"": """"}'}",5,14,20502,2008974,University Heights (South)-Morris Heights,,Burrows,,
PC8768865,2026-09-08T09:55:20.000,Initial,1309,PARK AVENUE,,Bronx,Failed for Rat Activity and Other Reason,1016270001,2,2901,1,0.00000000000000000000,0.00000000000000000000,"{'latitude': '0.0', 'longitude': '0.0', 'human_address': '{""address"": """", ""city"": """", ""state"": """", ""zip"": """"}'}",11,8,166,1086037,East Harlem (South),City Agency Referral,"Droppings, Burrows, Garbage",,
PC8580403,2026-09-08T09:56:06.000,Treatments,1841,Amsterdam Avenue,10031,Manhattan,Bait applied,1020660001,1,2066,1,40.829180107097,-73.944706406458,"{'latitude': '40.829180107097', 'longitude': '-73.944706406458', 'human_address': '{""address"": """", ""city"": """", ""state"": """", ""zip"": """"}'}",9,7,23501,1088260,Hamilton Heights-Sugar Hill,,,,
PC8619125,2026-09-08T09:56:28.000,Treatments,561,WEST  179 STREET,10033,Manhattan,Bait applied,1021530029,1,2153,29,40.847847092902,-73.934328039235,"{'latitude': '40.847847092902', 'longitude': '-73.934328039235', 'human_address': '{""address"": """", ""city"": """", ""state"": """", ""zip"": """"}'}",12,10,261,1079911,Washington Heights (South),,,1002419,248180
PC8706397,2026-09-08T09:57:18.000,Treatments,326,STOCKHOLM STREET,11237,Brooklyn,Bait applied,3032590027,3,3259,27,40.7033643594,-73.918965962853,"{'latitude': '40.7033643594', 'longitude': '-73.918965962853', 'human_address': '{""address"": """", ""city"": """", ""state"": """", ""zip"": """"}'}",4,37,443,3074240,Bushwick (West),,,1006718,195544
PC8750947,2026-09-08T09:57:51.000,Treatments,4151,BROADWAY,10033,Manhattan,Bait applied,1021420217,1,2142,217,40.846573016652,-73.938344941647,"{'latitude': '40.846573016652', 'longitude': '-73.938344941647', 'human_address': '{""address"": """", ""city"": """", ""state"": """", ""zip"": """"}'}",12,10,263,1063513,Washington Heights (South),,,,
PC8770264,2026-09-08T10:00:00.000,Initial,362,EAST 167 STREET,10456,Bronx,Failed for Rat Activity,2024290116,2,2429,116,40.830946467751,-73.911911646199,"{'latitude': '40.830946467751', 'longitude': '-73.911911646199', 'human_address': '{""address"": """", ""city"": """", ""state"": """", ""zip"": """"}'}",4,16,175,2114158,Concourse-Concourse Village,COTA,Droppings,,
PC8771308,2026-09-08T10:00:24.000,Initial,20,STOCKHOLM STREET,11221,Brooklyn,Failed for Rat Activity,3032530017,3,3253,17,40.695236959676,-73.926945584892,"{'latitude': '40.695236959676', 'longitude': '-73.926945584892', 'human_address': '{""address"": """", ""city"": """", ""state"": """", ""zip"": """"}'}",4,34,395,3074043,Bushwick (East),,Droppings,,
PC8680666,2026-09-08T10:00:53.000,Treatments,155,WEST  195 STREET,10468,Bronx,Bait applied,2032490176,2,3249,176,40.870512208663,-73.902215839673,"{'latitude': '40.870512208663', 'longitude': '-73.902215839673', 'human_address': '{""address"": """", ""city"": """", ""state"": """", ""zip"": """"}'}",8,14,26702,2015370,Kingsbridge Heights-Van Cortlandt Village,,,1011294,256446
PC8726351,2026-09-08T10:00:59.000,Compliance,1932,WALLACE AVENUE,10462,Bronx,Failed for Rat Activity,2042610015,2,4261,15,40.848774098464,-73.864519146535,"{'latitude': '40.848774098464', 'longitude': '-73.864519146535', 'human_address': '{""address"": """", ""city"": """", ""state"": """", ""zip"": """"}'}",11,13,230,2047993,Pelham Parkway-Van Nest,Summons Issued,Burrows,1021736,248524
PC8580405,2026-09-08T10:01:06.000,Treatments,1841,Amsterdam Avenue,10031,Manhattan,Bait applied,1020660001,1,2066,1,40.829180107097,-73.944706406458,"{'latitude': '40.829180107097', 'longitude': '-73.944706406458', 'human_address': '{""address"": """", ""city"": """", ""state"": """", ""zip"": """"}'}",9,7,23501,1088260,Hamilton Heights-Sugar Hill,,,,
PC8766663,2026-09-08T10:02:25.000,Initial,228,WEST TREMONT AVENUE,10453,Bronx,Failed for Other Reason,2028770497,2,2877,497,40.852933693231,-73.918168525635,"{'latitude': '40.852933693231', 'longitude': '-73.918168525635', 'human_address': '{""address"": """", ""city"": """", ""state"": """", ""zip"": """"}'}",5,14,20502,2008963,University Heights (South)-Morris Heights,City Agency Referral,Harborage,,
PC8674127,2026-09-08T10:02:52.000,Treatments,1463,LONGFELLOW AVENUE,10460,Bronx,Bait applied,2030000045,2,3000,45,40.831525805004,-73.887041956713,"{'latitude': '40.831525805004', 'longitude': '-73.887041956713', 'human_address': '{""address"": """", ""city"": """", ""state"": """", ""zip"": """"}'}",3,17,157,2100662,Crotona Park East,,,,
PC8775257,2026-09-08T10:03:11.000,Initial,2010,LEXINGTON AVENUE,10035,Manhattan,Failed for Other Reason,1017710056,1,1771,56,40.802660073383,-73.938678348534,"{'latitude': '40.802660073383', 'longitude': '-73.938678348534', 'human_address': '{""address"": """", ""city"": """", ""state"": """", ""zip"": """"}'}",11,9,196,1076464,East Harlem (North),COTA,"Garbage, Harborage",1001227,231716
PC8763344,2026-09-08T10:03:13.000,Initial,564,WEST  189 STREET,10040,Manhattan,Failed for Rat Activity and Other Reason,1021580041,1,2158,41,40.853940126064,-73.929239536027,"{'latitude': '40.853940126064', 'longitude': '-73.929239536027', 'human_address': '{""address"": """", ""city"": """", ""state"": """", ""zip"": """"}'}",12,10,277,1063821,Washington Heights (North),,"Burrows, Garbage, Mice",1003825,250401
PC8772869,2026-09-08T10:04:04.000,Initial,304,EVERGREEN AVENUE,11221,Brooklyn,Failed for Rat Activity,3032530022,3,3253,22,40.695634598633,-73.926393395357,"{'latitude': '40.695634598633', 'longitude': '-73.926393395357', 'human_address': '{""address"": """", ""city"": """", ""state"": """", ""zip"": """"}'}",4,34,395,3074046,Bushwick (East),,Burrows,,
PC8770381,2026-09-08T10:05:00.000,Initial,1139,CLAY AVENUE,10456,Bronx,Failed for Rat Activity,2024290024,2,2429,24,40.830666243543,-73.911572342985,"{'latitude': '40.830666243543', 'longitude': '-73.911572342985', 'human_address': '{""address"": """", ""city"": """", ""state"": """", ""zip"": """"}'}",4,16,175,2002144,Concourse-Concourse Village,COTA,Burrows,,
PC8750609,2026-09-08T10:05:24.000,Compliance,763,Home Street,10456,Bronx,Failed for Rat Activity,2026620040,2,2662,40,40.828069771711,-73.901516019727,"{'latitude': '40.828069771711', 'longitude': '-73.901516019727', 'human_address': '{""address"": """", ""city"": """", ""state"": """", ""zip"": """"}'}",3,17,135,2004731,Morrisania,Summons Issued,Burrows,,
PC8773205,2026-09-08T10:05:31.000,Initial,4109,9 AVENUE,11232,Brooklyn,Failed for Rat Activity,3055900010,3,5590,10,40.644698642065,-73.996378524342,"{'latitude': '40.644698642065', 'longitude': '-73.996378524342', 'human_address': '{""address"": """", ""city"": """", ""state"": """", ""zip"": """"}'}",12,38,112,3135533,Sunset Park (East)-Borough Park (West),COTA,"Droppings, Burrows",985255,174160
PC8731433,2026-09-08T10:07:00.000,Treatments,1316,PACIFIC STREET,11216,Brooklyn,Bait applied,3012070034,3,1207,34,40.677508696749,-73.947413995155,"{'latitude': '40.677508696749', 'longitude': '-73.947413995155', 'human_address': '{""address"": """", ""city"": """", ""state"": """", ""zip"": """"}'}",8,36,315,3030053,Crown Heights (North),,,,
PC8766624,2026-09-08T10:08:25.000,Initial,1810,PALISADE PLACE,10453,Bronx,Failed for Other Reason,2028770550,2,2877,550,40.851992355852,-73.918317892286,"{'latitude': '40.851992355852', 'longitude': '-73.918317892286', 'human_address': '{""address"": """", ""city"": """", ""state"": """", ""zip"": """"}'}",5,14,20502,2117899,University Heights (South)-Morris Heights,,Harborage,,
PC8746827,2026-09-08T10:10:00.000,Treatments,232,EAST 201 STREET,10458,Bronx,Bait applied,2033060031,2,3306,31,40.87234719611,-73.885977985269,"{'latitude': '40.87234719611', 'longitude': '-73.885977985269', 'human_address': '{""address"": """", ""city"": """", ""state"": """", ""zip"": """"}'}",7,14,413,2017199,Bedford Park,,,,
PC8766879,2026-09-08T10:10:25.000,Initial,1814,PALISADE PLACE,10453,Bronx,Failed for Other Reason,2028770552,2,2877,552,40.852036294672,-73.918350370742,"{'latitude': '40.852036294672', 'longitude': '-73.918350370742', 'human_address': '{""address"": """", ""city"": """", ""state"": """", ""zip"": """"}'}",5,14,20502,2008976,University Heights (South)-Morris Heights,,Harborage,,
PC8623345,2026-09-08T10:10:48.000,Treatments,611,WEST 181 STREET,10033,Manhattan,Bait applied,1021650019,1,2165,19,40.8494800786,-73.934098701234,"{'latitude': '40.8494800786', 'longitude': '-73.934098701234', 'human_address': '{""address"": """", ""city"": """", ""state"": """", ""zip"": """"}'}",12,10,271,1063946,Washington Heights (North),,,,
PC8639771,2026-09-08T10:11:11.000,Compliance,149,EAST 123 STREET,10035,Manhattan,Failed for Rat Activity and Other Reason,1017720020,1,1772,20,40.802936951557,-73.938042370175,"{'latitude': '40.802936951557', 'longitude': '-73.938042370175', 'human_address': '{""address"": """", ""city"": """", ""state"": """", ""zip"": """"}'}",11,8,196,1054432,East Harlem (North),Summons Issued,"Droppings, Burrows, Runways, Garbage",,
PC8697146,2026-09-08T10:12:29.000,Treatments,2701,Sedgwick Ave,10468,Bronx,Bait applied,2032530001,2,3253,1,40.869953129347,-73.903214602108,"{'latitude': '40.869953129347', 'longitude': '-73.903214602108', 'human_address': '{""address"": """", ""city"": """", ""state"": """", ""zip"": """"}'}",8,14,273,2015500,Kingsbridge Heights-Van Cortlandt Village,,,,
PC8561573,2026-09-08T10:12:53.000,Treatments,408,West 150 St,10031,Manhattan,Bait applied,1020640039,1,2064,39,40.8274006591,-73.942955395989,"{'latitude': '40.8274006591', 'longitude': '-73.942955395989', 'human_address': '{""address"": """", ""city"": """", ""state"": """", ""zip"": """"}'}",9,9,231,1061551,Hamilton Heights-Sugar Hill,,,,
PC8724942,2026-09-08T10:13:38.000,Treatments,434,WEST 52 STREET,10019,Manhattan,Bait applied,1010610050,1,1061,50,40.765193595451,-73.989155551613,"{'latitude': '40.765193595451', 'longitude': '-73.989155551613', 'human_address': '{""address"": """", ""city"": """", ""state"": """", ""zip"": """"}'}",4,3,133,1026729,Hell's Kitchen,,,,
PC8554031,2026-09-08T10:14:06.000,Treatments,319,West 145 St,10039,Manhattan,Bait applied,1020520001,1,2052,1,40.823319278776,-73.943056463838,"{'latitude': '40.823319278776', 'longitude': '-73.943056463838', 'human_address': '{""address"": """", ""city"": """", ""state"": """", ""zip"": """"}'}",10,9,231,1084164,Hamilton Heights-Sugar Hill,,,,
PC8747779,2026-09-08T10:15:00.000,Initial,501,WEST 167 STREET,10032,Manhattan,Failed for Rat Activity,1021230100,1,2123,100,40.83938412107,-73.937545697733,"{'latitude': '40.83938412107', 'longitude': '-73.937545697733', 'human_address': '{""address"": """", ""city"": """", ""state"": """", ""zip"": """"}'}",12,10,251,1062984,Washington Heights (South),,Droppings,,
PC8771974,2026-09-08T10:15:04.000,Initial,312,EVERGREEN AVENUE,11221,Brooklyn,Failed for Rat Activity,3032530027,3,3253,27,40.695464230244,-73.926094268411,"{'latitude': '40.695464230244', 'longitude': '-73.926094268411', 'human_address': '{""address"": """", ""city"": """", ""state"": """", ""zip"": """"}'}",4,34,395,3074051,Bushwick (East),,Droppings,,
PC8721644,2026-09-08T10:15:18.000,Treatments,1048,FRANKLIN AVENUE,10456,Bronx,Bait applied,2026070026,2,2607,26,40.826781988395,-73.907519722728,"{'latitude': '40.826781988395', 'longitude': '-73.907519722728', 'human_address': '{""address"": """", ""city"": """", ""state"": """", ""zip"": """"}'}",3,17,18502,2004177,Morrisania,,,,
PC8721029,2026-09-08T10:15:28.000,Treatments,865,HART STREET,11237,Brooklyn,Bait applied,3032200041,3,3220,41,40.702554104168,-73.922137152228,"{'latitude': '40.702554104168', 'longitude': '-73.922137152228', 'human_address': '{""address"": """", ""city"": """", ""state"": """", ""zip"": """"}'}",4,34,429,3073235,Bushwick (West),,,1005839,195248
PC8770878,2026-09-08T10:16:18.000,Initial,310,MADISON STREET,11216,Brooklyn,Failed for Other Reason,3018240019,3,1824,19,40.685234566328,-73.945965615829,"{'latitude': '40.685234566328', 'longitude': '-73.945965615829', 'human_address': '{""address"": """", ""city"": """", ""state"": """", ""zip"": """"}'}",3,36,267,3051658,Bedford-Stuyvesant (West),COTA,Harborage,,
PC8748593,2026-09-08T10:16:43.000,Compliance,540,EAST 6 STREET,10009,Manhattan,Failed for Rat Activity,1004010030,1,401,30,40.725031483336,-73.982949448148,"{'latitude': '40.725031483336', 'longitude': '-73.982949448148', 'human_address': '{""address"": """", ""city"": """", ""state"": """", ""zip"": """"}'}",3,2,32,1005061,East Village,Summons Issued,Droppings,,
PC8689001,2026-09-08T10:17:38.000,Treatments,1535,LONGFELLOW AVENUE,10460,Bronx,Bait applied,2030010046,2,3001,46,40.833218311625,-73.886030846778,"{'latitude': '40.833218311625', 'longitude': '-73.886030846778', 'human_address': '{""address"": """", ""city"": """", ""state"": """", ""zip"": """"}'}",3,17,157,2100202,Crotona Park East,,,,
PC8730754,2026-09-08T10:18:00.000,Treatments,1308,PACIFIC STREET,11216,Brooklyn,Bait applied,3012070030,3,1207,30,40.677522542717,-73.947680771912,"{'latitude': '40.677522542717', 'longitude': '-73.947680771912', 'human_address': '{""address"": """", ""city"": """", ""state"": """", ""zip"": """"}'}",8,36,315,3030049,Crown Heights (North),,,,
PC8554032,2026-09-08T10:19:06.000,Treatments,319,West 145 St,10039,Manhattan,Bait applied,1020520001,1,2052,1,40.823319278776,-73.943056463838,"{'latitude': '40.823319278776', 'longitude': '-73.943056463838', 'human_address': '{""address"": """", ""city"": """", ""state"": """", ""zip"": """"}'}",10,9,231,1084164,Hamilton Heights-Sugar Hill,,,,
PC8739697,2026-09-08T10:19:18.000,Treatments,12,SICKLES STREET,10040,Manhattan,Bait applied,1021740093,1,2174,93,40.86106168928,-73.927608692225,"{'latitude': '40.86106168928', 'longitude': '-73.927608692225', 'human_address': '{""address"": """", ""city"": """", ""state"": """", ""zip"": """"}'}",12,10,285,1064185,Washington Heights (North),,,1004274,252996
PC8701263,2026-09-08T10:22:00.000,Compliance,2279,3 AVENUE,10035,Manhattan,Failed for Rat Activity,1017887501,1,1788,7501,40.802806877514,-73.936088371859,"{'latitude': '40.802806877514', 'longitude': '-73.936088371859', 'human_address': '{""address"": """", ""city"": """", ""state"": """", ""zip"": """"}'}",11,8,194,1087594,East Harlem (North),Summons Issued,Burrows,,
PC8624043,2026-09-08T10:23:06.000,Treatments,258,WADSWORTH AVENUE,10033,Manhattan,Bait applied,1021670063,1,2167,63,40.85279222504,-73.932808546463,"{'latitude': '40.85279222504', 'longitude': '-73.932808546463', 'human_address': '{""address"": """", ""city"": """", ""state"": """", ""zip"": """"}'}",12,10,271,1063989,Washington Heights (North),,,,
PC8773963,2026-09-08T10:25:00.000,Initial,28,RUTGERS STREET,10002,Manhattan,Failed for Rat Activity,1002730023,1,273,23,40.712969064805,-73.990051443324,"{'latitude': '40.712969064805', 'longitude': '-73.990051443324', 'human_address': '{""address"": """", ""city"": """", ""state"": """", ""zip"": """"}'}",3,1,6,1003255,Chinatown-Two Bridges,COTA,Droppings,,
PC8773883,2026-09-08T10:25:00.000,Initial,38,6 AVENUE,11217,Brooklyn,Failed for Other Reason,3011187501,3,1118,7501,40.681774989822,-73.974141572006,"{'latitude': '40.681774989822', 'longitude': '-73.974141572006', 'human_address': '{""address"": """", ""city"": """", ""state"": """", ""zip"": """"}'}",6,35,12902,3418421,Park Slope,COTA,Animal Nuisance,991422,187669
PC8700471,2026-09-08T10:25:30.000,Treatments,2747,SEDGEWICK AVENUE,10468,Bronx,Bait applied,2032530063,2,3253,63,40.87112179551,-73.90251866514,"{'latitude': '40.87112179551', 'longitude': '-73.90251866514', 'human_address': '{""address"": """", ""city"": """", ""state"": """", ""zip"": """"}'}",8,14,273,2092454,Kingsbridge Heights-Van Cortlandt Village,,,1011210,256668
PC8749740,2026-09-08T10:26:00.000,Treatments,2871,GRAND CONCOURSE,10468,Bronx,Bait applied,2033190113,2,3319,113,40.870531700448,-73.89035616366,"{'latitude': '40.870531700448', 'longitude': '-73.89035616366', 'human_address': '{""address"": """", ""city"": """", ""state"": """", ""zip"": """"}'}",7,14,40701,2017605,Bedford Park,,,1014574,256457
PC8772684,2026-09-08T10:26:04.000,Initial,15,STANHOPE STREET,11221,Brooklyn,Failed for Rat Activity,3032530036,3,3253,36,40.694758937729,-73.926271755837,"{'latitude': '40.694758937729', 'longitude': '-73.926271755837', 'human_address': '{""address"": """", ""city"": """", ""state"": """", ""zip"": """"}'}",4,34,395,3074058,Bushwick (East),,Droppings,,
PC8428122,2026-09-08T10:29:00.000,Treatments,1302,PACIFIC STREET,11216,Brooklyn,Bait applied,3012070025,3,1207,25,40.677533613799,-73.947882656634,"{'latitude': '40.677533613799', 'longitude': '-73.947882656634', 'human_address': '{""address"": """", ""city"": """", ""state"": """", ""zip"": """"}'}",8,36,315,3030047,Crown Heights (North),,,998706,186127
PC8701433,2026-09-08T10:29:11.000,Compliance,208,EAST 124 STREET,10035,Manhattan,Failed for Rat Activity and Other Reason,1017880044,1,1788,44,40.802820468319,-73.93584996331,"{'latitude': '40.802820468319', 'longitude': '-73.93584996331', 'human_address': '{""address"": """", ""city"": """", ""state"": """", ""zip"": """"}'}",11,8,194,1054654,East Harlem (North),Summons Issued,"Droppings, Burrows, Runways, Garbage",,
PC8771373,2026-09-08T10:29:21.000,Initial,11,STANHOPE STREET,11221,Brooklyn,Failed for Rat Activity,3032530038,3,3253,38,40.694662930981,-73.926365622844,"{'latitude': '40.694662930981', 'longitude': '-73.926365622844', 'human_address': '{""address"": """", ""city"": """", ""state"": """", ""zip"": """"}'}",4,34,395,3074060,Bushwick (East),,Runways,,
PC8749174,2026-09-08T10:29:24.000,Compliance,1120,FOX STREET,10459,Bronx,Failed for Rat Activity and Other Reason,2027190038,2,2719,38,40.827489285434,-73.893842024698,"{'latitude': '40.827489285434', 'longitude': '-73.893842024698', 'human_address': '{""address"": """", ""city"": """", ""state"": """", ""zip"": """"}'}",3,17,125,2005701,Crotona Park East,Summons Issued,"Burrows, Animal Nuisance",1013629,240774
PC8763984,2026-09-08T10:29:35.000,Treatments,864,HART STREET,11237,Brooklyn,Bait applied,3032360023,3,3236,23,40.702515684735,-73.922148017064,"{'latitude': '40.702515684735', 'longitude': '-73.922148017064', 'human_address': '{""address"": """", ""city"": """", ""state"": """", ""zip"": """"}'}",4,37,429,3073602,Bushwick (West),,,,
PC8747735,2026-09-08T10:30:00.000,Initial,2172,AMSTERDAM AVENUE,10032,Manhattan,Failed for Rat Activity,1021230096,1,2123,96,40.83959523313,-73.937119040102,"{'latitude': '40.83959523313', 'longitude': '-73.937119040102', 'human_address': '{""address"": """", ""city"": """", ""state"": """", ""zip"": """"}'}",12,10,251,1079876,Washington Heights (South),,Burrows,,
PC8765229,2026-09-08T10:30:00.000,Compliance,5507,5 AVENUE,11220,Brooklyn,Failed for Rat Activity,3008320006,3,832,6,40.64218644826,-74.013335895417,"{'latitude': '40.64218644826', 'longitude': '-74.013335895417', 'human_address': '{""address"": """", ""city"": """", ""state"": """", ""zip"": """"}'}",7,38,100,3015006,Sunset Park (Central),,Runways,980549,173245
PC8690147,2026-09-08T10:32:06.000,Treatments,1548,LONGFELLOW AVENUE,10460,Bronx,Bait applied,2030090013,2,3009,13,40.833328015,-73.885943928927,"{'latitude': '40.833328015', 'longitude': '-73.885943928927', 'human_address': '{""address"": """", ""city"": """", ""state"": """", ""zip"": """"}'}",3,17,157,2100686,Crotona Park East,,,,
PC8623142,2026-09-08T10:33:42.000,Treatments,1500,ST NICHOLAS AVENUE,10033,Manhattan,Bait applied,1021570033,1,2157,33,40.851836507222,-73.931873302002,"{'latitude': '40.851836507222', 'longitude': '-73.931873302002', 'human_address': '{""address"": """", ""city"": """", ""state"": """", ""zip"": """"}'}",12,10,269,1063778,Washington Heights (North),,,,
PC8557889,2026-09-08T10:36:00.000,Treatments,531,West 145 St,10031,Manhattan,Bait applied,1020770012,1,2077,12,40.825654922162,-73.948597253874,"{'latitude': '40.825654922162', 'longitude': '-73.948597253874', 'human_address': '{""address"": """", ""city"": """", ""state"": """", ""zip"": """"}'}",9,7,229,1061931,Hamilton Heights-Sugar Hill,,,,
PC8723530,2026-09-08T10:36:09.000,Treatments,165,NAGLE AVENUE,10040,Manhattan,Bait applied,1021730029,1,2173,29,40.86127448281,-73.925580310292,"{'latitude': '40.86127448281', 'longitude': '-73.925580310292', 'human_address': '{""address"": """", ""city"": """", ""state"": """", ""zip"": """"}'}",12,10,283,1079935,Washington Heights (North),,,1004835,253074
PC8701436,2026-09-08T10:37:11.000,Compliance,221,EAST 124 STREET,10035,Manhattan,Failed for Rat Activity and Other Reason,1017890010,1,1789,10,40.802757227996,-73.935651361807,"{'latitude': '40.802757227996', 'longitude': '-73.935651361807', 'human_address': '{""address"": """", ""city"": """", ""state"": """", ""zip"": """"}'}",11,8,242,1054662,East Harlem (North),Summons Issued,"Droppings, Burrows, Runways, Gnawing, Garbage, Animal Nuisance",,
PC8772345,2026-09-08T10:38:21.000,Initial,833,BUSHWICK AVENUE,11221,Brooklyn,Failed for Other Reason,3032530004,3,3253,4,40.694452019289,-73.927047420725,"{'latitude': '40.694452019289', 'longitude': '-73.927047420725', 'human_address': '{""address"": """", ""city"": """", ""state"": """", ""zip"": """"}'}",4,34,395,3325567,Bushwick (East),,Harborage,,
PC8775172,2026-09-08T10:40:13.000,Initial,89,THAYER STREET,10040,Manhattan,Failed for Rat Activity and Other Reason,1021750196,1,2175,196,40.864207104512,-73.927536562453,"{'latitude': '40.864207104512', 'longitude': '-73.927536562453', 'human_address': '{""address"": """", ""city"": """", ""state"": """", ""zip"": """"}'}",12,10,287,1064252,Washington Heights (North),,"Runways, Animal Nuisance",1004293,254142
PC8770446,2026-09-08T10:40:55.000,Initial,WEST,129 STREET,10027,Manhattan,Failed for Other Reason,,1,1914,22,,,,,,,,,,Harborage,,
PC8772164,2026-09-08T10:41:21.000,Initial,829,BUSHWICK AVENUE,11221,Brooklyn,Failed for Rat Activity,3032530006,3,3253,6,40.69450697893,-73.927148332893,"{'latitude': '40.69450697893', 'longitude': '-73.927148332893', 'human_address': '{""address"": """", ""city"": """", ""state"": """", ""zip"": """"}'}",4,34,395,3074035,Bushwick (East),,Droppings,,
PC8724608,2026-09-08T10:41:38.000,Treatments,449,WEST 48 STREET,10036,Manhattan,Bait applied,1010580006,1,1058,6,40.762825049022,-73.991256885373,"{'latitude': '40.762825049022', 'longitude': '-73.991256885373', 'human_address': '{""address"": """", ""city"": """", ""state"": """", ""zip"": """"}'}",4,3,127,1026584,Hell's Kitchen,,,,
PC8771921,2026-09-08T10:42:21.000,Initial,827,BUSHWICK AVENUE,11221,Brooklyn,Failed for Rat Activity,3032530007,3,3253,7,40.694567434891,-73.927260057702,"{'latitude': '40.694567434891', 'longitude': '-73.927260057702', 'human_address': '{""address"": """", ""city"": """", ""state"": """", ""zip"": """"}'}",4,34,395,3074036,Bushwick (East),,Droppings,,
PC8769779,2026-09-08T10:42:33.000,Initial,280,EAST 164 STREET,10456,Bronx,Failed for Rat Activity,2024230027,2,2423,27,40.82820238566,-73.916468222663,"{'latitude': '40.82820238566', 'longitude': '-73.916468222663', 'human_address': '{""address"": """", ""city"": """", ""state"": """", ""zip"": """"}'}",4,16,173,2114153,Concourse-Concourse Village,,Droppings,,
PC8770411,2026-09-08T10:43:00.000,Initial,1005,WALTON AVENUE,10452,Bronx,Failed for Rat Activity,2024770034,2,2477,34,40.830317160272,-73.922265307302,"{'latitude': '40.830317160272', 'longitude': '-73.922265307302', 'human_address': '{""address"": """", ""city"": """", ""state"": """", ""zip"": """"}'}",4,16,195,2002942,Concourse-Concourse Village,COTA,Droppings,,
PC8764654,2026-09-08T10:44:56.000,Initial,136,WEST   91 STREET,10024,Manhattan,Failed for Rat Activity,1012210007,1,1221,7,40.790425882409,-73.971675975666,"{'latitude': '40.790425882409', 'longitude': '-73.971675975666', 'human_address': '{""address"": """", ""city"": """", ""state"": """", ""zip"": """"}'}",7,6,177,1077129,Upper West Side (Central),,"Droppings, Burrows, Runways",992093,227254
PC8630792,2026-09-08T10:45:21.000,Treatments,2767,SEDGWICK AVENUE,10468,Bronx,Bait applied,2032530051,2,3253,51,40.871484016322,-73.902420505534,"{'latitude': '40.871484016322', 'longitude': '-73.902420505534', 'human_address': '{""address"": """", ""city"": """", ""state"": """", ""zip"": """"}'}",8,14,273,2015515,Kingsbridge Heights-Van Cortlandt Village,,,1011237,256800
PC8766859,2026-09-08T10:46:00.000,Initial,1793,MONTGOMERY AVENUE,10453,Bronx,Failed for Other Reason,2028770531,2,2877,531,40.851505603476,-73.917013583143,"{'latitude': '40.851505603476', 'longitude': '-73.917013583143', 'human_address': '{""address"": """", ""city"": """", ""state"": """", ""zip"": """"}'}",5,14,20502,2000000,University Heights (South)-Morris Heights,,Harborage,,
PC8770314,2026-09-08T10:46:33.000,Initial,282,EAST 164 STREET,10456,Bronx,Failed for Rat Activity,2024230028,2,2423,28,40.828177638328,-73.916406825459,"{'latitude': '40.828177638328', 'longitude': '-73.916406825459', 'human_address': '{""address"": """", ""city"": """", ""state"": """", ""zip"": """"}'}",4,16,173,2000000,Concourse-Concourse Village,COTA,Burrows,,
PC8774199,2026-09-08T10:48:21.000,Initial,142,HENRY STREET,10002,Manhattan,Failed for Rat Activity,1002737501,1,273,7501,40.713331416114,-73.990545573118,"{'latitude': '40.713331416114', 'longitude': '-73.990545573118', 'human_address': '{""address"": """", ""city"": """", ""state"": """", ""zip"": """"}'}",3,1,6,1087057,Chinatown-Two Bridges,,Burrows,,
PC8707674,2026-09-08T10:48:36.000,Treatments,880,EAST TREMONT AVENUE,10460,Bronx,Bait applied,2029600070,2,2960,70,40.842783543227,-73.885844527342,"{'latitude': '40.842783543227', 'longitude': '-73.885844527342', 'human_address': '{""address"": """", ""city"": """", ""state"": """", ""zip"": """"}'}",6,15,36502,2010159,Tremont,,,,
PC8735914,2026-09-08T10:48:42.000,Treatments,555,WEST  184 STREET,10033,Manhattan,Bait applied,1021570028,1,2157,28,40.850699953932,-73.931480472367,"{'latitude': '40.850699953932', 'longitude': '-73.931480472367', 'human_address': '{""address"": """", ""city"": """", ""state"": """", ""zip"": """"}'}",12,10,269,1063775,Washington Heights (North),,,1003206,249220
PC8763650,2026-09-08T10:48:46.000,Treatments,840,HART STREET,11237,Brooklyn,Bait applied,3032360015,3,3236,15,40.702164586294,-73.922491053564,"{'latitude': '40.702164586294', 'longitude': '-73.922491053564', 'human_address': '{""address"": """", ""city"": """", ""state"": """", ""zip"": """"}'}",4,37,429,3073594,Bushwick (West),,,,
PC8758764,2026-09-08T10:49:00.000,Treatments,1327,PACIFIC STREET,11216,Brooklyn,Bait applied,3012010057,3,1201,57,40.677574987835,-73.948329674215,"{'latitude': '40.677574987835', 'longitude': '-73.948329674215', 'human_address': '{""address"": """", ""city"": """", ""state"": """", ""zip"": """"}'}",8,36,315,3029814,Crown Heights (North),,,,
PC8770042,2026-09-08T10:49:33.000,Initial,286,EAST 164 STREET,10456,Bronx,Failed for Rat Activity,2024230030,2,2423,30,40.828128140933,-73.91628041776,"{'latitude': '40.828128140933', 'longitude': '-73.91628041776', 'human_address': '{""address"": """", ""city"": """", ""state"": """", ""zip"": """"}'}",4,16,173,2001999,Concourse-Concourse Village,,Droppings,,
PC8776164,2026-09-08T10:49:58.000,Initial,000,AVENUE C,,Manhattan,Failed for Rat Activity,,1,379,1,0.00000000000000000000,0.00000000000000000000,"{'latitude': '0.0', 'longitude': '0.0', 'human_address': '{""address"": """", ""city"": """", ""state"": """", ""zip"": """"}'}",,,,,,,"Droppings, Burrows, Rats",,
PC8558784,2026-09-08T10:50:26.000,Treatments,3543,Broadway,10031,Manhattan,Bait applied,1020920026,1,2092,26,40.826569692997,-73.950352630669,"{'latitude': '40.826569692997', 'longitude': '-73.950352630669', 'human_address': '{""address"": """", ""city"": """", ""state"": """", ""zip"": """"}'}",9,7,229,1062380,Hamilton Heights-Sugar Hill,,,,
PC8769878,2026-09-08T10:50:55.000,Initial,131,WEST 129 STREET,10027,Manhattan,Failed for Other Reason,1019140017,1,1914,17,40.810881027819,-73.944960092132,"{'latitude': '40.810881027819', 'longitude': '-73.944960092132', 'human_address': '{""address"": """", ""city"": """", ""state"": """", ""zip"": """"}'}",10,9,224,1057980,Harlem (North),City Agency Referral,Harborage,,
PC8776588,2026-09-08T10:50:59.000,Initial,,,10462,Bronx,Failed for Other Reason,,2,4256,14,,,,,,,,,COTA,Mice,,
PC8521571,2026-09-08T10:51:11.000,Compliance,142,EAST 126 STREET,10035,Manhattan,Failed for Rat Activity and Other Reason,1017740051,1,1774,51,40.804898668486,-73.936617343931,"{'latitude': '40.804898668486', 'longitude': '-73.936617343931', 'human_address': '{""address"": """", ""city"": """", ""state"": """", ""zip"": """"}'}",11,8,196,1054487,East Harlem (North),Summons Issued,"Droppings, Burrows, Runways, Harborage",,
PC8767353,2026-09-08T10:52:25.000,Initial,322,MENAHAN STREET,11237,Brooklyn,Failed for Rat Activity and Other Reason,3033190025,3,3319,25,40.700813927429,-73.914446517824,"{'latitude': '40.700813927429', 'longitude': '-73.914446517824', 'human_address': '{""address"": """", ""city"": """", ""state"": """", ""zip"": """"}'}",4,37,441,3426132,Bushwick (West),,"Droppings, Animal Nuisance",1007936,194567
PC8774066,2026-09-08T10:53:02.000,Initial,159,EAST HOUSTON STREET,10002,Manhattan,Failed for Rat Activity,1004170018,1,417,18,40.723058743511,-73.989079456918,"{'latitude': '40.723058743511', 'longitude': '-73.989079456918', 'human_address': '{""address"": """", ""city"": """", ""state"": """", ""zip"": """"}'}",3,1,3601,1005542,Lower East Side,,Droppings,,
PC8770453,2026-09-08T10:53:33.000,Initial,288,EAST 164 STREET,10456,Bronx,Failed for Rat Activity,2024230031,2,2423,31,40.828100646127,-73.916215410738,"{'latitude': '40.828100646127', 'longitude': '-73.916215410738', 'human_address': '{""address"": """", ""city"": """", ""state"": """", ""zip"": """"}'}",4,16,173,2002000,Concourse-Concourse Village,COTA,Droppings,,
PC8693052,2026-09-08T10:54:21.000,Treatments,60,THAYER STREET,10040,Manhattan,Bait applied,1021750080,1,2175,80,40.863603035905,-73.927175686542,"{'latitude': '40.863603035905', 'longitude': '-73.927175686542', 'human_address': '{""address"": """", ""city"": """", ""state"": """", ""zip"": """"}'}",12,10,287,1064235,Washington Heights (North),,,1004393,253922
PC8768904,2026-09-08T10:55:22.000,Initial,1410,WASHINGTON AVENUE,10456,Bronx,Failed for Rat Activity and Other Reason,2029110001,2,2911,1,40.835483118294,-73.904533396227,"{'latitude': '40.835483118294', 'longitude': '-73.904533396227', 'human_address': '{""address"": """", ""city"": """", ""state"": """", ""zip"": """"}'}",3,16,14702,2092109,Claremont Village-Claremont (East),City Agency Referral,"Burrows, Garbage",,
PC8774031,2026-09-08T10:56:00.000,Initial,30,HENRY STREET,10002,Manhattan,Failed for Other Reason,1002770043,1,277,43,40.712867874321,-73.996122305254,"{'latitude': '40.712867874321', 'longitude': '-73.996122305254', 'human_address': '{""address"": """", ""city"": """", ""state"": """", ""zip"": """"}'}",3,1,8,1003349,Chinatown-Two Bridges,COTA,Harborage,,
PC8752356,2026-09-08T10:56:24.000,Compliance,823,FREEMAN STREET,10459,Bronx,Failed for Other Reason,2029710001,2,2971,1,40.830393293231,-73.896934191423,"{'latitude': '40.830393293231', 'longitude': '-73.896934191423', 'human_address': '{""address"": """", ""city"": """", ""state"": """", ""zip"": """"}'}",3,17,153,2010381,Crotona Park East,Summons Issued,Animal Nuisance,1012772,241831
PC8774076,2026-09-08T10:57:08.000,Initial,140,HENRY STREET,10002,Manhattan,Failed for Rat Activity,1002730029,1,273,29,40.713325933092,-73.99062493192,"{'latitude': '40.713325933092', 'longitude': '-73.99062493192', 'human_address': '{""address"": """", ""city"": """", ""state"": """", ""zip"": """"}'}",3,1,6,1000000,Chinatown-Two Bridges,COTA,Burrows,,
PC8770532,2026-09-08T10:57:33.000,Initial,290,EAST 164 STREET,10456,Bronx,Failed for Rat Activity,2024230124,2,2423,124,40.828034648408,-73.916045663093,"{'latitude': '40.828034648408', 'longitude': '-73.916045663093', 'human_address': '{""address"": """", ""city"": """", ""state"": """", ""zip"": """"}'}",4,16,173,2114155,Concourse-Concourse Village,COTA,Droppings,,
PC8686667,2026-09-08T11:00:09.000,Treatments,2738,KINGSBRIDGE TERRACE,10463,Bronx,Bait applied,2032530040,2,3253,40,40.871844445356,-73.90345048254,"{'latitude': '40.871844445356', 'longitude': '-73.90345048254', 'human_address': '{""address"": """", ""city"": """", ""state"": """", ""zip"": """"}'}",8,14,273,2015511,Kingsbridge Heights-Van Cortlandt Village,,,,
PC8770167,2026-09-08T11:00:33.000,Initial,292,EAST 164 STREET,10456,Bronx,Failed for Rat Activity,2024230032,2,2423,32,40.828012650874,-73.915991489568,"{'latitude': '40.828012650874', 'longitude': '-73.915991489568', 'human_address': '{""address"": """", ""city"": """", ""state"": """", ""zip"": """"}'}",4,16,173,2002001,Concourse-Concourse Village,COTA,Droppings,,
PC8560501,2026-09-08T11:03:28.000,Treatments,3502,Broadway,10031,Manhattan,Bait applied,1020750001,1,2075,1,40.825269083716,-73.951282216525,"{'latitude': '40.825269083716', 'longitude': '-73.951282216525', 'human_address': '{""address"": """", ""city"": """", ""state"": """", ""zip"": """"}'}",9,7,229,1061879,Hamilton Heights-Sugar Hill,,,,
PC8622648,2026-09-08T11:04:08.000,Treatments,10,WASHINGTON TERRACE,10033,Manhattan,Bait applied,1021560143,1,2156,143,40.851302616786,-73.92953152834,"{'latitude': '40.851302616786', 'longitude': '-73.92953152834', 'human_address': '{""address"": """", ""city"": """", ""state"": """", ""zip"": """"}'}",12,10,269,1063751,Washington Heights (North),,,,
PC8769885,2026-09-08T11:04:33.000,Initial,294,EAST 164 STREET,10456,Bronx,Failed for Other Reason,2024230033,2,2423,33,40.827993400697,-73.91594092602,"{'latitude': '40.827993400697', 'longitude': '-73.91594092602', 'human_address': '{""address"": """", ""city"": """", ""state"": """", ""zip"": """"}'}",4,16,173,2002002,Concourse-Concourse Village,,Harborage,,
PC8763845,2026-09-08T11:04:52.000,Treatments,834,HART STREET,11237,Brooklyn,Bait applied,3032360013,3,3236,13,40.702076812131,-73.922577713765,"{'latitude': '40.702076812131', 'longitude': '-73.922577713765', 'human_address': '{""address"": """", ""city"": """", ""state"": """", ""zip"": """"}'}",4,37,429,3073592,Bushwick (West),,,,
PC8770505,2026-09-08T11:07:00.000,Initial,151,WEST 129 STREET,10027,Manhattan,Failed for Rat Activity,1019140012,1,1914,12,40.811018422117,-73.945288715447,"{'latitude': '40.811018422117', 'longitude': '-73.945288715447', 'human_address': '{""address"": """", ""city"": """", ""state"": """", ""zip"": """"}'}",10,9,224,1087400,Harlem (North),COTA,Gnawing,,
PC8776600,2026-09-08T11:08:50.000,Initial,,,10453,Bronx,Failed for Other Reason,,2,2849,63,,,,,,,,,,Harborage,,
PC8508920,2026-09-08T11:09:13.000,Compliance,4799,BROADWAY,10034,Manhattan,Failed for Rat Activity,1022370052,1,2237,52,40.866132655689,-73.92558208358,"{'latitude': '40.866132655689', 'longitude': '-73.92558208358', 'human_address': '{""address"": """", ""city"": """", ""state"": """", ""zip"": """"}'}",12,10,295,1064946,Inwood,Summons Issued,Burrows,,
PC8774148,2026-09-08T11:09:56.000,Initial,32,HENRY STREET,10002,Manhattan,Failed for Rat Activity,1002770042,1,277,42,40.712873361397,-73.99605016177,"{'latitude': '40.712873361397', 'longitude': '-73.99605016177', 'human_address': '{""address"": """", ""city"": """", ""state"": """", ""zip"": """"}'}",3,1,8,1084610,Chinatown-Two Bridges,COTA,Droppings,,
PC8770058,2026-09-08T11:10:00.000,Initial,49,WEST 126 STREET,10027,Manhattan,Failed for Rat Activity,1017240015,1,1724,15,40.807742983122,-73.943315479087,"{'latitude': '40.807742983122', 'longitude': '-73.943315479087', 'human_address': '{""address"": """", ""city"": """", ""state"": """", ""zip"": """"}'}",10,9,208,1053550,Harlem (North),COTA,Gnawing,,
PC8769917,2026-09-08T11:12:33.000,Initial,965,COLLEGE AVENUE,10456,Bronx,Failed for Other Reason,2024230035,2,2423,35,40.827622768347,-73.91581492689,"{'latitude': '40.827622768347', 'longitude': '-73.91581492689', 'human_address': '{""address"": """", ""city"": """", ""state"": """", ""zip"": """"}'}",4,16,173,2002004,Concourse-Concourse Village,,Harborage,,
PC8771198,2026-09-08T11:13:46.000,Initial,1898,BILLINGSLEY TERRACE,10453,Bronx,Failed for Other Reason,2028790263,2,2879,263,40.853868068406,-73.915980395948,"{'latitude': '40.853868068406', 'longitude': '-73.915980395948', 'human_address': '{""address"": """", ""city"": """", ""state"": """", ""zip"": """"}'}",5,14,24501,2009149,University Heights (South)-Morris Heights,,Harborage,,
PC8774068,2026-09-08T11:13:51.000,Initial,224,ELDRIDGE STREET,10002,Manhattan,Failed for Rat Activity,1004170001,1,417,1,40.722084429765,-73.989938239954,"{'latitude': '40.722084429765', 'longitude': '-73.989938239954', 'human_address': '{""address"": """", ""city"": """", ""state"": """", ""zip"": """"}'}",3,1,3601,1005537,Lower East Side,,Burrows,,
PC8770588,2026-09-08T11:14:00.000,Initial,47,WEST 126 STREET,10027,Manhattan,Failed for Rat Activity,1017240016,1,1724,16,40.807723746716,-73.943268535384,"{'latitude': '40.807723746716', 'longitude': '-73.943268535384', 'human_address': '{""address"": """", ""city"": """", ""state"": """", ""zip"": """"}'}",10,9,208,1053551,Harlem (North),COTA,Burrows,,
PC8557860,2026-09-08T11:15:00.000,Treatments,475,West 143rd St,10031,Manhattan,Bait applied,1020597503,1,2059,7503,40.823796554286,-73.948201243515,"{'latitude': '40.823796554286', 'longitude': '-73.948201243515', 'human_address': '{""address"": """", ""city"": """", ""state"": """", ""zip"": """"}'}",9,7,227,1061270,Hamilton Heights-Sugar Hill,,,,
PC8623035,2026-09-08T11:15:12.000,Treatments,1815,RIVERSIDE DRIVE,10034,Manhattan,Bait applied,1022460115,1,2246,115,40.865770028739,-73.929422135912,"{'latitude': '40.865770028739', 'longitude': '-73.929422135912', 'human_address': '{""address"": """", ""city"": """", ""state"": """", ""zip"": """"}'}",12,10,287,1087603,Washington Heights (North),,,,
PC8588714,2026-09-08T11:15:18.000,Treatments,3451,GILES PLACE,10463,Bronx,Bait applied,2032580222,2,3258,222,40.881300012107,-73.89710449763,"{'latitude': '40.881300012107', 'longitude': '-73.89710449763', 'human_address': '{""address"": """", ""city"": """", ""state"": """", ""zip"": """"}'}",8,11,279,2015855,Kingsbridge Heights-Van Cortlandt Village,,,1012703,260378
PC8771967,2026-09-08T11:15:46.000,Initial,1894,BILLINGSLEY TERRACE,10453,Bronx,Failed for Rat Activity,2028790262,2,2879,262,40.853980758092,-73.916193528725,"{'latitude': '40.853980758092', 'longitude': '-73.916193528725', 'human_address': '{""address"": """", ""city"": """", ""state"": """", ""zip"": """"}'}",5,14,24501,2009148,University Heights (South)-Morris Heights,,Burrows,,
PC8770109,2026-09-08T11:17:00.000,Initial,45,WEST 126 STREET,10027,Manhattan,Failed for Rat Activity,1017240017,1,1724,17,40.807704512077,-73.943225204024,"{'latitude': '40.807704512077', 'longitude': '-73.943225204024', 'human_address': '{""address"": """", ""city"": """", ""state"": """", ""zip"": """"}'}",10,9,208,1053552,Harlem (North),COTA,"Droppings, Burrows, Runways, Gnawing",,
PC8751266,2026-09-08T11:18:24.000,Compliance,1414,BRYANT AVENUE,10459,Bronx,Failed for Other Reason,2029990007,2,2999,7,40.830413071192,-73.888713316867,"{'latitude': '40.830413071192', 'longitude': '-73.888713316867', 'human_address': '{""address"": """", ""city"": """", ""state"": """", ""zip"": """"}'}",3,17,123,2115504,Crotona Park East,Summons Issued,Harborage,1015047,241841
PC8770343,2026-09-08T11:18:33.000,Initial,951,COLLEGE AVENUE,10456,Bronx,Failed for Rat Activity,2024230036,2,2423,36,40.827422481796,-73.915923583078,"{'latitude': '40.827422481796', 'longitude': '-73.915923583078', 'human_address': '{""address"": """", ""city"": """", ""state"": """", ""zip"": """"}'}",4,16,173,2002005,Concourse-Concourse Village,COTA,"Droppings, Burrows, Gnawing, Rats",,
PC8774217,2026-09-08T11:18:41.000,Initial,38,HENRY STREET,10002,Manhattan,Failed for Rat Activity,1002770037,1,277,37,40.712892566859,-73.995826516754,"{'latitude': '40.712892566859', 'longitude': '-73.995826516754', 'human_address': '{""address"": """", ""city"": """", ""state"": """", ""zip"": """"}'}",3,1,8,1084608,Chinatown-Two Bridges,,Burrows,,
PC8560507,2026-09-08T11:19:52.000,Treatments,3513,Broadway,10031,Manhattan,Bait applied,1020900036,1,2090,36,40.825601103613,-73.951061561613,"{'latitude': '40.825601103613', 'longitude': '-73.951061561613', 'human_address': '{""address"": """", ""city"": """", ""state"": """", ""zip"": """"}'}",9,7,229,1062362,Hamilton Heights-Sugar Hill,,,,
PC8726026,2026-09-08T11:20:00.000,Treatments,731,WEST  183 STREET,10033,Manhattan,Bait applied,1021800085,1,2180,85,40.851987769689,-73.93722295076,"{'latitude': '40.851987769689', 'longitude': '-73.93722295076', 'human_address': '{""address"": """", ""city"": """", ""state"": """", ""zip"": """"}'}",12,10,273,1064410,Washington Heights (North),,,1001617,249688
PC8637115,2026-09-08T11:20:16.000,Treatments,831,HART STREET,11237,Brooklyn,Bait applied,3032200152,3,3220,152,40.702057630389,-73.922624621566,"{'latitude': '40.702057630389', 'longitude': '-73.922624621566', 'human_address': '{""address"": """", ""city"": """", ""state"": """", ""zip"": """"}'}",4,34,429,3000000,Bushwick (West),,,,
PC8770046,2026-09-08T11:21:33.000,Initial,949,COLLEGE AVENUE,10456,Bronx,Failed for Rat Activity,2024230037,2,2423,37,40.827395044984,-73.915938071448,"{'latitude': '40.827395044984', 'longitude': '-73.915938071448', 'human_address': '{""address"": """", ""city"": """", ""state"": """", ""zip"": """"}'}",4,16,173,2002006,Concourse-Concourse Village,,"Droppings, Burrows",,
PC8770544,2026-09-08T11:22:00.000,Initial,43,WEST 126 STREET,10027,Manhattan,Failed for Rat Activity,1017240117,1,1724,117,40.807685275634,-73.943178260374,"{'latitude': '40.807685275634', 'longitude': '-73.943178260374', 'human_address': '{""address"": """", ""city"": """", ""state"": """", ""zip"": """"}'}",10,9,208,1000000,Harlem (North),COTA,Burrows,,
PC8765103,2026-09-08T11:22:00.000,Compliance,1931,MADISON AVENUE,10035,Manhattan,Failed for Rat Activity,1017490021,1,1749,21,40.805043653834,-73.940850672434,"{'latitude': '40.805043653834', 'longitude': '-73.940850672434', 'human_address': '{""address"": """", ""city"": """", ""state"": """", ""zip"": """"}'}",11,9,198,1054006,East Harlem (North),Summons Issued,"Droppings, Runways",1000625,232584
PC8766024,2026-09-08T11:23:57.000,Initial,145,SEAMAN AVENUE,10034,Manhattan,Failed for Other Reason,1022400017,1,2240,17,40.869018045461,-73.922458525471,"{'latitude': '40.869018045461', 'longitude': '-73.922458525471', 'human_address': '{""address"": """", ""city"": """", ""state"": """", ""zip"": """"}'}",12,10,295,1064974,Inwood,,Harborage,1005696,255896
PC8561571,2026-09-08T11:25:57.000,Treatments,757,ST NICHOLAS AVENUE,10031,Manhattan,Bait applied,1020630029,1,2063,29,40.826055917227,-73.943321498412,"{'latitude': '40.826055917227', 'longitude': '-73.943321498412', 'human_address': '{""address"": """", ""city"": """", ""state"": """", ""zip"": """"}'}",9,9,231,1061510,Hamilton Heights-Sugar Hill,,,,
PC8770723,2026-09-08T11:26:00.000,Initial,252,12 STREET,11215,Brooklyn,Failed for Rat Activity,3010280024,3,1028,24,40.667894291842,-73.988908287803,"{'latitude': '40.667894291842', 'longitude': '-73.988908287803', 'human_address': '{""address"": """", ""city"": """", ""state"": """", ""zip"": """"}'}",6,38,139,3023151,Park Slope,COTA,Droppings,987327,182611
PC8773973,2026-09-08T11:28:00.000,Initial,148,MADISON STREET,10002,Manhattan,Failed for Other Reason,1002747502,1,274,7502,40.712403859733,-73.992991341168,"{'latitude': '40.712403859733', 'longitude': '-73.992991341168', 'human_address': '{""address"": """", ""city"": """", ""state"": """", ""zip"": """"}'}",3,1,8,1084603,Chinatown-Two Bridges,COTA,Harborage,,
PC8770342,2026-09-08T11:29:00.000,Initial,39,WEST 126 STREET,10027,Manhattan,Failed for Rat Activity,1017240019,1,1724,19,40.807649549226,-73.943087983113,"{'latitude': '40.807649549226', 'longitude': '-73.943087983113', 'human_address': '{""address"": """", ""city"": """", ""state"": """", ""zip"": """"}'}",10,9,208,1053554,Harlem (North),COTA,Burrows,,
PC8623181,2026-09-08T11:30:01.000,Treatments,1793,RIVERSIDE DRIVE,10034,Manhattan,Bait applied,1022460130,1,2246,130,40.866503562347,-73.930556629193,"{'latitude': '40.866503562347', 'longitude': '-73.930556629193', 'human_address': '{""address"": """", ""city"": """", ""state"": """", ""zip"": """"}'}",12,10,287,1065055,Washington Heights (North),,,,
PC8766850,2026-09-08T11:30:28.000,Initial,WEST,174TH STREET,10453,Bronx,Failed for Other Reason,,2,2876,20,,,,,,,,,,Garbage,,
PC8686757,2026-09-08T11:30:42.000,Treatments,3871,SEDGWICK AVENUE,10463,Bronx,Bait applied,2032630292,2,3263,292,40.883002010919,-73.894375067358,"{'latitude': '40.883002010919', 'longitude': '-73.894375067358', 'human_address': '{""address"": """", ""city"": """", ""state"": """", ""zip"": """"}'}",8,11,279,2016101,Kingsbridge Heights-Van Cortlandt Village,,,1013457,260999
PC8758770,2026-09-08T11:32:00.000,Treatments,1150,PACIFIC STREET,11216,Brooklyn,Bait applied,3012050019,3,1205,19,40.678085202001,-73.954036419579,"{'latitude': '40.678085202001', 'longitude': '-73.954036419579', 'human_address': '{""address"": """", ""city"": """", ""state"": """", ""zip"": """"}'}",8,35,221,3029960,Crown Heights (North),,,,
PC8769947,2026-09-08T11:32:00.000,Initial,37,WEST 126 STREET,10027,Manhattan,Failed for Rat Activity,1017240020,1,1724,20,40.807630314519,-73.943044651854,"{'latitude': '40.807630314519', 'longitude': '-73.943044651854', 'human_address': '{""address"": """", ""city"": """", ""state"": """", ""zip"": """"}'}",10,9,208,1053555,Harlem (North),COTA,"Droppings, Runways, Gnawing",,
PC8596825,2026-09-08T11:33:58.000,Treatments,486,Convent Ave,10031,Manhattan,Bait applied,1020660021,1,2066,21,40.828531403696,-73.94277736363,"{'latitude': '40.828531403696', 'longitude': '-73.94277736363', 'human_address': '{""address"": """", ""city"": """", ""state"": """", ""zip"": """"}'}",9,7,23501,1061592,Hamilton Heights-Sugar Hill,,,,
PC8651474,2026-09-08T11:34:24.000,Compliance,1460,SOUTHERN BOULEVARD,10460,Bronx,Failed for Rat Activity,2029810001,2,2981,1,40.832640826639,-73.890556166417,"{'latitude': '40.832640826639', 'longitude': '-73.890556166417', 'human_address': '{""address"": """", ""city"": """", ""state"": """", ""zip"": """"}'}",3,17,157,2010568,Crotona Park East,Summons Issued,Burrows,,
PC8743442,2026-09-08T11:35:25.000,Treatments,410,EAST 183 STREET,10458,Bronx,Bait applied,2030300157,2,3030,157,40.856104478426,-73.895260233688,"{'latitude': '40.856104478426', 'longitude': '-73.895260233688', 'human_address': '{""address"": """", ""city"": """", ""state"": """", ""zip"": """"}'}",6,15,38304,2113564,Belmont,,,,
PC8693915,2026-09-08T11:36:17.000,Treatments,791,HART STREET,11237,Brooklyn,Bait applied,3032190038,3,3219,38,40.701039988045,-73.92362120588,"{'latitude': '40.701039988045', 'longitude': '-73.92362120588', 'human_address': '{""address"": """", ""city"": """", ""state"": """", ""zip"": """"}'}",4,34,429,3073185,Bushwick (West),,,,
PC8667207,2026-09-08T11:39:00.000,Compliance,2852,8 AVENUE,10039,Manhattan,Failed for Rat Activity,1020380001,1,2038,1,40.827335293157,-73.93861577322,"{'latitude': '40.827335293157', 'longitude': '-73.93861577322', 'human_address': '{""address"": """", ""city"": """", ""state"": """", ""zip"": """"}'}",10,9,236,1083117,Harlem (North),Summons Issued,Burrows,,
PC8763849,2026-09-08T11:39:25.000,Compliance,218,HIMROD STREET,11237,Brooklyn,Failed for Rat Activity,3032780022,3,3278,22,40.699308734561,-73.920608227416,"{'latitude': '40.699308734561', 'longitude': '-73.920608227416', 'human_address': '{""address"": """", ""city"": """", ""state"": """", ""zip"": """"}'}",4,37,431,3074781,Bushwick (West),,"Droppings, Runways",,
PC8673417,2026-09-08T11:40:00.000,Compliance,275,57 STREET,11220,Brooklyn,Failed for Rat Activity,3008370045,3,837,45,40.644293550417,-74.019537832342,"{'latitude': '40.644293550417', 'longitude': '-74.019537832342', 'human_address': '{""address"": """", ""city"": """", ""state"": """", ""zip"": """"}'}",7,38,22,3015232,Sunset Park (West),Summons Issued,"Droppings, Burrows",978828,174013
PC8773913,2026-09-08T11:40:00.000,Initial,75,MONROE STREET,10002,Manhattan,Failed for Rat Activity,1002740014,1,274,14,40.711742345887,-73.992601844541,"{'latitude': '40.711742345887', 'longitude': '-73.992601844541', 'human_address': '{""address"": """", ""city"": """", ""state"": """", ""zip"": """"}'}",3,1,8,1003269,Chinatown-Two Bridges,COTA,Droppings,,
PC8561575,2026-09-08T11:40:27.000,Treatments,795,ST NICHOLAS AVENUE,10031,Manhattan,Bait applied,1020640036,1,2064,36,40.827126145631,-73.942876137954,"{'latitude': '40.827126145631', 'longitude': '-73.942876137954', 'human_address': '{""address"": """", ""city"": """", ""state"": """", ""zip"": """"}'}",9,9,231,1061550,Hamilton Heights-Sugar Hill,,,,
PC8653054,2026-09-08T11:41:00.000,Compliance,32,EAST 129 STREET,10035,Manhattan,Failed for Rat Activity and Other Reason,1017530057,1,1753,57,40.808424304844,-73.939171522666,"{'latitude': '40.808424304844', 'longitude': '-73.939171522666', 'human_address': '{""address"": """", ""city"": """", ""state"": """", ""zip"": """"}'}",11,9,206,1054198,East Harlem (North),Summons Issued,"Droppings, Burrows, Runways, Garbage",,
PC8770269,2026-09-08T11:41:00.000,Initial,29,WEST 126 STREET,10027,Manhattan,Failed for Rat Activity,1017240123,1,1724,123,40.807553371931,-73.942864102454,"{'latitude': '40.807553371931', 'longitude': '-73.942864102454', 'human_address': '{""address"": """", ""city"": """", ""state"": """", ""zip"": """"}'}",10,9,208,1053600,Harlem (North),COTA,Droppings,,
PC8770455,2026-09-08T11:41:33.000,Initial,295,EAST 163 STREET,10451,Bronx,Failed for Rat Activity,2024230046,2,2423,46,40.826972865996,-73.916639600466,"{'latitude': '40.826972865996', 'longitude': '-73.916639600466', 'human_address': '{""address"": """", ""city"": """", ""state"": """", ""zip"": """"}'}",4,16,173,2002012,Concourse-Concourse Village,COTA,Droppings,,
PC8769806,2026-09-08T11:42:00.000,Initial,901,WALTON AVENUE,10452,Bronx,Failed for Other Reason,2024760091,2,2476,91,40.827996015507,-73.923615836863,"{'latitude': '40.827996015507', 'longitude': '-73.923615836863', 'human_address': '{""address"": """", ""city"": """", ""state"": """", ""zip"": """"}'}",4,16,195,2002925,Concourse-Concourse Village,,Harborage,,
PC8766573,2026-09-08T11:42:57.000,Initial,248,SHERMAN AVENUE,10034,Manhattan,Failed for Rat Activity and Other Reason,1022270023,1,2227,23,40.866095412921,-73.919204378403,"{'latitude': '40.866095412921', 'longitude': '-73.919204378403', 'human_address': '{""address"": """", ""city"": """", ""state"": """", ""zip"": """"}'}",12,10,293,1064855,Inwood,,"Droppings, Garbage, Harborage, Mice",1006597,254832
PC8606524,2026-09-08T11:43:14.000,Treatments,3840,ORLOFF AVENUE,10463,Bronx,Bait applied,2032630172,2,3263,172,40.883588684083,-73.896627185638,"{'latitude': '40.883588684083', 'longitude': '-73.896627185638', 'human_address': '{""address"": """", ""city"": """", ""state"": """", ""zip"": """"}'}",8,11,279,2016064,Kingsbridge Heights-Van Cortlandt Village,,,1012834,261212
PC8584373,2026-09-08T11:45:00.000,Treatments,1148,PACIFIC STREET,11216,Brooklyn,Bait applied,3012050018,3,1205,18,40.67809620422,-73.954094096293,"{'latitude': '40.67809620422', 'longitude': '-73.954094096293', 'human_address': '{""address"": """", ""city"": """", ""state"": """", ""zip"": """"}'}",8,35,221,3029959,Crown Heights (North),,,,
PC8770082,2026-09-08T11:45:33.000,Initial,293,EAST 163 STREET,10451,Bronx,Failed for Rat Activity,2024230047,2,2423,47,40.826986621148,-73.916682943605,"{'latitude': '40.826986621148', 'longitude': '-73.916682943605', 'human_address': '{""address"": """", ""city"": """", ""state"": """", ""zip"": """"}'}",4,16,173,2002013,Concourse-Concourse Village,COTA,Droppings,,
PC8654816,2026-09-08T11:47:00.000,Treatments,2028,CROSS BRONX EXPRESSWAY,10472,Bronx,Bait applied,2038030019,2,3803,19,40.831697235717,-73.856231864294,"{'latitude': '40.831697235717', 'longitude': '-73.856231864294', 'human_address': '{""address"": """", ""city"": """", ""state"": """", ""zip"": """"}'}",9,18,78,2026230,Castle Hill-Unionport,,,1024035,242322
PC8770360,2026-09-08T11:47:00.000,Initial,23,WEST 126 STREET,10027,Manhattan,Failed for Rat Activity,1017240026,1,1724,26,40.807498410449,-73.94273049446,"{'latitude': '40.807498410449', 'longitude': '-73.94273049446', 'human_address': '{""address"": """", ""city"": """", ""state"": """", ""zip"": """"}'}",10,9,208,1053561,Harlem (North),COTA,"Droppings, Burrows",,
PC8684434,2026-09-08T11:47:08.000,Treatments,125,SEAMAN AVENUE,10034,Manhattan,Bait applied,1022400009,1,2240,9,40.86878792082,-73.923102380513,"{'latitude': '40.86878792082', 'longitude': '-73.923102380513', 'human_address': '{""address"": """", ""city"": """", ""state"": """", ""zip"": """"}'}",12,10,295,1064972,Inwood,,,1005518,255812
PC8774201,2026-09-08T11:48:15.000,Initial,57,MONROE STREET,10002,Manhattan,Failed for Rat Activity,1002740006,1,274,6,40.711665545956,-73.993485590784,"{'latitude': '40.711665545956', 'longitude': '-73.993485590784', 'human_address': '{""address"": """", ""city"": """", ""state"": """", ""zip"": """"}'}",3,1,8,1079606,Chinatown-Two Bridges,City Agency Referral,Burrows,,
PC8769803,2026-09-08T11:50:00.000,Initial,955,WALTON AVENUE,10452,Bronx,Failed for Rat Activity,2024760044,2,2476,44,40.829178539373,-73.922927911176,"{'latitude': '40.829178539373', 'longitude': '-73.922927911176', 'human_address': '{""address"": """", ""city"": """", ""state"": """", ""zip"": """"}'}",4,16,195,2002916,Concourse-Concourse Village,,Burrows,,
PC8596827,2026-09-08T11:50:46.000,Treatments,486,Convent Ave,10031,Manhattan,Bait applied,1020660021,1,2066,21,40.828531403696,-73.94277736363,"{'latitude': '40.828531403696', 'longitude': '-73.94277736363', 'human_address': '{""address"": """", ""city"": """", ""state"": """", ""zip"": """"}'}",9,7,23501,1061592,Hamilton Heights-Sugar Hill,,,,
PC8757266,2026-09-08T11:53:00.000,Compliance,577,5 AVENUE,11215,Brooklyn,Failed for Rat Activity,3010530015,3,1053,15,40.664833957733,-73.989914468197,"{'latitude': '40.664833957733', 'longitude': '-73.989914468197', 'human_address': '{""address"": """", ""city"": """", ""state"": """", ""zip"": """"}'}",7,39,14102,3024175,Windsor Terrace-South Slope,,Droppings,987048,181496
PC8557893,2026-09-08T11:53:46.000,Treatments,541,West 144 St,10031,Manhattan,Bait applied,1020760016,1,2076,16,40.82506510973,-73.949287844693,"{'latitude': '40.82506510973', 'longitude': '-73.949287844693', 'human_address': '{""address"": """", ""city"": """", ""state"": """", ""zip"": """"}'}",9,7,229,1061902,Hamilton Heights-Sugar Hill,,,,
PC8764023,2026-09-08T11:55:25.000,Compliance,210,HIMROD STREET,11237,Brooklyn,Failed for Rat Activity,3032780018,3,3278,18,40.69916061924,-73.920756267489,"{'latitude': '40.69916061924', 'longitude': '-73.920756267489', 'human_address': '{""address"": """", ""city"": """", ""state"": """", ""zip"": """"}'}",4,37,431,3074777,Bushwick (West),,"Droppings, Burrows",,
PC8701937,2026-09-08T11:56:00.000,Treatments,3873,ORLOFF AVENUE,10463,Bronx,Bait applied,2032630098,2,3263,98,40.884172885792,-73.896156129942,"{'latitude': '40.884172885792', 'longitude': '-73.896156129942', 'human_address': '{""address"": """", ""city"": """", ""state"": """", ""zip"": """"}'}",8,11,279,2016025,Kingsbridge Heights-Van Cortlandt Village,,,1012964,261425
PC8606142,2026-09-08T11:56:24.000,Compliance,1566,VYSE AVENUE,10460,Bronx,Failed for Rat Activity and Other Reason,2029960020,2,2996,20,40.834432778735,-73.887340559498,"{'latitude': '40.834432778735', 'longitude': '-73.887340559498', 'human_address': '{""address"": """", ""city"": """", ""state"": """", ""zip"": """"}'}",3,17,157,2010788,Crotona Park East,Summons Issued,"Burrows, Mice",1015425,243306
PC8750597,2026-09-08T11:56:50.000,Compliance,2383,WASHINGTON AVENUE,10458,Bronx,Failed for Rat Activity,2030400022,2,3040,22,40.857303151195,-73.891466178207,"{'latitude': '40.857303151195', 'longitude': '-73.891466178207', 'human_address': '{""address"": """", ""city"": """", ""state"": """", ""zip"": """"}'}",6,15,385,2011400,Belmont,,"Droppings, Burrows",1014273,251637
PC8701651,2026-09-08T11:58:18.000,Treatments,136,SEAMAN AVENUE,10034,Manhattan,Bait applied,1022480092,1,2248,92,40.8688865832,-73.922881711015,"{'latitude': '40.8688865832', 'longitude': '-73.922881711015', 'human_address': '{""address"": """", ""city"": """", ""state"": """", ""zip"": """"}'}",12,10,295,1080547,Inwood,,,1005579,255848
PC8768823,2026-09-08T12:00:07.000,Initial,1451,WASHINGTON AVENUE,10456,Bronx,Failed for Other Reason,2029020036,2,2902,36,40.836451579517,-73.904015215425,"{'latitude': '40.836451579517', 'longitude': '-73.904015215425', 'human_address': '{""address"": """", ""city"": """", ""state"": """", ""zip"": """"}'}",3,16,14702,2092075,Claremont Village-Claremont (East),City Agency Referral,Garbage,,
PC8709913,2026-09-08T12:02:00.000,Compliance,81,PULASKI STREET,11206,Brooklyn,Failed for Rat Activity,3017710001,3,1771,1,40.692520107148,-73.947932200043,"{'latitude': '40.692520107148', 'longitude': '-73.947932200043', 'human_address': '{""address"": """", ""city"": """", ""state"": """", ""zip"": """"}'}",3,36,261,3049316,Bedford-Stuyvesant (West),Summons Issued,"Droppings, Burrows, Runways, Gnawing",998689,191587
PC8774029,2026-09-08T12:03:05.000,Initial,37,MARKET STREET,10002,Manhattan,Failed for Other Reason,1002770020,1,277,20,40.712469811365,-73.994394510222,"{'latitude': '40.712469811365', 'longitude': '-73.994394510222', 'human_address': '{""address"": """", ""city"": """", ""state"": """", ""zip"": """"}'}",3,1,8,1079615,Chinatown-Two Bridges,COTA,Harborage,,
PC8763636,2026-09-08T12:04:00.000,Compliance,208,HIMROD STREET,11237,Brooklyn,Failed for Rat Activity,3032780017,3,3278,17,40.699122217371,-73.920792377438,"{'latitude': '40.699122217371', 'longitude': '-73.920792377438', 'human_address': '{""address"": """", ""city"": """", ""state"": """", ""zip"": """"}'}",4,37,431,3074776,Bushwick (West),,"Droppings, Runways, Gnawing",,
PC8680398,2026-09-08T12:04:40.000,Compliance,2902,FREDRICK DOUGLASS BL,10039,Manhattan,Failed for Rat Activity and Other Reason,1020390063,1,2039,63,40.828279112651,-73.937924732195,"{'latitude': '40.828279112651', 'longitude': '-73.937924732195', 'human_address': '{""address"": """", ""city"": """", ""state"": """", ""zip"": """"}'}",10,9,236,1000000,Harlem (North),Summons Issued,"Burrows, Harborage",,
PC8588685,2026-09-08T12:05:00.000,Compliance,247,53 STREET,11220,Brooklyn,Failed for Rat Activity,3008050064,3,805,64,40.646772397866,-74.017625064879,"{'latitude': '40.646772397866', 'longitude': '-74.017625064879', 'human_address': '{""address"": """", ""city"": """", ""state"": """", ""zip"": """"}'}",7,38,20,3013814,Sunset Park (West),Summons Issued,Burrows,979359,174916
PC8751743,2026-09-08T12:05:36.000,Compliance,255,WEST 93 STREET,10025,Manhattan,Failed for Rat Activity,1012410108,1,1241,108,40.792995480271,-73.973830953465,"{'latitude': '40.792995480271', 'longitude': '-73.973830953465', 'human_address': '{""address"": """", ""city"": """", ""state"": """", ""zip"": """"}'}",7,7,179,1033656,Upper West Side (Central),Summons Issued,Droppings,991496,228190
PC8766637,2026-09-08T12:06:50.000,Initial,74,WEST 174 STREET,10453,Bronx,Failed for Other Reason,2028760025,2,2876,25,40.847201580837,-73.91662861038,"{'latitude': '40.847201580837', 'longitude': '-73.91662861038', 'human_address': '{""address"": """", ""city"": """", ""state"": """", ""zip"": """"}'}",5,14,21502,2008802,University Heights (South)-Morris Heights,,Harborage,,
PC8770166,2026-09-08T12:09:00.000,Initial,274,BONNER PLACE,10456,Bronx,Failed for Rat Activity and Other Reason,2024230007,2,2423,7,40.82760411662,-73.916584605528,"{'latitude': '40.82760411662', 'longitude': '-73.916584605528', 'human_address': '{""address"": """", ""city"": """", ""state"": """", ""zip"": """"}'}",4,16,173,2001989,Concourse-Concourse Village,COTA,"Droppings, Harborage",,
PC8554034,2026-09-08T12:10:43.000,Treatments,1734,Amsterdam Ave,10031,Manhattan,Bait applied,1020770036,1,2077,36,40.82574213954,-73.947242198366,"{'latitude': '40.82574213954', 'longitude': '-73.947242198366', 'human_address': '{""address"": """", ""city"": """", ""state"": """", ""zip"": """"}'}",9,7,229,1061946,Hamilton Heights-Sugar Hill,,,,
PC8554036,2026-09-08T12:10:53.000,Treatments,1734,Amsterdam Ave,10031,Manhattan,Bait applied,1020770036,1,2077,36,40.82574213954,-73.947242198366,"{'latitude': '40.82574213954', 'longitude': '-73.947242198366', 'human_address': '{""address"": """", ""city"": """", ""state"": """", ""zip"": """"}'}",9,7,229,1061946,Hamilton Heights-Sugar Hill,,,,
PC8770443,2026-09-08T12:11:00.000,Initial,2244,ADAM C POWELL BLVD,10027,Manhattan,Failed for Rat Activity,1019380029,1,1938,29,40.813477597279,-73.945044639653,"{'latitude': '40.813477597279', 'longitude': '-73.945044639653', 'human_address': '{""address"": """", ""city"": """", ""state"": """", ""zip"": """"}'}",10,9,226,1058778,Harlem (North),COTA,Burrows,,
PC8547193,2026-09-08T12:11:22.000,Treatments,210,WEST  251 STREET,10471,Bronx,Bait applied,2058141155,2,5814,1155,40.89577275042,-73.896901151204,"{'latitude': '40.89577275042', 'longitude': '-73.896901151204', 'human_address': '{""address"": """", ""city"": """", ""state"": """", ""zip"": """"}'}",8,11,351,2084347,Riverdale-Spuyten Duyvil,,,1012753,265651
PC8712372,2026-09-08T12:13:00.000,Compliance,88,16 STREET,11215,Brooklyn,Failed for Rat Activity,3010510024,3,1051,24,40.666596348059,-73.993216056368,"{'latitude': '40.666596348059', 'longitude': '-73.993216056368', 'human_address': '{""address"": """", ""city"": """", ""state"": """", ""zip"": """"}'}",7,38,117,3024073,Carroll Gardens-Cobble Hill-Gowanus-Red Hook,Summons Issued,"Droppings, Runways",986135,182136
PC8775247,2026-09-08T12:14:57.000,Initial,5073,BROADWAY,10034,Manhattan,Failed for Other Reason,1022430266,1,2243,266,40.87054979931,-73.91497213793,"{'latitude': '40.87054979931', 'longitude': '-73.91497213793', 'human_address': '{""address"": """", ""city"": """", ""state"": """", ""zip"": """"}'}",12,10,307,1065014,Inwood,,Harborage,1007766,256456
PC8773137,2026-09-08T12:16:55.000,Initial,711,AMSTERDAM AVENUE,10025,Manhattan,Failed for Rat Activity,1012250001,1,1225,1,40.793025016856,-73.971097022718,"{'latitude': '40.793025016856', 'longitude': '-73.971097022718', 'human_address': '{""address"": """", ""city"": """", ""state"": """", ""zip"": """"}'}",7,7,181,1032551,Upper West Side (Central),,"Droppings, Burrows, Runways",992253,228201
PC8766448,2026-09-08T12:17:00.000,Initial,202-16,109 AVENUE,11412,Queens,Failed for Rat Activity and Other Reason,4109050016,4,10905,16,40.707788681007,-73.756073466965,"{'latitude': '40.707788681007', 'longitude': '-73.756073466965', 'human_address': '{""address"": """", ""city"": """", ""state"": """", ""zip"": """"}'}",12,27,508,4451961,Hollis,COTA,"Burrows, Garbage",1051878,197240
PC8770216,2026-09-08T12:19:00.000,Initial,221,WEST 132 STREET,10027,Manhattan,Failed for Rat Activity and Other Reason,1019380024,1,1938,24,40.813758006734,-73.945983695669,"{'latitude': '40.813758006734', 'longitude': '-73.945983695669', 'human_address': '{""address"": """", ""city"": """", ""state"": """", ""zip"": """"}'}",10,9,226,1058777,Harlem (North),COTA,"Gnawing, Harborage",,
PC8624143,2026-09-08T12:20:24.000,Compliance,1548,BRYANT AVENUE,10460,Bronx,Failed for Rat Activity,2030010017,2,3001,17,40.833688383311,-73.886760013248,"{'latitude': '40.833688383311', 'longitude': '-73.886760013248', 'human_address': '{""address"": """", ""city"": """", ""state"": """", ""zip"": """"}'}",3,17,157,2010875,Crotona Park East,Summons Issued,"Droppings, Gnawing",1015586,243035
PC8557891,2026-09-08T12:20:30.000,Treatments,531,West 145 St,10031,Manhattan,Bait applied,1020770012,1,2077,12,40.825654922162,-73.948597253874,"{'latitude': '40.825654922162', 'longitude': '-73.948597253874', 'human_address': '{""address"": """", ""city"": """", ""state"": """", ""zip"": """"}'}",9,7,229,1061931,Hamilton Heights-Sugar Hill,,,,
PC8725507,2026-09-08T12:20:59.000,Compliance,718,CALHOUN AVENUE,10465,Bronx,Failed for Other Reason,2055440123,2,5544,123,40.825650057286,-73.824285329298,"{'latitude': '40.825650057286', 'longitude': '-73.824285329298', 'human_address': '{""address"": """", ""city"": """", ""state"": """", ""zip"": """"}'}",10,13,152,2080042,Throgs Neck-Schuylerville,Summons Issued,Harborage,1032880,240135
PC8774040,2026-09-08T12:22:00.000,Initial,54,MARKET STREET,10002,Manhattan,Failed for Rat Activity,1002740044,1,274,44,40.711767144753,-73.994279142402,"{'latitude': '40.711767144753', 'longitude': '-73.994279142402', 'human_address': '{""address"": """", ""city"": """", ""state"": """", ""zip"": """"}'}",3,1,8,1003276,Chinatown-Two Bridges,COTA,Burrows,,
PC8680651,2026-09-08T12:22:38.000,Treatments,244,FIELDSTON TERRACE,10471,Bronx,Bait applied,2058271620,2,5827,1620,40.89567222783,-73.898058785763,"{'latitude': '40.89567222783', 'longitude': '-73.898058785763', 'human_address': '{""address"": """", ""city"": """", ""state"": """", ""zip"": """"}'}",8,11,351,2084561,Riverdale-Spuyten Duyvil,,,1012414,265624
PC8770451,2026-09-08T12:24:15.000,Initial,289,BONNER PLACE,10456,Bronx,Failed for Rat Activity,2024230016,2,2423,16,40.827683934045,-73.91688803134,"{'latitude': '40.827683934045', 'longitude': '-73.91688803134', 'human_address': '{""address"": """", ""city"": """", ""state"": """", ""zip"": """"}'}",4,16,173,2001993,Concourse-Concourse Village,COTA,Burrows,,
PC8767800,2026-09-08T12:25:00.000,Initial,241,46 STREET,11220,Brooklyn,Failed for Rat Activity,3007450065,3,745,65,40.650758363666,-74.013633125964,"{'latitude': '40.650758363666', 'longitude': '-74.013633125964', 'human_address': '{""address"": """", ""city"": """", ""state"": """", ""zip"": """"}'}",7,38,2,3000000,Sunset Park (West),,Droppings,980467,176368
PC8774286,2026-09-08T12:26:57.000,Initial,108,PARK TERRACE EAST,10034,Manhattan,Failed for Rat Activity,1022430278,1,2243,278,40.87137895985,-73.915314573771,"{'latitude': '40.87137895985', 'longitude': '-73.915314573771', 'human_address': '{""address"": """", ""city"": """", ""state"": """", ""zip"": """"}'}",12,10,307,1065019,Inwood,,Droppings,1007671,256758
PC8770028,2026-09-08T12:27:00.000,Initial,235,WEST 132 STREET,10027,Manhattan,Failed for Rat Activity,1019380019,1,1938,19,40.813876161202,-73.946261773784,"{'latitude': '40.813876161202', 'longitude': '-73.946261773784', 'human_address': '{""address"": """", ""city"": """", ""state"": """", ""zip"": """"}'}",10,9,226,1058775,Harlem (North),COTA,Droppings,,
PC8770045,2026-09-08T12:27:15.000,Initial,285,BONNER PLACE,10456,Bronx,Failed for Rat Activity and Other Reason,2024230018,2,2423,18,40.827656426498,-73.916804957485,"{'latitude': '40.827656426498', 'longitude': '-73.916804957485', 'human_address': '{""address"": """", ""city"": """", ""state"": """", ""zip"": """"}'}",4,16,173,2000000,Concourse-Concourse Village,,"Burrows, Harborage",,
PC8747631,2026-09-08T12:29:00.000,Initial,27,AUDUBON AVENUE,10032,Manhattan,Failed for Rat Activity,1021230052,1,2123,52,40.839615451735,-73.938983874678,"{'latitude': '40.839615451735', 'longitude': '-73.938983874678', 'human_address': '{""address"": """", ""city"": """", ""state"": """", ""zip"": """"}'}",12,10,251,1062958,Washington Heights (South),,Burrows,,
PC8770573,2026-09-08T12:30:15.000,Initial,275,BONNER PLACE,10456,Bronx,Failed for Other Reason,,2,2423,20,40.827587656057,-73.916595466451,"{'latitude': '40.827587656057', 'longitude': '-73.916595466451', 'human_address': '{""address"": """", ""city"": """", ""state"": """", ""zip"": """"}'}",4,16,173,,Concourse-Concourse Village,COTA,Harborage,,
PC8558786,2026-09-08T12:30:37.000,Treatments,3543,Broadway,10031,Manhattan,Bait applied,1020920026,1,2092,26,40.826569692997,-73.950352630669,"{'latitude': '40.826569692997', 'longitude': '-73.950352630669', 'human_address': '{""address"": """", ""city"": """", ""state"": """", ""zip"": """"}'}",9,7,229,1062380,Hamilton Heights-Sugar Hill,,,,
PC8766646,2026-09-08T12:33:07.000,Initial,81,FEATHERBED LANE,10452,Bronx,Failed for Other Reason,2028760037,2,2876,37,40.846299373734,-73.917753831035,"{'latitude': '40.846299373734', 'longitude': '-73.917753831035', 'human_address': '{""address"": """", ""city"": """", ""state"": """", ""zip"": """"}'}",5,14,21502,2008809,University Heights (South)-Morris Heights,,Harborage,,
PC8650392,2026-09-08T12:35:27.000,Treatments,170,WEST  233 STREET,10463,Bronx,Bait applied,2032670110,2,3267,110,40.880292111291,-73.902736609583,"{'latitude': '40.880292111291', 'longitude': '-73.902736609583', 'human_address': '{""address"": """", ""city"": """", ""state"": """", ""zip"": """"}'}",8,11,283,2016171,Kingsbridge-Marble Hill,,,1011115,260026
PC8605384,2026-09-08T12:36:50.000,Compliance,4575,PARK AVENUE,10458,Bronx,Failed for Rat Activity,2030310069,2,3031,69,40.856775723654,-73.893936084184,"{'latitude': '40.856775723654', 'longitude': '-73.893936084184', 'human_address': '{""address"": """", ""city"": """", ""state"": """", ""zip"": """"}'}",6,15,38304,2011213,Belmont,Summons Issued,Burrows,,
PC8770368,2026-09-08T12:37:15.000,Initial,946,COLLEGE AVENUE,10456,Bronx,Failed for Other Reason,2024230065,2,2423,65,40.827359360734,-73.915934503314,"{'latitude': '40.827359360734', 'longitude': '-73.915934503314', 'human_address': '{""address"": """", ""city"": """", ""state"": """", ""zip"": """"}'}",4,16,173,2116172,Concourse-Concourse Village,COTA,Harborage,,
PC8768771,2026-09-08T12:38:00.000,Initial,110,15 STREET,11215,Brooklyn,Failed for Other Reason,3010460023,3,1046,23,40.667329190429,-73.992996095719,"{'latitude': '40.667329190429', 'longitude': '-73.992996095719', 'human_address': '{""address"": """", ""city"": """", ""state"": """", ""zip"": """"}'}",7,38,117,3023853,Carroll Gardens-Cobble Hill-Gowanus-Red Hook,,Harborage,986193,182405
PC8560503,2026-09-08T12:40:59.000,Treatments,3501,Broadway,10031,Manhattan,Bait applied,1020900029,1,2090,29,40.825227935583,-73.95133644586,"{'latitude': '40.825227935583', 'longitude': '-73.95133644586', 'human_address': '{""address"": """", ""city"": """", ""state"": """", ""zip"": """"}'}",9,7,229,1062361,Hamilton Heights-Sugar Hill,,,,
PC8672088,2026-09-08T12:44:24.000,Compliance,931,EAST 174 STREET,10460,Bronx,Failed for Rat Activity,2029910026,2,2991,26,40.837199362079,-73.887223824772,"{'latitude': '40.837199362079', 'longitude': '-73.887223824772', 'human_address': '{""address"": """", ""city"": """", ""state"": """", ""zip"": """"}'}",3,17,161,2010684,Crotona Park East,Summons Issued,Runways,,
PC8594232,2026-09-08T12:47:22.000,Treatments,3010,BAILEY AVENUE,10463,Bronx,Bait applied,2032600050,2,3260,50,40.876496979351,-73.90371490588,"{'latitude': '40.876496979351', 'longitude': '-73.90371490588', 'human_address': '{""address"": """", ""city"": """", ""state"": """", ""zip"": """"}'}",8,14,277,2015913,Kingsbridge Heights-Van Cortlandt Village,,,1010877,258626
PC8560508,2026-09-08T12:50:09.000,Treatments,3513,Broadway,10031,Manhattan,Bait applied,1020900036,1,2090,36,40.825601103613,-73.951061561613,"{'latitude': '40.825601103613', 'longitude': '-73.951061561613', 'human_address': '{""address"": """", ""city"": """", ""state"": """", ""zip"": """"}'}",9,7,229,1062362,Hamilton Heights-Sugar Hill,,,,
PC8766700,2026-09-08T12:53:00.000,Initial,99,FEATHERBED LANE,10452,Bronx,Failed for Other Reason,2028760043,2,2876,43,40.846225647568,-73.918288856537,"{'latitude': '40.846225647568', 'longitude': '-73.918288856537', 'human_address': '{""address"": """", ""city"": """", ""state"": """", ""zip"": """"}'}",5,14,21502,2008811,University Heights (South)-Morris Heights,,Harborage,,
PC8768980,2026-09-08T12:53:00.000,Initial,475,DEKALB AVENUE,11205,Brooklyn,Failed for Rat Activity and Other Reason,3019260075,3,1926,75,40.690597455983,-73.958134936871,"{'latitude': '40.690597455983', 'longitude': '-73.958134936871', 'human_address': '{""address"": """", ""city"": """", ""state"": """", ""zip"": """"}'}",3,33,235,3055173,Bedford-Stuyvesant (West),COTA,"Burrows, Runways, Harborage",995860,190885
PC8738974,2026-09-08T13:00:24.000,Compliance,1806,VYSE AVENUE,10460,Bronx,Failed for Rat Activity and Other Reason,2029980018,2,2998,18,40.83770807326,-73.88539429746,"{'latitude': '40.83770807326', 'longitude': '-73.88539429746', 'human_address': '{""address"": """", ""city"": """", ""state"": """", ""zip"": """"}'}",3,17,161,2010808,Crotona Park East,Summons Issued,"Droppings, Burrows, Harborage",1015962,244500
PC8604467,2026-09-08T13:00:28.000,Treatments,2880,BAILEY AVENUE,10463,Bronx,Bait applied,2032600020,2,3260,20,40.875490161157,-73.904309396174,"{'latitude': '40.875490161157', 'longitude': '-73.904309396174', 'human_address': '{""address"": """", ""city"": """", ""state"": """", ""zip"": """"}'}",8,14,273,2015888,Kingsbridge Heights-Van Cortlandt Village,,,1010713,258259
PC8746871,2026-09-08T13:01:00.000,Treatments,425,PACIFIC STREET,11217,Brooklyn,Bait applied,3001840046,3,184,46,40.68583357659,-73.984070062186,"{'latitude': '40.68583357659', 'longitude': '-73.984070062186', 'human_address': '{""address"": """", ""city"": """", ""state"": """", ""zip"": """"}'}",2,33,41,3000951,Downtown Brooklyn-DUMBO-Boerum Hill,,,988668,189147
PC8769091,2026-09-08T13:04:31.000,Initial,58,CHESTER AVENUE,11218,Brooklyn,Failed for Rat Activity,3053060123,3,5306,123,40.644178851429,-73.984238596285,"{'latitude': '40.644178851429', 'longitude': '-73.984238596285', 'human_address': '{""address"": """", ""city"": """", ""state"": """", ""zip"": """"}'}",12,39,498,3123647,Kensington,COTA,Rats,988624,173971
PC8776194,2026-09-08T13:04:55.000,Initial,,,10314,Staten Island,Failed for Other Reason,,5,2636,24,,,,,,,,,COTA,Harborage,,
PC8691522,2026-09-08T13:07:40.000,Compliance,254,WEST  154 STREET,10039,Manhattan,Failed for Other Reason,1020390055,1,2039,55,40.828083649259,-73.936848113431,"{'latitude': '40.828083649259', 'longitude': '-73.936848113431', 'human_address': '{""address"": """", ""city"": """", ""state"": """", ""zip"": """"}'}",10,9,236,1060623,Harlem (North),,Harborage,1001727,240979
PC8774964,2026-09-08T13:10:17.000,Initial,209,HENRY STREET,10002,Manhattan,Failed for Rat Activity,1002860001,1,286,1,40.713660414826,-73.986768786837,"{'latitude': '40.713660414826', 'longitude': '-73.986768786837', 'human_address': '{""address"": """", ""city"": """", ""state"": """", ""zip"": """"}'}",3,1,201,1003705,Chinatown-Two Bridges,COTA,Droppings,,
PC8669832,2026-09-08T13:12:50.000,Compliance,480,EAST  188 STREET,10458,Bronx,Failed for Other Reason,2030570011,2,3057,11,40.85828200036,-73.890390896547,"{'latitude': '40.85828200036', 'longitude': '-73.890390896547', 'human_address': '{""address"": """", ""city"": """", ""state"": """", ""zip"": """"}'}",6,15,387,2011753,Belmont,Summons Issued,Harborage,1014570,251994
PC8766802,2026-09-08T13:14:38.000,Initial,115,FEATHERBED LANE,10452,Bronx,Failed for Rat Activity,2028760051,2,2876,51,40.846154648323,-73.918802191014,"{'latitude': '40.846154648323', 'longitude': '-73.918802191014', 'human_address': '{""address"": """", ""city"": """", ""state"": """", ""zip"": """"}'}",5,14,21502,2008815,University Heights (South)-Morris Heights,,Runways,,
PC8766917,2026-09-08T13:18:59.000,Initial,1600,NELSON AVENUE,10453,Bronx,Failed for Rat Activity and Other Reason,2028760001,2,2876,1,40.846396553986,-73.919325986675,"{'latitude': '40.846396553986', 'longitude': '-73.919325986675', 'human_address': '{""address"": """", ""city"": """", ""state"": """", ""zip"": """"}'}",5,14,21502,2008793,University Heights (South)-Morris Heights,,"Runways, Harborage",,
PC8758818,2026-09-08T13:20:00.000,Treatments,581,PARK PLACE,11238,Brooklyn,Bait applied,3011630081,3,1163,81,40.674587395461,-73.958721838326,"{'latitude': '40.674587395461', 'longitude': '-73.958721838326', 'human_address': '{""address"": """", ""city"": """", ""state"": """", ""zip"": """"}'}",8,35,305,3029028,Crown Heights (North),,,,
PC8748312,2026-09-08T13:20:00.000,Compliance,518,39 STREET,11232,Brooklyn,Failed for Rat Activity,3009130013,3,913,13,40.650882642344,-74.00330107499,"{'latitude': '40.650882642344', 'longitude': '-74.00330107499', 'human_address': '{""address"": """", ""city"": """", ""state"": """", ""zip"": """"}'}",7,38,88,3017795,Sunset Park (Central),,"Droppings, Burrows, Runways",983325,176420
PC8774174,2026-09-08T13:23:16.000,Initial,30,MARKET STREET,10002,Manhattan,Failed for Rat Activity,1002750022,1,275,22,40.712719586056,-73.994408917735,"{'latitude': '40.712719586056', 'longitude': '-73.994408917735', 'human_address': '{""address"": """", ""city"": """", ""state"": """", ""zip"": """"}'}",3,1,8,1003281,Chinatown-Two Bridges,COTA,"Droppings, Burrows",,
PC8774190,2026-09-08T13:29:58.000,Initial,143,BOWERY,10002,Manhattan,Failed for Other Reason,1004230008,1,423,8,40.719043539421,-73.994552684916,"{'latitude': '40.719043539421', 'longitude': '-73.994552684916', 'human_address': '{""address"": """", ""city"": """", ""state"": """", ""zip"": """"}'}",3,1,18,1005634,Lower East Side,COTA,Harborage,,
PC8731667,2026-09-08T13:31:00.000,Treatments,588,PARK PLACE,11238,Brooklyn,Bait applied,3011680030,3,1168,30,40.674535179657,-73.958541616915,"{'latitude': '40.674535179657', 'longitude': '-73.958541616915', 'human_address': '{""address"": """", ""city"": """", ""state"": """", ""zip"": """"}'}",8,35,217,3029268,Crown Heights (North),,,,
PC8758668,2026-09-08T13:33:22.000,Initial,521,GANSEVOORT BOULEVARD,10314,Staten Island,Failed for Other Reason,5008010144,5,801,144,40.598569662005,-74.125522281175,"{'latitude': '40.598569662005', 'longitude': '-74.125522281175', 'human_address': '{""address"": """", ""city"": """", ""state"": """", ""zip"": """"}'}",2,50,18704,5020705,Todt Hill-Emerson Hill-Lighthouse Hill-Manor Heights,COTA,Harborage,949392,157379
PC8758710,2026-09-08T13:42:00.000,Treatments,623,PARK PLACE,11238,Brooklyn,Bait applied,3011630064,3,1163,64,40.674282182112,-73.957240346924,"{'latitude': '40.674282182112', 'longitude': '-73.957240346924', 'human_address': '{""address"": """", ""city"": """", ""state"": """", ""zip"": """"}'}",8,35,305,3029020,Crown Heights (North),,,,
PC8639113,2026-09-08T13:42:12.000,Compliance,2046,MAPES AVENUE,10460,Bronx,Failed for Rat Activity,2031080001,2,3108,1,40.845682453964,-73.886316632935,"{'latitude': '40.845682453964', 'longitude': '-73.886316632935', 'human_address': '{""address"": """", ""city"": """", ""state"": """", ""zip"": """"}'}",6,15,36501,2012952,Tremont,Summons Issued,"Droppings, Burrows, Gnawing, Rats",,
PC8713598,2026-09-08T13:49:07.000,Treatments,654,HART STREET,11221,Brooklyn,Bait applied,3032280014,3,3228,14,40.698426287241,-73.926790608896,"{'latitude': '40.698426287241', 'longitude': '-73.926790608896', 'human_address': '{""address"": """", ""city"": """", ""state"": """", ""zip"": """"}'}",4,34,423,3000000,Bushwick (West),,,,
PC8590289,2026-09-08T13:53:00.000,Treatments,637,PARK PLACE,11238,Brooklyn,Bait applied,3011630054,3,1163,54,40.674216183269,-73.956908723901,"{'latitude': '40.674216183269', 'longitude': '-73.956908723901', 'human_address': '{""address"": """", ""city"": """", ""state"": """", ""zip"": """"}'}",8,35,305,3029013,Crown Heights (North),,,996203,184917
PC8763696,2026-09-08T13:57:43.000,Compliance,1358,DEKALB AVENUE,11221,Brooklyn,Failed for Rat Activity,3032450021,3,3245,21,40.69883108989,-73.924593867007,"{'latitude': '40.69883108989', 'longitude': '-73.924593867007', 'human_address': '{""address"": """", ""city"": """", ""state"": """", ""zip"": """"}'}",4,37,421,3073797,Bushwick (West),,Droppings,,
PC8761410,2026-09-08T14:06:21.000,Initial,161,PARKINSON AVENUE,10305,Staten Island,Failed for Other Reason,5032360042,5,3236,42,40.597318186222,-74.083209413574,"{'latitude': '40.597318186222', 'longitude': '-74.083209413574', 'human_address': '{""address"": """", ""city"": """", ""state"": """", ""zip"": """"}'}",2,50,64,5047515,Grasmere-Arrochar-South Beach-Dongan Hills,COTA,Harborage,961142,156909
PC8775652,2026-09-08T14:34:31.000,Initial,2416,NEWKIRK AVENUE,11226,Brooklyn,Failed for Rat Activity,3052110044,3,5211,44,40.639633543298,-73.953918880419,"{'latitude': '40.639633543298', 'longitude': '-73.953918880419', 'human_address': '{""address"": """", ""city"": """", ""state"": """", ""zip"": """"}'}",17,45,79002,3120351,East Flatbush-Erasmus,COTA,"Droppings, Burrows",997039,172318
PC8763878,2026-09-08T14:41:43.000,Compliance,702,HART STREET,11221,Brooklyn,Failed for Other Reason,3032340020,3,3234,20,40.699229588986,-73.925368794515,"{'latitude': '40.699229588986', 'longitude': '-73.925368794515', 'human_address': '{""address"": """", ""city"": """", ""state"": """", ""zip"": """"}'}",4,37,423,3000000,Bushwick (West),,Harborage,,
PC8694833,2026-09-08T14:53:00.000,Initial,787,HART STREET,11237,Brooklyn,Failed for Rat Activity,3032190039,3,3219,39,40.700982386293,-73.923678976347,"{'latitude': '40.700982386293', 'longitude': '-73.923678976347', 'human_address': '{""address"": """", ""city"": """", ""state"": """", ""zip"": """"}'}",4,34,429,3073186,Bushwick (West),,"Droppings, Burrows, Runways",,
PC8758687,2026-09-08T15:08:40.000,Initial,30,WINDOM AVENUE,10305,Staten Island,Failed for Other Reason,5031190059,5,3119,59,40.596369449642,-74.064732309261,"{'latitude': '40.596369449642', 'longitude': '-74.064732309261', 'human_address': '{""address"": """", ""city"": """", ""state"": """", ""zip"": """"}'}",2,50,74,5106139,Grasmere-Arrochar-South Beach-Dongan Hills,COTA,Harborage,966273,156559
PC8763391,2026-09-08T15:25:43.000,Initial,141,FREMONT AVENUE,10306,Staten Island,Failed for Other Reason,5036030016,5,3603,16,40.578519715643,-74.108694626891,"{'latitude': '40.578519715643', 'longitude': '-74.108694626891', 'human_address': '{""address"": """", ""city"": """", ""state"": """", ""zip"": """"}'}",2,50,122,5051944,New Dorp-Midland Beach,COTA,Harborage,954056,150068
PC8720005,2026-09-08T16:25:08.000,Treatments,EAST,8 STREET,10009,Manhattan,Bait applied,,1,377,22,,,,,,,,,,,,
PC8768292,2026-09-08T17:32:05.000,Treatments,212,EAST 3 STREET,10009,Manhattan,Bait applied,1003850011,1,385,11,40.722495263601,-73.982582116051,"{'latitude': '40.722495263601', 'longitude': '-73.982582116051', 'human_address': '{""address"": """", ""city"": """", ""state"": """", ""zip"": """"}'}",3,2,2202,1000000,East Village,,,,
PC8774311,2026-09-08T18:41:04.000,Initial,22,SCOTT AVENUE,10305,Staten Island,Failed for Other Reason,5033940079,5,3394,79,40.592355827892,-74.079026481812,"{'latitude': '40.592355827892', 'longitude': '-74.079026481812', 'human_address': '{""address"": """", ""city"": """", ""state"": """", ""zip"": """"}'}",2,50,7002,5050210,Grasmere-Arrochar-South Beach-Dongan Hills,COTA,Animal Nuisance,962302,155100
PC8558790,2026-09-09T08:35:25.000,Treatments,675,Riverside Drive,10031,Manhattan,Bait applied,1021010055,1,2101,55,40.826809268533,-73.952198877717,"{'latitude': '40.826809268533', 'longitude': '-73.952198877717', 'human_address': '{""address"": """", ""city"": """", ""state"": """", ""zip"": """"}'}",9,7,229,1000000,Hamilton Heights-Sugar Hill,,,,
PC8771192,2026-09-09T08:45:44.000,Initial,253,IRVING AVENUE,11237,Brooklyn,Failed for Other Reason,3033010001,3,3301,1,40.70025279127,-73.916538995852,"{'latitude': '40.70025279127', 'longitude': '-73.916538995852', 'human_address': '{""address"": """", ""city"": """", ""state"": """", ""zip"": """"}'}",4,37,441,3075465,Bushwick (West),,Garbage,,
PC8772994,2026-09-09T08:49:11.000,Initial,304,GATES AVENUE,11216,Brooklyn,Failed for Rat Activity,3019860027,3,1986,27,40.685705042823,-73.954903722389,"{'latitude': '40.685705042823', 'longitude': '-73.954903722389', 'human_address': '{""address"": """", ""city"": """", ""state"": """", ""zip"": """"}'}",3,36,229,3057020,Bedford-Stuyvesant (West),,Droppings,,
PC8742457,2026-09-09T08:49:50.000,Treatments,1391,BEDFORD AVENUE,11216,Brooklyn,Bait applied,3012180001,3,1218,1,40.675617339814,-73.953273838153,"{'latitude': '40.675617339814', 'longitude': '-73.953273838153', 'human_address': '{""address"": """", ""city"": """", ""state"": """", ""zip"": """"}'}",8,36,221,3030631,Crown Heights (North),,,,
PC8765168,2026-09-09T08:53:00.000,Treatments,1129,HALSEY STREET,11207,Brooklyn,Bait applied,3034037501,3,3403,7501,40.68955534849,-73.911468127441,"{'latitude': '40.68955534849', 'longitude': '-73.911468127441', 'human_address': '{""address"": """", ""city"": """", ""state"": """", ""zip"": """"}'}",4,37,413,3078582,Bushwick (East),,,,
PC8770950,2026-09-09T08:53:16.000,Initial,302,GATES AVENUE,11216,Brooklyn,Failed for Rat Activity,3019860026,3,1986,26,40.68569957879,-73.954968628394,"{'latitude': '40.68569957879', 'longitude': '-73.954968628394', 'human_address': '{""address"": """", ""city"": """", ""state"": """", ""zip"": """"}'}",3,36,229,3057019,Bedford-Stuyvesant (West),,Burrows,,
PC8772132,2026-09-09T08:56:44.000,Initial,1416,GREENE AVENUE,11237,Brooklyn,Failed for Rat Activity,3033010009,3,3301,9,40.700832108193,-73.91677269068,"{'latitude': '40.700832108193', 'longitude': '-73.91677269068', 'human_address': '{""address"": """", ""city"": """", ""state"": """", ""zip"": """"}'}",4,37,441,3389365,Bushwick (West),,Burrows,,
PC8773014,2026-09-09T08:58:34.000,Initial,68,QUINCY STREET,11238,Brooklyn,Failed for Rat Activity and Other Reason,3019730020,3,1973,20,40.686054942535,-73.958375776162,"{'latitude': '40.686054942535', 'longitude': '-73.958375776162', 'human_address': '{""address"": """", ""city"": """", ""state"": """", ""zip"": """"}'}",3,36,229,3056532,Bedford-Stuyvesant (West),,"Burrows, Harborage",,
PC8608447,2026-09-09T09:00:16.000,Treatments,946,CASTLE HILL AVENUE,10473,Bronx,Bait applied,2036940009,2,3694,9,40.826567287033,-73.849778707,"{'latitude': '40.826567287033', 'longitude': '-73.849778707', 'human_address': '{""address"": """", ""city"": """", ""state"": """", ""zip"": """"}'}",9,18,98,2023161,Castle Hill-Unionport,,,1025824,240456
PC8487167,2026-09-09T09:00:56.000,Treatments,130,NEW LOTS AVENUE,11212,Brooklyn,Bait applied,3038630010,3,3863,10,40.658453637331,-73.900650088812,"{'latitude': '40.658453637331', 'longitude': '-73.900650088812', 'human_address': '{""address"": """", ""city"": """", ""state"": """", ""zip"": """"}'}",16,42,920,3421599,Brownsville,,,1011815,179187
PC8771436,2026-09-09T09:01:44.000,Initial,1426,GREENE AVENUE,11237,Brooklyn,Failed for Rat Activity,3033010012,3,3301,12,40.701004902923,-73.9165993614,"{'latitude': '40.701004902923', 'longitude': '-73.9165993614', 'human_address': '{""address"": """", ""city"": """", ""state"": """", ""zip"": """"}'}",4,37,441,3075474,Bushwick (West),,Runways,,
PC8772217,2026-09-09T09:06:44.000,Initial,1436,GREENE AVENUE,11237,Brooklyn,Failed for Rat Activity,3033010017,3,3301,17,40.701180444788,-73.916429634286,"{'latitude': '40.701180444788', 'longitude': '-73.916429634286', 'human_address': '{""address"": """", ""city"": """", ""state"": """", ""zip"": """"}'}",4,37,441,3075478,Bushwick (West),,Burrows,,
PC8618794,2026-09-09T09:08:26.000,Treatments,2100,TIEBOUT AVENUE,10457,Bronx,Bait applied,2031430001,2,3143,1,40.852797590841,-73.898901928157,"{'latitude': '40.852797590841', 'longitude': '-73.898901928157', 'human_address': '{""address"": """", ""city"": """", ""state"": """", ""zip"": """"}'}",5,15,379,2013303,Mount Hope,,,,
PC8735479,2026-09-09T09:09:00.000,Treatments,690,EAST 189 STREET,10458,Bronx,Bait applied,2030900054,2,3090,54,40.856115095569,-73.883479063258,"{'latitude': '40.856115095569', 'longitude': '-73.883479063258', 'human_address': '{""address"": """", ""city"": """", ""state"": """", ""zip"": """"}'}",6,15,389,2012554,Belmont,,,,
PC8699296,2026-09-09T09:09:00.000,Treatments,1002,HALSEY STREET,11207,Brooklyn,Bait applied,3034080023,3,3408,23,40.686423125498,-73.91451192711,"{'latitude': '40.686423125498', 'longitude': '-73.91451192711', 'human_address': '{""address"": """", ""city"": """", ""state"": """", ""zip"": """"}'}",4,37,401,3078720,Bushwick (East),,,,
PC8771361,2026-09-09T09:10:04.000,Initial,284,GATES AVENUE,11216,Brooklyn,Failed for Other Reason,3019860015,3,1986,15,40.685633925201,-73.95553476458,"{'latitude': '40.685633925201', 'longitude': '-73.95553476458', 'human_address': '{""address"": """", ""city"": """", ""state"": """", ""zip"": """"}'}",3,36,229,3057011,Bedford-Stuyvesant (West),,Harborage,,
PC8730322,2026-09-09T09:13:28.000,Treatments,120,WEST 169 STREET,10452,Bronx,Bait applied,2025180036,2,2518,36,40.839933270033,-73.924194786295,"{'latitude': '40.839933270033', 'longitude': '-73.924194786295', 'human_address': '{""address"": """", ""city"": """", ""state"": """", ""zip"": """"}'}",4,16,211,2128510,Highbridge,,,,
PC8709245,2026-09-09T09:15:14.000,Treatments,2025,SEWARD AVENUE,10473,Bronx,Bait applied,2036070002,2,3607,2,40.820435040186,-73.85365491776,"{'latitude': '40.820435040186', 'longitude': '-73.85365491776', 'human_address': '{""address"": """", ""city"": """", ""state"": """", ""zip"": """"}'}",9,18,74,2022208,Castle Hill-Unionport,,,1024755,238220
PC8772049,2026-09-09T09:15:32.000,Initial,278,GATES AVENUE,11216,Brooklyn,Failed for Other Reason,3019860011,3,1986,11,40.685612039586,-73.955722274501,"{'latitude': '40.685612039586', 'longitude': '-73.955722274501', 'human_address': '{""address"": """", ""city"": """", ""state"": """", ""zip"": """"}'}",3,36,229,3000000,Bedford-Stuyvesant (West),,Harborage,,
PC8769113,2026-09-09T09:20:00.000,Stoppage,660,EAST TREMONT Avenue,10457,Bronx,Stoppage done,2029460030,2,2946,30,40.845811423893,-73.891972943929,"{'latitude': '40.845811423893', 'longitude': '-73.891972943929', 'human_address': '{""address"": """", ""city"": """", ""state"": """", ""zip"": """"}'}",6,15,36901,2009898,Tremont,,,,
PC8681796,2026-09-09T09:20:56.000,Treatments,1677,ST JOHNS PLACE,11233,Brooklyn,Bait applied,3014700060,3,1470,60,40.670069302442,-73.921569608724,"{'latitude': '40.670069302442', 'longitude': '-73.921569608724', 'human_address': '{""address"": """", ""city"": """", ""state"": """", ""zip"": """"}'}",16,41,361,3039445,Ocean Hill,,,1006007,183413
PC8697473,2026-09-09T09:21:06.000,Treatments,2097,WEBSTER AVENUE,10457,Bronx,Bait applied,2031430122,2,3143,122,40.85245646175,-73.89801683255,"{'latitude': '40.85245646175', 'longitude': '-73.89801683255', 'human_address': '{""address"": """", ""city"": """", ""state"": """", ""zip"": """"}'}",5,15,379,2013311,Mount Hope,,,,
PC8768105,2026-09-09T09:24:00.000,Stoppage,,,11231,Brooklyn,Stoppage done,,3,523,18,,,,,,,,,,,,
PC8774940,2026-09-09T09:24:56.000,Initial,201,HENRY STREET,10002,Manhattan,Failed for Rat Activity,1002850012,1,285,12,40.713600114808,-73.987526310374,"{'latitude': '40.713600114808', 'longitude': '-73.987526310374', 'human_address': '{""address"": """", ""city"": """", ""state"": """", ""zip"": """"}'}",3,1,6,1003692,Chinatown-Two Bridges,,Droppings,,
PC8671007,2026-09-09T09:25:04.000,Treatments,239,EAST 73 STREET,10021,Manhattan,Bait applied,1014280120,1,1428,120,40.770034082359,-73.959160667468,"{'latitude': '40.770034082359', 'longitude': '-73.959160667468', 'human_address': '{""address"": """", ""city"": """", ""state"": """", ""zip"": """"}'}",8,5,12602,1044013,Upper East Side-Lenox Hill-Roosevelt Island,,,995562,219826
PC8771383,2026-09-09T09:26:59.000,Initial,403,FRANKLIN AVENUE,11238,Brooklyn,Failed for Rat Activity,3019860002,3,1986,2,40.685244531218,-73.956483313376,"{'latitude': '40.685244531218', 'longitude': '-73.956483313376', 'human_address': '{""address"": """", ""city"": """", ""state"": """", ""zip"": """"}'}",3,36,229,3056999,Bedford-Stuyvesant (West),,Droppings,,
PC8769395,2026-09-09T09:29:00.000,Stoppage,1879,CLINTON AVENUE,10457,Bronx,Stoppage done,2029500001,2,2950,1,40.843464060465,-73.891322587768,"{'latitude': '40.843464060465', 'longitude': '-73.891322587768', 'human_address': '{""address"": """", ""city"": """", ""state"": """", ""zip"": """"}'}",6,15,36901,2009961,Tremont,,,,
PC8774829,2026-09-09T09:29:56.000,Initial,197,HENRY STREET,10002,Manhattan,Failed for Rat Activity and Other Reason,1002850010,1,285,10,40.713589152112,-73.987677814713,"{'latitude': '40.713589152112', 'longitude': '-73.987677814713', 'human_address': '{""address"": """", ""city"": """", ""state"": """", ""zip"": """"}'}",3,1,6,1003690,Chinatown-Two Bridges,,"Droppings, Harborage",,
PC8612311,2026-09-09T09:30:00.000,Clean Ups,658,EAST 225 STREET,10466,Bronx,Cleanup done,2048260069,2,4826,69,40.888248435688,-73.861895837043,"{'latitude': '40.888248435688', 'longitude': '-73.861895837043', 'human_address': '{""address"": """", ""city"": """", ""state"": """", ""zip"": """"}'}",12,12,394,2062997,Williamsbridge-Olinville,,,,
PC8712390,2026-09-09T09:30:45.000,Treatments,955,CROES AVENUE,10473,Bronx,Bait applied,2036600061,2,3660,61,40.824236316809,-73.869432695951,"{'latitude': '40.824236316809', 'longitude': '-73.869432695951', 'human_address': '{""address"": """", ""city"": """", ""state"": """", ""zip"": """"}'}",9,18,46,2119269,Soundview-Clason Point,,,1020386,239598
PC8747664,2026-09-09T09:30:56.000,Compliance,58,AVENUE A,10009,Manhattan,Failed for Rat Activity,1004000001,1,400,1,40.724337313298,-73.984767948138,"{'latitude': '40.724337313298', 'longitude': '-73.984767948138', 'human_address': '{""address"": """", ""city"": """", ""state"": """", ""zip"": """"}'}",3,2,32,1005010,East Village,,"Droppings, Burrows",,
PC8771886,2026-09-09T09:32:18.000,Initial,67,MONROE STREET,11216,Brooklyn,Failed for Rat Activity,3019860059,3,1986,59,40.684843616687,-73.956018448902,"{'latitude': '40.684843616687', 'longitude': '-73.956018448902', 'human_address': '{""address"": """", ""city"": """", ""state"": """", ""zip"": """"}'}",3,36,229,3057046,Bedford-Stuyvesant (West),,Droppings,,
PC8769933,2026-09-09T09:35:00.000,Initial,1000,RIVER AVENUE,10452,Bronx,Failed for Rat Activity,2024860001,2,2486,1,40.830864612105,-73.924132886618,"{'latitude': '40.830864612105', 'longitude': '-73.924132886618', 'human_address': '{""address"": """", ""city"": """", ""state"": """", ""zip"": """"}'}",4,16,195,2000000,Concourse-Concourse Village,,Burrows,,
PC8758254,2026-09-09T09:35:00.000,Compliance,22,MOFFAT STREET,11207,Brooklyn,Failed for Other Reason,3034440016,3,3444,16,40.683675035605,-73.910177957584,"{'latitude': '40.683675035605', 'longitude': '-73.910177957584', 'human_address': '{""address"": """", ""city"": """", ""state"": """", ""zip"": """"}'}",4,37,403,3398683,Bushwick (East),,Animal Nuisance,1009162,188373
PC8771553,2026-09-09T09:35:00.000,Initial,255,GATES AVENUE,11238,Brooklyn,Failed for Rat Activity,3019730053,3,1973,53,40.685431535942,-73.957442298677,"{'latitude': '40.685431535942', 'longitude': '-73.957442298677', 'human_address': '{""address"": """", ""city"": """", ""state"": """", ""zip"": """"}'}",3,36,229,3056551,Bedford-Stuyvesant (West),,"Droppings, Burrows",,
PC8759227,2026-09-09T09:36:05.000,Treatments,1211,BEDFORD AVENUE,11216,Brooklyn,Bait applied,3018370006,3,1837,6,40.681872818528,-73.953604747314,"{'latitude': '40.681872818528', 'longitude': '-73.953604747314', 'human_address': '{""address"": """", ""city"": """", ""state"": """", ""zip"": """"}'}",3,36,245,3000000,Bedford-Stuyvesant (West),,,,
PC8726915,2026-09-09T09:36:42.000,Treatments,310,WEST 94 STREET,10025,Manhattan,Bait applied,1012520065,1,1252,65,40.794131985006,-73.974625052201,"{'latitude': '40.794131985006', 'longitude': '-73.974625052201', 'human_address': '{""address"": """", ""city"": """", ""state"": """", ""zip"": """"}'}",7,6,179,1034139,Upper West Side (Central),,,,
PC8775682,2026-09-09T09:37:17.000,Initial,844,EAST  176 STREET,10460,Bronx,Failed for Other Reason,2029580016,2,2958,16,40.841333984061,-73.888293806277,"{'latitude': '40.841333984061', 'longitude': '-73.888293806277', 'human_address': '{""address"": """", ""city"": """", ""state"": """", ""zip"": """"}'}",6,15,367,2010112,Tremont,,"Harborage, Animal Nuisance",1015158,245820
PC8769364,2026-09-09T09:38:00.000,Stoppage,1888,ARTHUR AVENUE,10457,Bronx,Stoppage done,2029470007,2,2947,7,40.845091170431,-73.893701781282,"{'latitude': '40.845091170431', 'longitude': '-73.893701781282', 'human_address': '{""address"": """", ""city"": """", ""state"": """", ""zip"": """"}'}",6,15,36901,2009908,Tremont,,,,
PC8680656,2026-09-09T09:40:07.000,Treatments,1477,SAINT MARKS AVENUE,11233,Brooklyn,Bait applied,3014520079,3,1452,79,40.673492731461,-73.918623869737,"{'latitude': '40.673492731461', 'longitude': '-73.918623869737', 'human_address': '{""address"": """", ""city"": """", ""state"": """", ""zip"": """"}'}",16,41,303,3039067,Ocean Hill,,,1006823,184661
PC8772480,2026-09-09T09:40:49.000,Initial,345A,BLEECKER STREET,11237,Brooklyn,Failed for Rat Activity,3033010044,3,3301,44,40.701113779257,-73.915351368356,"{'latitude': '40.701113779257', 'longitude': '-73.915351368356', 'human_address': '{""address"": """", ""city"": """", ""state"": """", ""zip"": """"}'}",4,37,441,3378452,Bushwick (West),,Burrows,,
PC8771293,2026-09-09T09:40:58.000,Initial,253,GATES AVENUE,11238,Brooklyn,Failed for Rat Activity,3019730054,3,1973,54,40.685423323024,-73.957499994627,"{'latitude': '40.685423323024', 'longitude': '-73.957499994627', 'human_address': '{""address"": """", ""city"": """", ""state"": """", ""zip"": """"}'}",3,36,229,3056552,Bedford-Stuyvesant (West),,Burrows,,
PC8770847,2026-09-09T09:41:49.000,Initial,345,BLEECKER STREET,11237,Brooklyn,Failed for Rat Activity,3033010045,3,3301,45,40.701113779257,-73.915351368356,"{'latitude': '40.701113779257', 'longitude': '-73.915351368356', 'human_address': '{""address"": """", ""city"": """", ""state"": """", ""zip"": """"}'}",4,37,441,3075500,Bushwick (West),,Burrows,,
PC8741559,2026-09-09T09:43:08.000,Treatments,1234,SHAKESPEARE AVENUE,10452,Bronx,Bait applied,2025060033,2,2506,33,40.83802778282,-73.923232035455,"{'latitude': '40.83802778282', 'longitude': '-73.923232035455', 'human_address': '{""address"": """", ""city"": """", ""state"": """", ""zip"": """"}'}",4,16,199,2003081,Highbridge,,,,
PC8715043,2026-09-09T09:43:08.000,Treatments,145,CENTRAL AVENUE,11221,Brooklyn,Bait applied,3032080008,3,3208,8,40.699395613146,-73.927453123006,"{'latitude': '40.699395613146', 'longitude': '-73.927453123006', 'human_address': '{""address"": """", ""city"": """", ""state"": """", ""zip"": """"}'}",4,34,423,3072905,Bushwick (West),,,,
PC8733982,2026-09-09T09:44:10.000,Treatments,330,EAST   75 STREET,10021,Manhattan,Bait applied,1014497501,1,1449,7501,40.769909004663,-73.954980063603,"{'latitude': '40.769909004663', 'longitude': '-73.954980063603', 'human_address': '{""address"": """", ""city"": """", ""state"": """", ""zip"": """"}'}",8,5,134,1044935,Upper East Side-Lenox Hill-Roosevelt Island,,,996720,219781
PC8604436,2026-09-09T09:45:16.000,Treatments,160,RIVERSIDE BOULEVARD,10069,Manhattan,Bait applied,1011710132,1,1171,132,40.777800215888,-73.988716597278,"{'latitude': '40.777800215888', 'longitude': '-73.988716597278', 'human_address': '{""address"": """", ""city"": """", ""state"": """", ""zip"": """"}'}",7,6,15502,1085804,Upper West Side-Lincoln Square,,,987375,222653
PC8728849,2026-09-09T09:45:25.000,Treatments,286,TROUTMAN STREET,11237,Brooklyn,Bait applied,3031870013,3,3187,13,40.703777821048,-73.925590902992,"{'latitude': '40.703777821048', 'longitude': '-73.925590902992', 'human_address': '{""address"": """", ""city"": """", ""state"": """", ""zip"": """"}'}",4,34,427,3072545,Bushwick (West),,,,
PC8722594,2026-09-09T09:45:31.000,Treatments,950,EVERGREEN AVENUE,10473,Bronx,Bait applied,2036500001,2,3650,1,40.822339837809,-73.879610973483,"{'latitude': '40.822339837809', 'longitude': '-73.879610973483', 'human_address': '{""address"": """", ""city"": """", ""state"": """", ""zip"": """"}'}",9,18,28,2022564,Soundview-Bruckner-Bronx River,,,1017570,238903
PC8776094,2026-09-09T09:46:07.000,Initial,1919,MADISON AVENUE,10035,Manhattan,Failed for Other Reason,1017480035,1,1748,35,40.804766706744,-73.941381906734,"{'latitude': '40.804766706744', 'longitude': '-73.941381906734', 'human_address': '{""address"": """", ""city"": """", ""state"": """", ""zip"": """"}'}",11,9,198,1081462,East Harlem (North),,"Garbage, Harborage, Mice",1000478,232483
PC8726878,2026-09-09T09:47:47.000,Treatments,315,WEST 94TH STREET,10025,Manhattan,Bait applied,1012537504,1,1253,7504,40.794359906719,-73.975116141315,"{'latitude': '40.794359906719', 'longitude': '-73.975116141315', 'human_address': '{""address"": """", ""city"": """", ""state"": """", ""zip"": """"}'}",7,6,183,1034179,Upper West Side (Central),,,,
PC8774358,2026-09-09T09:50:00.000,Stoppage,4171,3 AVENUE,10457,Bronx,Stoppage done,2029240038,2,2924,38,40.845741617846,-73.896650082961,"{'latitude': '40.845741617846', 'longitude': '-73.896650082961', 'human_address': '{""address"": """", ""city"": """", ""state"": """", ""zip"": """"}'}",6,15,395,2127756,Tremont,,,,
PC8737910,2026-09-09T09:50:07.000,Treatments,1596,ST MARKS AVENUE,11233,Brooklyn,Bait applied,3014590044,3,1459,44,40.673248169949,-73.914474804538,"{'latitude': '40.673248169949', 'longitude': '-73.914474804538', 'human_address': '{""address"": """", ""city"": """", ""state"": """", ""zip"": """"}'}",16,41,363,3039226,Ocean Hill,,,1007974,184573
PC8745453,2026-09-09T09:52:15.000,Treatments,1092,BEDFORD AVENUE,11216,Brooklyn,Bait applied,3019680036,3,1968,36,40.687458887875,-73.954736665867,"{'latitude': '40.687458887875', 'longitude': '-73.954736665867', 'human_address': '{""address"": """", ""city"": """", ""state"": """", ""zip"": """"}'}",3,36,233,3056357,Bedford-Stuyvesant (West),,,,
PC8772113,2026-09-09T09:53:00.000,Initial,79,MONROE STREET,11216,Brooklyn,Failed for Rat Activity,3019860051,3,1986,51,40.684887388582,-73.95564343347,"{'latitude': '40.684887388582', 'longitude': '-73.95564343347', 'human_address': '{""address"": """", ""city"": """", ""state"": """", ""zip"": """"}'}",3,36,229,3057038,Bedford-Stuyvesant (West),,Burrows,,
PC8761367,2026-09-09T09:53:14.000,Compliance,3402,AVENUE I,11210,Brooklyn,Failed for Rat Activity and Other Reason,3075980058,3,7598,58,40.629552658474,-73.943254853902,"{'latitude': '40.629552658474', 'longitude': '-73.943254853902', 'human_address': '{""address"": """", ""city"": """", ""state"": """", ""zip"": """"}'}",18,45,740,3207323,Flatlands,,"Droppings, Rats, Garbage",1000001,168647
PC8741106,2026-09-09T09:54:00.000,Treatments,729,HALSEY STREET,11233,Brooklyn,Bait applied,3016630056,3,1663,56,40.684818393435,-73.923650674679,"{'latitude': '40.684818393435', 'longitude': '-73.923650674679', 'human_address': '{""address"": """", ""city"": """", ""state"": """", ""zip"": """"}'}",3,41,383,3046321,Bedford-Stuyvesant (East),,,1005425,188786
PC8747635,2026-09-09T09:56:15.000,Compliance,203,EAST 4 STREET,10009,Manhattan,Failed for Rat Activity,1004000056,1,400,56,40.723928245476,-73.984050097969,"{'latitude': '40.723928245476', 'longitude': '-73.984050097969', 'human_address': '{""address"": """", ""city"": """", ""state"": """", ""zip"": """"}'}",3,2,32,1005039,East Village,,"Droppings, Burrows",,
PC8637583,2026-09-09T09:56:25.000,Treatments,247,TROUTMAN STREET,11237,Brooklyn,Bait applied,3031740037,3,3174,37,40.702694338565,-73.926681312192,"{'latitude': '40.702694338565', 'longitude': '-73.926681312192', 'human_address': '{""address"": """", ""city"": """", ""state"": """", ""zip"": """"}'}",4,34,427,3072325,Bushwick (West),,,,
PC8774474,2026-09-09T09:56:56.000,Initial,EAST,BROADWAY,10002,Manhattan,Failed for Rat Activity,,1,285,25,,,,,,,,,,Droppings,,
PC8741673,2026-09-09T09:58:25.000,Treatments,1220,SHAKESPEARE AVENUE,10452,Bronx,Bait applied,2025060024,2,2506,24,40.837437695959,-73.923279700196,"{'latitude': '40.837437695959', 'longitude': '-73.923279700196', 'human_address': '{""address"": """", ""city"": """", ""state"": """", ""zip"": """"}'}",4,16,199,2003078,Highbridge,,,,
PC8754695,2026-09-09T09:59:47.000,Initial,502,WESER AVENUE,10304,Staten Island,Failed for Other Reason,5029160014,5,2916,14,40.605946055153,-74.085575498046,"{'latitude': '40.605946055153', 'longitude': '-74.085575498046', 'human_address': '{""address"": """", ""city"": """", ""state"": """", ""zip"": """"}'}",2,50,50,5043783,Grasmere-Arrochar-South Beach-Dongan Hills,,Harborage,960488,160053
PC8770608,2026-09-09T10:00:00.000,Initial,1098,GERARD AVENUE,10452,Bronx,Failed for Rat Activity,2024780018,2,2478,18,40.832611533261,-73.921926544442,"{'latitude': '40.832611533261', 'longitude': '-73.921926544442', 'human_address': '{""address"": """", ""city"": """", ""state"": """", ""zip"": """"}'}",4,16,195,2002946,Concourse-Concourse Village,,Burrows,,
PC8731532,2026-09-09T10:00:22.000,Treatments,1124,WILLOUGHBY AVENUE,11237,Brooklyn,Bait applied,3032090016,3,3209,16,40.701581885478,-73.925409429572,"{'latitude': '40.701581885478', 'longitude': '-73.925409429572', 'human_address': '{""address"": """", ""city"": """", ""state"": """", ""zip"": """"}'}",4,34,429,3072935,Bushwick (West),,,,
PC8652848,2026-09-09T10:00:34.000,Treatments,1173,COLGATE AVENUE,10472,Bronx,Bait applied,2037360049,2,3736,49,40.827441824591,-73.88178058488,"{'latitude': '40.827441824591', 'longitude': '-73.88178058488', 'human_address': '{""address"": """", ""city"": """", ""state"": """", ""zip"": """"}'}",9,17,52,2023723,Soundview-Bruckner-Bronx River,,,,
PC8726373,2026-09-09T10:00:35.000,Treatments,42,ELLIOT PLACE,10452,Bronx,Bait applied,2028410018,2,2841,18,40.839231280625,-73.917202427082,"{'latitude': '40.839231280625', 'longitude': '-73.917202427082', 'human_address': '{""address"": """", ""city"": """", ""state"": """", ""zip"": """"}'}",4,16,22101,2008059,Mount Eden-Claremont (West),,,1007160,245045
PC8730714,2026-09-09T10:01:00.000,Treatments,1081,TELLER AVENUE,10456,Bronx,Bait applied,2024330061,2,2433,61,40.829555878429,-73.913217971439,"{'latitude': '40.829555878429', 'longitude': '-73.913217971439', 'human_address': '{""address"": """", ""city"": """", ""state"": """", ""zip"": """"}'}",4,16,175,2002233,Concourse-Concourse Village,,,,
PC8700525,2026-09-09T10:02:17.000,Compliance,1186,EAST  180 STREET,10460,Bronx,Failed for Rat Activity and Other Reason,2040080030,2,4008,30,40.840969650932,-73.873122285884,"{'latitude': '40.840969650932', 'longitude': '-73.873122285884', 'human_address': '{""address"": """", ""city"": """", ""state"": """", ""zip"": """"}'}",6,15,220,2042484,West Farms,Summons Issued,"Droppings, Burrows, Harborage",1019354,245692
PC8697342,2026-09-09T10:05:59.000,Treatments,2237,WEBSTER AVENUE,10457,Bronx,Bait applied,2031430174,2,3143,174,40.855169941533,-73.896826966119,"{'latitude': '40.855169941533', 'longitude': '-73.896826966119', 'human_address': '{""address"": """", ""city"": """", ""state"": """", ""zip"": """"}'}",5,15,38303,2013326,Fordham Heights,,,,
PC8637231,2026-09-09T10:06:25.000,Treatments,239,TROUTMAN STREET,11237,Brooklyn,Bait applied,3031740041,3,3174,41,40.702551698074,-73.926818520429,"{'latitude': '40.702551698074', 'longitude': '-73.926818520429', 'human_address': '{""address"": """", ""city"": """", ""state"": """", ""zip"": """"}'}",4,34,427,3072329,Bushwick (West),,,,
PC8775738,2026-09-09T10:07:14.000,Initial,1511,EAST   45 STREET,11234,Brooklyn,Failed for Other Reason,3078250013,3,7825,13,40.623908890936,-73.932250942419,"{'latitude': '40.623908890936', 'longitude': '-73.932250942419', 'human_address': '{""address"": """", ""city"": """", ""state"": """", ""zip"": """"}'}",18,45,730,3217481,Flatlands,,"Harborage, Animal Nuisance",1003057,166593
PC8745117,2026-09-09T10:07:18.000,Treatments,1088,BEDFORD AVENUE,11216,Brooklyn,Bait applied,3019680034,3,1968,34,40.687574178329,-73.954761827799,"{'latitude': '40.687574178329', 'longitude': '-73.954761827799', 'human_address': '{""address"": """", ""city"": """", ""state"": """", ""zip"": """"}'}",3,36,233,3056356,Bedford-Stuyvesant (West),,,,
PC8691921,2026-09-09T10:07:52.000,Treatments,920,AMSTERDAM AVENUE,10025,Manhattan,Bait applied,1018770031,1,1877,31,40.799858088363,-73.966142142988,"{'latitude': '40.799858088363', 'longitude': '-73.966142142988', 'human_address': '{""address"": """", ""city"": """", ""state"": """", ""zip"": """"}'}",7,7,191,1056614,Upper West Side-Manhattan Valley,,,,
PC8709510,2026-09-09T10:09:00.000,Treatments,760,HALSEY STREET,11233,Brooklyn,Bait applied,3016680042,3,1668,42,40.684769167311,-73.923921153767,"{'latitude': '40.684769167311', 'longitude': '-73.923921153767', 'human_address': '{""address"": """", ""city"": """", ""state"": """", ""zip"": """"}'}",3,41,383,3046663,Bedford-Stuyvesant (East),,,,
PC8746901,2026-09-09T10:10:36.000,Treatments,412,EAST   83 STREET,10028,Manhattan,Bait applied,1015620040,1,1562,40,40.774691172622,-73.950275920878,"{'latitude': '40.774691172622', 'longitude': '-73.950275920878', 'human_address': '{""address"": """", ""city"": """", ""state"": """", ""zip"": """"}'}",8,5,13604,1050438,Upper East Side-Yorkville,,,998022,221524
PC8731068,2026-09-09T10:10:56.000,Treatments,1134,WILLOUGHBY AVENUE,11237,Brooklyn,Bait applied,3032090021,3,3209,21,40.701773897239,-73.925221672962,"{'latitude': '40.701773897239', 'longitude': '-73.925221672962', 'human_address': '{""address"": """", ""city"": """", ""state"": """", ""zip"": """"}'}",4,34,429,3072940,Bushwick (West),,,,
PC8774335,2026-09-09T10:12:00.000,Stoppage,2567,POE PLACE,10458,Bronx,Stoppage done,2032930025,2,3293,25,40.86322527227,-73.8933183799,"{'latitude': '40.86322527227', 'longitude': '-73.8933183799', 'human_address': '{""address"": """", ""city"": """", ""state"": """", ""zip"": """"}'}",7,15,39901,2016782,University Heights (North)-Fordham,,,,
PC8770341,2026-09-09T10:12:00.000,Initial,1113,WALTON AVENUE,10452,Bronx,Failed for Rat Activity,2024780040,2,2478,40,40.832876976149,-73.920762623323,"{'latitude': '40.832876976149', 'longitude': '-73.920762623323', 'human_address': '{""address"": """", ""city"": """", ""state"": """", ""zip"": """"}'}",4,16,195,2002949,Concourse-Concourse Village,,"Burrows, Rats",,
PC8691994,2026-09-09T10:14:48.000,Treatments,2748,BROADWAY,10025,Manhattan,Bait applied,1018770015,1,1877,15,40.800808283349,-73.967925957139,"{'latitude': '40.800808283349', 'longitude': '-73.967925957139', 'human_address': '{""address"": """", ""city"": """", ""state"": """", ""zip"": """"}'}",7,7,191,1056608,Upper West Side-Manhattan Valley,,,,
PC8774334,2026-09-09T10:15:00.000,Stoppage,275,EAST 194 STREET,10458,Bronx,Stoppage done,2032940001,2,3294,1,40.864821877618,-73.892430027255,"{'latitude': '40.864821877618', 'longitude': '-73.892430027255', 'human_address': '{""address"": """", ""city"": """", ""state"": """", ""zip"": """"}'}",7,15,40501,2016832,Bedford Park,,,,
PC8774021,2026-09-09T10:15:14.000,Initial,1,DIVISION STREET,10002,Manhattan,Failed for Rat Activity and Other Reason,1002810064,1,281,64,40.71405639308,-73.997301797592,"{'latitude': '40.71405639308', 'longitude': '-73.997301797592', 'human_address': '{""address"": """", ""city"": """", ""state"": """", ""zip"": """"}'}",3,1,8,1003528,Chinatown-Two Bridges,,"Burrows, Harborage",,
PC8654648,2026-09-09T10:15:52.000,Treatments,1050,ELDER AVENUE,10472,Bronx,Bait applied,2037140027,2,3714,27,40.82494323185,-73.878312697997,"{'latitude': '40.82494323185', 'longitude': '-73.878312697997', 'human_address': '{""address"": """", ""city"": """", ""state"": """", ""zip"": """"}'}",9,18,5001,2023471,Soundview-Bruckner-Bronx River,,,,
PC8769848,2026-09-09T10:17:00.000,Initial,1097,WALTON AVENUE,10452,Bronx,Failed for Rat Activity,2024780046,2,2478,46,40.832597124968,-73.920925573292,"{'latitude': '40.832597124968', 'longitude': '-73.920925573292', 'human_address': '{""address"": """", ""city"": """", ""state"": """", ""zip"": """"}'}",4,16,195,2002950,Concourse-Concourse Village,,Burrows,,
PC8695044,2026-09-09T10:19:00.000,Treatments,177,TROUTMAN STREET,11206,Brooklyn,Bait applied,3031730048,3,3173,48,40.701043010902,-73.928302461367,"{'latitude': '40.701043010902', 'longitude': '-73.928302461367', 'human_address': '{""address"": """", ""city"": """", ""state"": """", ""zip"": """"}'}",4,34,425,3072296,Bushwick (West),,,,
PC8729046,2026-09-09T10:20:00.000,Treatments,336,EAST 166 STREET,10456,Bronx,Bait applied,2024330059,2,2433,59,40.829781096921,-73.913416420287,"{'latitude': '40.829781096921', 'longitude': '-73.913416420287', 'human_address': '{""address"": """", ""city"": """", ""state"": """", ""zip"": """"}'}",4,16,175,2002232,Concourse-Concourse Village,,,,
PC8728800,2026-09-09T10:20:00.000,Treatments,1138,WILLOUGHBY AVENUE,11237,Brooklyn,Bait applied,3032090023,3,3209,23,40.701850701385,-73.925145848702,"{'latitude': '40.701850701385', 'longitude': '-73.925145848702', 'human_address': '{""address"": """", ""city"": """", ""state"": """", ""zip"": """"}'}",4,34,429,3072942,Bushwick (West),,,,
PC8764340,2026-09-09T10:20:00.000,Compliance,1129,HALSEY STREET,11207,Brooklyn,Failed for Rat Activity,3034037501,3,3403,7501,40.68955534849,-73.911468127441,"{'latitude': '40.68955534849', 'longitude': '-73.911468127441', 'human_address': '{""address"": """", ""city"": """", ""state"": """", ""zip"": """"}'}",4,37,413,3078582,Bushwick (East),,Rats,1008802,190515
PC8774342,2026-09-09T10:20:36.000,Initial,2605,JEROME AVENUE,10468,Bronx,Failed for Rat Activity,2032020057,2,3202,57,40.866029617169,-73.898531030789,"{'latitude': '40.866029617169', 'longitude': '-73.898531030789', 'human_address': '{""address"": """", ""city"": """", ""state"": """", ""zip"": """"}'}",7,14,265,2116010,University Heights (North)-Fordham,,"Droppings, Burrows",1012315,254814
PC8698306,2026-09-09T10:22:15.000,Treatments,1058,BEDFORD AVENUE,11205,Brooklyn,Bait applied,3019500040,3,1950,40,40.688814913845,-73.955009786579,"{'latitude': '40.688814913845', 'longitude': '-73.955009786579', 'human_address': '{""address"": """", ""city"": """", ""state"": """", ""zip"": """"}'}",3,36,233,3055691,Bedford-Stuyvesant (West),,,,
PC8772286,2026-09-09T10:23:37.000,Initial,105,MONROE STREET,11216,Brooklyn,Failed for Rat Activity,3019860037,3,1986,37,40.684983136034,-73.954824888311,"{'latitude': '40.684983136034', 'longitude': '-73.954824888311', 'human_address': '{""address"": """", ""city"": """", ""state"": """", ""zip"": """"}'}",3,36,229,3057024,Bedford-Stuyvesant (West),,Droppings,,
PC8753624,2026-09-09T10:24:00.000,Treatments,715,HALSEY STREET,11233,Brooklyn,Bait applied,3016630062,3,1663,62,40.684774733378,-73.924036527671,"{'latitude': '40.684774733378', 'longitude': '-73.924036527671', 'human_address': '{""address"": """", ""city"": """", ""state"": """", ""zip"": """"}'}",3,41,383,3046326,Bedford-Stuyvesant (East),,,,
PC8774531,2026-09-09T10:24:56.000,Initial,219,EAST BROADWAY,10002,Manhattan,Failed for Rat Activity,1002850016,1,285,16,40.714291764791,-73.987237601614,"{'latitude': '40.714291764791', 'longitude': '-73.987237601614', 'human_address': '{""address"": """", ""city"": """", ""state"": """", ""zip"": """"}'}",3,1,6,1003695,Chinatown-Two Bridges,,Burrows,,
PC8595764,2026-09-09T10:27:00.000,Stoppage,2754,GRAND CONCOURSE,10458,Bronx,Stoppage done,2033040085,2,3304,85,40.86828321339,-73.892677500084,"{'latitude': '40.86828321339', 'longitude': '-73.892677500084', 'human_address': '{""address"": """", ""city"": """", ""state"": """", ""zip"": """"}'}",7,15,40302,2017141,Bedford Park,,,,
PC8755475,2026-09-09T10:27:31.000,Initial,228,SAND LANE,10305,Staten Island,Failed for Other Reason,5032840081,5,3284,81,40.594014677465,-74.068993262762,"{'latitude': '40.594014677465', 'longitude': '-74.068993262762', 'human_address': '{""address"": """", ""city"": """", ""state"": """", ""zip"": """"}'}",2,50,7002,5048290,Grasmere-Arrochar-South Beach-Dongan Hills,,Animal Nuisance,965089,155702
PC8692000,2026-09-09T10:27:57.000,Treatments,2758,BROADWAY,10025,Manhattan,Bait applied,1018770051,1,1877,51,40.801302321764,-73.967867926671,"{'latitude': '40.801302321764', 'longitude': '-73.967867926671', 'human_address': '{""address"": """", ""city"": """", ""state"": """", ""zip"": """"}'}",7,7,191,1056626,Upper West Side-Manhattan Valley,,,,
PC8770009,2026-09-09T10:28:00.000,Initial,1055,WALTON AVENUE,10452,Bronx,Failed for Rat Activity,2024780064,2,2478,64,40.831557288103,-73.921537515454,"{'latitude': '40.831557288103', 'longitude': '-73.921537515454', 'human_address': '{""address"": """", ""city"": """", ""state"": """", ""zip"": """"}'}",4,16,195,2002953,Concourse-Concourse Village,,Burrows,,
PC8738213,2026-09-09T10:28:50.000,Treatments,223,EAST 89 STREET,10128,Manhattan,Bait applied,1015350015,1,1535,15,40.780464075868,-73.951882025445,"{'latitude': '40.780464075868', 'longitude': '-73.951882025445', 'human_address': '{""address"": """", ""city"": """", ""state"": """", ""zip"": """"}'}",8,5,15401,1048885,Upper East Side-Yorkville,,,,
PC8730194,2026-09-09T10:29:00.000,Treatments,320,EAST 166 STREET,10456,Bronx,Bait applied,2024330057,2,2433,57,40.829943419346,-73.913925716135,"{'latitude': '40.829943419346', 'longitude': '-73.913925716135', 'human_address': '{""address"": """", ""city"": """", ""state"": """", ""zip"": """"}'}",4,16,175,2002231,Concourse-Concourse Village,,,,
PC8773927,2026-09-09T10:29:15.000,Initial,72,HENRY STREET,10002,Manhattan,Failed for Rat Activity,1002750003,1,275,3,40.713048936418,-73.993976029873,"{'latitude': '40.713048936418', 'longitude': '-73.993976029873', 'human_address': '{""address"": """", ""city"": """", ""state"": """", ""zip"": """"}'}",3,1,8,1079607,Chinatown-Two Bridges,City Agency Referral,"Burrows, Runways",,
PC8752284,2026-09-09T10:29:18.000,Compliance,122,EAST 103 STREET,10029,Manhattan,Failed for Rat Activity and Other Reason,1016300065,1,1630,65,40.790615419424,-73.948436619708,"{'latitude': '40.790615419424', 'longitude': '-73.948436619708', 'human_address': '{""address"": """", ""city"": """", ""state"": """", ""zip"": """"}'}",11,8,166,1051903,East Harlem (South),,"Droppings, Burrows, Harborage",998528,227326
PC8696321,2026-09-09T10:29:25.000,Treatments,173,TROUTMAN STREET,11206,Brooklyn,Bait applied,3031730050,3,3173,50,40.700971689698,-73.928371062112,"{'latitude': '40.700971689698', 'longitude': '-73.928371062112', 'human_address': '{""address"": """", ""city"": """", ""state"": """", ""zip"": """"}'}",4,34,425,3328082,Bushwick (West),,,,
PC8770384,2026-09-09T10:30:00.000,Initial,56,WEST 127 STREET,10027,Manhattan,Failed for Rat Activity and Other Reason,1017240060,1,1724,60,40.808420793989,-73.943029523387,"{'latitude': '40.808420793989', 'longitude': '-73.943029523387', 'human_address': '{""address"": """", ""city"": """", ""state"": """", ""zip"": """"}'}",10,9,208,1053583,Harlem (North),,"Gnawing, Harborage",,
PC8527044,2026-09-09T10:30:11.000,Treatments,1561,WESTCHESTER AVENUE,10472,Bronx,Bait applied,2037750007,2,3775,7,40.828779163752,-73.877167412725,"{'latitude': '40.828779163752', 'longitude': '-73.877167412725', 'human_address': '{""address"": """", ""city"": """", ""state"": """", ""zip"": """"}'}",9,17,54,2090512,Soundview-Bruckner-Bronx River,,,,
PC8730589,2026-09-09T10:30:14.000,Treatments,268,KNICKERBOCKER AVENUE,11237,Brooklyn,Bait applied,3032090027,3,3209,27,40.702283939918,-73.924481748851,"{'latitude': '40.702283939918', 'longitude': '-73.924481748851', 'human_address': '{""address"": """", ""city"": """", ""state"": """", ""zip"": """"}'}",4,34,429,3326279,Bushwick (West),,,,
PC8680728,2026-09-09T10:30:17.000,Initial,302,67 STREET,11220,Brooklyn,Failed for Other Reason,3058500010,3,5850,10,40.637617246436,-74.024691869838,,10,47,70,3144473,Bay Ridge,,Harborage,0,0
PC8776121,2026-09-09T10:30:31.000,Initial,600,EAST   17 STREET,11226,Brooklyn,Failed for Rat Activity,3052370011,3,5237,11,40.635903440168,-73.961505743295,"{'latitude': '40.635903440168', 'longitude': '-73.961505743295', 'human_address': '{""address"": """", ""city"": """", ""state"": """", ""zip"": """"}'}",14,45,518,3121207,Flatbush (West)-Ditmas Park-Parkville,,"Droppings, Burrows",994934,170958
PC8698822,2026-09-09T10:30:35.000,Treatments,1404,JESUP AVENUE,10452,Bronx,Bait applied,2028720058,2,2872,58,40.841185302457,-73.92076714578,"{'latitude': '40.841185302457', 'longitude': '-73.92076714578', 'human_address': '{""address"": """", ""city"": """", ""state"": """", ""zip"": """"}'}",4,16,21302,2114651,Mount Eden-Claremont (West),,,,
PC8747787,2026-09-09T10:30:42.000,Compliance,60,AVENUE B,10009,Manhattan,Failed for Other Reason,1004000038,1,400,38,40.723461393452,-73.982397868161,"{'latitude': '40.723461393452', 'longitude': '-73.982397868161', 'human_address': '{""address"": """", ""city"": """", ""state"": """", ""zip"": """"}'}",3,2,32,1005027,East Village,,Animal Nuisance,,
PC8772745,2026-09-09T10:30:43.000,Initial,BILLINGSLEY,TERRACE,10453,Bronx,Failed for Other Reason,,2,2879,156,,,,,,,,,,Harborage,,
PC8751394,2026-09-09T10:32:17.000,Compliance,968,BRONX PARK SOUTH,10460,Bronx,Failed for Other Reason,2031340009,2,3134,9,40.845059999854,-73.878846824927,"{'latitude': '40.845059999854', 'longitude': '-73.878846824927', 'human_address': '{""address"": """", ""city"": """", ""state"": """", ""zip"": """"}'}",6,15,361,2013272,West Farms,Summons Issued,"Harborage, Animal Nuisance",1017770,247181
PC8749880,2026-09-09T10:32:44.000,Compliance,112,EAST   17 STREET,10003,Manhattan,Failed for Rat Activity,1008720069,1,872,69,40.73618961247,-73.98817879862,"{'latitude': '40.73618961247', 'longitude': '-73.98817879862', 'human_address': '{""address"": """", ""city"": """", ""state"": """", ""zip"": """"}'}",5,2,50,1017834,Gramercy,Summons Issued,Droppings,987526,207493
PC8774819,2026-09-09T10:32:56.000,Initial,465,GRAND STREET,10002,Manhattan,Failed for Rat Activity,1003150070,1,315,70,40.715125772734,-73.984030568837,"{'latitude': '40.715125772734', 'longitude': '-73.984030568837', 'human_address': '{""address"": """", ""city"": """", ""state"": """", ""zip"": """"}'}",3,1,1401,1004056,Lower East Side,,Burrows,,
PC8764556,2026-09-09T10:33:00.000,Compliance,541,EVERGREEN AVENUE,11221,Brooklyn,Failed for Rat Activity,3033820002,3,3382,2,40.689933955202,-73.914864393998,"{'latitude': '40.689933955202', 'longitude': '-73.914864393998', 'human_address': '{""address"": """", ""city"": """", ""state"": """", ""zip"": """"}'}",4,37,415,3077531,Bushwick (East),,Droppings,1007860,190652
PC8701580,2026-09-09T10:34:11.000,Compliance,127,EAST 125 STREET,10035,Manhattan,Failed for Rat Activity,1017740017,1,1774,17,40.804605712488,-73.937957731424,"{'latitude': '40.804605712488', 'longitude': '-73.937957731424', 'human_address': '{""address"": """", ""city"": """", ""state"": """", ""zip"": """"}'}",11,9,196,1087087,East Harlem (North),Summons Issued,Burrows,,
PC8771404,2026-09-09T10:35:00.000,Initial,1881,BILLINGSLEY TERRACE,10453,Bronx,Failed for Other Reason,2028790161,2,2879,161,40.853846903496,-73.917072102863,"{'latitude': '40.853846903496', 'longitude': '-73.917072102863', 'human_address': '{""address"": """", ""city"": """", ""state"": """", ""zip"": """"}'}",5,14,24501,2009104,University Heights (South)-Morris Heights,,Harborage,,
PC8741456,2026-09-09T10:37:37.000,Treatments,2186,VALENTINE AVENUE,10457,Bronx,Bait applied,2031440052,2,3144,52,40.854749198882,-73.899018241445,"{'latitude': '40.854749198882', 'longitude': '-73.899018241445', 'human_address': '{""address"": """", ""city"": """", ""state"": """", ""zip"": """"}'}",5,15,379,2013378,Mount Hope,,,,
PC8737542,2026-09-09T10:38:00.000,Compliance,1860,BILLINGSLEY TERRACE,10453,Bronx,Failed for Rat Activity,2028790253,2,2879,253,40.853539649946,-73.917289376498,"{'latitude': '40.853539649946', 'longitude': '-73.917289376498', 'human_address': '{""address"": """", ""city"": """", ""state"": """", ""zip"": """"}'}",5,14,24501,2009147,University Heights (South)-Morris Heights,,Burrows,1007131,250258
PC8744200,2026-09-09T10:38:10.000,Treatments,1004,BEDFORD AVENUE,11205,Brooklyn,Bait applied,3019420029,3,1942,29,40.690585429284,-73.955358364305,"{'latitude': '40.690585429284', 'longitude': '-73.955358364305', 'human_address': '{""address"": """", ""city"": """", ""state"": """", ""zip"": """"}'}",3,36,233,3055437,Bedford-Stuyvesant (West),,,,
PC8747687,2026-09-09T10:38:16.000,Compliance,542,EAST 5 STREET,10009,Manhattan,Failed for Rat Activity,1004000031,1,400,31,40.724408482265,-73.983364503435,"{'latitude': '40.724408482265', 'longitude': '-73.983364503435', 'human_address': '{""address"": """", ""city"": """", ""state"": """", ""zip"": """"}'}",3,2,32,1005026,East Village,,Burrows,,
PC8728367,2026-09-09T10:38:16.000,Treatments,252,West 74 street,10023,Manhattan,Bait applied,1011657502,1,1165,7502,40.780796749311,-73.982776235957,"{'latitude': '40.780796749311', 'longitude': '-73.982776235957', 'human_address': '{""address"": """", ""city"": """", ""state"": """", ""zip"": """"}'}",7,6,159,1070732,Upper West Side-Lincoln Square,,,,
PC8770260,2026-09-09T10:38:29.000,Initial,1271,TELLER AVENUE,10456,Bronx,Failed for Rat Activity,2024360082,2,2436,82,40.833934509887,-73.910642862705,"{'latitude': '40.833934509887', 'longitude': '-73.910642862705', 'human_address': '{""address"": """", ""city"": """", ""state"": """", ""zip"": """"}'}",4,16,17701,2002362,Concourse-Concourse Village,,Burrows,,
PC8681855,2026-09-09T10:39:00.000,Treatments,693,HALSEY STREET,11233,Brooklyn,Bait applied,3016630073,3,1663,73,40.684706509123,-73.924635140273,"{'latitude': '40.684706509123', 'longitude': '-73.924635140273', 'human_address': '{""address"": """", ""city"": """", ""state"": """", ""zip"": """"}'}",3,41,383,3046337,Bedford-Stuyvesant (East),,,1005152,188745
PC8774530,2026-09-09T10:39:00.000,Initial,GRAND,STREET,10002,Manhattan,Failed for Rat Activity,,1,315,76,,,,,,,,,,Burrows,,
PC8775545,2026-09-09T10:39:14.000,Initial,1474,EAST   53 STREET,11234,Brooklyn,Failed for Other Reason,3078500070,3,7850,70,40.622616646638,-73.9243597013,"{'latitude': '40.622616646638', 'longitude': '-73.9243597013', 'human_address': '{""address"": """", ""city"": """", ""state"": """", ""zip"": """"}'}",18,46,680,3218733,Flatlands,,Harborage,1005248,166124
PC8694010,2026-09-09T10:39:25.000,Treatments,171,TROUTMAN STREET,11206,Brooklyn,Bait applied,3031730051,3,3173,51,40.700936030207,-73.928407165684,"{'latitude': '40.700936030207', 'longitude': '-73.928407165684', 'human_address': '{""address"": """", ""city"": """", ""state"": """", ""zip"": """"}'}",4,34,425,3328084,Bushwick (West),,,,
PC8731618,2026-09-09T10:40:00.000,Treatments,241,SUYDAM STREET,11237,Brooklyn,Bait applied,3032090038,3,3209,38,40.701438496032,-73.924399759862,"{'latitude': '40.701438496032', 'longitude': '-73.924399759862', 'human_address': '{""address"": """", ""city"": """", ""state"": """", ""zip"": """"}'}",4,34,429,3072952,Bushwick (West),,,,
PC8774226,2026-09-09T10:40:00.000,Initial,323,BROOME STREET,10002,Manhattan,Failed for Rat Activity,1004230019,1,423,19,40.719158776069,-73.993701305532,"{'latitude': '40.719158776069', 'longitude': '-73.993701305532', 'human_address': '{""address"": """", ""city"": """", ""state"": """", ""zip"": """"}'}",3,1,18,1077632,Lower East Side,COTA,Droppings,,
PC8767787,2026-09-09T10:40:36.000,Initial,2681,MARION AVENUE,10458,Bronx,Failed for Other Reason,2032870094,2,3287,94,40.865072390149,-73.89031096772,"{'latitude': '40.865072390149', 'longitude': '-73.89031096772', 'human_address': '{""address"": """", ""city"": """", ""state"": """", ""zip"": """"}'}",7,15,40502,2128449,Bedford Park,,"Garbage, Harborage, Animal Nuisance",1014589,254468
PC8608398,2026-09-09T10:43:03.000,Treatments,163,WEST 171 STREET,10452,Bronx,Bait applied,2025360037,2,2536,37,40.842609553238,-73.92444472035,"{'latitude': '40.842609553238', 'longitude': '-73.92444472035', 'human_address': '{""address"": """", ""city"": """", ""state"": """", ""zip"": """"}'}",4,16,201,2000000,Highbridge,,,,
PC8680723,2026-09-09T10:43:17.000,Initial,283,67 Street,11220,Brooklyn,Failed for Rat Activity,3058410043,3,5841,43,40.637946450658,-74.025466657007,,10,47,70,3144350,Bay Ridge,,Burrows,0,0
PC8763707,2026-09-09T10:43:22.000,Compliance,372,CENTRAL AVENUE,11221,Brooklyn,Failed for Rat Activity,3033230043,3,3323,43,40.694355777013,-73.91863076321,"{'latitude': '40.694355777013', 'longitude': '-73.91863076321', 'human_address': '{""address"": """", ""city"": """", ""state"": """", ""zip"": """"}'}",4,37,417,3076102,Bushwick (East),,Droppings,,
PC8526938,2026-09-09T10:45:32.000,Treatments,1584,EAST 172 STREET,10472,Bronx,Bait applied,2037760040,2,3776,40,40.831537136357,-73.876706985387,"{'latitude': '40.831537136357', 'longitude': '-73.876706985387', 'human_address': '{""address"": """", ""city"": """", ""state"": """", ""zip"": """"}'}",9,17,54,2025347,Soundview-Bruckner-Bronx River,,,,
PC8698763,2026-09-09T10:45:35.000,Treatments,1466,JESUP AVENUE,10452,Bronx,Bait applied,2028720307,2,2872,307,40.842702344947,-73.9196196221,"{'latitude': '40.842702344947', 'longitude': '-73.9196196221', 'human_address': '{""address"": """", ""city"": """", ""state"": """", ""zip"": """"}'}",4,16,21302,2008713,Mount Eden-Claremont (West),,,,
PC8729576,2026-09-09T10:46:00.000,Treatments,1077,TELLER AVENUE,10456,Bronx,Bait applied,2024330062,2,2433,62,40.829470832477,-73.91327228537,"{'latitude': '40.829470832477', 'longitude': '-73.91327228537', 'human_address': '{""address"": """", ""city"": """", ""state"": """", ""zip"": """"}'}",4,16,175,2002234,Concourse-Concourse Village,,,,
PC8770915,2026-09-09T10:46:43.000,Initial,1885,BILLINGSLEY TERRACE,10453,Bronx,Failed for Other Reason,2028790163,2,2879,163,40.853901756361,-73.917014196806,"{'latitude': '40.853901756361', 'longitude': '-73.917014196806', 'human_address': '{""address"": """", ""city"": """", ""state"": """", ""zip"": """"}'}",5,14,24501,2009106,University Heights (South)-Morris Heights,,Harborage,,
PC8770356,2026-09-09T10:47:00.000,Initial,12,EAST 167 STREET,10452,Bronx,Failed for Rat Activity,2024960058,2,2496,58,40.835957411888,-73.921987652368,"{'latitude': '40.835957411888', 'longitude': '-73.921987652368', 'human_address': '{""address"": """", ""city"": """", ""state"": """", ""zip"": """"}'}",4,16,197,2003027,Concourse-Concourse Village,,Burrows,,
PC8728229,2026-09-09T10:47:18.000,Treatments,1328,LEXINGTON AVENUE,10128,Manhattan,Bait applied,1015170058,1,1517,58,40.781088175022,-73.954430845767,"{'latitude': '40.781088175022', 'longitude': '-73.954430845767', 'human_address': '{""address"": """", ""city"": """", ""state"": """", ""zip"": """"}'}",8,4,14802,1048099,Upper East Side-Carnegie Hill,,,,
PC8776079,2026-09-09T10:48:00.000,Stoppage,395,OLIVER PLACE,10458,Bronx,Stoppage done,2032790041,2,3279,41,40.866596325607,-73.88531177947,"{'latitude': '40.866596325607', 'longitude': '-73.88531177947', 'human_address': '{""address"": """", ""city"": """", ""state"": """", ""zip"": """"}'}",7,15,40702,2016418,Bedford Park,,,,
PC8771289,2026-09-09T10:48:43.000,Initial,1889,BILLINGSLEY TERRACE,10453,Bronx,Failed for Other Reason,2028790165,2,2879,165,40.853951117123,-73.916952682696,"{'latitude': '40.853951117123', 'longitude': '-73.916952682696', 'human_address': '{""address"": """", ""city"": """", ""state"": """", ""zip"": """"}'}",5,14,24501,2009108,University Heights (South)-Morris Heights,,Harborage,,
PC8769983,2026-09-09T10:50:00.000,Initial,68,WEST 127 STREET,10027,Manhattan,Failed for Rat Activity,1017240164,1,1724,164,40.808536209148,-73.943303963838,"{'latitude': '40.808536209148', 'longitude': '-73.943303963838', 'human_address': '{""address"": """", ""city"": """", ""state"": """", ""zip"": """"}'}",10,9,208,1053608,Harlem (North),,Droppings,,
PC8775598,2026-09-09T10:50:00.000,Initial,344,SOUTH    3 STREET,11211,Brooklyn,Failed for Rat Activity,3024370014,3,2437,14,40.709221713924,-73.953553176046,"{'latitude': '40.709221713924', 'longitude': '-73.953553176046', 'human_address': '{""address"": """", ""city"": """", ""state"": """", ""zip"": """"}'}",1,34,527,3063351,Williamsburg,,"Droppings, Burrows",997127,197671
PC8730082,2026-09-09T10:50:36.000,Treatments,239,SUYDAM STREET,11237,Brooklyn,Bait applied,3032090039,3,3209,39,40.701400093022,-73.924435868943,"{'latitude': '40.701400093022', 'longitude': '-73.924435868943', 'human_address': '{""address"": """", ""city"": """", ""state"": """", ""zip"": """"}'}",4,34,429,3072953,Bushwick (West),,,,
PC8771606,2026-09-09T10:50:43.000,Initial,1891,BILLINGSLEY TERRACE,10453,Bronx,Failed for Other Reason,2028790166,2,2879,166,40.854077225655,-73.916746478336,"{'latitude': '40.854077225655', 'longitude': '-73.916746478336', 'human_address': '{""address"": """", ""city"": """", ""state"": """", ""zip"": """"}'}",5,14,24501,2009109,University Heights (South)-Morris Heights,,Harborage,,
PC8769333,2026-09-09T10:51:00.000,Initial,515,EVERGREEN AVENUE,11221,Brooklyn,Failed for Rat Activity,3033750004,3,3375,4,40.690458888519,-73.915786842475,"{'latitude': '40.690458888519', 'longitude': '-73.915786842475', 'human_address': '{""address"": """", ""city"": """", ""state"": """", ""zip"": """"}'}",4,37,415,3326420,Bushwick (East),,"Droppings, Burrows, Runways",1007604,190843
PC8667778,2026-09-09T10:51:23.000,Treatments,312,EAST 183 STREET,10458,Bronx,Bait applied,2031450022,2,3145,22,40.856611651798,-73.897638092975,"{'latitude': '40.856611651798', 'longitude': '-73.897638092975', 'human_address': '{""address"": """", ""city"": """", ""state"": """", ""zip"": """"}'}",5,15,38301,2013407,Fordham Heights,,,,
PC8738862,2026-09-09T10:52:13.000,Treatments,961,Columbus Avenue.,10025,Manhattan,Bait applied,1018430001,1,1843,1,40.80004901021,-73.962259252328,"{'latitude': '40.80004901021', 'longitude': '-73.962259252328', 'human_address': '{""address"": """", ""city"": """", ""state"": """", ""zip"": """"}'}",7,7,193,1055676,Upper West Side-Manhattan Valley,,,,
PC8745818,2026-09-09T10:53:31.000,Treatments,996,BEDFORD AVENUE,11205,Brooklyn,Bait applied,3019420025,3,1942,25,40.690791304102,-73.95540149745,"{'latitude': '40.690791304102', 'longitude': '-73.95540149745', 'human_address': '{""address"": """", ""city"": """", ""state"": """", ""zip"": """"}'}",3,36,233,3055433,Bedford-Stuyvesant (West),,,,
PC8755014,2026-09-09T10:55:00.000,Treatments,638,HALSEY STREET,11233,Brooklyn,Bait applied,3016670014,3,1667,14,40.684261497087,-73.928356630334,"{'latitude': '40.684261497087', 'longitude': '-73.928356630334', 'human_address': '{""address"": """", ""city"": """", ""state"": """", ""zip"": """"}'}",3,36,383,3046559,Bedford-Stuyvesant (East),,,,
PC8776675,2026-09-09T10:55:00.000,Initial,,,10029,Manhattan,Failed for Rat Activity and Other Reason,,1,1630,2,,,,,,,,,,"Droppings, Garbage",,
PC8766558,2026-09-09T10:55:07.000,Compliance,58,EAST  129 STREET,10035,Manhattan,Failed for Rat Activity and Other Reason,1017530044,1,1753,44,40.808025815496,-73.938232680956,"{'latitude': '40.808025815496', 'longitude': '-73.938232680956', 'human_address': '{""address"": """", ""city"": """", ""state"": """", ""zip"": """"}'}",11,9,206,1054193,East Harlem (North),Summons Issued,"Droppings, Burrows, Harborage",1001349,233671
PC8469607,2026-09-09T10:55:16.000,Treatments,340,AMSTERDAM AVENUE,10024,Manhattan,Bait applied,1011680029,1,1168,29,40.781240900337,-73.979721319327,"{'latitude': '40.781240900337', 'longitude': '-73.979721319327', 'human_address': '{""address"": """", ""city"": """", ""state"": """", ""zip"": """"}'}",7,6,163,1077359,Upper West Side (Central),,,,
PC8769971,2026-09-09T10:57:00.000,Initial,72,WEST 127 STREET,10027,Manhattan,Failed for Rat Activity,1017240066,1,1724,66,40.808574681908,-73.943397852443,"{'latitude': '40.808574681908', 'longitude': '-73.943397852443', 'human_address': '{""address"": """", ""city"": """", ""state"": """", ""zip"": """"}'}",10,9,208,1053589,Harlem (North),,Burrows,,
PC8770521,2026-09-09T10:58:17.000,Initial,1263,TELLER AVENUE,10456,Bronx,Failed for Other Reason,2024360086,2,2436,86,40.833789103451,-73.910726174789,"{'latitude': '40.833789103451', 'longitude': '-73.910726174789', 'human_address': '{""address"": """", ""city"": """", ""state"": """", ""zip"": """"}'}",4,16,17701,2002366,Concourse-Concourse Village,,"Garbage, Harborage, Animal Nuisance",,
PC8731947,2026-09-09T10:58:47.000,Treatments,1345,PLIMPTON AVENUE,10452,Bronx,Bait applied,2025220124,2,2522,124,40.841434369976,-73.923784669415,"{'latitude': '40.841434369976', 'longitude': '-73.923784669415', 'human_address': '{""address"": """", ""city"": """", ""state"": """", ""zip"": """"}'}",4,16,211,2003404,Highbridge,,,,
PC8729513,2026-09-09T10:59:00.000,Treatments,1068,FINDLAY AVENUE,10456,Bronx,Bait applied,2024330051,2,2433,51,40.829413965829,-73.914302207929,"{'latitude': '40.829413965829', 'longitude': '-73.914302207929', 'human_address': '{""address"": """", ""city"": """", ""state"": """", ""zip"": """"}'}",4,16,175,2002227,Concourse-Concourse Village,,,,
PC8747576,2026-09-09T11:00:00.000,Compliance,510,EAST 5 STREET,10009,Manhattan,Failed for Rat Activity,1004000011,1,400,11,40.72463088405,-73.98389479388,"{'latitude': '40.72463088405', 'longitude': '-73.98389479388', 'human_address': '{""address"": """", ""city"": """", ""state"": """", ""zip"": """"}'}",3,2,32,1005013,East Village,,Burrows,,
PC8730687,2026-09-09T11:00:05.000,Treatments,217,SUYDAM STREET,11237,Brooklyn,Bait applied,3032090048,3,3209,48,40.700994127779,-73.924833047438,"{'latitude': '40.700994127779', 'longitude': '-73.924833047438', 'human_address': '{""address"": """", ""city"": """", ""state"": """", ""zip"": """"}'}",4,34,429,3072962,Bushwick (West),,,,
PC8677673,2026-09-09T11:00:25.000,Treatments,74,STARR STREET,11237,Brooklyn,Bait applied,3031970010,3,3197,10,40.701878887453,-73.926285490626,"{'latitude': '40.701878887453', 'longitude': '-73.926285490626', 'human_address': '{""address"": """", ""city"": """", ""state"": """", ""zip"": """"}'}",4,34,429,3072723,Bushwick (West),,,,
PC8717732,2026-09-09T11:00:27.000,Treatments,1434,FTELEY AVENUE,10472,Bronx,Bait applied,2038920020,2,3892,20,40.834961128383,-73.872862753033,"{'latitude': '40.834961128383', 'longitude': '-73.872862753033', 'human_address': '{""address"": """", ""city"": """", ""state"": """", ""zip"": """"}'}",9,18,64,2028082,Soundview-Bruckner-Bronx River,,,1019431,243504
PC8725546,2026-09-09T11:00:35.000,Treatments,1550,JESUP AVENUE,10452,Bronx,Bait applied,2028720273,2,2872,273,40.844606365226,-73.918446269448,"{'latitude': '40.844606365226', 'longitude': '-73.918446269448', 'human_address': '{""address"": """", ""city"": """", ""state"": """", ""zip"": """"}'}",4,16,21302,2130659,Mount Eden-Claremont (West),,,1006814,247003
PC8768937,2026-09-09T11:00:36.000,Initial,1505,PARK AVENUE,10029,Manhattan,Failed for Rat Activity,1016370001,1,1637,1,40.794978626585,-73.946370989369,"{'latitude': '40.794978626585', 'longitude': '-73.946370989369', 'human_address': '{""address"": """", ""city"": """", ""state"": """", ""zip"": """"}'}",11,8,172,1078929,East Harlem (South),City Agency Referral,Burrows,,
PC8774746,2026-09-09T11:00:56.000,Initial,21,COLUMBIA STREET,10002,Manhattan,Failed for Rat Activity,1003310095,1,331,95,40.715457450372,-73.981137435537,"{'latitude': '40.715457450372', 'longitude': '-73.981137435537', 'human_address': '{""address"": """", ""city"": """", ""state"": """", ""zip"": """"}'}",3,1,12,1000000,Lower East Side,City Agency Referral,"Droppings, Burrows",,
PC8754225,2026-09-09T11:01:00.000,Compliance,650,EAST   21 STREET,11226,Brooklyn,Failed for Rat Activity,3052200047,3,5220,47,40.637856364355,-73.957649308391,"{'latitude': '40.637856364355', 'longitude': '-73.957649308391', 'human_address': '{""address"": """", ""city"": """", ""state"": """", ""zip"": """"}'}",14,45,51601,3120585,Flatbush,,"Droppings, Burrows",996004,171670
PC8773176,2026-09-09T11:02:00.000,Stoppage,,,10467,Bronx,Stoppage done,,2,3346,10,,,,,,,,,,,,
PC8774124,2026-09-09T11:02:19.000,Initial,45,MARKET STREET,10002,Manhattan,Failed for Rat Activity,1002760026,1,276,26,40.712049859026,-73.994340438973,"{'latitude': '40.712049859026', 'longitude': '-73.994340438973', 'human_address': '{""address"": """", ""city"": """", ""state"": """", ""zip"": """"}'}",3,1,8,1003304,Chinatown-Two Bridges,,Droppings,,
PC8770316,2026-09-09T11:03:00.000,Initial,76,WEST 127 STREET,10027,Manhattan,Failed for Rat Activity,1017240167,1,1724,167,40.808613152814,-73.943488128791,"{'latitude': '40.808613152814', 'longitude': '-73.943488128791', 'human_address': '{""address"": """", ""city"": """", ""state"": """", ""zip"": """"}'}",10,9,208,1053609,Harlem (North),,Burrows,,
PC8680374,2026-09-09T11:04:18.000,Compliance,203,WEST 144 STREET,10030,Manhattan,Failed for Rat Activity,1020300027,1,2030,27,40.821160363857,-73.940016129072,"{'latitude': '40.821160363857', 'longitude': '-73.940016129072', 'human_address': '{""address"": """", ""city"": """", ""state"": """", ""zip"": """"}'}",10,9,232,1060455,Harlem (North),Summons Issued,"Droppings, Burrows",,
PC8763708,2026-09-09T11:04:22.000,Compliance,101,LINDEN STREET,11221,Brooklyn,Failed for Rat Activity,3033230068,3,3323,68,40.692912908427,-73.91988383913,"{'latitude': '40.692912908427', 'longitude': '-73.91988383913', 'human_address': '{""address"": """", ""city"": """", ""state"": """", ""zip"": """"}'}",4,37,417,3076113,Bushwick (East),,"Droppings, Burrows, Runways",,
PC8772409,2026-09-09T11:05:00.000,Initial,1840,SEDGWICK AVENUE,10453,Bronx,Failed for Rat Activity,2028790149,2,2879,149,40.852889718303,-73.918085439951,"{'latitude': '40.852889718303', 'longitude': '-73.918085439951', 'human_address': '{""address"": """", ""city"": """", ""state"": """", ""zip"": """"}'}",5,14,24501,2009103,University Heights (South)-Morris Heights,,Burrows,,
PC8775235,2026-09-09T11:05:17.000,Initial,2115,HONEYWELL AVENUE,10460,Bronx,Failed for Rat Activity and Other Reason,2031240001,2,3124,1,40.845370800958,-73.882106422078,"{'latitude': '40.845370800958', 'longitude': '-73.882106422078', 'human_address': '{""address"": """", ""city"": """", ""state"": """", ""zip"": """"}'}",6,15,363,2100100,West Farms,,"Droppings, Burrows, Animal Nuisance",1016868,247293
PC8774155,2026-09-09T11:05:46.000,Initial,117,CHRYSTIE STREET,10002,Manhattan,Failed for Rat Activity,1004230022,1,423,22,40.718711370297,-73.993546226536,"{'latitude': '40.718711370297', 'longitude': '-73.993546226536', 'human_address': '{""address"": """", ""city"": """", ""state"": """", ""zip"": """"}'}",3,1,18,1005645,Lower East Side,,Burrows,,
PC8698535,2026-09-09T11:06:18.000,Compliance,119,EAST 102 STREET,10029,Manhattan,Failed for Rat Activity,1016300010,1,1630,10,40.790000795607,-73.948884905427,"{'latitude': '40.790000795607', 'longitude': '-73.948884905427', 'human_address': '{""address"": """", ""city"": """", ""state"": """", ""zip"": """"}'}",11,8,166,1051879,East Harlem (South),Summons Issued,"Droppings, Burrows, Runways",,
PC8774110,2026-09-09T11:06:46.000,Initial,49,MARKET STREET,10002,Manhattan,Failed for Rat Activity,1002760024,1,276,24,40.711907129957,-73.994318808504,"{'latitude': '40.711907129957', 'longitude': '-73.994318808504', 'human_address': '{""address"": """", ""city"": """", ""state"": """", ""zip"": """"}'}",3,1,8,1003302,Chinatown-Two Bridges,,Burrows,,
PC8719037,2026-09-09T11:07:00.000,Compliance,1146,BUSHWICK AVENUE,11221,Brooklyn,Failed for Rat Activity,3033660043,3,3366,43,40.689269094504,-73.917767977957,"{'latitude': '40.689269094504', 'longitude': '-73.917767977957', 'human_address': '{""address"": """", ""city"": """", ""state"": """", ""zip"": """"}'}",4,37,397,3076944,Bushwick (East),Summons Issued,"Droppings, Runways",1007055,190409
PC8769341,2026-09-09T11:07:14.000,Initial,1791,UTICA AVENUE,11234,Brooklyn,Failed for Other Reason,3077760006,3,7776,6,40.628797454773,-73.927922843578,"{'latitude': '40.628797454773', 'longitude': '-73.927922843578', 'human_address': '{""address"": """", ""city"": """", ""state"": """", ""zip"": """"}'}",18,46,728,3254550,Flatlands,,Harborage,1004257,168375
PC8728155,2026-09-09T11:07:24.000,Treatments,1378,LEXINGTON AVENUE,10128,Manhattan,Bait applied,1015190059,1,1519,59,40.782583627131,-73.953339311533,"{'latitude': '40.782583627131', 'longitude': '-73.953339311533', 'human_address': '{""address"": """", ""city"": """", ""state"": """", ""zip"": """"}'}",8,4,14802,1048276,Upper East Side-Carnegie Hill,,,,
PC8745093,2026-09-09T11:09:28.000,Treatments,971,BEDFORD AVENUE,11205,Brooklyn,Bait applied,3017780009,3,1778,9,40.690791295683,-73.955379861699,"{'latitude': '40.690791295683', 'longitude': '-73.955379861699', 'human_address': '{""address"": """", ""city"": """", ""state"": """", ""zip"": """"}'}",3,36,241,3049599,Bedford-Stuyvesant (West),,,,
PC8770609,2026-09-09T11:10:00.000,Initial,1210,JEROME AVENUE,10452,Bronx,Failed for Rat Activity,2024890001,2,2489,1,40.836144259692,-73.922290997417,"{'latitude': '40.836144259692', 'longitude': '-73.922290997417', 'human_address': '{""address"": """", ""city"": """", ""state"": """", ""zip"": """"}'}",4,16,197,2003005,Concourse-Concourse Village,,Burrows,,
PC8771728,2026-09-09T11:10:00.000,Initial,227,WEST TREMONT AVENUE,10453,Bronx,Failed for Other Reason,2028790143,2,2879,143,40.852576596947,-73.917774957243,"{'latitude': '40.852576596947', 'longitude': '-73.917774957243', 'human_address': '{""address"": """", ""city"": """", ""state"": """", ""zip"": """"}'}",5,14,24501,2009101,University Heights (South)-Morris Heights,,Harborage,,
PC8585715,2026-09-09T11:10:07.000,Treatments,142,SACKMAN STREET,11233,Brooklyn,Bait applied,3014430034,3,1443,34,40.674855669144,-73.906253116417,"{'latitude': '40.674855669144', 'longitude': '-73.906253116417', 'human_address': '{""address"": """", ""city"": """", ""state"": """", ""zip"": """"}'}",16,37,36502,3038785,Ocean Hill,,,1010254,185161
PC8756616,2026-09-09T11:10:17.000,Initial,119,LACONIA AVENUE,10305,Staten Island,Failed for Other Reason,5033510062,5,3351,62,40.592450124712,-74.08531689372,"{'latitude': '40.592450124712', 'longitude': '-74.08531689372', 'human_address': '{""address"": """", ""city"": """", ""state"": """", ""zip"": """"}'}",2,50,7001,5049579,Grasmere-Arrochar-South Beach-Dongan Hills,,Harborage,960555,155136
PC8761351,2026-09-09T11:10:40.000,Compliance,2006,CROTONA AVENUE,10457,Bronx,Failed for Rat Activity,2030950005,2,3095,5,40.846912788603,-73.889845847359,"{'latitude': '40.846912788603', 'longitude': '-73.889845847359', 'human_address': '{""address"": """", ""city"": """", ""state"": """", ""zip"": """"}'}",6,15,371,2012656,Tremont,,Burrows,1014726,247852
PC8731619,2026-09-09T11:10:41.000,Treatments,213,SUYDAM STREET,11237,Brooklyn,Bait applied,3032090050,3,3209,50,40.700920066243,-73.92490526147,"{'latitude': '40.700920066243', 'longitude': '-73.92490526147', 'human_address': '{""address"": """", ""city"": """", ""state"": """", ""zip"": """"}'}",4,34,429,3072964,Bushwick (West),,,,
PC8773923,2026-09-09T11:11:16.000,Initial,51,MARKET STREET,10002,Manhattan,Failed for Rat Activity,1002760023,1,276,23,40.71183576542,-73.994307993304,"{'latitude': '40.71183576542', 'longitude': '-73.994307993304', 'human_address': '{""address"": """", ""city"": """", ""state"": """", ""zip"": """"}'}",3,1,8,1003301,Chinatown-Two Bridges,,"Droppings, Burrows",,
PC8768285,2026-09-09T11:11:21.000,Initial,50,LEXINGTON AVENUE,10010,Manhattan,Failed for Other Reason,1008800019,1,880,19,40.74043255208,-73.98430234633,"{'latitude': '40.74043255208', 'longitude': '-73.98430234633', 'human_address': '{""address"": """", ""city"": """", ""state"": """", ""zip"": """"}'}",5,2,68,1018071,Gramercy,,Animal Nuisance,988600,209039
PC8671708,2026-09-09T11:11:25.000,Treatments,92,STARR STREET,11237,Brooklyn,Bait applied,3031970019,3,3197,19,40.702150445485,-73.926014695918,"{'latitude': '40.702150445485', 'longitude': '-73.926014695918', 'human_address': '{""address"": """", ""city"": """", ""state"": """", ""zip"": """"}'}",4,34,429,3072730,Bushwick (West),,,1004764,195100
PC8776662,2026-09-09T11:12:00.000,Initial,449,West 206 Street.,10034,Manhattan,Failed for Rat Activity,1022030001,1,2203,1,40.863402312117,-73.918466514953,"{'latitude': '40.863402312117', 'longitude': '-73.918466514953', 'human_address': '{""address"": """", ""city"": """", ""state"": """", ""zip"": """"}'}",12,10,299,1064508,Inwood,,"Droppings, Runways",,
PC8586907,2026-09-09T11:12:16.000,Treatments,2161,BROADWAY,10024,Manhattan,Bait applied,1011680010,1,1168,10,40.781853204912,-73.981035503216,"{'latitude': '40.781853204912', 'longitude': '-73.981035503216', 'human_address': '{""address"": """", ""city"": """", ""state"": """", ""zip"": """"}'}",7,6,163,1030859,Upper West Side (Central),,,989502,224130
PC8725570,2026-09-09T11:13:37.000,Treatments,1436,PLIMPTON AVENUE,10452,Bronx,Bait applied,2028740023,2,2874,23,40.843733376962,-73.922170055161,"{'latitude': '40.843733376962', 'longitude': '-73.922170055161', 'human_address': '{""address"": """", ""city"": """", ""state"": """", ""zip"": """"}'}",4,16,21302,2000000,Mount Eden-Claremont (West),,,,
PC8775660,2026-09-09T11:15:00.000,Initial,2673,BRIGGS AVENUE,10458,Bronx,Failed for Rat Activity,2033000070,2,3300,70,40.865787746789,-73.892135604373,"{'latitude': '40.865787746789', 'longitude': '-73.892135604373', 'human_address': '{""address"": """", ""city"": """", ""state"": """", ""zip"": """"}'}",7,15,40501,2017021,Bedford Park,,Droppings,1014084,254728
PC8667166,2026-09-09T11:15:35.000,Treatments,1240,EDWARD L GRANT HWY,10452,Bronx,Bait applied,2028710002,2,2871,2,40.836792027252,-73.9223046935,"{'latitude': '40.836792027252', 'longitude': '-73.9223046935', 'human_address': '{""address"": """", ""city"": """", ""state"": """", ""zip"": """"}'}",4,16,219,2008638,Mount Eden-Claremont (West),,,,
PC8703984,2026-09-09T11:15:36.000,Treatments,1960,CROSS BRONX EXPWY,10472,Bronx,Bait applied,2037940042,2,3794,42,40.832289837153,-73.858228934019,"{'latitude': '40.832289837153', 'longitude': '-73.858228934019', 'human_address': '{""address"": """", ""city"": """", ""state"": """", ""zip"": """"}'}",9,18,72,2025921,Castle Hill-Unionport,,,,
PC8618621,2026-09-09T11:17:00.000,Treatments,2390,VALENTINE AVENUE,10458,Bronx,Bait applied,2031470007,2,3147,7,40.859237921539,-73.897145992741,"{'latitude': '40.859237921539', 'longitude': '-73.897145992741', 'human_address': '{""address"": """", ""city"": """", ""state"": """", ""zip"": """"}'}",5,15,39902,2013451,Fordham Heights,,,,
PC8769822,2026-09-09T11:18:31.000,Initial,983,TELLER AVENUE,10456,Bronx,Failed for Rat Activity,2024230072,2,2423,72,40.827399736111,-73.914854047776,"{'latitude': '40.827399736111', 'longitude': '-73.914854047776', 'human_address': '{""address"": """", ""city"": """", ""state"": """", ""zip"": """"}'}",4,16,173,2002026,Concourse-Concourse Village,,Burrows,,
PC8727934,2026-09-09T11:19:00.000,Compliance,1575,LEXINGTON AVENUE,10029,Manhattan,Failed for Rat Activity,1016280050,1,1628,50,40.788732693517,-73.948824490922,"{'latitude': '40.788732693517', 'longitude': '-73.948824490922', 'human_address': '{""address"": """", ""city"": """", ""state"": """", ""zip"": """"}'}",11,8,166,1051813,East Harlem (South),Summons Issued,Burrows,,
PC8768568,2026-09-09T11:20:00.000,Initial,130,SOUTH    2 STREET,11249,Brooklyn,Failed for Rat Activity,3024170019,3,2417,19,40.713446479627,-73.962607874207,"{'latitude': '40.713446479627', 'longitude': '-73.962607874207', 'human_address': '{""address"": """", ""city"": """", ""state"": """", ""zip"": """"}'}",1,34,551,3063095,Williamsburg,,"Droppings, Burrows, Runways",994616,199209
PC8774180,2026-09-09T11:20:16.000,Initial,55,MARKET STREET,10002,Manhattan,Failed for Rat Activity,1002760021,1,276,21,40.711693036522,-73.994289970069,"{'latitude': '40.711693036522', 'longitude': '-73.994289970069', 'human_address': '{""address"": """", ""city"": """", ""state"": """", ""zip"": """"}'}",3,1,8,1003299,Chinatown-Two Bridges,,Droppings,,
PC8729684,2026-09-09T11:20:47.000,Treatments,211,SUYDAM STREET,11237,Brooklyn,Bait applied,3032090051,3,3209,51,40.700884407843,-73.924941366875,"{'latitude': '40.700884407843', 'longitude': '-73.924941366875', 'human_address': '{""address"": """", ""city"": """", ""state"": """", ""zip"": """"}'}",4,34,429,3072965,Bushwick (West),,,,
PC8776108,2026-09-09T11:21:14.000,Initial,877,EAST   54 STREET,11234,Brooklyn,Failed for Other Reason,3079720029,3,7972,29,40.636714189023,-73.924862495961,"{'latitude': '40.636714189023', 'longitude': '-73.924862495961', 'human_address': '{""address"": """", ""city"": """", ""state"": """", ""zip"": """"}'}",18,45,94401,3223159,Flatlands,,Harborage,1005104,171260
PC8712540,2026-09-09T11:22:00.000,Treatments,215,KNICKERBOCKER AVENUE,11237,Brooklyn,Bait applied,3031750001,3,3175,1,40.703303399948,-73.926247842993,"{'latitude': '40.703303399948', 'longitude': '-73.926247842993', 'human_address': '{""address"": """", ""city"": """", ""state"": """", ""zip"": """"}'}",4,34,427,3072338,Bushwick (West),,,,
PC8613091,2026-09-09T11:22:00.000,Treatments,555,HALSEY STREET,11233,Brooklyn,Bait applied,3016610064,3,1661,64,40.684029520843,-73.93051663079,"{'latitude': '40.684029520843', 'longitude': '-73.93051663079', 'human_address': '{""address"": """", ""city"": """", ""state"": """", ""zip"": """"}'}",3,36,295,3046181,Bedford-Stuyvesant (East),,,1003521,188497
PC8764091,2026-09-09T11:22:18.000,Initial,271,WEST  144 STREET,10030,Manhattan,Failed for Rat Activity,1020300007,1,2030,7,40.821921586384,-73.941821986716,"{'latitude': '40.821921586384', 'longitude': '-73.941821986716', 'human_address': '{""address"": """", ""city"": """", ""state"": """", ""zip"": """"}'}",10,9,232,1060444,Harlem (North),,Burrows,1000352,238733
PC8703986,2026-09-09T11:22:54.000,Treatments,1962,CROSS BRONX EXPWY,10472,Bronx,Bait applied,2037940043,2,3794,43,40.832278813614,-73.858192820983,"{'latitude': '40.832278813614', 'longitude': '-73.858192820983', 'human_address': '{""address"": """", ""city"": """", ""state"": """", ""zip"": """"}'}",9,18,72,2025922,Castle Hill-Unionport,,,,
PC8775835,2026-09-09T11:23:00.000,Initial,990,MADISON STREET,11221,Brooklyn,Failed for Rat Activity,3033660032,3,3366,32,40.689220423727,-73.918799318541,"{'latitude': '40.689220423727', 'longitude': '-73.918799318541', 'human_address': '{""address"": """", ""city"": """", ""state"": """", ""zip"": """"}'}",4,37,397,3418256,Bushwick (East),,"Droppings, Runways",1006769,190391
PC8769956,2026-09-09T11:24:31.000,Initial,979,TELLER AVENUE,10456,Bronx,Failed for Rat Activity and Other Reason,2024230074,2,2423,74,40.827311939273,-73.914901134597,"{'latitude': '40.827311939273', 'longitude': '-73.914901134597', 'human_address': '{""address"": """", ""city"": """", ""state"": """", ""zip"": """"}'}",4,16,173,2002028,Concourse-Concourse Village,,"Droppings, Harborage",,
PC8710861,2026-09-09T11:24:41.000,Treatments,330,EAST 91 STREET,10128,Manhattan,Bait applied,1015530035,1,1553,35,40.78068496195,-73.948563497293,"{'latitude': '40.78068496195', 'longitude': '-73.948563497293', 'human_address': '{""address"": """", ""city"": """", ""state"": """", ""zip"": """"}'}",8,5,15401,1078662,Upper East Side-Yorkville,,,998495,223708
PC8671603,2026-09-09T11:25:07.000,Treatments,2178,BERGEN STREET,11233,Brooklyn,Bait applied,3014560001,3,1456,1,40.673783881936,-73.90800667719,"{'latitude': '40.673783881936', 'longitude': '-73.90800667719', 'human_address': '{""address"": """", ""city"": """", ""state"": """", ""zip"": """"}'}",16,37,36502,3425590,Ocean Hill,,,1009768,184770
PC8680727,2026-09-09T11:25:17.000,Initial,6700,3 Avenue,11220,Brooklyn,Failed for Rat Activity,3058490037,3,5849,37,40.637765369851,-74.025127897862,,10,47,70,3328819,Bay Ridge,,Burrows,0,0
PC8744681,2026-09-09T11:26:24.000,Treatments,970,BEDFORD AVENUE,11205,Brooklyn,Bait applied,3019280058,3,1928,58,40.691741068318,-73.955588372291,"{'latitude': '40.691741068318', 'longitude': '-73.955588372291', 'human_address': '{""address"": """", ""city"": """", ""state"": """", ""zip"": """"}'}",3,33,235,3055252,Bedford-Stuyvesant (West),,,,
PC8748221,2026-09-09T11:27:17.000,Compliance,2085,MOHEGAN AVENUE,10460,Bronx,Failed for Rat Activity,2031180130,2,3118,130,40.8450404881,-73.883874429769,"{'latitude': '40.8450404881', 'longitude': '-73.883874429769', 'human_address': '{""address"": """", ""city"": """", ""state"": """", ""zip"": """"}'}",6,15,363,2130549,West Farms,,"Droppings, Burrows",1016379,247172
PC8733167,2026-09-09T11:27:18.000,Compliance,1567,LEXINGTON AVENUE,10029,Manhattan,Failed for Rat Activity,1016280022,1,1628,22,40.788513184176,-73.948983556298,"{'latitude': '40.788513184176', 'longitude': '-73.948983556298', 'human_address': '{""address"": """", ""city"": """", ""state"": """", ""zip"": """"}'}",11,8,166,1051795,East Harlem (South),Summons Issued,Burrows,,
PC8739763,2026-09-09T11:28:00.000,Stoppage,1740,AMSTERDAM AVENUE,10031,Manhattan,Stoppage done,1020780019,1,2078,19,40.826043959518,-73.947021545774,"{'latitude': '40.826043959518', 'longitude': '-73.947021545774', 'human_address': '{""address"": """", ""city"": """", ""state"": """", ""zip"": """"}'}",9,7,233,1081834,Hamilton Heights-Sugar Hill,,,,
PC8769939,2026-09-09T11:28:00.000,Initial,1234,JEROME AVENUE,10452,Bronx,Failed for Other Reason,2024890011,2,2489,11,40.836744732436,-73.921372362315,"{'latitude': '40.836744732436', 'longitude': '-73.921372362315', 'human_address': '{""address"": """", ""city"": """", ""state"": """", ""zip"": """"}'}",4,16,197,2092378,Concourse-Concourse Village,,Harborage,,
PC8758294,2026-09-09T11:28:59.000,Compliance,502,EAST   22 STREET,11226,Brooklyn,Failed for Rat Activity,3052070004,3,5207,4,40.639895527839,-73.957085910244,"{'latitude': '40.639895527839', 'longitude': '-73.957085910244', 'human_address': '{""address"": """", ""city"": """", ""state"": """", ""zip"": """"}'}",14,40,51601,3120266,Flatbush,,Burrows,996160,172413
PC8743998,2026-09-09T11:29:12.000,Treatments,38,MARCY PLACE,10452,Bronx,Bait applied,2028400018,2,2840,18,40.838625054989,-73.917705531082,"{'latitude': '40.838625054989', 'longitude': '-73.917705531082', 'human_address': '{""address"": """", ""city"": """", ""state"": """", ""zip"": """"}'}",4,16,22101,2008048,Mount Eden-Claremont (West),,,1007021,244824
PC8750681,2026-09-09T11:30:02.000,Compliance,2231,SOUTHERN BOULEVARD,10460,Bronx,Failed for Rat Activity,2031120001,2,3112,1,40.848344357258,-73.883091514442,"{'latitude': '40.848344357258', 'longitude': '-73.883091514442', 'human_address': '{""address"": """", ""city"": """", ""state"": """", ""zip"": """"}'}",6,15,393,2000000,Belmont,,Burrows,1016594,248376
PC8619786,2026-09-09T11:30:16.000,Treatments,66,WEST 88 STREET,10024,Manhattan,Monitoring visit,1012010058,1,1201,58,40.787318434478,-73.97013892844,"{'latitude': '40.787318434478', 'longitude': '-73.97013892844', 'human_address': '{""address"": """", ""city"": """", ""state"": """", ""zip"": """"}'}",7,6,173,1031485,Upper West Side (Central),,,,
PC8725626,2026-09-09T11:30:35.000,Treatments,NELSON,AVENUE,10452,Bronx,Bait applied,,2,2873,185,,,,,,,,,,,,
PC8715390,2026-09-09T11:31:03.000,Treatments,272,EAST FORDHAM ROAD,10458,Bronx,Bait applied,2031480023,2,3148,23,40.86215122357,-73.895369978224,"{'latitude': '40.86215122357', 'longitude': '-73.895369978224', 'human_address': '{""address"": """", ""city"": """", ""state"": """", ""zip"": """"}'}",5,15,39902,2013479,Fordham Heights,,,,
PC8666488,2026-09-09T11:31:22.000,Compliance,108,GROVE STREET,11221,Brooklyn,Failed for Rat Activity,3033230011,3,3323,11,40.69339371025,-73.920553994098,"{'latitude': '40.69339371025', 'longitude': '-73.920553994098', 'human_address': '{""address"": """", ""city"": """", ""state"": """", ""zip"": """"}'}",4,37,417,3076081,Bushwick (East),Summons Issued,"Droppings, Burrows, Runways",,
PC8729034,2026-09-09T11:32:00.000,Treatments,325,EAST 165 STREET,10456,Bronx,Bait applied,2024330040,2,2433,40,40.828651057811,-73.914476640423,"{'latitude': '40.828651057811', 'longitude': '-73.914476640423', 'human_address': '{""address"": """", ""city"": """", ""state"": """", ""zip"": """"}'}",4,16,175,2000000,Concourse-Concourse Village,,,,
PC8664084,2026-09-09T11:33:00.000,Treatments,547,HALSEY STREET,11233,Brooklyn,Bait applied,3016610071,3,1661,71,40.683999483223,-73.930772659201,"{'latitude': '40.683999483223', 'longitude': '-73.930772659201', 'human_address': '{""address"": """", ""city"": """", ""state"": """", ""zip"": """"}'}",3,36,295,3046187,Bedford-Stuyvesant (East),,,,
PC8712701,2026-09-09T11:33:25.000,Treatments,193,KNICKERBOCKER AVENUE,11237,Brooklyn,Bait applied,3031750008,3,3175,8,40.703602917364,-73.926774082116,"{'latitude': '40.703602917364', 'longitude': '-73.926774082116', 'human_address': '{""address"": """", ""city"": """", ""state"": """", ""zip"": """"}'}",4,34,427,3072345,Bushwick (West),,,,
PC8750138,2026-09-09T11:34:33.000,Compliance,545,WEST 144 STREET,10031,Manhattan,Failed for Rat Activity,1020760014,1,2076,14,40.82509808168,-73.949367311317,"{'latitude': '40.82509808168', 'longitude': '-73.949367311317', 'human_address': '{""address"": """", ""city"": """", ""state"": """", ""zip"": """"}'}",9,7,229,1061901,Hamilton Heights-Sugar Hill,,"Droppings, Burrows",,
PC8684071,2026-09-09T11:35:37.000,Treatments,7,WEST  108 STREET,10025,Manhattan,Bait applied,1018440025,1,1844,25,40.799518322287,-73.959467577478,"{'latitude': '40.799518322287', 'longitude': '-73.959467577478', 'human_address': '{""address"": """", ""city"": """", ""state"": """", ""zip"": """"}'}",7,7,193,1055722,Upper West Side-Manhattan Valley,,,995472,230568
PC8707692,2026-09-09T11:35:55.000,Treatments,2070,POWELL AVENUE,10472,Bronx,Bait applied,2038010036,2,3801,36,40.830720529049,-73.854387445166,"{'latitude': '40.830720529049', 'longitude': '-73.854387445166', 'human_address': '{""address"": """", ""city"": """", ""state"": """", ""zip"": """"}'}",9,18,78,2026162,Castle Hill-Unionport,,,1024546,241967
PC8769993,2026-09-09T11:36:00.000,Initial,1220,JEROME AVENUE,10452,Bronx,Failed for Other Reason,2024890005,2,2489,5,40.836555540659,-73.92165808419,"{'latitude': '40.836555540659', 'longitude': '-73.92165808419', 'human_address': '{""address"": """", ""city"": """", ""state"": """", ""zip"": """"}'}",4,16,197,2003006,Concourse-Concourse Village,,Animal Nuisance,,
PC8756565,2026-09-09T11:38:00.000,Compliance,608,WEST 189 STREET,10040,Manhattan,Failed for Rat Activity,1021680043,1,2168,43,40.854437644111,-73.93042106601,"{'latitude': '40.854437644111', 'longitude': '-73.93042106601', 'human_address': '{""address"": """", ""city"": """", ""state"": """", ""zip"": """"}'}",12,10,279,1064010,Washington Heights (North),,"Droppings, Burrows, Rats",,
PC8731322,2026-09-09T11:38:24.000,Treatments,1222,MYRTLE AVENUE,11221,Brooklyn,Bait applied,3032150026,3,3215,26,40.697620935376,-73.929359204334,"{'latitude': '40.697620935376', 'longitude': '-73.929359204334', 'human_address': '{""address"": """", ""city"": """", ""state"": """", ""zip"": """"}'}",4,34,393,3073085,Bushwick (West),,,,
PC8691745,2026-09-09T11:38:57.000,Treatments,2794,BROADWAY,10025,Manhattan,Bait applied,1018790061,1,1879,61,40.802765207183,-73.967636046671,"{'latitude': '40.802765207183', 'longitude': '-73.967636046671', 'human_address': '{""address"": """", ""city"": """", ""state"": """", ""zip"": """"}'}",7,7,195,1056672,Upper West Side-Manhattan Valley,,,,
PC8766455,2026-09-09T11:40:00.000,Initial,81,CORNELIA STREET,11221,Brooklyn,Failed for Rat Activity,3033740050,3,3374,50,40.689451900511,-73.916256884612,"{'latitude': '40.689451900511', 'longitude': '-73.916256884612', 'human_address': '{""address"": """", ""city"": """", ""state"": """", ""zip"": """"}'}",4,37,399,3077195,Bushwick (East),,Runways,1007474,190476
PC8745332,2026-09-09T11:40:16.000,Treatments,964,BEDFORD AVENUE,11205,Brooklyn,Bait applied,3019280055,3,1928,55,40.691875573357,-73.9556171305,"{'latitude': '40.691875573357', 'longitude': '-73.9556171305', 'human_address': '{""address"": """", ""city"": """", ""state"": """", ""zip"": """"}'}",3,33,235,3055249,Bedford-Stuyvesant (West),,,,
PC8768863,2026-09-09T11:43:36.000,Initial,1481,PARK AVENUE,10029,Manhattan,Failed for Rat Activity and Other Reason,,1,1636,1,40.794243290597,-73.946924156493,"{'latitude': '40.794243290597', 'longitude': '-73.946924156493', 'human_address': '{""address"": """", ""city"": """", ""state"": """", ""zip"": """"}'}",11,8,172,,East Harlem (South),City Agency Referral,"Droppings, Burrows, Garbage",,
PC8693987,2026-09-09T11:44:00.000,Compliance,354,STOCKTON STREET,11206,Brooklyn,Failed for Rat Activity and Other Reason,3015840004,3,1584,4,40.697439134793,-73.937715243384,"{'latitude': '40.697439134793', 'longitude': '-73.937715243384', 'human_address': '{""address"": """", ""city"": """", ""state"": """", ""zip"": """"}'}",3,36,287,3000000,Bedford-Stuyvesant (East),Summons Issued,"Droppings, Burrows, Runways, Garbage, Harborage",,
PC8741633,2026-09-09T11:44:08.000,Treatments,1277,MORRIS AVENUE,10456,Bronx,Bait applied,2024500036,2,2450,36,40.835006825783,-73.91307712306,"{'latitude': '40.835006825783', 'longitude': '-73.91307712306', 'human_address': '{""address"": """", ""city"": """", ""state"": """", ""zip"": """"}'}",4,16,17901,2002618,Concourse-Concourse Village,,,,
PC8748572,2026-09-09T11:45:00.000,Compliance,535,EAST 11 STREET,10009,Manhattan,Failed for Rat Activity and Other Reason,1004050045,1,405,45,40.728061377968,-73.98087407937,"{'latitude': '40.728061377968', 'longitude': '-73.98087407937', 'human_address': '{""address"": """", ""city"": """", ""state"": """", ""zip"": """"}'}",3,2,34,1089794,East Village,,"Droppings, Burrows, Animal Nuisance",,
PC8770255,2026-09-09T11:45:00.000,Initial,2100,ADAM C POWELL BLVD,10027,Manhattan,Failed for Rat Activity,1019310027,1,1931,27,40.809071029516,-73.948259709028,"{'latitude': '40.809071029516', 'longitude': '-73.948259709028', 'human_address': '{""address"": """", ""city"": """", ""state"": """", ""zip"": """"}'}",10,9,222,1058660,Harlem (South),,Burrows,,
PC8638424,2026-09-09T11:45:25.000,Treatments,240,JEFFERSON STREET,11237,Brooklyn,Bait applied,3031740015,3,3174,15,40.702870620122,-73.927651297307,"{'latitude': '40.702870620122', 'longitude': '-73.927651297307', 'human_address': '{""address"": """", ""city"": """", ""state"": """", ""zip"": """"}'}",4,34,427,3072307,Bushwick (West),,,,
PC8737934,2026-09-09T11:45:35.000,Treatments,1195,ANDERSON AVENUE,10452,Bronx,Bait applied,2025100040,2,2510,40,40.836995976508,-73.923554869106,"{'latitude': '40.836995976508', 'longitude': '-73.923554869106', 'human_address': '{""address"": """", ""city"": """", ""state"": """", ""zip"": """"}'}",4,16,199,2097864,Highbridge,,,1005405,244232
PC8348275,2026-09-09T11:49:00.000,Treatments,556,HALSEY STREET,11233,Brooklyn,Bait applied,3016650043,3,1665,43,40.683761845121,-73.932716313661,"{'latitude': '40.683761845121', 'longitude': '-73.932716313661', 'human_address': '{""address"": """", ""city"": """", ""state"": """", ""zip"": """"}'}",3,36,295,3340234,Bedford-Stuyvesant (East),,,,
PC8699379,2026-09-09T11:50:07.000,Treatments,1896,BERGEN STREET,11233,Brooklyn,Bait applied,3014520023,3,1452,23,40.674359906089,-73.918377662902,"{'latitude': '40.674359906089', 'longitude': '-73.918377662902', 'human_address': '{""address"": """", ""city"": """", ""state"": """", ""zip"": """"}'}",16,41,303,3039035,Ocean Hill,,,,
PC8729174,2026-09-09T11:50:07.000,Treatments,567,HART STREET,11221,Brooklyn,Bait applied,3032150032,3,3215,32,40.696940156502,-73.929237314436,"{'latitude': '40.696940156502', 'longitude': '-73.929237314436', 'human_address': '{""address"": """", ""city"": """", ""state"": """", ""zip"": """"}'}",4,34,393,3073089,Bushwick (West),,,,
PC8377169,2026-09-09T11:50:16.000,Treatments,125,WEST 97 STREET,10025,Manhattan,Bait applied,1018520005,1,1852,5,40.793938177512,-73.967929279841,"{'latitude': '40.793938177512', 'longitude': '-73.967929279841', 'human_address': '{""address"": """", ""city"": """", ""state"": """", ""zip"": """"}'}",7,7,185,1088746,Upper West Side-Manhattan Valley,,,,
PC8763567,2026-09-09T11:50:22.000,Compliance,132,GROVE STREET,11221,Brooklyn,Failed for Rat Activity,3033230025,3,3323,25,40.693870977209,-73.920088232742,"{'latitude': '40.693870977209', 'longitude': '-73.920088232742', 'human_address': '{""address"": """", ""city"": """", ""state"": """", ""zip"": """"}'}",4,37,417,3076086,Bushwick (East),,"Droppings, Burrows, Runways",,
PC8774196,2026-09-09T11:51:00.000,Initial,162,EAST 4 STREET,10009,Manhattan,Failed for Rat Activity,1004310020,1,431,20,40.724738207759,-73.986012548167,"{'latitude': '40.724738207759', 'longitude': '-73.986012548167', 'human_address': '{""address"": """", ""city"": """", ""state"": """", ""zip"": """"}'}",3,2,32,1088212,East Village,,Burrows,,
PC8744777,2026-09-09T11:53:20.000,Treatments,962,BEDFORD AVENUE,11205,Brooklyn,Bait applied,3019287507,3,1928,7507,40.691919492513,-73.955624313194,"{'latitude': '40.691919492513', 'longitude': '-73.955624313194', 'human_address': '{""address"": """", ""city"": """", ""state"": """", ""zip"": """"}'}",3,33,235,3055248,Bedford-Stuyvesant (West),,,,
PC8769298,2026-09-09T11:54:14.000,Initial,739,EAST   79 STREET,11236,Brooklyn,Failed for Rat Activity,3080000020,3,8000,20,40.635782227017,-73.914897716201,"{'latitude': '40.635782227017', 'longitude': '-73.914897716201', 'human_address': '{""address"": """", ""city"": """", ""state"": """", ""zip"": """"}'}",18,46,950,3224236,Canarsie,,Burrows,1007870,170923
PC8774062,2026-09-09T11:54:28.000,Initial,68,EAST BROADWAY,10002,Manhattan,Failed for Other Reason,1002810032,1,281,32,40.713639120809,-73.995231281861,"{'latitude': '40.713639120809', 'longitude': '-73.995231281861', 'human_address': '{""address"": """", ""city"": """", ""state"": """", ""zip"": """"}'}",3,1,8,1003506,Chinatown-Two Bridges,,Harborage,,
PC8729737,2026-09-09T11:55:00.000,Treatments,242,JEFFERSON STREET,11237,Brooklyn,Monitoring visit,3031740016,3,3174,16,40.70291725162,-73.927604360462,"{'latitude': '40.70291725162', 'longitude': '-73.927604360462', 'human_address': '{""address"": """", ""city"": """", ""state"": """", ""zip"": """"}'}",4,34,427,3072308,Bushwick (West),,,,
PC8774301,2026-09-09T11:55:00.000,Initial,210,PALMETTO STREET,11221,Brooklyn,Failed for Rat Activity and Other Reason,3033510001,3,3351,1,40.694622746965,-73.91583565546,"{'latitude': '40.694622746965', 'longitude': '-73.91583565546', 'human_address': '{""address"": """", ""city"": """", ""state"": """", ""zip"": """"}'}",4,37,417,3326173,Bushwick (East),,"Burrows, Harborage",1007589,192360
PC8774234,2026-09-09T11:56:13.000,Initial,21,MONROE STREET,10002,Manhattan,Failed for Rat Activity,1002760010,1,276,10,40.71147076696,-73.995574110379,"{'latitude': '40.71147076696', 'longitude': '-73.995574110379', 'human_address': '{""address"": """", ""city"": """", ""state"": """", ""zip"": """"}'}",3,1,8,1003293,Chinatown-Two Bridges,,Droppings,,
PC8741328,2026-09-09T11:59:24.000,Treatments,1149,MORRIS AVENUE,10456,Bronx,Bait applied,2024490077,2,2449,77,40.831997175295,-73.91485175526,"{'latitude': '40.831997175295', 'longitude': '-73.91485175526', 'human_address': '{""address"": """", ""city"": """", ""state"": """", ""zip"": """"}'}",4,16,18101,2002606,Concourse-Concourse Village,,,,
PC8756566,2026-09-09T12:00:00.000,Compliance,612,WEST 189 STREET,10040,Manhattan,Failed for Rat Activity and Other Reason,1021680041,1,2168,41,40.854467882086,-73.930496946485,"{'latitude': '40.854467882086', 'longitude': '-73.930496946485', 'human_address': '{""address"": """", ""city"": """", ""state"": """", ""zip"": """"}'}",12,10,279,1064009,Washington Heights (North),,"Droppings, Burrows, Rats, Mice",,
PC8695107,2026-09-09T12:00:16.000,Treatments,222,SUYDAM STREET,11237,Brooklyn,Bait applied,3032190013,3,3219,13,40.701007825616,-73.924793360269,"{'latitude': '40.701007825616', 'longitude': '-73.924793360269', 'human_address': '{""address"": """", ""city"": """", ""state"": """", ""zip"": """"}'}",4,34,429,3073163,Bushwick (West),,,,
PC8775664,2026-09-09T12:00:17.000,Initial,6806,OWLS HEAD COURT,11220,Brooklyn,Failed for Rat Activity,3058590052,3,5859,52,40.639110611969,-74.034521833174,"{'latitude': '40.639110611969', 'longitude': '-74.034521833174', 'human_address': '{""address"": """", ""city"": """", ""state"": """", ""zip"": """"}'}",10,47,34,3144939,Bay Ridge,,Droppings,974669,172126
PC8732564,2026-09-09T12:00:18.000,Compliance,103,EAST 100 STREET,10029,Manhattan,Failed for Rat Activity and Other Reason,1016280002,1,1628,2,40.788947425121,-73.950283288951,"{'latitude': '40.788947425121', 'longitude': '-73.950283288951', 'human_address': '{""address"": """", ""city"": """", ""state"": """", ""zip"": """"}'}",11,8,166,1051782,East Harlem (South),Summons Issued,"Droppings, Garbage",,
PC8768456,2026-09-09T12:03:00.000,Initial,92,MADISON STREET,11216,Brooklyn,Failed for Other Reason,3019900016,3,1990,16,40.684151684154,-73.955373504806,"{'latitude': '40.684151684154', 'longitude': '-73.955373504806', 'human_address': '{""address"": """", ""city"": """", ""state"": """", ""zip"": """"}'}",3,36,229,3057201,Bedford-Stuyvesant (West),,Harborage,996652,188541
PC8774008,2026-09-09T12:03:05.000,Initial,64,EAST BROADWAY,10002,Manhattan,Failed for Rat Activity,1002810030,1,281,30,40.713628146622,-73.995350320223,"{'latitude': '40.713628146622', 'longitude': '-73.995350320223', 'human_address': '{""address"": """", ""city"": """", ""state"": """", ""zip"": """"}'}",3,1,8,1077596,Chinatown-Two Bridges,,Burrows,,
PC8773988,2026-09-09T12:04:22.000,Initial,15,MONROE STREET,10002,Manhattan,Failed for Rat Activity,1002760007,1,276,7,40.711448816423,-73.995776108367,"{'latitude': '40.711448816423', 'longitude': '-73.995776108367', 'human_address': '{""address"": """", ""city"": """", ""state"": """", ""zip"": """"}'}",3,1,8,1003291,Chinatown-Two Bridges,,Burrows,,
PC8773684,2026-09-09T12:05:26.000,Initial,UNIVERSITY,AVENUE,10452,Bronx,Failed for Rat Activity and Other Reason,,2,2533,107,,,,,,,,,,"Burrows, Harborage",,
PC8604172,2026-09-09T12:05:35.000,Treatments,903,SUMMIT AVENUE,10452,Bronx,Bait applied,2025230043,2,2523,43,40.83095980289,-73.931475584478,"{'latitude': '40.83095980289', 'longitude': '-73.931475584478', 'human_address': '{""address"": """", ""city"": """", ""state"": """", ""zip"": """"}'}",4,16,189,2003406,Highbridge,,,,
PC8726924,2026-09-09T12:09:03.000,Treatments,336,WEST 95 STREET,10025,Manhattan,Bait applied,1012530045,1,1253,45,40.794952662706,-73.974613903312,"{'latitude': '40.794952662706', 'longitude': '-73.974613903312', 'human_address': '{""address"": """", ""city"": """", ""state"": """", ""zip"": """"}'}",7,6,183,1034185,Upper West Side (Central),,,,
PC8773133,2026-09-09T12:09:14.000,Initial,1347,EAST   84 STREET,11236,Brooklyn,Failed for Rat Activity and Other Reason,3080750023,3,8075,23,40.630057443669,-73.902194836066,"{'latitude': '40.630057443669', 'longitude': '-73.902194836066', 'human_address': '{""address"": """", ""city"": """", ""state"": """", ""zip"": """"}'}",18,46,1004,3340216,Canarsie,,"Burrows, Harborage",1011398,168841
PC8716683,2026-09-09T12:10:00.000,Compliance,2239,ADAMS PLACE,10457,Bronx,Failed for Rat Activity and Other Reason,2030710025,2,3071,25,40.852330325081,-73.889251250714,"{'latitude': '40.852330325081', 'longitude': '-73.889251250714', 'human_address': '{""address"": """", ""city"": """", ""state"": """", ""zip"": """"}'}",6,15,391,2012077,Belmont,Summons Issued,"Burrows, Garbage",1014888,249826
PC8773583,2026-09-09T12:10:31.000,Initial,1068,WOODYCREST AVENUE,10452,Bronx,Failed for Rat Activity,2025090005,2,2509,5,40.834209412069,-73.926763491251,"{'latitude': '40.834209412069', 'longitude': '-73.926763491251', 'human_address': '{""address"": """", ""city"": """", ""state"": """", ""zip"": """"}'}",4,16,193,2101695,Highbridge,,Droppings,,
PC8731474,2026-09-09T12:10:58.000,Treatments,309,KNICKERBOCKER AVENUE,11237,Brooklyn,Bait applied,3032200001,3,3220,1,40.701621657835,-73.92328873444,"{'latitude': '40.701621657835', 'longitude': '-73.92328873444', 'human_address': '{""address"": """", ""city"": """", ""state"": """", ""zip"": """"}'}",4,34,429,3073199,Bushwick (West),,,,
PC8656014,2026-09-09T12:11:41.000,Treatments,1410,PARK CHESTER ROAD,10462,Bronx,Bait applied,2039387501,2,3938,7501,40.835670583101,-73.859833477639,"{'latitude': '40.835670583101', 'longitude': '-73.859833477639', 'human_address': '{""address"": """", ""city"": """", ""state"": """", ""zip"": """"}'}",9,18,212,2096666,Parkchester,,,1023036,243768
PC8557835,2026-09-09T12:14:00.000,Compliance,375,HART STREET,11206,Brooklyn,Failed for Rat Activity and Other Reason,3015920065,3,1592,65,40.694720482996,-73.935319687679,"{'latitude': '40.694720482996', 'longitude': '-73.935319687679', 'human_address': '{""address"": """", ""city"": """", ""state"": """", ""zip"": """"}'}",3,36,287,3255347,Bedford-Stuyvesant (East),Summons Issued,"Droppings, Burrows, Runways, Harborage",1002186,192391
PC8676231,2026-09-09T12:14:28.000,Compliance,242,MADISON STREET,11216,Brooklyn,Failed for Rat Activity,3018230023,3,1823,23,40.684879168675,-73.949073965475,"{'latitude': '40.684879168675', 'longitude': '-73.949073965475', 'human_address': '{""address"": """", ""city"": """", ""state"": """", ""zip"": """"}'}",3,36,249,3051635,Bedford-Stuyvesant (West),Summons Issued,"Droppings, Burrows",,
PC8741289,2026-09-09T12:14:50.000,Treatments,1326,COLLEGE AVENUE,10456,Bronx,Bait applied,2027830015,2,2783,15,40.836147335717,-73.911373494697,"{'latitude': '40.836147335717', 'longitude': '-73.911373494697', 'human_address': '{""address"": """", ""city"": """", ""state"": """", ""zip"": """"}'}",4,16,17702,2007181,Mount Eden-Claremont (West),,,,
PC8769327,2026-09-09T12:15:18.000,Initial,2756,FREDERICK DOUGLASS BOULEVARD,,Manhattan,Failed for Rat Activity,1020320004,1,2032,4,0.00000000000000000000,0.00000000000000000000,"{'latitude': '0.0', 'longitude': '0.0', 'human_address': '{""address"": """", ""city"": """", ""state"": """", ""zip"": """"}'}",10,9,234,1079774,Harlem (North),,Burrows,1000516,239401
PC8770782,2026-09-09T12:15:36.000,Initial,5595,BROADWAY,10463,Bronx,Failed for Rat Activity and Other Reason,2057040042,2,5704,42,40.879310995345,-73.904520849342,"{'latitude': '40.879310995345', 'longitude': '-73.904520849342', 'human_address': '{""address"": """", ""city"": """", ""state"": """", ""zip"": """"}'}",8,11,289,2083159,Kingsbridge-Marble Hill,,"Droppings, Burrows, Harborage",1010653,259651
PC8770180,2026-09-09T12:17:00.000,Initial,113,LENOX AVENUE,10026,Manhattan,Failed for Rat Activity,1018250034,1,1825,34,40.80177346252,-73.949872740948,"{'latitude': '40.80177346252', 'longitude': '-73.949872740948', 'human_address': '{""address"": """", ""city"": """", ""state"": """", ""zip"": """"}'}",10,9,218,1090771,Harlem (South),,Burrows,,
PC8637532,2026-09-09T12:17:00.000,Treatments,2058,ARTHUR AVENUE,10457,Bronx,Bait applied,2030690057,2,3069,57,40.848531565405,-73.892087789301,"{'latitude': '40.848531565405', 'longitude': '-73.892087789301', 'human_address': '{""address"": """", ""city"": """", ""state"": """", ""zip"": """"}'}",6,15,373,2012000,Tremont,,,,
PC8770379,2026-09-09T12:19:32.000,Initial,260,WEST 126 STREET,10027,Manhattan,Failed for Other Reason,1019310056,1,1931,56,40.810336919577,-73.949523082633,"{'latitude': '40.810336919577', 'longitude': '-73.949523082633', 'human_address': '{""address"": """", ""city"": """", ""state"": """", ""zip"": """"}'}",10,9,222,1058662,Harlem (South),,Garbage,,
PC8763722,2026-09-09T12:20:22.000,Compliance,47,HARMAN STREET,11221,Brooklyn,Failed for Rat Activity,3032750092,3,3275,92,40.694889073957,-73.923804982349,"{'latitude': '40.694889073957', 'longitude': '-73.923804982349', 'human_address': '{""address"": """", ""city"": """", ""state"": """", ""zip"": """"}'}",4,37,421,3074755,Bushwick (West),,"Burrows, Runways",,
PC8751023,2026-09-09T12:20:33.000,Initial,412,WEST  148 STREET,10031,Manhattan,Failed for Rat Activity,1020620041,1,2062,41,40.82628964297,-73.944184884655,"{'latitude': '40.82628964297', 'longitude': '-73.944184884655', 'human_address': '{""address"": """", ""city"": """", ""state"": """", ""zip"": """"}'}",9,9,231,1061456,Hamilton Heights-Sugar Hill,,Droppings,999697,240324
PC8696518,2026-09-09T12:20:41.000,Treatments,871,HART STREET,11237,Brooklyn,Bait applied,3032200039,3,3220,39,40.702641877996,-73.922050490822,"{'latitude': '40.702641877996', 'longitude': '-73.922050490822', 'human_address': '{""address"": """", ""city"": """", ""state"": """", ""zip"": """"}'}",4,34,429,3073233,Bushwick (West),,,1005863,195280
PC8764362,2026-09-09T12:23:00.000,Initial,461,PULASKI STREET,11221,Brooklyn,Failed for Rat Activity,3015960053,3,1596,53,40.694364404179,-73.931861732747,"{'latitude': '40.694364404179', 'longitude': '-73.931861732747', 'human_address': '{""address"": """", ""city"": """", ""state"": """", ""zip"": """"}'}",3,36,287,3043140,Bedford-Stuyvesant (East),,"Droppings, Runways",1003145,192262
PC8676434,2026-09-09T12:25:35.000,Treatments,223,WEST 167 STREET,10452,Bronx,Bait applied,2025300001,2,2530,1,40.838953240377,-73.928221927751,"{'latitude': '40.838953240377', 'longitude': '-73.928221927751', 'human_address': '{""address"": """", ""city"": """", ""state"": """", ""zip"": """"}'}",4,16,201,2000000,Highbridge,,,,
PC8735499,2026-09-09T12:27:02.000,Compliance,607,EAST 182 STREET,10457,Bronx,Failed for Rat Activity and Other Reason,2030710003,2,3071,3,40.851946493915,-73.889700119072,"{'latitude': '40.851946493915', 'longitude': '-73.889700119072', 'human_address': '{""address"": """", ""city"": """", ""state"": """", ""zip"": """"}'}",6,15,391,2012069,Belmont,Summons Issued,"Burrows, Harborage",,
PC8773631,2026-09-09T12:27:31.000,Initial,1094,WOODYCREST AVENUE,10452,Bronx,Failed for Rat Activity,2025090114,2,2509,114,40.83464012801,-73.926437774495,"{'latitude': '40.83464012801', 'longitude': '-73.926437774495', 'human_address': '{""address"": """", ""city"": """", ""state"": """", ""zip"": """"}'}",4,16,193,2099369,Highbridge,,Droppings,,
PC8751963,2026-09-09T12:28:00.000,Compliance,725,WEST  184 STREET,10033,Manhattan,Failed for Rat Activity,1021800157,1,2180,157,40.852398745101,-73.935892331543,"{'latitude': '40.852398745101', 'longitude': '-73.935892331543', 'human_address': '{""address"": """", ""city"": """", ""state"": """", ""zip"": """"}'}",12,10,271,1064432,Washington Heights (North),,"Droppings, Burrows",1001985,249838
PC8667857,2026-09-09T12:28:34.000,Treatments,2374,GRAND CONCOURSE,10458,Bronx,Bait applied,2031520036,2,3152,36,40.859327232195,-73.898812431104,"{'latitude': '40.859327232195', 'longitude': '-73.898812431104', 'human_address': '{""address"": """", ""city"": """", ""state"": """", ""zip"": """"}'}",5,15,23702,2013583,Fordham Heights,,,,
PC8671012,2026-09-09T12:29:04.000,Treatments,1374,COLLEGE AVENUE,10456,Bronx,Bait applied,2027830030,2,2783,30,40.836855159075,-73.910960562617,"{'latitude': '40.836855159075', 'longitude': '-73.910960562617', 'human_address': '{""address"": """", ""city"": """", ""state"": """", ""zip"": """"}'}",4,16,17702,2007194,Mount Eden-Claremont (West),,,1008888,244181
PC8726799,2026-09-09T12:29:40.000,Compliance,58,MAC DONOUGH STREET,11216,Brooklyn,Failed for Rat Activity,3018540025,3,1854,25,40.68093543684,-73.944270957683,"{'latitude': '40.68093543684', 'longitude': '-73.944270957683', 'human_address': '{""address"": """", ""city"": """", ""state"": """", ""zip"": """"}'}",3,36,269,3053461,Bedford-Stuyvesant (West),Summons Issued,"Droppings, Burrows, Runways",,
PC8695211,2026-09-09T12:30:00.000,Compliance,1064,DEKALB AVENUE,11221,Brooklyn,Failed for Rat Activity,3016030129,3,1603,129,40.693568593557,-73.932154644148,"{'latitude': '40.693568593557', 'longitude': '-73.932154644148', 'human_address': '{""address"": """", ""city"": """", ""state"": """", ""zip"": """"}'}",3,36,289,3335616,Bedford-Stuyvesant (East),Summons Issued,"Droppings, Burrows, Runways, Gnawing",,
PC8773345,2026-09-09T12:30:31.000,Initial,1098,WOODYCREST AVENUE,10452,Bronx,Failed for Rat Activity and Other Reason,2025090016,2,2509,16,40.834705969293,-73.926387108351,"{'latitude': '40.834705969293', 'longitude': '-73.926387108351', 'human_address': '{""address"": """", ""city"": """", ""state"": """", ""zip"": """"}'}",4,16,193,2099371,Highbridge,,"Droppings, Harborage",,
PC8669187,2026-09-09T12:31:00.000,Treatments,1995,ARTHUR AVENUE,10457,Bronx,Bait applied,2030680125,2,3068,125,40.847316349394,-73.892837965584,"{'latitude': '40.847316349394', 'longitude': '-73.892837965584', 'human_address': '{""address"": """", ""city"": """", ""state"": """", ""zip"": """"}'}",6,15,37504,2011994,Tremont,,,,
PC8770309,2026-09-09T12:31:00.000,Initial,110,WEST 116 STREET,10026,Manhattan,Failed for Rat Activity,1018250040,1,1825,40,40.802352876786,-73.950500795524,"{'latitude': '40.802352876786', 'longitude': '-73.950500795524', 'human_address': '{""address"": """", ""city"": """", ""state"": """", ""zip"": """"}'}",10,9,218,1055050,Harlem (South),,Burrows,,
PC8775626,2026-09-09T12:31:14.000,Initial,8821,AVENUE L,11236,Brooklyn,Failed for Other Reason,3080540002,3,8054,2,40.634489913606,-73.901777583345,"{'latitude': '40.634489913606', 'longitude': '-73.901777583345', 'human_address': '{""address"": """", ""city"": """", ""state"": """", ""zip"": """"}'}",18,46,994,3226362,Canarsie,,Harborage,1011512,170456
PC8770524,2026-09-09T12:31:32.000,Initial,2070,ADAM C POWELL BLVD,10027,Manhattan,Failed for Rat Activity,1019290029,1,1929,29,40.807954283106,-73.949076967433,"{'latitude': '40.807954283106', 'longitude': '-73.949076967433', 'human_address': '{""address"": """", ""city"": """", ""state"": """", ""zip"": """"}'}",10,9,222,1088475,Harlem (South),,Burrows,,
PC8763892,2026-09-09T12:32:22.000,Compliance,270,CENTRAL AVENUE,11221,Brooklyn,Failed for Rat Activity,3032750047,3,3275,47,40.69668343272,-73.922724645955,"{'latitude': '40.69668343272', 'longitude': '-73.922724645955', 'human_address': '{""address"": """", ""city"": """", ""state"": """", ""zip"": """"}'}",4,37,421,3074721,Bushwick (West),,"Droppings, Burrows, Runways, Rats",,
PC8768835,2026-09-09T12:33:01.000,Initial,101,EAST 105 STREET,10029,Manhattan,Failed for Rat Activity,1016330001,1,1633,1,40.792196309282,-73.948243982472,"{'latitude': '40.792196309282', 'longitude': '-73.948243982472', 'human_address': '{""address"": """", ""city"": """", ""state"": """", ""zip"": """"}'}",11,8,172,1051990,East Harlem (South),City Agency Referral,Burrows,,
PC8773994,2026-09-09T12:33:38.000,Initial,50,EAST BROADWAY,10002,Manhattan,Failed for Rat Activity,1002810023,1,281,23,40.713595225597,-73.995768757429,"{'latitude': '40.713595225597', 'longitude': '-73.995768757429', 'human_address': '{""address"": """", ""city"": """", ""state"": """", ""zip"": """"}'}",3,1,8,1003498,Chinatown-Two Bridges,,Burrows,,
PC8773529,2026-09-09T12:34:31.000,Initial,1085,ANDERSON AVENUE,10452,Bronx,Failed for Other Reason,2025090018,2,2509,18,40.834351388403,-73.92559608633,"{'latitude': '40.834351388403', 'longitude': '-73.92559608633', 'human_address': '{""address"": """", ""city"": """", ""state"": """", ""zip"": """"}'}",4,16,193,2003149,Highbridge,,Harborage,,
PC8761396,2026-09-09T12:35:19.000,Initial,339,5 AVENUE,10016,Manhattan,Failed for Rat Activity,1008630001,1,863,1,40.747967002799,-73.984885232778,"{'latitude': '40.747967002799', 'longitude': '-73.984885232778', 'human_address': '{""address"": """", ""city"": """", ""state"": """", ""zip"": """"}'}",5,4,74,1000000,Midtown South-Flatiron-Union Square,,Burrows,988394,211711
PC8695867,2026-09-09T12:38:00.000,Compliance,101,STUYVESANT AVENUE,11221,Brooklyn,Failed for Rat Activity,3016070002,3,1607,2,40.692068197821,-73.93385822261,"{'latitude': '40.692068197821', 'longitude': '-73.93385822261', 'human_address': '{""address"": """", ""city"": """", ""state"": """", ""zip"": """"}'}",3,36,289,3043438,Bedford-Stuyvesant (East),Summons Issued,"Droppings, Runways, Gnawing",,
PC8736855,2026-09-09T12:39:18.000,Compliance,2484,7 AVENUE,10030,Manhattan,Failed for Rat Activity and Other Reason,1020300031,1,2030,31,40.821206700163,-73.93939825491,"{'latitude': '40.821206700163', 'longitude': '-73.93939825491', 'human_address': '{""address"": """", ""city"": """", ""state"": """", ""zip"": """"}'}",10,9,232,1060457,Harlem (North),,"Droppings, Burrows, Garbage, Harborage, Animal Nuisance",1001023,238473
PC8770163,2026-09-09T12:44:00.000,Initial,120,WEST 116 STREET,10026,Manhattan,Failed for Other Reason,1018250045,1,1825,45,40.802424314812,-73.95067411965,"{'latitude': '40.802424314812', 'longitude': '-73.95067411965', 'human_address': '{""address"": """", ""city"": """", ""state"": """", ""zip"": """"}'}",10,9,218,1055052,Harlem (South),,Garbage,,
PC8775904,2026-09-09T12:45:00.000,Initial,611,WEST  152 STREET,10031,Manhattan,Failed for Rat Activity and Other Reason,1020990025,1,2099,25,40.831069911601,-73.947747473927,"{'latitude': '40.831069911601', 'longitude': '-73.947747473927', 'human_address': '{""address"": """", ""city"": """", ""state"": """", ""zip"": """"}'}",9,7,237,1062468,Hamilton Heights-Sugar Hill,,"Droppings, Garbage, Harborage",998710,242065
PC8775881,2026-09-09T12:45:17.000,Initial,476,EAST  187 STREET,10458,Bronx,Failed for Rat Activity,2030400020,2,3040,20,40.857706660447,-73.891501667652,"{'latitude': '40.857706660447', 'longitude': '-73.891501667652', 'human_address': '{""address"": """", ""city"": """", ""state"": """", ""zip"": """"}'}",6,15,385,2011399,Belmont,,"Droppings, Burrows, Rats",1014263,251784
PC8675508,2026-09-09T12:45:35.000,Treatments,1314,SEDGWICK AVENUE,10452,Bronx,Bait applied,2025300039,2,2530,39,40.840666034284,-73.928346566634,"{'latitude': '40.840666034284', 'longitude': '-73.928346566634', 'human_address': '{""address"": """", ""city"": """", ""state"": """", ""zip"": """"}'}",4,16,201,2003524,Highbridge,,,,
PC8770121,2026-09-09T12:49:32.000,Initial,207,WEST 123 STREET,10027,Manhattan,Failed for Rat Activity,1019290126,1,1929,126,40.807921698951,-73.949878929674,"{'latitude': '40.807921698951', 'longitude': '-73.949878929674', 'human_address': '{""address"": """", ""city"": """", ""state"": """", ""zip"": """"}'}",10,9,222,1058636,Harlem (South),,Droppings,,
PC8773392,2026-09-09T12:57:34.000,Initial,1051,ANDERSON AVENUE,10452,Bronx,Failed for Other Reason,2025090032,2,2509,32,40.833731385725,-73.926073795669,"{'latitude': '40.833731385725', 'longitude': '-73.926073795669', 'human_address': '{""address"": """", ""city"": """", ""state"": """", ""zip"": """"}'}",4,16,193,2101583,Highbridge,,Harborage,,
PC8742532,2026-09-09T12:58:36.000,Compliance,1236,PACIFIC STREET,11216,Brooklyn,Failed for Rat Activity,3012060031,3,1206,31,40.677702334211,-73.950799170819,"{'latitude': '40.677702334211', 'longitude': '-73.950799170819', 'human_address': '{""address"": """", ""city"": """", ""state"": """", ""zip"": """"}'}",8,36,315,3029996,Crown Heights (North),Summons Issued,Burrows,,
PC8770340,2026-09-09T13:00:00.000,Initial,164,WEST 116 STREET,10026,Manhattan,Failed for Rat Activity,1018250059,1,1825,59,40.802745776576,-73.95143963465,"{'latitude': '40.802745776576', 'longitude': '-73.95143963465', 'human_address': '{""address"": """", ""city"": """", ""state"": """", ""zip"": """"}'}",10,9,218,1055056,Harlem (South),,Burrows,,
PC8773622,2026-09-09T13:00:04.000,Initial,1260,SEDGWICK AVENUE,10452,Bronx,Failed for Other Reason,2025300009,2,2530,9,40.840045870354,-73.928582152464,"{'latitude': '40.840045870354', 'longitude': '-73.928582152464', 'human_address': '{""address"": """", ""city"": """", ""state"": """", ""zip"": """"}'}",4,16,201,2003521,Highbridge,,Harborage,,
PC8748214,2026-09-09T13:00:07.000,Treatments,216,MOTHER GASTON BOULEVARD,11233,Brooklyn,Bait applied,3014490167,3,1449,167,40.674086095965,-73.908366764156,"{'latitude': '40.674086095965', 'longitude': '-73.908366764156', 'human_address': '{""address"": """", ""city"": """", ""state"": """", ""zip"": """"}'}",16,37,36502,3349145,Ocean Hill,,,1009668,184880
PC8662733,2026-09-09T13:01:00.000,Treatments,465,HALSEY STREET,11233,Brooklyn,Bait applied,3016600069,3,1660,69,40.683636311009,-73.933963968596,"{'latitude': '40.683636311009', 'longitude': '-73.933963968596', 'human_address': '{""address"": """", ""city"": """", ""state"": """", ""zip"": """"}'}",3,36,295,3046110,Bedford-Stuyvesant (East),,,,
PC8776655,2026-09-09T13:01:03.000,Initial,12,EAST 37 STREET,10016,Manhattan,Failed for Rat Activity,1008660067,1,866,67,40.749931872742,-73.982239261719,"{'latitude': '40.749931872742', 'longitude': '-73.982239261719', 'human_address': '{""address"": """", ""city"": """", ""state"": """", ""zip"": """"}'}",5,4,82,1017188,Midtown-Times Square,,Droppings,,
PC8773306,2026-09-09T13:03:34.000,Initial,1143,ANDERSON AVENUE,10452,Bronx,Failed for Other Reason,2025090060,2,2509,60,40.83572032388,-73.924539306548,"{'latitude': '40.83572032388', 'longitude': '-73.924539306548', 'human_address': '{""address"": """", ""city"": """", ""state"": """", ""zip"": """"}'}",4,16,199,2003154,Highbridge,,Harborage,,
PC8770057,2026-09-09T13:04:00.000,Initial,1917,ADAM C POWELL BLVD,10026,Manhattan,Failed for Other Reason,1018250063,1,1825,63,40.803157955163,-73.95255546249,"{'latitude': '40.803157955163', 'longitude': '-73.95255546249', 'human_address': '{""address"": """", ""city"": """", ""state"": """", ""zip"": """"}'}",10,9,218,1055057,Harlem (South),,Harborage,,
PC8775679,2026-09-09T13:04:17.000,Initial,400,EAST  187 STREET,10458,Bronx,Failed for Rat Activity,2030310040,2,3031,40,40.858707899172,-73.893810077496,"{'latitude': '40.858707899172', 'longitude': '-73.893810077496', 'human_address': '{""address"": """", ""city"": """", ""state"": """", ""zip"": """"}'}",6,15,38304,2011200,Belmont,,"Droppings, Runways",1013624,252148
PC8770798,2026-09-09T13:05:36.000,Initial,6036,TYNDALL AVENUE,10471,Bronx,Failed for Other Reason,2058770846,2,5877,846,40.908775100442,-73.900730278149,"{'latitude': '40.908775100442', 'longitude': '-73.900730278149', 'human_address': '{""address"": """", ""city"": """", ""state"": """", ""zip"": """"}'}",8,11,337,2085403,Riverdale-Spuyten Duyvil,,Harborage,1011689,270387
PC8774014,2026-09-09T13:07:42.000,Initial,82,MADISON STREET,10002,Manhattan,Failed for Other Reason,1002760048,1,276,48,40.712137763027,-73.996042991291,"{'latitude': '40.712137763027', 'longitude': '-73.996042991291', 'human_address': '{""address"": """", ""city"": """", ""state"": """", ""zip"": """"}'}",3,1,8,1003320,Chinatown-Two Bridges,,Animal Nuisance,,
PC8776672,2026-09-09T13:08:22.000,Initial,,,11221,Brooklyn,Failed for Rat Activity,,3,3275,58,,,,,,,,,,Burrows,,
PC8774742,2026-09-09T13:09:03.000,Initial,319,EAST 5 STREET,10003,Manhattan,Failed for Rat Activity,1004470049,1,447,49,40.726500605725,-73.988317624096,"{'latitude': '40.726500605725', 'longitude': '-73.988317624096', 'human_address': '{""address"": """", ""city"": """", ""state"": """", ""zip"": """"}'}",3,2,38,1006255,East Village,COTA,Droppings,,
PC8758833,2026-09-09T13:11:59.000,Compliance,100,NEW YORK AVENUE,11216,Brooklyn,Failed for Rat Activity,3012130037,3,1213,37,40.676446327692,-73.947108395673,"{'latitude': '40.676446327692', 'longitude': '-73.947108395673', 'human_address': '{""address"": """", ""city"": """", ""state"": """", ""zip"": """"}'}",8,36,315,3030380,Crown Heights (North),,Burrows,,
PC8683335,2026-09-09T13:17:00.000,Treatments,357,HALSEY STREET,11216,Brooklyn,Bait applied,3018410046,3,1841,46,40.683098185344,-73.938633680858,"{'latitude': '40.683098185344', 'longitude': '-73.938633680858', 'human_address': '{""address"": """", ""city"": """", ""state"": """", ""zip"": """"}'}",3,36,275,3052906,Bedford-Stuyvesant (East),,,,
PC8768894,2026-09-09T13:17:42.000,Initial,1405,PARK AVENUE,10029,Manhattan,Failed for Rat Activity,1016320001,1,1632,1,40.791790292145,-73.948702953628,"{'latitude': '40.791790292145', 'longitude': '-73.948702953628', 'human_address': '{""address"": """", ""city"": """", ""state"": """", ""zip"": """"}'}",11,8,166,1051954,East Harlem (South),City Agency Referral,"Droppings, Burrows",,
PC8774846,2026-09-09T13:17:43.000,Initial,327,EAST 5 STREET,10003,Manhattan,Failed for Rat Activity,1004470045,1,447,45,40.72644295159,-73.988180534211,"{'latitude': '40.72644295159', 'longitude': '-73.988180534211', 'human_address': '{""address"": """", ""city"": """", ""state"": """", ""zip"": """"}'}",3,2,38,1006252,East Village,COTA,"Droppings, Burrows",,
PC8742073,2026-09-09T13:18:05.000,Compliance,1322,DEAN STREET,11216,Brooklyn,Failed for Rat Activity,3012140032,3,1214,32,40.676610163028,-73.945294854699,"{'latitude': '40.676610163028', 'longitude': '-73.945294854699', 'human_address': '{""address"": """", ""city"": """", ""state"": """", ""zip"": """"}'}",8,36,313,3030413,Crown Heights (North),Summons Issued,Burrows,,
PC8773491,2026-09-09T13:20:01.000,Initial,193,WEST 168 STREET,10452,Bronx,Failed for Rat Activity,2025300070,2,2530,70,40.838711384156,-73.927712614475,"{'latitude': '40.838711384156', 'longitude': '-73.927712614475', 'human_address': '{""address"": """", ""city"": """", ""state"": """", ""zip"": """"}'}",4,16,201,2003528,Highbridge,,"Droppings, Burrows",,
PC8770800,2026-09-09T13:20:36.000,Initial,6041,FIELDSTON ROAD,10471,Bronx,Failed for Other Reason,2058770859,2,5877,859,40.908766094743,-73.899840304447,"{'latitude': '40.908766094743', 'longitude': '-73.899840304447', 'human_address': '{""address"": """", ""city"": """", ""state"": """", ""zip"": """"}'}",8,11,337,2085413,Riverdale-Spuyten Duyvil,,Harborage,1011935,270384
PC8769797,2026-09-09T13:26:00.000,Initial,132,WEST 116 STREET,10026,Manhattan,Failed for Rat Activity,1018250051,1,1825,51,40.802512236512,-73.950883552281,"{'latitude': '40.802512236512', 'longitude': '-73.950883552281', 'human_address': '{""address"": """", ""city"": """", ""state"": """", ""zip"": """"}'}",10,9,218,1055055,Harlem (South),,Burrows,,
PC8755957,2026-09-09T13:30:48.000,Compliance,605,EAST  187 STREET,10458,Bronx,Failed for Other Reason,2030770001,2,3077,1,40.855446493498,-73.887348207172,"{'latitude': '40.855446493498', 'longitude': '-73.887348207172', 'human_address': '{""address"": """", ""city"": """", ""state"": """", ""zip"": """"}'}",6,15,389,2097284,Belmont,,Animal Nuisance,1015413,250962
PC8679914,2026-09-09T13:31:00.000,Treatments,297,HALSEY STREET,11216,Brooklyn,Bait applied,3018400050,3,1840,50,40.682778493925,-73.941399413759,"{'latitude': '40.682778493925', 'longitude': '-73.941399413759', 'human_address': '{""address"": """", ""city"": """", ""state"": """", ""zip"": """"}'}",3,36,267,3052835,Bedford-Stuyvesant (West),,,,
PC8746895,2026-09-09T13:32:00.000,Compliance,1206,BERGEN STREET,11213,Brooklyn,Failed for Rat Activity,3012210053,3,1221,53,40.675850045414,-73.945684836661,"{'latitude': '40.675850045414', 'longitude': '-73.945684836661', 'human_address': '{""address"": """", ""city"": """", ""state"": """", ""zip"": """"}'}",8,36,313,3030745,Crown Heights (North),,Droppings,999316,185514
PC8754221,2026-09-09T13:35:00.000,Compliance,360,AUDOBON AVENUE,10033,Manhattan,Failed for Rat Activity,1021540088,1,2154,88,40.850049396311,-73.931387164802,"{'latitude': '40.850049396311', 'longitude': '-73.931387164802', 'human_address': '{""address"": """", ""city"": """", ""state"": """", ""zip"": """"}'}",12,10,269,1063681,Washington Heights (North),,Burrows,1003232,248983
PC8743999,2026-09-09T13:35:13.000,Compliance,166,ROMA AVENUE,10306,Staten Island,Failed for Other Reason,5040880013,5,4088,13,40.561904877294,-74.10343457625,"{'latitude': '40.561904877294', 'longitude': '-74.10343457625', 'human_address': '{""address"": """", ""city"": """", ""state"": """", ""zip"": """"}'}",2,50,12804,5056986,New Dorp-Midland Beach,,Harborage,955510,144013
PC8683266,2026-09-09T13:42:00.000,Treatments,284,HALSEY STREET,11216,Brooklyn,Bait applied,3018460023,3,1846,23,40.682636318972,-73.94249201086,"{'latitude': '40.682636318972', 'longitude': '-73.94249201086', 'human_address': '{""address"": """", ""city"": """", ""state"": """", ""zip"": """"}'}",3,36,269,3053093,Bedford-Stuyvesant (West),,,,
PC8760163,2026-09-09T13:42:48.000,Compliance,2365,HOFFMAN STREET,10458,Bronx,Failed for Other Reason,2030540034,2,3054,34,40.855275291188,-73.88911257626,"{'latitude': '40.855275291188', 'longitude': '-73.88911257626', 'human_address': '{""address"": """", ""city"": """", ""state"": """", ""zip"": """"}'}",6,15,387,2011670,Belmont,,Harborage,,
PC8486186,2026-09-09T13:47:09.000,Compliance,720,ST MARKS AVENUE,11216,Brooklyn,Failed for Rat Activity,3012270016,3,1227,16,40.675146253141,-73.949207604973,"{'latitude': '40.675146253141', 'longitude': '-73.949207604973', 'human_address': '{""address"": """", ""city"": """", ""state"": """", ""zip"": """"}'}",8,36,31701,3030997,Crown Heights (North),Summons Issued,"Droppings, Burrows",,
PC8674259,2026-09-09T13:49:00.000,Treatments,871,BEDFORD AVENUE,11205,Brooklyn,Bait applied,3017500015,3,1750,15,40.693980966815,-73.956012398182,"{'latitude': '40.693980966815', 'longitude': '-73.956012398182', 'human_address': '{""address"": """", ""city"": """", ""state"": """", ""zip"": """"}'}",3,33,241,3000000,Bedford-Stuyvesant (West),,,,
PC8679595,2026-09-09T13:53:00.000,Treatments,257,HALSEY STREET,11216,Brooklyn,Bait applied,3018400076,3,1840,76,40.682641862736,-73.942600171582,"{'latitude': '40.682641862736', 'longitude': '-73.942600171582', 'human_address': '{""address"": """", ""city"": """", ""state"": """", ""zip"": """"}'}",3,36,267,3052857,Bedford-Stuyvesant (West),,,,
PC8729012,2026-09-09T14:08:00.000,Treatments,211,HALSEY STREET,11216,Brooklyn,Bait applied,3018390053,3,1839,53,40.682382205057,-73.944832202462,"{'latitude': '40.682382205057', 'longitude': '-73.944832202462', 'human_address': '{""address"": """", ""city"": """", ""state"": """", ""zip"": """"}'}",3,36,267,3052771,Bedford-Stuyvesant (West),,,,
PC8776687,2026-09-09T14:11:04.000,Initial,,,10306,Staten Island,Failed for Other Reason,,5,4050,85,,,,,,,,,,Harborage,,
PC8759011,2026-09-09T14:23:00.000,Treatments,33,HALSEY STREET,11216,Brooklyn,Bait applied,3018370089,3,1837,89,40.681526432208,-73.952278181209,"{'latitude': '40.681526432208', 'longitude': '-73.952278181209', 'human_address': '{""address"": """", ""city"": """", ""state"": """", ""zip"": """"}'}",3,36,245,3052640,Bedford-Stuyvesant (West),,,,
PC8763778,2026-09-09T14:29:22.000,Compliance,108,HIMROD STREET,11221,Brooklyn,Failed for Rat Activity,3032750043,3,3275,43,40.696321669357,-73.923540081777,"{'latitude': '40.696321669357', 'longitude': '-73.923540081777', 'human_address': '{""address"": """", ""city"": """", ""state"": """", ""zip"": """"}'}",4,37,421,3074718,Bushwick (West),,"Droppings, Burrows",,
PC8754700,2026-09-09T14:30:52.000,Initial,115,FINLEY AVENUE,10306,Staten Island,Failed for Other Reason,5040500047,5,4050,47,40.563421984108,-74.104275515216,"{'latitude': '40.563421984108', 'longitude': '-74.104275515216', 'human_address': '{""address"": """", ""city"": """", ""state"": """", ""zip"": """"}'}",2,50,12804,5000000,New Dorp-Midland Beach,,Harborage,955277,144566
PC8673536,2026-09-09T14:35:17.000,Initial,100,EAST 21 STREET,11226,Brooklyn,Failed for Rat Activity and Other Reason,3050810015,3,5081,15,40.651811779225,-73.960292845011,,14,40,50801,3116551,Flatbush,,"Droppings, Burrows, Harborage",0,0
PC8763693,2026-09-09T14:39:22.000,Compliance,106,HIMROD STREET,11221,Brooklyn,Failed for Rat Activity,3032750042,3,3275,42,40.696288753743,-73.923572576001,"{'latitude': '40.696288753743', 'longitude': '-73.923572576001', 'human_address': '{""address"": """", ""city"": """", ""state"": """", ""zip"": """"}'}",4,37,421,3074717,Bushwick (West),,Droppings,,
PC8763447,2026-09-09T14:55:19.000,Compliance,82,HIMROD STREET,11221,Brooklyn,Failed for Rat Activity,3032750029,3,3275,29,40.695885533725,-73.923966119829,"{'latitude': '40.695885533725', 'longitude': '-73.923966119829', 'human_address': '{""address"": """", ""city"": """", ""state"": """", ""zip"": """"}'}",4,37,421,3074705,Bushwick (West),,Droppings,,
PC8773995,2026-09-09T15:01:47.000,Initial,928,CONEY ISLAND AVENUE,11230,Brooklyn,Failed for Rat Activity,3054180038,3,5418,38,40.634697588826,-73.967483680107,"{'latitude': '40.634697588826', 'longitude': '-73.967483680107', 'human_address': '{""address"": """", ""city"": """", ""state"": """", ""zip"": """"}'}",14,40,482,3424823,Flatbush (West)-Ditmas Park-Parkville,,"Runways, Rats",,
PC8772330,2026-09-10T08:12:07.000,Initial,457,LAFAYETTE AVENUE,11205,Brooklyn,Failed for Rat Activity,3019410048,3,1941,48,40.689273909506,-73.956614090977,"{'latitude': '40.689273909506', 'longitude': '-73.956614090977', 'human_address': '{""address"": """", ""city"": """", ""state"": """", ""zip"": """"}'}",3,36,233,3055410,Bedford-Stuyvesant (West),,Droppings,,
PC8771520,2026-09-10T08:25:07.000,Initial,285,FRANKLIN AVENUE,11205,Brooklyn,Failed for Rat Activity,3019410006,3,1941,6,40.689600707225,-73.957064614365,"{'latitude': '40.689600707225', 'longitude': '-73.957064614365', 'human_address': '{""address"": """", ""city"": """", ""state"": """", ""zip"": """"}'}",3,36,233,3055385,Bedford-Stuyvesant (West),,Droppings,,
PC8770837,2026-09-10T08:30:07.000,Initial,279,FRANKLIN AVENUE,11205,Brooklyn,Failed for Rat Activity,3019410009,3,1941,9,40.690020687207,-73.957143673074,"{'latitude': '40.690020687207', 'longitude': '-73.957143673074', 'human_address': '{""address"": """", ""city"": """", ""state"": """", ""zip"": """"}'}",3,36,233,3055388,Bedford-Stuyvesant (West),,Droppings,,
PC8703703,2026-09-10T08:31:03.000,Treatments,383,ST JOHNS PLACE,11238,Brooklyn,Bait applied,3011730076,3,1173,76,40.674035054754,-73.965049044005,"{'latitude': '40.674035054754', 'longitude': '-73.965049044005', 'human_address': '{""address"": """", ""city"": """", ""state"": """", ""zip"": """"}'}",8,35,207,3029415,Prospect Heights,,,,
PC8772754,2026-09-10T08:46:07.000,Initial,254,SKILLMAN STREET,11205,Brooklyn,Failed for Other Reason,3019410028,3,1941,28,40.690418359385,-73.956296020782,"{'latitude': '40.690418359385', 'longitude': '-73.956296020782', 'human_address': '{""address"": """", ""city"": """", ""state"": """", ""zip"": """"}'}",3,36,233,3055396,Bedford-Stuyvesant (West),,Harborage,,
PC8703514,2026-09-10T08:47:10.000,Treatments,391,ST JOHNS PLACE,11238,Brooklyn,Bait applied,3011730074,3,1173,74,40.673996573882,-73.96487241691,"{'latitude': '40.673996573882', 'longitude': '-73.96487241691', 'human_address': '{""address"": """", ""city"": """", ""state"": """", ""zip"": """"}'}",8,35,207,3029414,Prospect Heights,,,,
PC8772288,2026-09-10T08:51:07.000,Initial,260,SKILLMAN STREET,11205,Brooklyn,Failed for Other Reason,3019417501,3,1941,7501,40.690305814064,-73.956270853304,"{'latitude': '40.690305814064', 'longitude': '-73.956270853304', 'human_address': '{""address"": """", ""city"": """", ""state"": """", ""zip"": """"}'}",3,36,233,3390791,Bedford-Stuyvesant (West),,Harborage,,
PC8578740,2026-09-10T08:53:00.000,Treatments,5119,7 AVENUE,11220,Brooklyn,Bait applied,3008020002,3,802,2,40.641717673767,-74.006651685828,"{'latitude': '40.641717673767', 'longitude': '-74.006651685828', 'human_address': '{""address"": """", ""city"": """", ""state"": """", ""zip"": """"}'}",7,43,10801,3013727,Sunset Park (Central),,,982404,173074
PC8729976,2026-09-10T08:53:00.000,Treatments,1244,WOODYCREST AVENUE,10452,Bronx,Bait applied,2025100025,2,2510,25,40.837770301339,-73.924020176452,"{'latitude': '40.837770301339', 'longitude': '-73.924020176452', 'human_address': '{""address"": """", ""city"": """", ""state"": """", ""zip"": """"}'}",4,16,199,2003162,Highbridge,,,,
PC8732785,2026-09-10T08:58:00.000,Treatments,372,EAST 173 STREET,10457,Bronx,Bait applied,2028880064,2,2888,64,40.843129597691,-73.90409951322,"{'latitude': '40.843129597691', 'longitude': '-73.90409951322', 'human_address': '{""address"": """", ""city"": """", ""state"": """", ""zip"": """"}'}",4,15,167,2009325,Claremont Village-Claremont (East),,,,
PC8755984,2026-09-10T08:59:00.000,Stoppage,909,3rd avenue,10022,Manhattan,Stoppage done,1013280001,1,1328,1,40.758736890691,-73.96861768921,"{'latitude': '40.758736890691', 'longitude': '-73.96861768921', 'human_address': '{""address"": """", ""city"": """", ""state"": """", ""zip"": """"}'}",6,4,10801,1038570,East Midtown-Turtle Bay,,,,
PC8464883,2026-09-10T09:00:14.000,Treatments,468,E 48 Street,11203,Brooklyn,Bait applied,3046950029,3,4695,29,40.65049208879,-73.93220942908,"{'latitude': '40.65049208879', 'longitude': '-73.93220942908', 'human_address': '{""address"": """", ""city"": """", ""state"": """", ""zip"": """"}'}",17,45,860,3102766,East Flatbush-Rugby,,,,
PC8654825,2026-09-10T09:00:33.000,Treatments,773,PROSPECT AVENUE,10455,Bronx,Bait applied,2026760075,2,2676,75,40.817890247402,-73.902369329217,"{'latitude': '40.817890247402', 'longitude': '-73.902369329217', 'human_address': '{""address"": """", ""city"": """", ""state"": """", ""zip"": """"}'}",1,17,79,2128731,Melrose,,,1011273,237274
PC8774223,2026-09-10T09:00:52.000,Initial,1675,BROADWAY,11207,Brooklyn,Failed for Rat Activity and Other Reason,3034260005,3,3426,5,40.684187518867,-73.912708397464,"{'latitude': '40.684187518867', 'longitude': '-73.912708397464', 'human_address': '{""address"": """", ""city"": """", ""state"": """", ""zip"": """"}'}",4,37,401,3319581,Bushwick (East),,"Droppings, Mice, Animal Nuisance",,
PC8704637,2026-09-10T09:03:31.000,Treatments,408,ST JOHNS PLACE,11238,Brooklyn,Bait applied,3011760032,3,1176,32,40.673914136269,-73.964566031821,"{'latitude': '40.673914136269', 'longitude': '-73.964566031821', 'human_address': '{""address"": """", ""city"": """", ""state"": """", ""zip"": """"}'}",8,35,215,3029524,Prospect Heights,,,,
PC8775786,2026-09-10T09:05:00.000,Initial,33-23,112 STREET,11368,Queens,Failed for Other Reason,4017270029,4,1727,29,40.757612348256,-73.85742472845,"{'latitude': '40.757612348256', 'longitude': '-73.85742472845', 'human_address': '{""address"": """", ""city"": """", ""state"": """", ""zip"": """"}'}",3,21,381,4042881,North Corona,,Harborage,1023749,215330
PC8746668,2026-09-10T09:12:51.000,Treatments,1655,LEXINGTON AVENUE,10029,Manhattan,Bait applied,1016320020,1,1632,20,40.791103373731,-73.947092794401,"{'latitude': '40.791103373731', 'longitude': '-73.947092794401', 'human_address': '{""address"": """", ""city"": """", ""state"": """", ""zip"": """"}'}",11,8,166,1000000,East Harlem (South),,,,
PC8711223,2026-09-10T09:13:00.000,Treatments,1385,WEBSTER AVENUE,10456,Bronx,Bait applied,2028870151,2,2887,151,40.835971410159,-73.9075574938,"{'latitude': '40.835971410159', 'longitude': '-73.9075574938', 'human_address': '{""address"": """", ""city"": """", ""state"": """", ""zip"": """"}'}",4,16,17702,2009303,Mount Eden-Claremont (West),,,,
PC8739527,2026-09-10T09:15:33.000,Treatments,717,PROSPECT AVENUE,10455,Bronx,Bait applied,2026750059,2,2675,59,40.816625362604,-73.902891436015,"{'latitude': '40.816625362604', 'longitude': '-73.902891436015', 'human_address': '{""address"": """", ""city"": """", ""state"": """", ""zip"": """"}'}",1,8,79,2004964,Melrose,,,1011129,236813
PC8764187,2026-09-10T09:16:00.000,Stoppage,19,AVENUE B,10009,Manhattan,Stoppage done,1003850001,1,385,1,40.722157767712,-73.983325383117,"{'latitude': '40.722157767712', 'longitude': '-73.983325383117', 'human_address': '{""address"": """", ""city"": """", ""state"": """", ""zip"": """"}'}",3,2,2202,1004587,East Village,,,,
PC8765091,2026-09-10T09:17:53.000,Compliance,180,LENOX ROAD,11226,Brooklyn,Failed for Rat Activity and Other Reason,3050840042,3,5084,42,40.653903614095,-73.953804470946,"{'latitude': '40.653903614095', 'longitude': '-73.953804470946', 'human_address': '{""address"": """", ""city"": """", ""state"": """", ""zip"": """"}'}",17,40,822,3116652,East Flatbush-Erasmus,,"Burrows, Garbage",997068,177517
PC8732834,2026-09-10T09:20:00.000,Treatments,221,EAST 170 STREET,10456,Bronx,Bait applied,2028320028,2,2832,28,40.838374458115,-73.912863094602,"{'latitude': '40.838374458115', 'longitude': '-73.912863094602', 'human_address': '{""address"": """", ""city"": """", ""state"": """", ""zip"": """"}'}",4,16,225,2007990,Mount Eden-Claremont (West),,,,
PC8776163,2026-09-10T09:24:00.000,Stoppage,532,EAST 6 STREET,10009,Manhattan,Stoppage done,1004010026,1,401,26,40.725086398431,-73.983082923453,"{'latitude': '40.725086398431', 'longitude': '-73.983082923453', 'human_address': '{""address"": """", ""city"": """", ""state"": """", ""zip"": """"}'}",3,2,32,1005057,East Village,,,,
PC8751712,2026-09-10T09:25:00.000,Stoppage,15,East 48 street,10017,Manhattan,Stoppage done,1012840007,1,1284,7,40.756927387602,-73.97725981546,"{'latitude': '40.756927387602', 'longitude': '-73.97725981546', 'human_address': '{""address"": """", ""city"": """", ""state"": """", ""zip"": """"}'}",5,4,94,1035434,Midtown-Times Square,,,,
PC8746276,2026-09-10T09:30:14.000,Treatments,18,FAIRVIEW PLACE,11226,Brooklyn,Bait applied,3048690022,3,4869,22,40.651189570203,-73.948634888838,"{'latitude': '40.651189570203', 'longitude': '-73.948634888838', 'human_address': '{""address"": """", ""city"": """", ""state"": """", ""zip"": """"}'}",17,40,818,3108554,East Flatbush-Erasmus,,,998503,176529
PC8446244,2026-09-10T09:30:33.000,Treatments,680,UNION AVENUE,10455,Bronx,Bait applied,2026750011,2,2675,11,40.815978674692,-73.904167691238,"{'latitude': '40.815978674692', 'longitude': '-73.904167691238', 'human_address': '{""address"": """", ""city"": """", ""state"": """", ""zip"": """"}'}",1,8,79,2004925,Melrose,,,1010776,236577
PC8768108,2026-09-10T09:31:00.000,Treatments,450,49 STREET,11220,Brooklyn,Bait applied,3007830026,3,783,26,40.64630662948,-74.010825050838,"{'latitude': '40.64630662948', 'longitude': '-74.010825050838', 'human_address': '{""address"": """", ""city"": """", ""state"": """", ""zip"": """"}'}",7,38,78,3012921,Sunset Park (West),,,,
PC8775620,2026-09-10T09:32:00.000,Stoppage,631,EAST 6 STREET,10009,Manhattan,Stoppage done,1003890045,1,389,45,40.723889216338,-73.980186199792,"{'latitude': '40.723889216338', 'longitude': '-73.980186199792', 'human_address': '{""address"": """", ""city"": """", ""state"": """", ""zip"": """"}'}",3,2,2602,1004693,East Village,,,,
PC8733191,2026-09-10T09:38:00.000,Treatments,151,EAST 170 STREET,10452,Bronx,Bait applied,2028330001,2,2833,1,40.8391444877,-73.91486787036,"{'latitude': '40.8391444877', 'longitude': '-73.91486787036', 'human_address': '{""address"": """", ""city"": """", ""state"": """", ""zip"": """"}'}",4,16,223,2007996,Mount Eden-Claremont (West),,,,
PC8770687,2026-09-10T09:38:53.000,Initial,510,OCEAN AVENUE,11226,Brooklyn,Failed for Rat Activity and Other Reason,3050800068,3,5080,68,40.650417704354,-73.961090110804,"{'latitude': '40.650417704354', 'longitude': '-73.961090110804', 'human_address': '{""address"": """", ""city"": """", ""state"": """", ""zip"": """"}'}",14,40,50801,3116542,Flatbush,,"Droppings, Burrows, Garbage",995047,176246
PC8752338,2026-09-10T09:39:00.000,Stoppage,45,Tudor City Pl.,10017,Manhattan,Stoppage done,1013350022,1,1335,22,40.749276138322,-73.970253493132,"{'latitude': '40.749276138322', 'longitude': '-73.970253493132', 'human_address': '{""address"": """", ""city"": """", ""state"": """", ""zip"": """"}'}",6,4,88,1038660,Murray Hill-Kips Bay,,,,
PC8586491,2026-09-10T09:41:00.000,Treatments,1104,CLAY AVENUE,10456,Bronx,Bait applied,2024260003,2,2426,3,40.829755359464,-73.912054156514,"{'latitude': '40.829755359464', 'longitude': '-73.912054156514', 'human_address': '{""address"": """", ""city"": """", ""state"": """", ""zip"": """"}'}",4,16,143,2002067,Concourse-Concourse Village,,,1008588,241594
PC8742864,2026-09-10T09:43:00.000,Treatments,450,49 STREET,11220,Brooklyn,Bait applied,3007830026,3,783,26,40.64630662948,-74.010825050838,"{'latitude': '40.64630662948', 'longitude': '-74.010825050838', 'human_address': '{""address"": """", ""city"": """", ""state"": """", ""zip"": """"}'}",7,38,78,3012921,Sunset Park (West),,,981246,174746
PC8775654,2026-09-10T09:44:00.000,Stoppage,291,BROOME STREET,10002,Manhattan,Stoppage done,1004180044,1,418,44,40.71860970799,-73.991879585338,"{'latitude': '40.71860970799', 'longitude': '-73.991879585338', 'human_address': '{""address"": """", ""city"": """", ""state"": """", ""zip"": """"}'}",3,1,18,1005570,Lower East Side,,,,
PC8724954,2026-09-10T09:47:30.000,Treatments,458,WEST 52 STREET,10019,Manhattan,Bait applied,1010610060,1,1061,60,40.765396752497,-73.989642870277,"{'latitude': '40.765396752497', 'longitude': '-73.989642870277', 'human_address': '{""address"": """", ""city"": """", ""state"": """", ""zip"": """"}'}",4,3,133,1085438,Hell's Kitchen,,,,
PC8751477,2026-09-10T09:48:00.000,Compliance,98,MONITOR STREET,11222,Brooklyn,Failed for Other Reason,3027050010,3,2705,10,40.72268783655,-73.942114586319,"{'latitude': '40.72268783655', 'longitude': '-73.942114586319', 'human_address': '{""address"": """", ""city"": """", ""state"": """", ""zip"": """"}'}",1,33,591,3067743,Greenpoint,,Harborage,1000295,202579
PC8766164,2026-09-10T09:48:00.000,Stoppage,,,10016,Manhattan,Stoppage done,,1,894,71,,,,,,,,,,,,
PC8769746,2026-09-10T09:48:53.000,Initial,95,EAST   18 STREET,11226,Brooklyn,Failed for Rat Activity and Other Reason,3050990034,3,5099,34,40.648949870476,-73.962972095891,"{'latitude': '40.648949870476', 'longitude': '-73.962972095891', 'human_address': '{""address"": """", ""city"": """", ""state"": """", ""zip"": """"}'}",14,40,51002,3117103,Flatbush,,"Droppings, Burrows, Mice",994525,175711
PC8746573,2026-09-10T09:52:24.000,Treatments,1884,3 AVENUE,10029,Manhattan,Bait applied,1016320033,1,1632,33,40.790347856771,-73.945573009218,"{'latitude': '40.790347856771', 'longitude': '-73.945573009218', 'human_address': '{""address"": """", ""city"": """", ""state"": """", ""zip"": """"}'}",11,8,166,1051965,East Harlem (South),,,,
PC8775629,2026-09-10T09:55:00.000,Treatments,404,49 STREET,11220,Brooklyn,Bait applied,3007830010,3,783,10,40.646742978885,-74.01154943932,"{'latitude': '40.646742978885', 'longitude': '-74.01154943932', 'human_address': '{""address"": """", ""city"": """", ""state"": """", ""zip"": """"}'}",7,38,78,3012913,Sunset Park (West),,,,
PC8776167,2026-09-10T09:55:00.000,Stoppage,221,HENRY STREET,10002,Manhattan,Stoppage done,1002860007,1,286,7,40.713693301722,-73.986339523152,"{'latitude': '40.713693301722', 'longitude': '-73.986339523152', 'human_address': '{""address"": """", ""city"": """", ""state"": """", ""zip"": """"}'}",3,1,201,1003710,Chinatown-Two Bridges,,,,
PC8742865,2026-09-10T09:55:33.000,Treatments,828,EAST  149 STREET,10455,Bronx,Bait applied,2025827503,2,2582,7503,40.812433378535,-73.905271039307,"{'latitude': '40.812433378535', 'longitude': '-73.905271039307', 'human_address': '{""address"": """", ""city"": """", ""state"": """", ""zip"": """"}'}",1,8,31,2128608,Mott Haven-Port Morris,,,1010472,235285
PC8702359,2026-09-10T09:56:18.000,Treatments,1046,CLAY AVENUE,10456,Bronx,Bait applied,2024250005,2,2425,5,40.828493314357,-73.912756840759,"{'latitude': '40.828493314357', 'longitude': '-73.912756840759', 'human_address': '{""address"": """", ""city"": """", ""state"": """", ""zip"": """"}'}",4,16,143,2002052,Concourse-Concourse Village,,,,
PC8771256,2026-09-10T09:57:46.000,Initial,19,JEFFERSON AVENUE,11238,Brooklyn,Failed for Rat Activity,3019950032,3,1995,32,40.682516314331,-73.956719458753,"{'latitude': '40.682516314331', 'longitude': '-73.956719458753', 'human_address': '{""address"": """", ""city"": """", ""state"": """", ""zip"": """"}'}",3,36,227,3057323,Bedford-Stuyvesant (West),,Burrows,,
PC8749155,2026-09-10T09:59:00.000,Treatments,EAST,172 STREET,10452,Bronx,Bait applied,,2,2844,54,,,,,,,,,,,,
PC8651918,2026-09-10T10:00:00.000,Clean Ups,1926,WALTON AVENUE,10453,Bronx,Cleanup done,2028280011,2,2828,11,40.850588226093,-73.908925129607,"{'latitude': '40.850588226093', 'longitude': '-73.908925129607', 'human_address': '{""address"": """", ""city"": """", ""state"": """", ""zip"": """"}'}",5,14,23301,2007911,Mount Hope,,,,
PC8776166,2026-09-10T10:00:00.000,Stoppage,225,HENRY STREET,10002,Manhattan,Stoppage done,1002860009,1,286,9,40.71370426352,-73.986195232761,"{'latitude': '40.71370426352', 'longitude': '-73.986195232761', 'human_address': '{""address"": """", ""city"": """", ""state"": """", ""zip"": """"}'}",3,1,201,1003712,Chinatown-Two Bridges,,,,
PC8773252,2026-09-10T10:00:00.000,Initial,1110,ANDERSON AVENUE,10452,Bronx,Failed for Rat Activity,2025050040,2,2505,40,40.834894559966,-73.925154592864,"{'latitude': '40.834894559966', 'longitude': '-73.925154592864', 'human_address': '{""address"": """", ""city"": """", ""state"": """", ""zip"": """"}'}",4,16,199,2003065,Highbridge,,Burrows,,
PC8775618,2026-09-10T10:04:00.000,Stoppage,209,MADISON STREET,10002,Manhattan,Stoppage done,1002710038,1,271,38,40.712694529737,-73.989402197726,"{'latitude': '40.712694529737', 'longitude': '-73.989402197726', 'human_address': '{""address"": """", ""city"": """", ""state"": """", ""zip"": """"}'}",3,1,6,1003226,Chinatown-Two Bridges,,,,
PC8770659,2026-09-10T10:04:53.000,Initial,570,OCEAN AVENUE,11226,Brooklyn,Failed for Rat Activity,3050990128,3,5099,128,40.649053459052,-73.960827839763,"{'latitude': '40.649053459052', 'longitude': '-73.960827839763', 'human_address': '{""address"": """", ""city"": """", ""state"": """", ""zip"": """"}'}",14,40,51002,3117119,Flatbush,,"Droppings, Burrows, Runways",995120,175749
PC8710835,2026-09-10T10:08:30.000,Treatments,328,WEST   49 STREET,10019,Manhattan,Bait applied,1010390050,1,1039,50,40.762209918779,-73.987903424636,"{'latitude': '40.762209918779', 'longitude': '-73.987903424636', 'human_address': '{""address"": """", ""city"": """", ""state"": """", ""zip"": """"}'}",4,3,127,1025154,Hell's Kitchen,,,987601,216973
PC8773639,2026-09-10T10:10:00.000,Initial,1130,ANDERSON AVENUE,10452,Bronx,Failed for Other Reason,2025050046,2,2505,46,40.835231992803,-73.924894016827,"{'latitude': '40.835231992803', 'longitude': '-73.924894016827', 'human_address': '{""address"": """", ""city"": """", ""state"": """", ""zip"": """"}'}",4,16,199,2003068,Highbridge,,Harborage,,
PC8746217,2026-09-10T10:10:33.000,Treatments,333,CYPRESS AVENUE,10454,Bronx,Bait applied,2025540054,2,2554,54,40.808119363682,-73.913134046552,"{'latitude': '40.808119363682', 'longitude': '-73.913134046552', 'human_address': '{""address"": """", ""city"": """", ""state"": """", ""zip"": """"}'}",1,8,33,2116430,Mott Haven-Port Morris,,,1008297,233711
PC8729258,2026-09-10T10:11:54.000,Treatments,1040,GRAND CONCOURSE,10456,Bronx,Bait applied,2024620001,2,2462,1,40.831056935201,-73.920360076922,"{'latitude': '40.831056935201', 'longitude': '-73.920360076922', 'human_address': '{""address"": """", ""city"": """", ""state"": """", ""zip"": """"}'}",4,16,18102,2002826,Concourse-Concourse Village,,,,
PC8769986,2026-09-10T10:12:00.000,Initial,249,WEST 135 STREET,10030,Manhattan,Failed for Rat Activity,1019410001,1,1941,1,40.816222735224,-73.945873303966,"{'latitude': '40.816222735224', 'longitude': '-73.945873303966', 'human_address': '{""address"": """", ""city"": """", ""state"": """", ""zip"": """"}'}",10,9,228,1082379,Harlem (North),,"Burrows, Gnawing",,
PC8773605,2026-09-10T10:13:00.000,Initial,1150,ANDERSON AVENUE,10452,Bronx,Failed for Rat Activity,2025050050,2,2505,50,40.835819067894,-73.924438006288,"{'latitude': '40.835819067894', 'longitude': '-73.924438006288', 'human_address': '{""address"": """", ""city"": """", ""state"": """", ""zip"": """"}'}",4,16,199,2003069,Highbridge,,Burrows,,
PC8758193,2026-09-10T10:14:00.000,Treatments,471,45 STREET,11220,Brooklyn,Bait applied,3007380046,3,738,46,40.648368180144,-74.008165887491,"{'latitude': '40.648368180144', 'longitude': '-74.008165887491', 'human_address': '{""address"": """", ""city"": """", ""state"": """", ""zip"": """"}'}",7,38,80,3011211,Sunset Park (West),,,981984,175497
PC8775768,2026-09-10T10:14:00.000,Initial,584,MORGAN AVENUE,11222,Brooklyn,Failed for Rat Activity,3026910069,3,2691,69,40.724503546582,-73.939544255967,"{'latitude': '40.724503546582', 'longitude': '-73.939544255967', 'human_address': '{""address"": """", ""city"": """", ""state"": """", ""zip"": """"}'}",1,33,593,3067390,Greenpoint,,Droppings,1001007,203241
PC8590239,2026-09-10T10:15:14.000,Treatments,348,EAST   35 STREET,11203,Brooklyn,Bait applied,3049190013,3,4919,13,40.646562588734,-73.944299778263,"{'latitude': '40.646562588734', 'longitude': '-73.944299778263', 'human_address': '{""address"": """", ""city"": """", ""state"": """", ""zip"": """"}'}",17,45,856,3110562,East Flatbush-Erasmus,,,999707,174844
PC8746671,2026-09-10T10:15:46.000,Treatments,1888,3 AVENUE,10029,Manhattan,Bait applied,1016320035,1,1632,35,40.790457609087,-73.945493468817,"{'latitude': '40.790457609087', 'longitude': '-73.945493468817', 'human_address': '{""address"": """", ""city"": """", ""state"": """", ""zip"": """"}'}",11,8,166,1051967,East Harlem (South),,,,
PC8753051,2026-09-10T10:15:53.000,Compliance,65,EAST   19 STREET,11226,Brooklyn,Failed for Rat Activity and Other Reason,3051000091,3,5100,91,40.647983331739,-73.961826677865,"{'latitude': '40.647983331739', 'longitude': '-73.961826677865', 'human_address': '{""address"": """", ""city"": """", ""state"": """", ""zip"": """"}'}",14,40,51002,3117135,Flatbush,,"Droppings, Burrows, Harborage",994843,175359
PC8758943,2026-09-10T10:16:48.000,Treatments,644,PARK PLACE,11216,Brooklyn,Bait applied,3012380113,3,1238,113,40.674064972024,-73.956252702588,"{'latitude': '40.674064972024', 'longitude': '-73.956252702588', 'human_address': '{""address"": """", ""city"": """", ""state"": """", ""zip"": """"}'}",8,35,219,3031451,Crown Heights (North),,,,
PC8770116,2026-09-10T10:19:00.000,Initial,245,WEST 135 STREET,10030,Manhattan,Failed for Rat Activity and Other Reason,1019410006,1,1941,6,40.816203501584,-73.945829966296,"{'latitude': '40.816203501584', 'longitude': '-73.945829966296', 'human_address': '{""address"": """", ""city"": """", ""state"": """", ""zip"": """"}'}",10,9,228,1058873,Harlem (North),,"Gnawing, Harborage",,
PC8695817,2026-09-10T10:21:42.000,Compliance,158,AVENUE C,10009,Manhattan,Failed for Rat Activity,1003790008,1,379,8,40.725724995399,-73.977631289394,"{'latitude': '40.725724995399', 'longitude': '-73.977631289394', 'human_address': '{""address"": """", ""city"": """", ""state"": """", ""zip"": """"}'}",3,2,28,1082496,East Village,Summons Issued,Burrows,,
PC8763374,2026-09-10T10:23:00.000,Compliance,681,MORGAN AVENUE,11222,Brooklyn,Failed for Rat Activity and Other Reason,3026590001,3,2659,1,40.727440710935,-73.940046694187,"{'latitude': '40.727440710935', 'longitude': '-73.940046694187', 'human_address': '{""address"": """", ""city"": """", ""state"": """", ""zip"": """"}'}",1,33,593,3337968,Greenpoint,,"Droppings, Burrows, Garbage, Harborage",1000867,204311
PC8733231,2026-09-10T10:23:00.000,Treatments,1475,SHERIDAN AVENUE,10457,Bronx,Bait applied,2028320050,2,2832,50,40.840069882657,-73.911783868506,"{'latitude': '40.840069882657', 'longitude': '-73.911783868506', 'human_address': '{""address"": """", ""city"": """", ""state"": """", ""zip"": """"}'}",4,16,225,2007994,Mount Eden-Claremont (West),,,,
PC8752381,2026-09-10T10:23:53.000,Compliance,165,EAST   19 STREET,11226,Brooklyn,Failed for Rat Activity,3051230051,3,5123,51,40.645655608168,-73.961381179425,"{'latitude': '40.645655608168', 'longitude': '-73.961381179425', 'human_address': '{""address"": """", ""city"": """", ""state"": """", ""zip"": """"}'}",14,40,51001,3117616,Flatbush,,"Droppings, Burrows",994967,174511
PC8773308,2026-09-10T10:23:53.000,Initial,NELSON,AVENUE,10452,Bronx,Failed for Rat Activity and Other Reason,,2,2515,18,,,,,,,,,,"Burrows, Gnawing, Harborage",,
PC8765648,2026-09-10T10:24:00.000,Compliance,327,EAST 65 STREET,10065,Manhattan,Failed for Rat Activity,1014400113,1,1440,113,40.764029127899,-73.960806886364,"{'latitude': '40.764029127899', 'longitude': '-73.960806886364', 'human_address': '{""address"": """", ""city"": """", ""state"": """", ""zip"": """"}'}",8,5,118,1044736,Upper East Side-Lenox Hill-Roosevelt Island,,"Droppings, Burrows",,
PC8770552,2026-09-10T10:25:00.000,Initial,243,WEST 135 STREET,10030,Manhattan,Failed for Rat Activity,1019410007,1,1941,7,40.81619525713,-73.945808296348,"{'latitude': '40.81619525713', 'longitude': '-73.945808296348', 'human_address': '{""address"": """", ""city"": """", ""state"": """", ""zip"": """"}'}",10,9,228,1058874,Harlem (North),,Gnawing,,
PC8645672,2026-09-10T10:25:33.000,Treatments,540,EAST  142 STREET,10454,Bronx,Bait applied,2022680022,2,2268,22,40.809878297286,-73.916223988564,"{'latitude': '40.809878297286', 'longitude': '-73.916223988564', 'human_address': '{""address"": """", ""city"": """", ""state"": """", ""zip"": """"}'}",1,8,41,2128984,Mott Haven-Port Morris,,,1007352,234390
PC8773458,2026-09-10T10:26:00.000,Initial,1115,JEROME AVENUE,10452,Bronx,Failed for Rat Activity and Other Reason,2025050084,2,2505,84,40.834630504076,-73.924298423714,"{'latitude': '40.834630504076', 'longitude': '-73.924298423714', 'human_address': '{""address"": """", ""city"": """", ""state"": """", ""zip"": """"}'}",4,16,199,2003072,Highbridge,,"Burrows, Harborage",,
PC8766449,2026-09-10T10:29:00.000,Stoppage,48,3 AVENUE,10003,Manhattan,Stoppage done,1005560028,1,556,28,40.730809954936,-73.988995194679,"{'latitude': '40.730809954936', 'longitude': '-73.988995194679', 'human_address': '{""address"": """", ""city"": """", ""state"": """", ""zip"": """"}'}",3,2,42,1008975,East Village,,,,
PC8730078,2026-09-10T10:32:51.000,Treatments,897,PARK PLACE,11216,Brooklyn,Bait applied,3012340051,3,1234,51,40.673315013056,-73.948149131708,"{'latitude': '40.673315013056', 'longitude': '-73.948149131708', 'human_address': '{""address"": """", ""city"": """", ""state"": """", ""zip"": """"}'}",8,36,31701,3031258,Crown Heights (North),,,,
PC8767773,2026-09-10T10:34:00.000,Initial,50-10,101 STREET,11368,Queens,Failed for Other Reason,4018920075,4,1892,75,40.742752298364,-73.862000113904,"{'latitude': '40.742752298364', 'longitude': '-73.862000113904', 'human_address': '{""address"": """", ""city"": """", ""state"": """", ""zip"": """"}'}",4,21,44301,4046836,Corona,,Animal Nuisance,1022490,209914
PC8773588,2026-09-10T10:38:00.000,Initial,1093,JEROME AVENUE,10452,Bronx,Failed for Rat Activity,2025050028,2,2505,28,40.834015911033,-73.92464604597,"{'latitude': '40.834015911033', 'longitude': '-73.92464604597', 'human_address': '{""address"": """", ""city"": """", ""state"": """", ""zip"": """"}'}",4,16,193,2003062,Highbridge,,Burrows,,
PC8775143,2026-09-10T10:39:00.000,Stoppage,331,East 17 street,10003,Manhattan,Stoppage done,1009230020,1,923,20,40.733759751448,-73.982377095762,"{'latitude': '40.733759751448', 'longitude': '-73.982377095762', 'human_address': '{""address"": """", ""city"": """", ""state"": """", ""zip"": """"}'}",6,2,48,1020436,Gramercy,,,,
PC8773680,2026-09-10T10:39:53.000,Initial,1226,NELSON AVENUE,10452,Bronx,Failed for Other Reason,2025150023,2,2515,23,40.838053725715,-73.925111271344,"{'latitude': '40.838053725715', 'longitude': '-73.925111271344', 'human_address': '{""address"": """", ""city"": """", ""state"": """", ""zip"": """"}'}",4,16,199,2003288,Highbridge,,Harborage,,
PC8773638,2026-09-10T10:44:53.000,Initial,100,WEST 168 STREET,10452,Bronx,Failed for Rat Activity,2025150025,2,2515,25,40.838267291756,-73.924312339417,"{'latitude': '40.838267291756', 'longitude': '-73.924312339417', 'human_address': '{""address"": """", ""city"": """", ""state"": """", ""zip"": """"}'}",4,16,199,2003290,Highbridge,,Burrows,,
PC8770346,2026-09-10T10:45:00.000,Initial,265,WEST 123 STREET,10027,Manhattan,Failed for Rat Activity,1019290001,1,1929,1,40.808405269732,-73.951027293369,"{'latitude': '40.808405269732', 'longitude': '-73.951027293369', 'human_address': '{""address"": """", ""city"": """", ""state"": """", ""zip"": """"}'}",10,9,222,1058611,Harlem (South),,"Droppings, Burrows, Runways, Gnawing",,
PC8775144,2026-09-10T10:48:00.000,Stoppage,303,East 18 street,10003,Manhattan,Stoppage done,1009240006,1,924,6,40.734673810154,-73.982719645665,"{'latitude': '40.734673810154', 'longitude': '-73.982719645665', 'human_address': '{""address"": """", ""city"": """", ""state"": """", ""zip"": """"}'}",6,2,48,1020466,Gramercy,,,,
PC8774385,2026-09-10T10:48:00.000,Initial,414,EAST   74 STREET,10021,Manhattan,Failed for Rat Activity,1014680038,1,1468,38,40.768868545713,-73.954482561611,"{'latitude': '40.768868545713', 'longitude': '-73.954482561611', 'human_address': '{""address"": """", ""city"": """", ""state"": """", ""zip"": """"}'}",8,5,124,1045884,Upper East Side-Lenox Hill-Roosevelt Island,,Droppings,996858,219402
PC8742292,2026-09-10T10:50:54.000,Treatments,972,PARK PLACE,11213,Brooklyn,Bait applied,3012420035,3,1242,35,40.673151824739,-73.945463532381,"{'latitude': '40.673151824739', 'longitude': '-73.945463532381', 'human_address': '{""address"": """", ""city"": """", ""state"": """", ""zip"": """"}'}",8,36,341,3031599,Crown Heights (North),,,,
PC8719355,2026-09-10T10:52:00.000,Stoppage,275,Greenwich street,10007,Manhattan,Stoppage done,1001327501,1,132,7501,40.715214166354,-74.011240301245,"{'latitude': '40.715214166354', 'longitude': '-74.011240301245', 'human_address': '{""address"": """", ""city"": """", ""state"": """", ""zip"": """"}'}",1,1,21,1081076,Tribeca-Civic Center,,,,
PC8773671,2026-09-10T10:53:00.000,Initial,1098,ANDERSON AVENUE,10452,Bronx,Failed for Rat Activity,2025050017,2,2505,17,40.83470801193,-73.925299355152,"{'latitude': '40.83470801193', 'longitude': '-73.925299355152', 'human_address': '{""address"": """", ""city"": """", ""state"": """", ""zip"": """"}'}",4,16,193,2003059,Highbridge,,Rats,,
PC8732747,2026-09-10T10:54:00.000,Treatments,1605,CLAY AVENUE,10457,Bronx,Bait applied,2028880001,2,2888,1,40.842586896934,-73.905011082281,"{'latitude': '40.842586896934', 'longitude': '-73.905011082281', 'human_address': '{""address"": """", ""city"": """", ""state"": """", ""zip"": """"}'}",4,15,22902,2000000,Mount Eden-Claremont (West),,,,
PC8746243,2026-09-10T10:54:07.000,Compliance,545,EAST   12 STREET,10009,Manhattan,Failed for Rat Activity,1004060042,1,406,42,40.728632181596,-73.980238904342,"{'latitude': '40.728632181596', 'longitude': '-73.980238904342', 'human_address': '{""address"": """", ""city"": """", ""state"": """", ""zip"": """"}'}",3,2,34,1084887,East Village,,"Burrows, Runways",989727,204740
PC8746192,2026-09-10T10:55:14.000,Treatments,791,ROGERS AVENUE,11226,Brooklyn,Bait applied,3050910009,3,5091,9,40.651679836222,-73.952566296597,"{'latitude': '40.651679836222', 'longitude': '-73.952566296597', 'human_address': '{""address"": """", ""city"": """", ""state"": """", ""zip"": """"}'}",17,40,820,3116943,East Flatbush-Erasmus,,,997412,176707
PC8767181,2026-09-10T10:56:00.000,Initial,54-44,101 STREET,11368,Queens,Failed for Rat Activity and Other Reason,4019370001,4,1937,1,40.739641162612,-73.858665002679,"{'latitude': '40.739641162612', 'longitude': '-73.858665002679', 'human_address': '{""address"": """", ""city"": """", ""state"": """", ""zip"": """"}'}",4,21,44301,4047631,Corona,,"Droppings, Burrows, Harborage",1023416,208782
PC8773269,2026-09-10T10:56:53.000,Initial,1227,WOODYCREST AVENUE,10452,Bronx,Failed for Other Reason,2025150138,2,2515,138,40.837616691626,-73.924164910525,"{'latitude': '40.837616691626', 'longitude': '-73.924164910525', 'human_address': '{""address"": """", ""city"": """", ""state"": """", ""zip"": """"}'}",4,16,199,2000000,Highbridge,,Harborage,,
PC8774007,2026-09-10T11:00:00.000,Initial,98,MADISON STREET,10002,Manhattan,Failed for Rat Activity,1002760040,1,276,40,40.712187149773,-73.995523562935,"{'latitude': '40.712187149773', 'longitude': '-73.995523562935', 'human_address': '{""address"": """", ""city"": """", ""state"": """", ""zip"": """"}'}",3,1,8,1003316,Chinatown-Two Bridges,,Burrows,,
PC8773604,2026-09-10T11:00:00.000,Initial,1088,ANDERSON AVENUE,10452,Bronx,Failed for Other Reason,2025050011,2,2505,11,40.834477566672,-73.925473076229,"{'latitude': '40.834477566672', 'longitude': '-73.925473076229', 'human_address': '{""address"": """", ""city"": """", ""state"": """", ""zip"": """"}'}",4,16,193,2003057,Highbridge,,Harborage,,
PC8698892,2026-09-10T11:00:41.000,Compliance,1451,CROMWELL AVENUE,10452,Bronx,Failed for Rat Activity,2028720177,2,2872,177,40.842034879292,-73.9189156646,"{'latitude': '40.842034879292', 'longitude': '-73.9189156646', 'human_address': '{""address"": """", ""city"": """", ""state"": """", ""zip"": """"}'}",4,16,21302,2008684,Mount Eden-Claremont (West),Summons Issued,Burrows,,
PC8749456,2026-09-10T11:02:00.000,Compliance,206,NASSAU AVENUE,11222,Brooklyn,Failed for Rat Activity and Other Reason,3026860008,3,2686,8,40.725587556324,-73.944637552759,"{'latitude': '40.725587556324', 'longitude': '-73.944637552759', 'human_address': '{""address"": """", ""city"": """", ""state"": """", ""zip"": """"}'}",1,33,591,3067045,Greenpoint,,"Droppings, Burrows, Animal Nuisance",999595,203635
PC8773348,2026-09-10T11:03:00.000,Initial,1080,ANDERSON AVENUE,10452,Bronx,Failed for Rat Activity,2025050006,2,2505,6,40.834164823446,-73.92571554988,"{'latitude': '40.834164823446', 'longitude': '-73.92571554988', 'human_address': '{""address"": """", ""city"": """", ""state"": """", ""zip"": """"}'}",4,16,193,2003056,Highbridge,,Runways,,
PC8726603,2026-09-10T11:05:30.000,Treatments,204,WEST 23 STREET,10011,Manhattan,Bait applied,1007720047,1,772,47,40.744298187463,-73.996156557509,"{'latitude': '40.744298187463', 'longitude': '-73.996156557509', 'human_address': '{""address"": """", ""city"": """", ""state"": """", ""zip"": """"}'}",4,3,91,1014127,Chelsea-Hudson Yards,,,,
PC8590028,2026-09-10T11:05:33.000,Treatments,237,WILLIS AVENUE,10454,Bronx,Bait applied,2023010028,2,2301,28,40.809204967755,-73.922821082937,"{'latitude': '40.809204967755', 'longitude': '-73.922821082937', 'human_address': '{""address"": """", ""city"": """", ""state"": """", ""zip"": """"}'}",1,8,39,2000594,Mott Haven-Port Morris,,,1005615,234104
PC8749216,2026-09-10T11:06:53.000,Compliance,385,EAST   18 STREET,11226,Brooklyn,Failed for Rat Activity,3051610056,3,5161,56,40.641782799836,-73.961614040751,"{'latitude': '40.641782799836', 'longitude': '-73.961614040751', 'human_address': '{""address"": """", ""city"": """", ""state"": """", ""zip"": """"}'}",14,40,514,3118793,Flatbush,,Burrows,994903,173100
PC8706109,2026-09-10T11:06:59.000,Treatments,1030,PARK PLACE,11213,Brooklyn,Bait applied,3012430017,3,1243,17,40.673032765748,-73.943333077556,"{'latitude': '40.673032765748', 'longitude': '-73.943333077556', 'human_address': '{""address"": """", ""city"": """", ""state"": """", ""zip"": """"}'}",8,36,341,3031644,Crown Heights (North),,,,
PC8757351,2026-09-10T11:08:00.000,Stoppage,2,GOLD STREET,10038,Manhattan,Stoppage done,1000690018,1,69,18,40.707287588593,-74.007336342619,"{'latitude': '40.707287588593', 'longitude': '-74.007336342619', 'human_address': '{""address"": """", ""city"": """", ""state"": """", ""zip"": """"}'}",1,1,1502,1087146,Financial District-Battery Park City,,,,
PC8770152,2026-09-10T11:10:00.000,Initial,209,WEST 135 STREET,10030,Manhattan,Failed for Rat Activity,1019410024,1,1941,24,40.815582479759,-73.944345634579,"{'latitude': '40.815582479759', 'longitude': '-73.944345634579', 'human_address': '{""address"": """", ""city"": """", ""state"": """", ""zip"": """"}'}",10,9,228,1058888,Harlem (North),,Gnawing,,
PC8684515,2026-09-10T11:10:30.000,Compliance,776,HART STREET,11237,Brooklyn,Failed for Rat Activity,3032350018,3,3235,18,40.700820531191,-73.923808996532,"{'latitude': '40.700820531191', 'longitude': '-73.923808996532', 'human_address': '{""address"": """", ""city"": """", ""state"": """", ""zip"": """"}'}",4,37,429,3073563,Bushwick (West),Summons Issued,"Droppings, Burrows, Runways, Rats",,
PC8746479,2026-09-10T11:11:32.000,Treatments,163,EAST 115 STREET,10029,Manhattan,Bait applied,1016430025,1,1643,25,40.797682571474,-73.941500133737,"{'latitude': '40.797682571474', 'longitude': '-73.941500133737', 'human_address': '{""address"": """", ""city"": """", ""state"": """", ""zip"": """"}'}",11,8,182,1052243,East Harlem (North),,,,
PC8774653,2026-09-10T11:14:16.000,Initial,80,ATTORNEY STREET,10002,Manhattan,Failed for Rat Activity and Other Reason,1003430001,1,343,1,40.717837700042,-73.984736972429,"{'latitude': '40.717837700042', 'longitude': '-73.984736972429', 'human_address': '{""address"": """", ""city"": """", ""state"": """", ""zip"": """"}'}",3,1,1402,1004080,Lower East Side,,"Burrows, Harborage",,
PC8750701,2026-09-10T11:15:14.000,Treatments,760,ROGERS AVENUE,11226,Brooklyn,Bait applied,3050840061,3,5084,61,40.652632326857,-73.952691752896,"{'latitude': '40.652632326857', 'longitude': '-73.952691752896', 'human_address': '{""address"": """", ""city"": """", ""state"": """", ""zip"": """"}'}",17,40,822,3116659,East Flatbush-Erasmus,,,997377,177054
PC8773655,2026-09-10T11:17:00.000,Initial,64,WEST 165 STREET,10452,Bronx,Failed for Other Reason,2025080024,2,2508,24,40.833701409377,-73.926409906512,"{'latitude': '40.833701409377', 'longitude': '-73.926409906512', 'human_address': '{""address"": """", ""city"": """", ""state"": """", ""zip"": """"}'}",4,16,189,2003141,Highbridge,,Harborage,,
PC8769891,2026-09-10T11:18:00.000,Initial,203,WEST 135 STREET,10030,Manhattan,Failed for Other Reason,1019410027,1,1941,27,40.815489049738,-73.944121722993,"{'latitude': '40.815489049738', 'longitude': '-73.944121722993', 'human_address': '{""address"": """", ""city"": """", ""state"": """", ""zip"": """"}'}",10,9,228,1000000,Harlem (North),,Harborage,,
PC8503336,2026-09-10T11:20:00.000,Treatments,279,PROSPECT AVENUE,11215,Brooklyn,Bait applied,3010537501,3,1053,7501,40.663379166802,-73.98926948862,"{'latitude': '40.663379166802', 'longitude': '-73.98926948862', 'human_address': '{""address"": """", ""city"": """", ""state"": """", ""zip"": """"}'}",7,39,14102,3325161,Windsor Terrace-South Slope,,,987227,180966
PC8662316,2026-09-10T11:20:33.000,Treatments,299,EAST  158 STREET,10451,Bronx,Bait applied,2024180001,2,2418,1,40.823158373875,-73.917609111422,"{'latitude': '40.823158373875', 'longitude': '-73.917609111422', 'human_address': '{""address"": """", ""city"": """", ""state"": """", ""zip"": """"}'}",1,17,69,2001887,Melrose,,,1007053,239189
PC8773480,2026-09-10T11:21:00.000,Initial,74,WEST 165 STREET,10452,Bronx,Failed for Rat Activity,2025080022,2,2508,22,40.833814158386,-73.926745859301,"{'latitude': '40.833814158386', 'longitude': '-73.926745859301', 'human_address': '{""address"": """", ""city"": """", ""state"": """", ""zip"": """"}'}",4,16,189,2003140,Highbridge,,"Droppings, Burrows",,
PC8770023,2026-09-10T11:21:00.000,Initial,200,WEST 136 STREET,10030,Manhattan,Failed for Rat Activity and Other Reason,1019410036,1,1941,36,40.816169543136,-73.943705679795,"{'latitude': '40.816169543136', 'longitude': '-73.943705679795', 'human_address': '{""address"": """", ""city"": """", ""state"": """", ""zip"": """"}'}",10,9,228,1058898,Harlem (North),,"Gnawing, Harborage",,
PC8728372,2026-09-10T11:23:24.000,Compliance,516,EAST   12 STREET,10009,Manhattan,Failed for Rat Activity,1004050016,1,405,16,40.728813417187,-73.980715109619,"{'latitude': '40.728813417187', 'longitude': '-73.980715109619', 'human_address': '{""address"": """", ""city"": """", ""state"": """", ""zip"": """"}'}",3,2,34,1005173,East Village,Summons Issued,"Droppings, Burrows",989595,204806
PC8706360,2026-09-10T11:27:33.000,Treatments,1050,PARK PLACE,11213,Brooklyn,Bait applied,3012430026,3,1243,26,40.673010587441,-73.942889682125,"{'latitude': '40.673010587441', 'longitude': '-73.942889682125', 'human_address': '{""address"": """", ""city"": """", ""state"": """", ""zip"": """"}'}",8,36,341,3031648,Crown Heights (North),,,,
PC8746766,2026-09-10T11:27:53.000,Treatments,169,EAST 115 STREET,10029,Manhattan,Bait applied,1016430028,1,1643,28,40.797630358631,-73.941377379639,"{'latitude': '40.797630358631', 'longitude': '-73.941377379639', 'human_address': '{""address"": """", ""city"": """", ""state"": """", ""zip"": """"}'}",11,8,182,1052246,East Harlem (North),,,,
PC8748740,2026-09-10T11:29:14.000,Compliance,514,EAST 12 STREET,10009,Manhattan,Failed for Rat Activity,1004050015,1,405,15,40.728827146471,-73.980747577857,"{'latitude': '40.728827146471', 'longitude': '-73.980747577857', 'human_address': '{""address"": """", ""city"": """", ""state"": """", ""zip"": """"}'}",3,2,34,1005172,East Village,,Droppings,,
PC8700621,2026-09-10T11:30:00.000,Treatments,507,EAST 183 STREET,10458,Bronx,Bait applied,2030530004,2,3053,4,40.854866596916,-73.892283520111,"{'latitude': '40.854866596916', 'longitude': '-73.892283520111', 'human_address': '{""address"": """", ""city"": """", ""state"": """", ""zip"": """"}'}",6,15,385,2011613,Belmont,,,,
PC8734713,2026-09-10T11:30:00.000,Compliance,483,WEST END AVENUE,10024,Manhattan,Failed for Rat Activity and Other Reason,1012450070,1,1245,70,40.787065171686,-73.979199526706,"{'latitude': '40.787065171686', 'longitude': '-73.979199526706', 'human_address': '{""address"": """", ""city"": """", ""state"": """", ""zip"": """"}'}",7,6,171,1033820,Upper West Side (Central),,"Droppings, Harborage, Mice",,
PC8774750,2026-09-10T11:30:07.000,Initial,203,RIVINGTON STREET,10002,Manhattan,Failed for Other Reason,1003430050,1,343,50,40.718457784737,-73.983077397512,"{'latitude': '40.718457784737', 'longitude': '-73.983077397512', 'human_address': '{""address"": """", ""city"": """", ""state"": """", ""zip"": """"}'}",3,2,12,1004081,Lower East Side,,Animal Nuisance,,
PC8704365,2026-09-10T11:30:39.000,Compliance,1514,SEDGWICK AVENUE,10453,Bronx,Failed for Rat Activity,2028800009,2,2880,9,40.846724250401,-73.924960508905,"{'latitude': '40.846724250401', 'longitude': '-73.924960508905', 'human_address': '{""address"": """", ""city"": """", ""state"": """", ""zip"": """"}'}",5,14,20501,2114714,University Heights (South)-Morris Heights,,"Droppings, Burrows",1005011,247773
PC8694412,2026-09-10T11:31:30.000,Compliance,774,HART STREET,11237,Brooklyn,Failed for Rat Activity,3032350017,3,3235,17,40.70079310026,-73.923834273527,"{'latitude': '40.70079310026', 'longitude': '-73.923834273527', 'human_address': '{""address"": """", ""city"": """", ""state"": """", ""zip"": """"}'}",4,37,429,3073562,Bushwick (West),Summons Issued,"Droppings, Burrows, Runways, Rats",,
PC8773643,2026-09-10T11:31:50.000,Initial,922,SUMMIT AVENUE,10452,Bronx,Failed for Other Reason,2025240074,2,2524,74,40.831456421217,-73.93117514116,"{'latitude': '40.831456421217', 'longitude': '-73.93117514116', 'human_address': '{""address"": """", ""city"": """", ""state"": """", ""zip"": """"}'}",4,16,189,2003454,Highbridge,,Harborage,,
PC8773573,2026-09-10T11:32:00.000,Initial,1038,WOODYCREST AVENUE,10452,Bronx,Failed for Other Reason,2025080018,2,2508,18,40.833353473679,-73.927425747193,"{'latitude': '40.833353473679', 'longitude': '-73.927425747193', 'human_address': '{""address"": """", ""city"": """", ""state"": """", ""zip"": """"}'}",4,16,189,2003137,Highbridge,,Harborage,,
PC8770092,2026-09-10T11:32:00.000,Initial,2173,FREDRICK DOUGLASS BL,10026,Manhattan,Failed for Rat Activity,1019440030,1,1944,30,40.80525309025,-73.954768232321,"{'latitude': '40.80525309025', 'longitude': '-73.954768232321', 'human_address': '{""address"": """", ""city"": """", ""state"": """", ""zip"": """"}'}",10,9,20102,1059067,Harlem (South),,"Droppings, Burrows, Runways, Gnawing",,
PC8773862,2026-09-10T11:32:00.000,Stoppage,347,WEST 51 STREET,10019,Manhattan,Stoppage done,1010420011,1,1042,11,40.763700280086,-73.987509671461,"{'latitude': '40.763700280086', 'longitude': '-73.987509671461', 'human_address': '{""address"": """", ""city"": """", ""state"": """", ""zip"": """"}'}",4,3,133,1025200,Hell's Kitchen,,,,
PC8748334,2026-09-10T11:34:12.000,Compliance,512,EAST 12 STREET,10009,Manhattan,Failed for Rat Activity and Other Reason,1004050014,1,405,14,40.728840875744,-73.980780046109,"{'latitude': '40.728840875744', 'longitude': '-73.980780046109', 'human_address': '{""address"": """", ""city"": """", ""state"": """", ""zip"": """"}'}",3,2,34,1005171,East Village,,"Droppings, Burrows, Harborage",,
PC8773441,2026-09-10T11:34:22.000,Initial,WEST,167TH STREET,10452,Bronx,Failed for Other Reason,,2,2509,53,,,,,,,,,,Harborage,,
PC8737937,2026-09-10T11:35:33.000,Treatments,3023,3 AVENUE,10455,Bronx,Bait applied,2023770056,2,2377,56,40.819663989278,-73.91343324731,"{'latitude': '40.819663989278', 'longitude': '-73.91343324731', 'human_address': '{""address"": """", ""city"": """", ""state"": """", ""zip"": """"}'}",1,17,69,2001415,Melrose,,,1008210,237917
PC8700688,2026-09-10T11:36:00.000,Compliance,2334,WASHINGTON AVENUE,10458,Bronx,Failed for Rat Activity and Other Reason,2030530074,2,3053,74,40.856131974742,-73.892342917189,"{'latitude': '40.856131974742', 'longitude': '-73.892342917189', 'human_address': '{""address"": """", ""city"": """", ""state"": """", ""zip"": """"}'}",6,15,385,2011631,Belmont,Summons Issued,"Burrows, Harborage",,
PC8705025,2026-09-10T11:40:14.000,Treatments,2075,Bedford Ave,11226,Brooklyn,Bait applied,3050650001,3,5065,1,40.654077470907,-73.956186572535,"{'latitude': '40.654077470907', 'longitude': '-73.956186572535', 'human_address': '{""address"": """", ""city"": """", ""state"": """", ""zip"": """"}'}",17,40,822,3116221,East Flatbush-Erasmus,,,,
PC8414703,2026-09-10T11:41:00.000,Treatments,280,14 STREET,11215,Brooklyn,Bait applied,3010420018,3,1042,18,40.665706600874,-73.987888551845,"{'latitude': '40.665706600874', 'longitude': '-73.987888551845', 'human_address': '{""address"": """", ""city"": """", ""state"": """", ""zip"": """"}'}",6,39,14101,3023701,Park Slope,,,987610,181814
PC8767201,2026-09-10T11:41:00.000,Initial,112-14,CORONA AVENUE,11368,Queens,Failed for Rat Activity and Other Reason,4019720001,4,1972,1,40.739627854983,-73.848246952768,"{'latitude': '40.739627854983', 'longitude': '-73.848246952768', 'human_address': '{""address"": """", ""city"": """", ""state"": """", ""zip"": """"}'}",4,21,43701,4048509,Corona,,"Droppings, Burrows, Gnawing, Garbage, Harborage",1026303,208782
PC8773346,2026-09-10T11:42:22.000,Initial,1116,WOODYCREST AVENUE,10452,Bronx,Failed for Rat Activity and Other Reason,,2,2509,36,40.83531499892,-73.925916634833,"{'latitude': '40.83531499892', 'longitude': '-73.925916634833', 'human_address': '{""address"": """", ""city"": """", ""state"": """", ""zip"": """"}'}",4,16,199,,Highbridge,,"Burrows, Harborage",,
PC8767343,2026-09-10T11:43:53.000,Initial,601,MARLBOROUGH ROAD,11226,Brooklyn,Failed for Rat Activity and Other Reason,3052360001,3,5236,1,40.635291942706,-73.963300365892,"{'latitude': '40.635291942706', 'longitude': '-73.963300365892', 'human_address': '{""address"": """", ""city"": """", ""state"": """", ""zip"": """"}'}",14,45,520,3121172,Flatbush (West)-Ditmas Park-Parkville,,"Droppings, Animal Nuisance",994434,170750
PC8761511,2026-09-10T11:44:00.000,Compliance,502,EAST   81 STREET,10028,Manhattan,Failed for Rat Activity,1015770049,1,1577,49,40.772530531601,-73.949093328317,"{'latitude': '40.772530531601', 'longitude': '-73.949093328317', 'human_address': '{""address"": """", ""city"": """", ""state"": """", ""zip"": """"}'}",8,5,13602,1000000,Upper East Side-Yorkville,,Droppings,998306,220761
PC8309674,2026-09-10T11:45:05.000,Treatments,1647,PARK PLACE,11233,Brooklyn,Bait applied,3013690053,3,1369,53,40.67192557395,-73.922749836614,"{'latitude': '40.67192557395', 'longitude': '-73.922749836614', 'human_address': '{""address"": """", ""city"": """", ""state"": """", ""zip"": """"}'}",8,41,359,3036360,Crown Heights (North),,,,
PC8768837,2026-09-10T11:45:43.000,Initial,656,WATER STREET,10002,Manhattan,Failed for Rat Activity,1002600070,1,260,70,40.711441977334,-73.981906884381,"{'latitude': '40.711441977334', 'longitude': '-73.981906884381', 'human_address': '{""address"": """", ""city"": """", ""state"": """", ""zip"": """"}'}",3,1,202,1003216,Lower East Side,,Burrows,,
PC8696066,2026-09-10T11:46:30.000,Compliance,754,HART STREET,11237,Brooklyn,Failed for Rat Activity and Other Reason,3032350010,3,3235,10,40.700516060199,-73.924108684376,"{'latitude': '40.700516060199', 'longitude': '-73.924108684376', 'human_address': '{""address"": """", ""city"": """", ""state"": """", ""zip"": """"}'}",4,37,429,3073558,Bushwick (West),Summons Issued,"Droppings, Burrows, Runways, Harborage",,
PC8775222,2026-09-10T11:49:00.000,Stoppage,34,WEST 69 STREET,10023,Manhattan,Stoppage done,1011210048,1,1121,48,40.774774051576,-73.978575149495,"{'latitude': '40.774774051576', 'longitude': '-73.978575149495', 'human_address': '{""address"": """", ""city"": """", ""state"": """", ""zip"": """"}'}",7,6,15301,1028467,Upper West Side-Lincoln Square,,,,
PC8768859,2026-09-10T11:50:03.000,Initial,636,WATER STREET,10002,Manhattan,Failed for Rat Activity and Other Reason,1002600001,1,260,1,40.711389941548,-73.982649956563,"{'latitude': '40.711389941548', 'longitude': '-73.982649956563', 'human_address': '{""address"": """", ""city"": """", ""state"": """", ""zip"": """"}'}",3,1,202,1077528,Lower East Side,,"Burrows, Garbage, Harborage",,
PC8775223,2026-09-10T11:51:00.000,Stoppage,37,WEST 69 STREET,10023,Manhattan,Stoppage done,1011220015,1,1122,15,40.77483720043,-73.978679834403,"{'latitude': '40.77483720043', 'longitude': '-73.978679834403', 'human_address': '{""address"": """", ""city"": """", ""state"": """", ""zip"": """"}'}",7,6,15301,1028499,Upper West Side-Lincoln Square,,,,
PC8746687,2026-09-10T11:52:21.000,Treatments,126,EAST 116 STREET,10029,Manhattan,Bait applied,1016430056,1,1643,56,40.798854937335,-73.942207019363,"{'latitude': '40.798854937335', 'longitude': '-73.942207019363', 'human_address': '{""address"": """", ""city"": """", ""state"": """", ""zip"": """"}'}",11,8,182,1052263,East Harlem (North),,,,
PC8775224,2026-09-10T11:53:00.000,Stoppage,39,WEST 69 STREET,10023,Manhattan,Stoppage done,1011220014,1,1122,14,40.774861913938,-73.978737594925,"{'latitude': '40.774861913938', 'longitude': '-73.978737594925', 'human_address': '{""address"": """", ""city"": """", ""state"": """", ""zip"": """"}'}",7,6,15301,1028498,Upper West Side-Lincoln Square,,,,
PC8770585,2026-09-10T11:56:00.000,Initial,222,WEST 136 STREET,10030,Manhattan,Failed for Rat Activity,1019410144,1,1941,144,40.816353654336,-73.944142670972,"{'latitude': '40.816353654336', 'longitude': '-73.944142670972', 'human_address': '{""address"": """", ""city"": """", ""state"": """", ""zip"": """"}'}",10,9,228,1058927,Harlem (North),,Burrows,,
PC8700794,2026-09-10T11:59:00.000,Treatments,2306,CAMBRELENG AVENUE,10458,Bronx,Bait applied,2030890004,2,3089,4,40.852903576603,-73.886036749054,"{'latitude': '40.852903576603', 'longitude': '-73.886036749054', 'human_address': '{""address"": """", ""city"": """", ""state"": """", ""zip"": """"}'}",6,15,391,2092290,Belmont,,,,
PC8698021,2026-09-10T11:59:56.000,Compliance,2764,FREDRICK DOUGLASS BL,10039,Manhattan,Failed for Rat Activity and Other Reason,1020320061,1,2032,61,40.823974269493,-73.941068638541,"{'latitude': '40.823974269493', 'longitude': '-73.941068638541', 'human_address': '{""address"": """", ""city"": """", ""state"": """", ""zip"": """"}'}",10,9,234,1060516,Harlem (North),Summons Issued,"Burrows, Garbage",,
PC8510646,2026-09-10T12:00:53.000,Compliance,600,EAST   17 STREET,11226,Brooklyn,Failed for Rat Activity,3052370011,3,5237,11,40.635903440168,-73.961505743295,"{'latitude': '40.635903440168', 'longitude': '-73.961505743295', 'human_address': '{""address"": """", ""city"": """", ""state"": """", ""zip"": """"}'}",14,45,518,3121207,Flatbush (West)-Ditmas Park-Parkville,Summons Issued,"Droppings, Burrows",,
PC8770579,2026-09-10T12:03:00.000,Initial,226,WEST 136 STREET,10030,Manhattan,Failed for Rat Activity,1019410046,1,1941,46,40.816386629876,-73.944222124594,"{'latitude': '40.816386629876', 'longitude': '-73.944222124594', 'human_address': '{""address"": """", ""city"": """", ""state"": """", ""zip"": """"}'}",10,9,228,1058905,Harlem (North),,Gnawing,,
PC8773410,2026-09-10T12:03:20.000,Initial,155,WEST 162 STREET,10452,Bronx,Failed for Rat Activity,2025240064,2,2524,64,40.831719410768,-73.930336506524,"{'latitude': '40.831719410768', 'longitude': '-73.930336506524', 'human_address': '{""address"": """", ""city"": """", ""state"": """", ""zip"": """"}'}",4,16,189,2003453,Highbridge,,Burrows,,
PC8682966,2026-09-10T12:03:41.000,Compliance,2319,PROSPECT AVENUE,10458,Bronx,Failed for Rat Activity,2031020054,2,3102,54,40.852088621403,-73.883529521018,"{'latitude': '40.852088621403', 'longitude': '-73.883529521018', 'human_address': '{""address"": """", ""city"": """", ""state"": """", ""zip"": """"}'}",6,15,393,2012845,Belmont,Summons Issued,Burrows,,
PC8694107,2026-09-10T12:05:30.000,Compliance,683,HART STREET,11221,Brooklyn,Failed for Rat Activity,3032180056,3,3218,56,40.699037595679,-73.925585394749,"{'latitude': '40.699037595679', 'longitude': '-73.925585394749', 'human_address': '{""address"": """", ""city"": """", ""state"": """", ""zip"": """"}'}",4,34,423,3073150,Bushwick (West),Summons Issued,Burrows,,
PC8774666,2026-09-10T12:05:53.000,Initial,55,PITT STREET,10002,Manhattan,Failed for Rat Activity and Other Reason,1003430066,1,343,66,40.717645299135,-73.982846729879,"{'latitude': '40.717645299135', 'longitude': '-73.982846729879', 'human_address': '{""address"": """", ""city"": """", ""state"": """", ""zip"": """"}'}",3,2,12,1004085,Lower East Side,,"Burrows, Harborage",,
PC8775207,2026-09-10T12:06:00.000,Stoppage,215,WEST 94 STREET,10025,Manhattan,Stoppage done,1012420024,1,1242,24,40.79301699135,-73.9719385098,"{'latitude': '40.79301699135', 'longitude': '-73.9719385098', 'human_address': '{""address"": """", ""city"": """", ""state"": """", ""zip"": """"}'}",7,7,183,1082894,Upper West Side (Central),,,,
PC8762920,2026-09-10T12:07:32.000,Compliance,156,QUINCY STREET,11216,Brooklyn,Failed for Rat Activity,3019740024,3,1974,24,40.686429740964,-73.955101545137,"{'latitude': '40.686429740964', 'longitude': '-73.955101545137', 'human_address': '{""address"": """", ""city"": """", ""state"": """", ""zip"": """"}'}",3,36,229,3056578,Bedford-Stuyvesant (West),,"Droppings, Burrows",,
PC8735607,2026-09-10T12:09:00.000,Treatments,2230,ADAMS PLACE,10457,Bronx,Monitoring visit,2030710045,2,3071,45,40.852250745319,-73.889269457474,"{'latitude': '40.852250745319', 'longitude': '-73.889269457474', 'human_address': '{""address"": """", ""city"": """", ""state"": """", ""zip"": """"}'}",6,15,391,2128797,Belmont,,,,
PC8774955,2026-09-10T12:10:10.000,Initial,57,PITT STREET,10002,Manhattan,Failed for Other Reason,1003430065,1,343,65,40.717716657161,-73.982807029807,"{'latitude': '40.717716657161', 'longitude': '-73.982807029807', 'human_address': '{""address"": """", ""city"": """", ""state"": """", ""zip"": """"}'}",3,2,12,1004084,Lower East Side,,Harborage,,
PC8734069,2026-09-10T12:10:56.000,Compliance,294,WEST  147 STREET,10039,Manhattan,Failed for Rat Activity and Other Reason,1020320060,1,2032,60,40.823996032158,-73.940689232563,"{'latitude': '40.823996032158', 'longitude': '-73.940689232563', 'human_address': '{""address"": """", ""city"": """", ""state"": """", ""zip"": """"}'}",10,9,234,1060515,Harlem (North),,"Gnawing, Harborage",1000665,239489
PC8746417,2026-09-10T12:13:16.000,Treatments,100,EAST 116 STREET,10029,Manhattan,Bait applied,1016430071,1,1643,71,40.799140729057,-73.942882186542,"{'latitude': '40.799140729057', 'longitude': '-73.942882186542', 'human_address': '{""address"": """", ""city"": """", ""state"": """", ""zip"": """"}'}",11,8,182,1052275,East Harlem (North),,,,
PC8775152,2026-09-10T12:17:00.000,Stoppage,,,10025,Manhattan,Stoppage done,,1,1206,37,,,,,,,,,,,,
PC8762831,2026-09-10T12:17:41.000,Compliance,2356,PROSPECT AVENUE,10458,Bronx,Failed for Rat Activity,2031140097,2,3114,97,40.853067964948,-73.883010883976,"{'latitude': '40.853067964948', 'longitude': '-73.883010883976', 'human_address': '{""address"": """", ""city"": """", ""state"": """", ""zip"": """"}'}",6,15,393,2013057,Belmont,,Droppings,,
PC8762964,2026-09-10T12:18:44.000,Compliance,368,GATES AVENUE,11216,Brooklyn,Failed for Rat Activity,3018127502,3,1812,7502,40.686041472875,-73.952004509868,"{'latitude': '40.686041472875', 'longitude': '-73.952004509868', 'human_address': '{""address"": """", ""city"": """", ""state"": """", ""zip"": """"}'}",3,36,243,3425072,Bedford-Stuyvesant (West),,Burrows,,
PC8768549,2026-09-10T12:18:53.000,Initial,573,EAST   22 STREET,11226,Brooklyn,Failed for Rat Activity and Other Reason,3052220108,3,5222,108,40.6381936332,-73.95674111076,"{'latitude': '40.6381936332', 'longitude': '-73.95674111076', 'human_address': '{""address"": """", ""city"": """", ""state"": """", ""zip"": """"}'}",14,45,51601,3120673,Flatbush,,"Droppings, Runways, Harborage",996256,171793
PC8770795,2026-09-10T12:20:00.000,Initial,377,SOUTH    1 STREET,11211,Brooklyn,Failed for Rat Activity and Other Reason,3023990022,3,2399,22,40.710527786662,-73.952484581197,"{'latitude': '40.710527786662', 'longitude': '-73.952484581197', 'human_address': '{""address"": """", ""city"": """", ""state"": """", ""zip"": """"}'}",1,34,513,3062876,Williamsburg,,"Droppings, Animal Nuisance",997423,198147
PC8736978,2026-09-10T12:20:33.000,Treatments,654,SAINT ANNS AVENUE,10455,Bronx,Bait applied,2026170012,2,2617,12,40.816791600094,-73.911612526837,"{'latitude': '40.816791600094', 'longitude': '-73.911612526837', 'human_address': '{""address"": """", ""city"": """", ""state"": """", ""zip"": """"}'}",1,17,75,2004320,Melrose,,,1008715,236871
PC8775154,2026-09-10T12:22:00.000,Stoppage,7,WEST 92 STREET,10025,Manhattan,Stoppage done,1012060023,1,1206,23,40.789304780335,-73.96701785757,"{'latitude': '40.789304780335', 'longitude': '-73.96701785757', 'human_address': '{""address"": """", ""city"": """", ""state"": """", ""zip"": """"}'}",7,6,177,1080929,Upper West Side (Central),,,,
PC8697908,2026-09-10T12:22:56.000,Compliance,290,WEST 147 STREET,10039,Manhattan,Failed for Rat Activity and Other Reason,1020320058,1,2032,58,40.823974046236,-73.940635054163,"{'latitude': '40.823974046236', 'longitude': '-73.940635054163', 'human_address': '{""address"": """", ""city"": """", ""state"": """", ""zip"": """"}'}",10,9,234,1060514,Harlem (North),Summons Issued,"Burrows, Gnawing, Harborage",,
PC8763043,2026-09-10T12:24:00.000,Compliance,366,GATES AVENUE,11216,Brooklyn,Failed for Rat Activity,3018127504,3,1812,7504,40.68603326571,-73.95206941842,"{'latitude': '40.68603326571', 'longitude': '-73.95206941842', 'human_address': '{""address"": """", ""city"": """", ""state"": """", ""zip"": """"}'}",3,36,243,3425074,Bedford-Stuyvesant (West),,Burrows,,
PC8773451,2026-09-10T12:25:53.000,Initial,992,SUMMIT AVENUE,10452,Bronx,Failed for Other Reason,2025240049,2,2524,49,40.832888686622,-73.930364187049,"{'latitude': '40.832888686622', 'longitude': '-73.930364187049', 'human_address': '{""address"": """", ""city"": """", ""state"": """", ""zip"": """"}'}",4,16,189,2003448,Highbridge,,Animal Nuisance,,
PC8674561,2026-09-10T12:26:32.000,Treatments,1255,FINDLAY AVENUE,10456,Bronx,Bait applied,2024360120,2,2436,120,40.833916098712,-73.911680033161,"{'latitude': '40.833916098712', 'longitude': '-73.911680033161', 'human_address': '{""address"": """", ""city"": """", ""state"": """", ""zip"": """"}'}",4,16,17701,2002375,Concourse-Concourse Village,,,,
PC8770445,2026-09-10T12:29:00.000,Initial,242,WEST 136 STREET,10030,Manhattan,Failed for Rat Activity,1019410051,1,1941,51,40.816518529743,-73.944536327076,"{'latitude': '40.816518529743', 'longitude': '-73.944536327076', 'human_address': '{""address"": """", ""city"": """", ""state"": """", ""zip"": """"}'}",10,9,228,1058910,Harlem (North),,Gnawing,,
PC8763576,2026-09-10T12:30:30.000,Compliance,1325,MYRTLE AVENUE,11221,Brooklyn,Failed for Rat Activity,3032450006,3,3245,6,40.698166819751,-73.924540525811,"{'latitude': '40.698166819751', 'longitude': '-73.924540525811', 'human_address': '{""address"": """", ""city"": """", ""state"": """", ""zip"": """"}'}",4,37,421,3073793,Bushwick (West),,"Droppings, Burrows, Runways, Gnawing",,
PC8762661,2026-09-10T12:30:32.000,Compliance,348A,GATES AVENUE,11216,Brooklyn,Failed for Rat Activity,3018120028,3,1812,28,40.685964892094,-73.952660802148,"{'latitude': '40.685964892094', 'longitude': '-73.952660802148', 'human_address': '{""address"": """", ""city"": """", ""state"": """", ""zip"": """"}'}",3,36,243,3051061,Bedford-Stuyvesant (West),,Burrows,,
PC8761955,2026-09-10T12:30:41.000,Compliance,771,EAST 185 STREET,10460,Bronx,Failed for Rat Activity and Other Reason,2031140077,2,3114,77,40.852430988741,-73.882816811668,"{'latitude': '40.852430988741', 'longitude': '-73.882816811668', 'human_address': '{""address"": """", ""city"": """", ""state"": """", ""zip"": """"}'}",6,15,393,2013056,Belmont,,"Droppings, Burrows, Garbage",,
PC8758230,2026-09-10T12:36:00.000,Compliance,1646,1 AVENUE,10028,Manhattan,Failed for Rat Activity,1015650001,1,1565,1,40.776606697508,-73.949555970737,"{'latitude': '40.776606697508', 'longitude': '-73.949555970737', 'human_address': '{""address"": """", ""city"": """", ""state"": """", ""zip"": """"}'}",8,5,14401,1050529,Upper East Side-Yorkville,,Burrows,998221,222222
PC8776306,2026-09-10T12:36:13.000,Initial,105,RIVINGTON STREET,10002,Manhattan,Failed for Rat Activity,1004100047,1,410,47,40.719981761458,-73.988095103409,"{'latitude': '40.719981761458', 'longitude': '-73.988095103409', 'human_address': '{""address"": """", ""city"": """", ""state"": """", ""zip"": """"}'}",3,1,18,1084889,Lower East Side,,Burrows,,
PC8761758,2026-09-10T12:37:03.000,Compliance,348,GATES AVENUE,11216,Brooklyn,Failed for Rat Activity,3018120027,3,1812,27,40.685964892094,-73.952660802148,"{'latitude': '40.685964892094', 'longitude': '-73.952660802148', 'human_address': '{""address"": """", ""city"": """", ""state"": """", ""zip"": """"}'}",3,36,243,3051060,Bedford-Stuyvesant (West),,Droppings,,
PC8776484,2026-09-10T12:40:45.000,Initial,107,RIVINGTON STREET,10002,Manhattan,Failed for Rat Activity,1004100048,1,410,48,40.719959795805,-73.988022956482,"{'latitude': '40.719959795805', 'longitude': '-73.988022956482', 'human_address': '{""address"": """", ""city"": """", ""state"": """", ""zip"": """"}'}",3,1,18,1075676,Lower East Side,,Burrows,,
PC8642674,2026-09-10T12:45:33.000,Treatments,786,CAULDWELL AVENUE,10456,Bronx,Bait applied,2026290046,2,2629,46,40.819703955742,-73.908342516,"{'latitude': '40.819703955742', 'longitude': '-73.908342516', 'human_address': '{""address"": """", ""city"": """", ""state"": """", ""zip"": """"}'}",1,17,75,2004490,Melrose,,,1009619,237933
PC8774765,2026-09-10T12:47:11.000,Initial,83,1 PLACE,,Manhattan,Failed for Other Reason,3003560045,1,447,7501,0.00000000000000000000,0.00000000000000000000,"{'latitude': '0.0', 'longitude': '0.0', 'human_address': '{""address"": """", ""city"": """", ""state"": """", ""zip"": """"}'}",6,39,65,3004983,Carroll Gardens-Cobble Hill-Gowanus-Red Hook,,Harborage,,
PC8698026,2026-09-10T12:47:56.000,Compliance,2530,ADAM C POWELL BLVD,10039,Manhattan,Failed for Rat Activity,1020320033,1,2032,33,40.822622436779,-73.938363605103,"{'latitude': '40.822622436779', 'longitude': '-73.938363605103', 'human_address': '{""address"": """", ""city"": """", ""state"": """", ""zip"": """"}'}",10,9,234,1060510,Harlem (North),Summons Issued,Burrows,,
PC8752039,2026-09-10T12:48:00.000,Compliance,160,JOHNSON AVENUE,11206,Brooklyn,Failed for Rat Activity,3030700020,3,3070,20,40.706551987719,-73.943416285149,"{'latitude': '40.706551987719', 'longitude': '-73.943416285149', 'human_address': '{""address"": """", ""city"": """", ""state"": """", ""zip"": """"}'}",1,34,505,3325865,East Williamsburg,,"Droppings, Burrows, Runways",999938,196700
PC8763090,2026-09-10T12:48:00.000,Compliance,2359,SOUTHERN BOULEVARD,10460,Bronx,Failed for Rat Activity,2031140071,2,3114,71,40.852539849189,-73.881909313121,"{'latitude': '40.852539849189', 'longitude': '-73.881909313121', 'human_address': '{""address"": """", ""city"": """", ""state"": """", ""zip"": """"}'}",6,15,393,2013052,Belmont,,"Droppings, Burrows",,
PC8746245,2026-09-10T12:50:30.000,Compliance,2541,AQUEDUCT AVENUE WEST,10468,Bronx,Failed for Rat Activity and Other Reason,2032140082,2,3214,82,40.865686716121,-73.901912031194,"{'latitude': '40.865686716121', 'longitude': '-73.901912031194', 'human_address': '{""address"": """", ""city"": """", ""state"": """", ""zip"": """"}'}",7,14,265,2014667,University Heights (North)-Fordham,,"Droppings, Burrows, Runways, Harborage",,
PC8763186,2026-09-10T12:54:00.000,Compliance,183,MONROE STREET,11216,Brooklyn,Failed for Rat Activity,3018120064,3,1812,64,40.685344162465,-73.951676898293,"{'latitude': '40.685344162465', 'longitude': '-73.951676898293', 'human_address': '{""address"": """", ""city"": """", ""state"": """", ""zip"": """"}'}",3,36,243,3051078,Bedford-Stuyvesant (West),,Droppings,,
PC8768830,2026-09-10T12:55:02.000,Initial,14,JACKSON STREET,10002,Manhattan,Failed for Rat Activity,1002630001,1,263,1,40.713508615001,-73.980838592166,"{'latitude': '40.713508615001', 'longitude': '-73.980838592166', 'human_address': '{""address"": """", ""city"": """", ""state"": """", ""zip"": """"}'}",3,1,202,1083396,Lower East Side,,Burrows,,
PC8749482,2026-09-10T12:58:00.000,Treatments,373,PROSPECT AVENUE,11215,Brooklyn,Bait applied,3011120001,3,1112,1,40.661171965897,-73.985625845461,"{'latitude': '40.661171965897', 'longitude': '-73.985625845461', 'human_address': '{""address"": """", ""city"": """", ""state"": """", ""zip"": """"}'}",7,39,14902,3325217,Windsor Terrace-South Slope,,,988238,180162
PC8773569,2026-09-10T12:59:45.000,Initial,1060,UNIVERSITY AVENUE,10452,Bronx,Failed for Other Reason,2025260044,2,2526,44,40.834870248788,-73.930134435684,"{'latitude': '40.834870248788', 'longitude': '-73.930134435684', 'human_address': '{""address"": """", ""city"": """", ""state"": """", ""zip"": """"}'}",4,16,193,2124827,Highbridge,,Harborage,,
PC8709176,2026-09-10T13:00:14.000,Treatments,234,LINDEN BOULEVARD,11226,Brooklyn,Bait applied,3050880033,3,5088,33,40.652587501803,-73.95054026447,"{'latitude': '40.652587501803', 'longitude': '-73.95054026447', 'human_address': '{""address"": """", ""city"": """", ""state"": """", ""zip"": """"}'}",17,40,820,3116819,East Flatbush-Erasmus,,,997974,177038
PC8762117,2026-09-10T13:01:03.000,Compliance,165,MONROE STREET,11216,Brooklyn,Failed for Rat Activity,3018120074,3,1812,74,40.685281256382,-73.952210581795,"{'latitude': '40.685281256382', 'longitude': '-73.952210581795', 'human_address': '{""address"": """", ""city"": """", ""state"": """", ""zip"": """"}'}",3,36,243,3051083,Bedford-Stuyvesant (West),,Burrows,,
PC8706061,2026-09-10T13:01:46.000,Treatments,1054,PARK PLACE,11213,Brooklyn,Bait applied,3012430027,3,1243,27,40.673005054743,-73.942803167015,"{'latitude': '40.673005054743', 'longitude': '-73.942803167015', 'human_address': '{""address"": """", ""city"": """", ""state"": """", ""zip"": """"}'}",8,36,341,3031649,Crown Heights (North),,,,
PC8774787,2026-09-10T13:02:21.000,Initial,91,1 AVENUE,10003,Manhattan,Failed for Other Reason,1004470031,1,447,31,40.726116123481,-73.986369437742,"{'latitude': '40.726116123481', 'longitude': '-73.986369437742', 'human_address': '{""address"": """", ""city"": """", ""state"": """", ""zip"": """"}'}",3,2,38,1006245,East Village,,Harborage,,
PC8697809,2026-09-10T13:05:56.000,Compliance,2522,ADAM C POWELL BLVD,10039,Manhattan,Failed for Rat Activity,1020320029,1,2032,29,40.822394712339,-73.93853002031,"{'latitude': '40.822394712339', 'longitude': '-73.93853002031', 'human_address': '{""address"": """", ""city"": """", ""state"": """", ""zip"": """"}'}",10,9,234,1060506,Harlem (North),Summons Issued,Burrows,,
PC8774972,2026-09-10T13:06:48.000,Initial,340,EAST 6 STREET,10003,Manhattan,Failed for Rat Activity,1004470026,1,447,26,40.726950662206,-73.987509370108,"{'latitude': '40.726950662206', 'longitude': '-73.987509370108', 'human_address': '{""address"": """", ""city"": """", ""state"": """", ""zip"": """"}'}",3,2,38,1006242,East Village,,Droppings,,
PC8612408,2026-09-10T13:10:14.000,Treatments,305,LINDEN BOULEVARD,11226,Brooklyn,Bait applied,3048530086,3,4853,86,40.652737347867,-73.948017426566,"{'latitude': '40.652737347867', 'longitude': '-73.948017426566', 'human_address': '{""address"": """", ""city"": """", ""state"": """", ""zip"": """"}'}",17,40,818,3108078,East Flatbush-Erasmus,,,998674,177093
PC8774671,2026-09-10T13:15:00.000,Initial,328,EAST 6 STREET,10003,Manhattan,Failed for Other Reason,1004470020,1,447,20,40.727035771777,-73.98771139805,"{'latitude': '40.727035771777', 'longitude': '-73.98771139805', 'human_address': '{""address"": """", ""city"": """", ""state"": """", ""zip"": """"}'}",3,2,38,1006236,East Village,,Harborage,,
PC8655690,2026-09-10T13:16:30.000,Compliance,2575,JEROME AVENUE,10468,Bronx,Failed for Rat Activity and Other Reason,2032010030,2,3201,30,40.865162878495,-73.899208448085,"{'latitude': '40.865162878495', 'longitude': '-73.899208448085', 'human_address': '{""address"": """", ""city"": """", ""state"": """", ""zip"": """"}'}",7,14,265,2014378,University Heights (North)-Fordham,Summons Issued,"Burrows, Harborage",,
PC8762716,2026-09-10T13:17:04.000,Compliance,147,MONROE STREET,11216,Brooklyn,Failed for Rat Activity,3018120084,3,1812,84,40.685221094074,-73.952747867991,"{'latitude': '40.685221094074', 'longitude': '-73.952747867991', 'human_address': '{""address"": """", ""city"": """", ""state"": """", ""zip"": """"}'}",3,36,243,3051093,Bedford-Stuyvesant (West),,Droppings,,
PC8774966,2026-09-10T13:19:15.000,Initial,326,EAST 6 STREET,10003,Manhattan,Failed for Rat Activity and Other Reason,1004470019,1,447,19,40.727049499467,-73.987747474794,"{'latitude': '40.727049499467', 'longitude': '-73.987747474794', 'human_address': '{""address"": """", ""city"": """", ""state"": """", ""zip"": """"}'}",3,2,38,1006235,East Village,,"Droppings, Harborage",,
PC8768903,2026-09-10T13:27:45.000,Initial,345,MADISON STREET,10002,Manhattan,Failed for Rat Activity,1002670024,1,267,24,40.713305840102,-73.982981316656,"{'latitude': '40.713305840102', 'longitude': '-73.982981316656', 'human_address': '{""address"": """", ""city"": """", ""state"": """", ""zip"": """"}'}",3,1,202,1083404,Lower East Side,,Burrows,,
PC8640770,2026-09-10T13:30:00.000,Compliance,216,EAST   85 STREET,10028,Manhattan,Failed for Rat Activity,1015300040,1,1530,40,40.777876598929,-73.953895058697,"{'latitude': '40.777876598929', 'longitude': '-73.953895058697', 'human_address': '{""address"": """", ""city"": """", ""state"": """", ""zip"": """"}'}",8,5,14601,1048751,Upper East Side-Yorkville,Summons Issued,Droppings,997019,222684
PC8726734,2026-09-10T13:30:14.000,Treatments,885,TROY AVENUE,11203,Brooklyn,Bait applied,3048980004,3,4898,4,40.651205243563,-73.936136856925,"{'latitude': '40.651205243563', 'longitude': '-73.936136856925', 'human_address': '{""address"": """", ""city"": """", ""state"": """", ""zip"": """"}'}",17,45,860,3109867,East Flatbush-Rugby,,,1001971,176537
PC8741833,2026-09-10T13:41:00.000,Treatments,1419,8 AVENUE,11215,Brooklyn,Bait applied,3011030001,3,1103,1,40.66256303411,-73.981858918134,"{'latitude': '40.66256303411', 'longitude': '-73.981858918134', 'human_address': '{""address"": """", ""city"": """", ""state"": """", ""zip"": """"}'}",6,39,167,3026582,Park Slope,,,989283,180669
PC8774410,2026-09-10T13:45:06.000,Initial,310,EAST 6 STREET,10003,Manhattan,Failed for Rat Activity,1004470011,1,447,11,40.727164808226,-73.988018048621,"{'latitude': '40.727164808226', 'longitude': '-73.988018048621', 'human_address': '{""address"": """", ""city"": """", ""state"": """", ""zip"": """"}'}",3,2,38,1006228,East Village,,Droppings,,
PC8774782,2026-09-10T13:50:05.000,Initial,306,EAST 6 STREET,10003,Manhattan,Failed for Rat Activity and Other Reason,1004470009,1,447,9,40.727195007792,-73.988086593963,"{'latitude': '40.727195007792', 'longitude': '-73.988086593963', 'human_address': '{""address"": """", ""city"": """", ""state"": """", ""zip"": """"}'}",3,2,38,1077682,East Village,,"Runways, Harborage",,
PC8693012,2026-09-10T13:54:05.000,Treatments,1588,ST JOHN PLACE,11213,Brooklyn,Bait applied,3013860043,3,1386,43,40.670286229444,-73.925826677536,"{'latitude': '40.670286229444', 'longitude': '-73.925826677536', 'human_address': '{""address"": """", ""city"": """", ""state"": """", ""zip"": """"}'}",8,41,35701,3037180,Crown Heights (North),,,1004826,183491
PC8775648,2026-09-10T14:00:34.000,Initial,318,EAST   77 STREET,10075,Manhattan,Failed for Rat Activity,1014510045,1,1451,45,40.771728926998,-73.955361526593,"{'latitude': '40.771728926998', 'longitude': '-73.955361526593', 'human_address': '{""address"": """", ""city"": """", ""state"": """", ""zip"": """"}'}",8,5,134,1045188,Upper East Side-Lenox Hill-Roosevelt Island,,"Droppings, Burrows",996614,220444
PC8679069,2026-09-10T14:07:30.000,Compliance,14,WEST 170 STREET,10452,Bronx,Failed for Rat Activity,2028560029,2,2856,29,40.840415042836,-73.918292406897,"{'latitude': '40.840415042836', 'longitude': '-73.918292406897', 'human_address': '{""address"": """", ""city"": """", ""state"": """", ""zip"": """"}'}",4,16,219,2008292,Mount Eden-Claremont (West),Summons Issued,Burrows,,
PC8678848,2026-09-10T14:18:30.000,Compliance,1460,MACOMBS ROAD,10452,Bronx,Failed for Rat Activity and Other Reason,2028580001,2,2858,1,40.841512539639,-73.917734472803,"{'latitude': '40.841512539639', 'longitude': '-73.917734472803', 'human_address': '{""address"": """", ""city"": """", ""state"": """", ""zip"": """"}'}",4,16,219,2008313,Mount Eden-Claremont (West),Summons Issued,"Droppings, Burrows, Harborage",,
PC8763560,2026-09-10T14:24:30.000,Compliance,58,HIMROD STREET,11221,Brooklyn,Failed for Rat Activity,3032750018,3,3275,18,40.695482314724,-73.924363265092,"{'latitude': '40.695482314724', 'longitude': '-73.924363265092', 'human_address': '{""address"": """", ""city"": """", ""state"": """", ""zip"": """"}'}",4,37,421,3074695,Bushwick (West),,Runways,,
PC8763859,2026-09-10T14:33:30.000,Compliance,56,HIMROD STREET,11221,Brooklyn,Failed for Rat Activity,3032750017,3,3275,17,40.695449398874,-73.924395758496,"{'latitude': '40.695449398874', 'longitude': '-73.924395758496', 'human_address': '{""address"": """", ""city"": """", ""state"": """", ""zip"": """"}'}",4,37,421,3074694,Bushwick (West),,"Droppings, Burrows, Runways",,
PC8777368,2026-09-10T14:35:31.000,Initial,,,10027,Manhattan,Failed for Rat Activity and Other Reason,,1,1982,1,,,,,,,,,,"Burrows, Runways, Rats, Animal Nuisance",,
PC8768106,2026-09-11T07:37:00.000,Stoppage,,,11231,Brooklyn,Stoppage done,,3,595,52,,,,,,,,,,,,
PC8776165,2026-09-11T07:38:00.000,Stoppage,906,GERARD AVENUE,10452,Bronx,Stoppage done,2024760065,2,2476,65,40.828199718546,-73.924511734166,"{'latitude': '40.828199718546', 'longitude': '-73.924511734166', 'human_address': '{""address"": """", ""city"": """", ""state"": """", ""zip"": """"}'}",4,16,195,2002921,Concourse-Concourse Village,,,,
PC8769645,2026-09-11T07:39:00.000,Stoppage,,,10472,Bronx,Stoppage done,,2,3739,31,,,,,,,,,,,,
PC8773845,2026-09-11T07:40:00.000,Stoppage,,,10467,Bronx,Stoppage done,,2,4512,52,,,,,,,,,,,,
PC8722595,2026-09-11T07:40:00.000,Stoppage,1560,PELHAM PARKWAY SOUTH,10461,Bronx,Stoppage done,2042220046,2,4222,46,40.856720446046,-73.841200639703,"{'latitude': '40.856720446046', 'longitude': '-73.841200639703', 'human_address': '{""address"": """", ""city"": """", ""state"": """", ""zip"": """"}'}",11,13,296,2093186,Morris Park,,,,
PC8745448,2026-09-11T08:31:43.000,Treatments,384,LAFAYETTE AVENUE,11238,Brooklyn,Bait applied,3019490006,3,1949,6,40.688871644161,-73.959956981473,"{'latitude': '40.688871644161', 'longitude': '-73.959956981473', 'human_address': '{""address"": """", ""city"": """", ""state"": """", ""zip"": """"}'}",3,36,233,3335009,Bedford-Stuyvesant (West),,,,
PC8564396,2026-09-11T08:47:09.000,Treatments,469,LAFAYETTE AVENUE,11205,Brooklyn,Bait applied,3019420052,3,1942,52,40.689353246591,-73.955928921697,"{'latitude': '40.689353246591', 'longitude': '-73.955928921697', 'human_address': '{""address"": """", ""city"": """", ""state"": """", ""zip"": """"}'}",3,36,233,3334977,Bedford-Stuyvesant (West),,,,
PC8738995,2026-09-11T09:00:14.000,Treatments,470,PENNSYLVANIA AVENUE,11207,Brooklyn,Bait applied,3038050033,3,3805,33,40.66572162555,-73.894302333255,"{'latitude': '40.66572162555', 'longitude': '-73.894302333255', 'human_address': '{""address"": """", ""city"": """", ""state"": """", ""zip"": """"}'}",5,42,1126,3084632,East New York-New Lots,,,1013573,181837
PC8714712,2026-09-11T09:03:28.000,Treatments,472,LAFAYETTE AVENUE,11205,Brooklyn,Bait applied,3019500019,3,1950,19,40.68928753482,-73.956354458877,"{'latitude': '40.68928753482', 'longitude': '-73.956354458877', 'human_address': '{""address"": """", ""city"": """", ""state"": """", ""zip"": """"}'}",3,36,233,3055677,Bedford-Stuyvesant (West),,,,
PC8744140,2026-09-11T09:21:48.000,Treatments,505,LAFAYETTE AVENUE,11205,Brooklyn,Bait applied,3017830095,3,1783,95,40.689563870946,-73.954086170717,"{'latitude': '40.689563870946', 'longitude': '-73.954086170717', 'human_address': '{""address"": """", ""city"": """", ""state"": """", ""zip"": """"}'}",3,36,241,3049762,Bedford-Stuyvesant (West),,,,
PC8681541,2026-09-11T09:27:49.000,Treatments,601,EAST 180 STREET,10457,Bronx,Bait applied,2030700001,2,3070,1,40.849387250727,-73.891374321016,"{'latitude': '40.849387250727', 'longitude': '-73.891374321016', 'human_address': '{""address"": """", ""city"": """", ""state"": """", ""zip"": """"}'}",6,15,373,2012024,Tremont,,,,
PC8746245,2026-09-11T09:30:46.000,Treatments,2541,AQUEDUCT AVENUE WEST,10468,Bronx,Bait applied,2032140082,2,3214,82,40.865686716121,-73.901912031194,"{'latitude': '40.865686716121', 'longitude': '-73.901912031194', 'human_address': '{""address"": """", ""city"": """", ""state"": """", ""zip"": """"}'}",7,14,265,2014667,University Heights (North)-Fordham,,,,
PC8758674,2026-09-11T09:37:00.000,Treatments,101,GREENE AVENUE,11238,Brooklyn,Bait applied,3019430044,3,1943,44,40.686420438329,-73.96834176279,"{'latitude': '40.686420438329', 'longitude': '-73.96834176279', 'human_address': '{""address"": """", ""city"": """", ""state"": """", ""zip"": """"}'}",2,35,197,3055466,Clinton Hill,,,993030,189362
PC8728080,2026-09-11T09:37:56.000,Treatments,562,LAFAYETTE AVENUE,11205,Brooklyn,Bait applied,3017880042,3,1788,42,40.689703300361,-73.952723043977,"{'latitude': '40.689703300361', 'longitude': '-73.952723043977', 'human_address': '{""address"": """", ""city"": """", ""state"": """", ""zip"": """"}'}",3,36,243,3049884,Bedford-Stuyvesant (West),,,997361,190561
PC8669117,2026-09-11T09:42:42.000,Treatments,1997,HUGHES AVENUE,10457,Bronx,Bait applied,2030680081,2,3068,81,40.847059919655,-73.89159138967,"{'latitude': '40.847059919655', 'longitude': '-73.89159138967', 'human_address': '{""address"": """", ""city"": """", ""state"": """", ""zip"": """"}'}",6,15,373,2011983,Tremont,,,,
PC8663008,2026-09-11T09:45:03.000,Treatments,1194,SHERMAN AVENUE,10456,Bronx,Bait applied,2024520051,2,2452,51,40.833222324531,-73.916205322477,"{'latitude': '40.833222324531', 'longitude': '-73.916205322477', 'human_address': '{""address"": """", ""city"": """", ""state"": """", ""zip"": """"}'}",4,16,18101,2002664,Concourse-Concourse Village,,,,
PC8637461,2026-09-11T09:53:17.000,Treatments,642,LAFAYETTE AVENUE,11216,Brooklyn,Bait applied,3017890035,3,1789,35,40.690110764525,-73.949199767577,"{'latitude': '40.690110764525', 'longitude': '-73.949199767577', 'human_address': '{""address"": """", ""city"": """", ""state"": """", ""zip"": """"}'}",3,36,251,3049954,Bedford-Stuyvesant (West),,,,
PC8740420,2026-09-11T09:57:45.000,Treatments,766,EAST  179 STREET,10460,Bronx,Bait applied,2031060116,2,3106,116,40.845587608158,-73.887556529882,"{'latitude': '40.845587608158', 'longitude': '-73.887556529882', 'human_address': '{""address"": """", ""city"": """", ""state"": """", ""zip"": """"}'}",6,15,371,2099531,Tremont,,,1015360,247370
PC8624017,2026-09-11T10:00:23.000,Treatments,2605,GRAND AVENUE,10468,Bronx,Bait applied,2032150151,2,3215,151,40.866829816835,-73.90022549517,"{'latitude': '40.866829816835', 'longitude': '-73.90022549517', 'human_address': '{""address"": """", ""city"": """", ""state"": """", ""zip"": """"}'}",7,14,265,2115310,University Heights (North)-Fordham,,,,
PC8637325,2026-09-11T10:10:27.000,Treatments,652,LAFAYETTE AVENUE,11216,Brooklyn,Bait applied,3017897504,3,1789,7504,40.690165446459,-73.948720137648,"{'latitude': '40.690165446459', 'longitude': '-73.948720137648', 'human_address': '{""address"": """", ""city"": """", ""state"": """", ""zip"": """"}'}",3,36,251,3049958,Bedford-Stuyvesant (West),,,,
PC8682587,2026-09-11T10:12:44.000,Treatments,2373,PROSPECT AVENUE,10458,Bronx,Bait applied,2031020032,2,3102,32,40.85357824893,-73.88277863439,"{'latitude': '40.85357824893', 'longitude': '-73.88277863439', 'human_address': '{""address"": """", ""city"": """", ""state"": """", ""zip"": """"}'}",6,15,393,2012838,Belmont,,,,
PC8718594,2026-09-11T10:13:15.000,Treatments,2325,UNIVERSITY AVENUE,10468,Bronx,Bait applied,2032180052,2,3218,52,40.861208261763,-73.906336481408,"{'latitude': '40.861208261763', 'longitude': '-73.906336481408', 'human_address': '{""address"": """", ""city"": """", ""state"": """", ""zip"": """"}'}",7,14,255,2014743,University Heights (North)-Fordham,,,,
PC8718682,2026-09-11T10:25:13.000,Treatments,2305,UNIVERSITY AVENUE,10468,Bronx,Bait applied,2032180058,2,3218,58,40.860917532411,-73.906597188345,"{'latitude': '40.860917532411', 'longitude': '-73.906597188345', 'human_address': '{""address"": """", ""city"": """", ""state"": """", ""zip"": """"}'}",7,14,255,2014745,University Heights (North)-Fordham,,,,
PC8683008,2026-09-11T10:27:46.000,Treatments,2344,CROTONA AVENUE,10458,Bronx,Bait applied,2031020019,2,3102,19,40.852822107337,-73.884164433007,"{'latitude': '40.852822107337', 'longitude': '-73.884164433007', 'human_address': '{""address"": """", ""city"": """", ""state"": """", ""zip"": """"}'}",6,15,393,2012830,Belmont,,,,
PC8748848,2026-09-11T10:30:03.000,Treatments,917,SHERIDAN AVENUE,10451,Bronx,Bait applied,2024610022,2,2461,22,40.827916916839,-73.920309648395,"{'latitude': '40.827916916839', 'longitude': '-73.920309648395', 'human_address': '{""address"": """", ""city"": """", ""state"": """", ""zip"": """"}'}",4,16,18301,2002811,Concourse-Concourse Village,,,1006304,240922
PC8419391,2026-09-11T10:30:14.000,Treatments,567,Midwood Street,11203,Brooklyn,Bait applied,3047990063,3,4799,63,40.660655840839,-73.941894693685,"{'latitude': '40.660655840839', 'longitude': '-73.941894693685', 'human_address': '{""address"": """", ""city"": """", ""state"": """", ""zip"": """"}'}",9,40,806,3106850,Prospect Lefferts Gardens-Wingate,,,,
PC8757780,2026-09-11T10:30:27.000,Treatments,257,MADISON STREET,11216,Brooklyn,Bait applied,3018180064,3,1818,64,40.684947583671,-73.948615996444,"{'latitude': '40.684947583671', 'longitude': '-73.948615996444', 'human_address': '{""address"": """", ""city"": """", ""state"": """", ""zip"": """"}'}",3,36,249,3051425,Bedford-Stuyvesant (West),,,,
PC8748245,2026-09-11T10:38:37.000,Treatments,2285,SEDGWICK AVENUE,10468,Bronx,Bait applied,2032340049,2,3234,49,40.86152662745,-73.90973798539,"{'latitude': '40.86152662745', 'longitude': '-73.90973798539', 'human_address': '{""address"": """", ""city"": """", ""state"": """", ""zip"": """"}'}",7,14,257,2015102,University Heights (North)-Fordham,,,,
PC8745240,2026-09-11T10:42:00.000,Treatments,480,GREENE AVENUE,11216,Brooklyn,Bait applied,3017970051,3,1797,51,40.688289439428,-73.951995673909,"{'latitude': '40.688289439428', 'longitude': '-73.951995673909', 'human_address': '{""address"": """", ""city"": """", ""state"": """", ""zip"": """"}'}",3,36,243,3050366,Bedford-Stuyvesant (West),,,,
PC8682750,2026-09-11T10:42:56.000,Treatments,2307,CROTONA AVENUE,10458,Bronx,Bait applied,2031030056,2,3103,56,40.852281693912,-73.884461787347,"{'latitude': '40.852281693912', 'longitude': '-73.884461787347', 'human_address': '{""address"": """", ""city"": """", ""state"": """", ""zip"": """"}'}",6,15,391,2118364,Belmont,,,,
PC8758051,2026-09-11T10:44:48.000,Treatments,257A,MADISON STREET,11216,Brooklyn,Bait applied,3018180063,3,1818,63,40.684947583671,-73.948615996444,"{'latitude': '40.684947583671', 'longitude': '-73.948615996444', 'human_address': '{""address"": """", ""city"": """", ""state"": """", ""zip"": """"}'}",3,36,249,3051424,Bedford-Stuyvesant (West),,,,
PC8748246,2026-09-11T10:49:03.000,Treatments,2297,SEDGWICK AVENUE,10468,Bronx,Bait applied,2032340057,2,3234,57,40.861729592379,-73.909553330337,"{'latitude': '40.861729592379', 'longitude': '-73.909553330337', 'human_address': '{""address"": """", ""city"": """", ""state"": """", ""zip"": """"}'}",7,14,257,2015104,University Heights (North)-Fordham,,,,
PC8670809,2026-09-11T10:57:35.000,Treatments,693,EAST 189 STREET,10458,Bronx,Bait applied,2030910095,2,3091,95,40.856128808217,-73.883468194259,"{'latitude': '40.856128808217', 'longitude': '-73.883468194259', 'human_address': '{""address"": """", ""city"": """", ""state"": """", ""zip"": """"}'}",6,15,389,2012604,Belmont,,,,
PC8757917,2026-09-11T11:00:45.000,Treatments,271,MADISON STREET,11216,Brooklyn,Bait applied,3018180055,3,1818,55,40.684999533085,-73.948168856254,"{'latitude': '40.684999533085', 'longitude': '-73.948168856254', 'human_address': '{""address"": """", ""city"": """", ""state"": """", ""zip"": """"}'}",3,36,249,3051416,Bedford-Stuyvesant (West),,,,
PC8718878,2026-09-11T11:02:08.000,Treatments,2450,DAVIDSON AVENUE,10468,Bronx,Bait applied,2032000001,2,3200,1,40.862928435138,-73.902114958374,"{'latitude': '40.862928435138', 'longitude': '-73.902114958374', 'human_address': '{""address"": """", ""city"": """", ""state"": """", ""zip"": """"}'}",7,14,265,2014355,University Heights (North)-Fordham,,,,
PC8730458,2026-09-11T11:15:03.000,Treatments,125,EAST 168 STREET,10452,Bronx,Bait applied,2024660044,2,2466,44,40.836237209734,-73.91781329847,"{'latitude': '40.836237209734', 'longitude': '-73.91781329847', 'human_address': '{""address"": """", ""city"": """", ""state"": """", ""zip"": """"}'}",4,16,22102,2002864,Mount Eden-Claremont (West),,,,
PC8679336,2026-09-11T11:16:54.000,Treatments,369A,MADISON STREET,11221,Brooklyn,Bait applied,3018200072,3,1820,72,40.685548967512,-73.943380091019,"{'latitude': '40.685548967512', 'longitude': '-73.943380091019', 'human_address': '{""address"": """", ""city"": """", ""state"": """", ""zip"": """"}'}",3,36,265,3051533,Bedford-Stuyvesant (West),,,,
PC8718649,2026-09-11T11:24:19.000,Treatments,283,EAST KINGSBRIDGE RD,10458,Bronx,Bait applied,2032930104,2,3293,104,40.863547247315,-73.894228933389,"{'latitude': '40.863547247315', 'longitude': '-73.894228933389', 'human_address': '{""address"": """", ""city"": """", ""state"": """", ""zip"": """"}'}",7,15,39901,2016815,University Heights (North)-Fordham,,,,
PC8612259,2026-09-11T11:36:37.000,Treatments,196,EAST 205 STREET,10458,Bronx,Bait applied,2033110119,2,3311,119,40.874964054666,-73.884364365496,"{'latitude': '40.874964054666', 'longitude': '-73.884364365496', 'human_address': '{""address"": """", ""city"": """", ""state"": """", ""zip"": """"}'}",7,11,413,2017356,Bedford Park,,,,
PC8681515,2026-09-11T11:38:58.000,Treatments,2378,WEBSTER AVENUE,10458,Bronx,Bait applied,2030310036,2,3031,36,40.858118288928,-73.894360512977,"{'latitude': '40.858118288928', 'longitude': '-73.894360512977', 'human_address': '{""address"": """", ""city"": """", ""state"": """", ""zip"": """"}'}",6,15,38304,2011196,Belmont,,,,
PC8711233,2026-09-11T11:41:00.000,Treatments,770A,GREENE AVENUE,11221,Brooklyn,Bait applied,3016190031,3,1619,31,40.689940376261,-73.937646550909,"{'latitude': '40.689940376261', 'longitude': '-73.937646550909', 'human_address': '{""address"": """", ""city"": """", ""state"": """", ""zip"": """"}'}",3,36,279,3043969,Bedford-Stuyvesant (East),,,,
PC8673396,2026-09-11T11:55:03.000,Treatments,950,WOODYCREST AVENUE,10452,Bronx,Bait applied,2025070001,2,2507,1,40.831372726197,-73.92895285886,"{'latitude': '40.831372726197', 'longitude': '-73.92895285886', 'human_address': '{""address"": """", ""city"": """", ""state"": """", ""zip"": """"}'}",4,16,189,2003113,Highbridge,,,1003911,242179
PC8711690,2026-09-11T11:56:00.000,Treatments,824,GREENE AVENUE,11221,Brooklyn,Bait applied,3016200023,3,1620,23,40.690224452313,-73.935158193112,"{'latitude': '40.690224452313', 'longitude': '-73.935158193112', 'human_address': '{""address"": """", ""city"": """", ""state"": """", ""zip"": """"}'}",3,36,291,3044036,Bedford-Stuyvesant (East),,,,
PC8653617,2026-09-11T12:01:26.000,Treatments,311,BEDFORD PARK BOULEVARD,10458,Bronx,Bait applied,2032920062,2,3292,62,40.869865130531,-73.885143412939,"{'latitude': '40.869865130531', 'longitude': '-73.885143412939', 'human_address': '{""address"": """", ""city"": """", ""state"": """", ""zip"": """"}'}",7,11,415,2016747,Bedford Park,,,,
PC8747163,2026-09-11T12:03:51.000,Treatments,4262,3 AVENUE,10457,Bronx,Bait applied,2030610001,2,3061,1,40.848032406757,-73.895471791536,"{'latitude': '40.848032406757', 'longitude': '-73.895471791536', 'human_address': '{""address"": """", ""city"": """", ""state"": """", ""zip"": """"}'}",6,15,37504,2011830,Tremont,,,,
PC8612161,2026-09-11T12:13:33.000,Treatments,251,BEDFORD PARK BLVD,10458,Bronx,Bait applied,2033030041,2,3303,41,40.870953323829,-73.886432355828,"{'latitude': '40.870953323829', 'longitude': '-73.886432355828', 'human_address': '{""address"": """", ""city"": """", ""state"": """", ""zip"": """"}'}",7,11,413,2017128,Bedford Park,,,,
PC8572131,2026-09-11T12:15:03.000,Treatments,946,ANDERSON AVENUE,10452,Bronx,Bait applied,2025040053,2,2504,53,40.830834276678,-73.928180130097,"{'latitude': '40.830834276678', 'longitude': '-73.928180130097', 'human_address': '{""address"": """", ""city"": """", ""state"": """", ""zip"": """"}'}",4,16,189,2003036,Highbridge,,,1004125,241983
PC8738276,2026-09-11T12:18:25.000,Treatments,657,CROTONA PARK NORTH,10457,Bronx,Bait applied,2029440005,2,2944,5,40.842413017108,-73.894472290139,"{'latitude': '40.842413017108', 'longitude': '-73.894472290139', 'human_address': '{""address"": """", ""city"": """", ""state"": """", ""zip"": """"}'}",6,15,36902,2009890,Tremont,,,1013389,246256
PC8612283,2026-09-11T12:24:05.000,Treatments,233,EAST 198 STREET,10458,Bronx,Bait applied,2033020001,2,3302,1,40.869408471621,-73.889692736794,"{'latitude': '40.869408471621', 'longitude': '-73.889692736794', 'human_address': '{""address"": """", ""city"": """", ""state"": """", ""zip"": """"}'}",7,15,40702,2094736,Bedford Park,,,,
PC8647083,2026-09-11T12:35:03.000,Treatments,1277,SHAKESPEARE AVENUE,10452,Bronx,Bait applied,2025170035,2,2517,35,40.839136275548,-73.922663348364,"{'latitude': '40.839136275548', 'longitude': '-73.922663348364', 'human_address': '{""address"": """", ""city"": """", ""state"": """", ""zip"": """"}'}",4,16,211,2003311,Highbridge,,,1005649,245009
PC8595634,2026-09-11T12:36:11.000,Treatments,357,EAST 193 STREET,10458,Bronx,Bait applied,2032760035,2,3276,35,40.863201184715,-73.891047981265,"{'latitude': '40.863201184715', 'longitude': '-73.891047981265', 'human_address': '{""address"": """", ""city"": """", ""state"": """", ""zip"": """"}'}",7,15,39901,2016343,University Heights (North)-Fordham,,,,
PC8612015,2026-09-11T12:49:00.000,Treatments,2934,VALENTINE AVENUE,10458,Bronx,Bait applied,2032970039,2,3297,39,40.871044775041,-73.887321679586,"{'latitude': '40.871044775041', 'longitude': '-73.887321679586', 'human_address': '{""address"": """", ""city"": """", ""state"": """", ""zip"": """"}'}",7,11,40702,2016943,Bedford Park,,,,
PC8455412,2026-09-11T12:50:03.000,Treatments,1360,OGDEN AVENUE,10452,Bronx,Bait applied,2025220043,2,2522,43,40.841838370654,-73.924579324235,"{'latitude': '40.841838370654', 'longitude': '-73.924579324235', 'human_address': '{""address"": """", ""city"": """", ""state"": """", ""zip"": """"}'}",4,16,211,2003376,Highbridge,,,,
PC8495320,2026-09-11T13:00:00.000,Treatments,621,CROWN STREET,11213,Brooklyn,Bait applied,3014120050,3,1412,50,40.665586097586,-73.937871262266,"{'latitude': '40.665586097586', 'longitude': '-73.937871262266', 'human_address': '{""address"": """", ""city"": """", ""state"": """", ""zip"": """"}'}",9,35,333,3038028,Crown Heights (South),,,,
PC8712069,2026-09-11T13:08:00.000,Treatments,903,GREENE AVENUE,11221,Brooklyn,Bait applied,3016160065,3,1616,65,40.690650572814,-73.931605914022,"{'latitude': '40.690650572814', 'longitude': '-73.931605914022', 'human_address': '{""address"": """", ""city"": """", ""state"": """", ""zip"": """"}'}",3,36,291,3043831,Bedford-Stuyvesant (East),,,,
PC8495290,2026-09-11T13:10:00.000,Treatments,615,CROWN STREET,11213,Brooklyn,Bait applied,3014120057,3,1412,57,40.665594415845,-73.938026251965,"{'latitude': '40.665594415845', 'longitude': '-73.938026251965', 'human_address': '{""address"": """", ""city"": """", ""state"": """", ""zip"": """"}'}",9,35,333,3038029,Crown Heights (South),,,,
PC8683820,2026-09-11T13:20:00.000,Treatments,556,CROWN STREET,11213,Brooklyn,Bait applied,3013000037,3,1300,37,40.665705465075,-73.940397974181,"{'latitude': '40.665705465075', 'longitude': '-73.940397974181', 'human_address': '{""address"": """", ""city"": """", ""state"": """", ""zip"": """"}'}",9,35,333,3034334,Crown Heights (South),,,,
PC8745434,2026-09-11T13:22:00.000,Treatments,977,GREENE AVENUE,11221,Brooklyn,Bait applied,3016170048,3,1617,48,40.691019152983,-73.928389007015,"{'latitude': '40.691019152983', 'longitude': '-73.928389007015', 'human_address': '{""address"": """", ""city"": """", ""state"": """", ""zip"": """"}'}",3,36,387,3043895,Bedford-Stuyvesant (East),,,,
PC8744901,2026-09-11T13:33:09.000,Treatments,727,LAFAYETTE AVENUE,11221,Brooklyn,Bait applied,3017860060,3,1786,60,40.69072043732,-73.944021148751,"{'latitude': '40.69072043732', 'longitude': '-73.944021148751', 'human_address': '{""address"": """", ""city"": """", ""state"": """", ""zip"": """"}'}",3,36,261,3000000,Bedford-Stuyvesant (West),,,,
PC8293204,2026-09-11T13:40:14.000,Treatments,576,MONTGOMERY STREET,11225,Brooklyn,Bait applied,3013100040,3,1310,40,40.665118109365,-73.945989183666,"{'latitude': '40.665118109365', 'longitude': '-73.945989183666', 'human_address': '{""address"": """", ""city"": """", ""state"": """", ""zip"": """"}'}",9,35,331,3034588,Crown Heights (South),,,,
PC8745098,2026-09-11T13:44:00.000,Treatments,981,GREENE AVENUE,11221,Brooklyn,Bait applied,3016170046,3,1617,46,40.69103554271,-73.928262780274,"{'latitude': '40.69103554271', 'longitude': '-73.928262780274', 'human_address': '{""address"": """", ""city"": """", ""state"": """", ""zip"": """"}'}",3,36,387,3043893,Bedford-Stuyvesant (East),,,,
PC8683703,2026-09-11T13:46:05.000,Treatments,735,LAFAYETTE AVENUE,11221,Brooklyn,Bait applied,3017867504,3,1786,7504,40.690747768588,-73.943783132531,"{'latitude': '40.690747768588', 'longitude': '-73.943783132531', 'human_address': '{""address"": """", ""city"": """", ""state"": """", ""zip"": """"}'}",3,36,261,3049840,Bedford-Stuyvesant (West),,,,
PC8727737,2026-09-11T13:59:30.000,Treatments,765,LAFAYETTE AVENUE,11221,Brooklyn,Bait applied,3017870001,3,1787,1,40.690941807469,-73.942095375316,"{'latitude': '40.690941807469', 'longitude': '-73.942095375316', 'human_address': '{""address"": """", ""city"": """", ""state"": """", ""zip"": """"}'}",3,36,281,3348295,Bedford-Stuyvesant (East),,,1000308,191013
PC8729741,2026-09-11T14:10:00.000,Treatments,1115,GREENE AVENUE,11221,Brooklyn,Bait applied,3032840032,3,3284,32,40.693697840669,-73.92380274282,"{'latitude': '40.693697840669', 'longitude': '-73.92380274282', 'human_address': '{""address"": """", ""city"": """", ""state"": """", ""zip"": """"}'}",4,37,395,3074998,Bushwick (East),,,,
