job_id,inspection_date,inspection_type,house_number,street_name,zip_code,borough,result,observations,bbl,boro_code,block,lot,latitude,longitude,location,community_board,council_district,census_tract,bin,nta,letter_type,x_coord,y_coord
PC8772847,2026-09-14T08:06:39.000,Initial,347,EVERGREEN AVENUE,11221,Brooklyn,Failed for Rat Activity,Droppings,3032960003,3,3296,3,40.693702775955,-73.922973329918,"{'latitude': '40.693702775955', 'longitude': '-73.922973329918', 'human_address': '{""address"": """", ""city"": """", ""state"": """", ""zip"": """"}'}",4,37,419,3075353,Bushwick (East),,,
PC8771991,2026-09-14T08:07:57.000,Initial,216,STANHOPE STREET,11237,Brooklyn,Failed for Rat Activity,Droppings,3032690010,3,3269,10,40.700576771048,-73.920538188184,"{'latitude': '40.700576771048', 'longitude': '-73.920538188184', 'human_address': '{""address"": """", ""city"": """", ""state"": """", ""zip"": """"}'}",4,37,431,3074476,Bushwick (West),,,
PC8771794,2026-09-14T08:10:57.000,Initial,218,STANHOPE STREET,11237,Brooklyn,Failed for Rat Activity,Droppings,3032690011,3,3269,11,40.700609683292,-73.920502083868,"{'latitude': '40.700609683292', 'longitude': '-73.920502083868', 'human_address': '{""address"": """", ""city"": """", ""state"": """", ""zip"": """"}'}",4,37,431,3074477,Bushwick (West),,,
PC8772940,2026-09-14T08:12:57.000,Initial,220,STANHOPE STREET,11237,Brooklyn,Failed for Rat Activity,Droppings,3032690012,3,3269,12,40.700645342797,-73.920469582722,"{'latitude': '40.700645342797', 'longitude': '-73.920469582722', 'human_address': '{""address"": """", ""city"": """", ""state"": """", ""zip"": """"}'}",4,37,431,3325641,Bushwick (West),,,
PC8771573,2026-09-14T08:14:57.000,Initial,222,STANHOPE STREET,11237,Brooklyn,Failed for Rat Activity,Droppings,3032690013,3,3269,13,40.700680999789,-73.920433475046,"{'latitude': '40.700680999789', 'longitude': '-73.920433475046', 'human_address': '{""address"": """", ""city"": """", ""state"": """", ""zip"": """"}'}",4,37,431,3074478,Bushwick (West),,,
PC8749566,2026-09-14T08:15:32.000,Compliance,1672,GATES AVENUE,11385,Queens,Failed for Rat Activity,Burrows,4034480017,4,3448,17,40.701524299041,-73.910171848538,"{'latitude': '40.701524299041', 'longitude': '-73.910171848538', 'human_address': '{""address"": """", ""city"": """", ""state"": """", ""zip"": """"}'}",5,34,549,4082370,Ridgewood,Summons Issued,,
PC8772010,2026-09-14T08:15:43.000,Initial,15,LINDEN STREET,11221,Brooklyn,Failed for Rat Activity,"Droppings, Burrows, Runways",3033210151,3,3321,151,40.69039490482,-73.922353338529,"{'latitude': '40.69039490482', 'longitude': '-73.922353338529', 'human_address': '{""address"": """", ""city"": """", ""state"": """", ""zip"": """"}'}",4,37,397,3076058,Bushwick (East),,,
PC8771785,2026-09-14T08:19:46.000,Initial,17,LINDEN STREET,11221,Brooklyn,Failed for Rat Activity,Burrows,3033210050,3,3321,50,40.690433307203,-73.922317234227,"{'latitude': '40.690433307203', 'longitude': '-73.922317234227', 'human_address': '{""address"": """", ""city"": """", ""state"": """", ""zip"": """"}'}",4,37,397,3076056,Bushwick (East),,,
PC8772872,2026-09-14T08:21:09.000,Initial,19,LINDEN STREET,11221,Brooklyn,Failed for Rat Activity,Runways,3033210049,3,3321,49,40.690471709575,-73.922281129883,"{'latitude': '40.690471709575', 'longitude': '-73.922281129883', 'human_address': '{""address"": """", ""city"": """", ""state"": """", ""zip"": """"}'}",4,37,397,3076055,Bushwick (East),,,
PC8772083,2026-09-14T08:21:57.000,Initial,232,STANHOPE STREET,11237,Brooklyn,Failed for Rat Activity,Droppings,3032690018,3,3269,18,40.700853802563,-73.92026376219,"{'latitude': '40.700853802563', 'longitude': '-73.92026376219', 'human_address': '{""address"": """", ""city"": """", ""state"": """", ""zip"": """"}'}",4,37,431,3074483,Bushwick (West),,,
PC8775960,2026-09-14T08:24:42.000,Initial,154,LUDLOW STREET,10002,Manhattan,Failed for Rat Activity,Burrows,1004110050,1,411,50,40.720876539058,-73.987936208866,"{'latitude': '40.720876539058', 'longitude': '-73.987936208866', 'human_address': '{""address"": """", ""city"": """", ""state"": """", ""zip"": """"}'}",3,1,3001,1079699,Lower East Side,COTA,,
PC8771583,2026-09-14T08:28:21.000,Initial,27,LINDEN STREET,11221,Brooklyn,Failed for Rat Activity,Runways,3033210045,3,3321,45,40.690619829402,-73.922136718525,"{'latitude': '40.690619829402', 'longitude': '-73.922136718525', 'human_address': '{""address"": """", ""city"": """", ""state"": """", ""zip"": """"}'}",4,37,397,3076051,Bushwick (East),,,
PC8749655,2026-09-14T08:28:32.000,Compliance,1674,GATES AVENUE,11385,Queens,Failed for Rat Activity,"Droppings, Burrows",4034480019,4,3448,19,40.701557210845,-73.910139345111,"{'latitude': '40.701557210845', 'longitude': '-73.910139345111', 'human_address': '{""address"": """", ""city"": """", ""state"": """", ""zip"": """"}'}",5,34,549,4082371,Ridgewood,Summons Issued,,
PC8772942,2026-09-14T08:31:57.000,Initial,246,STANHOPE STREET,11237,Brooklyn,Failed for Rat Activity,Burrows,3032690025,3,3269,25,40.701095176565,-73.920025442065,"{'latitude': '40.701095176565', 'longitude': '-73.920025442065', 'human_address': '{""address"": """", ""city"": """", ""state"": """", ""zip"": """"}'}",4,37,431,3074490,Bushwick (West),,,
PC8771798,2026-09-14T08:32:39.000,Initial,1188,GREENE AVENUE,11221,Brooklyn,Failed for Rat Activity,Droppings,3032960026,3,3296,26,40.694995247444,-73.922503026453,"{'latitude': '40.694995247444', 'longitude': '-73.922503026453', 'human_address': '{""address"": """", ""city"": """", ""state"": """", ""zip"": """"}'}",4,37,419,3075365,Bushwick (East),,,
PC8772662,2026-09-14T08:34:39.000,Initial,1190,GREENE AVENUE,11221,Brooklyn,Failed for Rat Activity,"Droppings, Burrows",3032960027,3,3296,27,40.695028160319,-73.922466926145,"{'latitude': '40.695028160319', 'longitude': '-73.922466926145', 'human_address': '{""address"": """", ""city"": """", ""state"": """", ""zip"": """"}'}",4,37,419,3075366,Bushwick (East),,,
PC8771359,2026-09-14T08:35:18.000,Initial,35,LINDEN STREET,11221,Brooklyn,Failed for Rat Activity,Droppings,3033210041,3,3321,41,40.690767949047,-73.921992306523,"{'latitude': '40.690767949047', 'longitude': '-73.921992306523', 'human_address': '{""address"": """", ""city"": """", ""state"": """", ""zip"": """"}'}",4,37,397,3076047,Bushwick (East),,,
PC8772465,2026-09-14T08:35:39.000,Initial,1192,GREENE AVENUE,11221,Brooklyn,Failed for Rat Activity,Droppings,3032960028,3,3296,28,40.695063820395,-73.922434428785,"{'latitude': '40.695063820395', 'longitude': '-73.922434428785', 'human_address': '{""address"": """", ""city"": """", ""state"": """", ""zip"": """"}'}",4,37,419,3075367,Bushwick (East),,,
PC8771386,2026-09-14T08:37:39.000,Initial,1194,GREENE AVENUE,11221,Brooklyn,Failed for Rat Activity,Droppings,3032960029,3,3296,29,40.695096735689,-73.922401934597,"{'latitude': '40.695096735689', 'longitude': '-73.922401934597', 'human_address': '{""address"": """", ""city"": """", ""state"": """", ""zip"": """"}'}",4,37,419,3075368,Bushwick (East),,,
PC8490614,2026-09-14T08:40:00.000,Treatments,1474,PACIFIC STREET,11213,Brooklyn,Bait applied,,3012100013,3,1210,13,40.677143111803,-73.940704972131,"{'latitude': '40.677143111803', 'longitude': '-73.940704972131', 'human_address': '{""address"": """", ""city"": """", ""state"": """", ""zip"": """"}'}",8,36,311,3030194,Crown Heights (North),,1000697,185986
PC8771757,2026-09-14T08:41:39.000,Initial,1198,GREENE AVENUE,11221,Brooklyn,Failed for Rat Activity,Droppings,3032960031,3,3296,31,40.69516256625,-73.922336946124,"{'latitude': '40.69516256625', 'longitude': '-73.922336946124', 'human_address': '{""address"": """", ""city"": """", ""state"": """", ""zip"": """"}'}",4,37,419,3075370,Bushwick (East),,,
PC8749519,2026-09-14T08:42:32.000,Compliance,1678,GATES AVENUE,11385,Queens,Failed for Rat Activity,Droppings,4034480023,4,3448,23,40.701623031596,-73.910070731616,"{'latitude': '40.701623031596', 'longitude': '-73.910070731616', 'human_address': '{""address"": """", ""city"": """", ""state"": """", ""zip"": """"}'}",5,34,549,4082373,Ridgewood,Summons Issued,,
PC8772935,2026-09-14T08:42:39.000,Initial,1200,GREENE AVENUE,11221,Brooklyn,Failed for Rat Activity,Droppings,3032960032,3,3296,32,40.695198226288,-73.922304448628,"{'latitude': '40.695198226288', 'longitude': '-73.922304448628', 'human_address': '{""address"": """", ""city"": """", ""state"": """", ""zip"": """"}'}",4,37,419,3075371,Bushwick (East),,,
PC8772755,2026-09-14T08:44:39.000,Initial,1204,GREENE AVENUE,11221,Brooklyn,Failed for Rat Activity,Burrows,3032960034,3,3296,34,40.695264056794,-73.92223945996,"{'latitude': '40.695264056794', 'longitude': '-73.92223945996', 'human_address': '{""address"": """", ""city"": """", ""state"": """", ""zip"": """"}'}",4,37,419,3075373,Bushwick (East),,,
PC8772468,2026-09-14T08:52:08.000,Initial,1008,BUSHWICK AVENUE,11221,Brooklyn,Failed for Rat Activity,Droppings,3033210027,3,3321,27,40.691638005005,-73.921937194581,"{'latitude': '40.691638005005', 'longitude': '-73.921937194581', 'human_address': '{""address"": """", ""city"": """", ""state"": """", ""zip"": """"}'}",4,37,397,3076035,Bushwick (East),,,
PC8772774,2026-09-14T08:52:57.000,Initial,255,HIMROD STREET,11237,Brooklyn,Failed for Other Reason,Harborage,3032690041,3,3269,41,40.700702141106,-73.91926494416,"{'latitude': '40.700702141106', 'longitude': '-73.91926494416', 'human_address': '{""address"": """", ""city"": """", ""state"": """", ""zip"": """"}'}",4,37,431,3074504,Bushwick (West),,,
PC8729553,2026-09-14T08:54:23.000,Treatments,233,WEST 113 STREET,10026,Manhattan,Bait applied,,1018290021,1,1829,21,40.801638254482,-73.954759862155,"{'latitude': '40.801638254482', 'longitude': '-73.954759862155', 'human_address': '{""address"": """", ""city"": """", ""state"": """", ""zip"": """"}'}",10,9,216,1055151,Harlem (South),,,
PC8771356,2026-09-14T08:54:37.000,Initial,1214,GREENE AVENUE,11221,Brooklyn,Failed for Rat Activity,Droppings,3032960041,3,3296,41,40.695431375215,-73.922073378295,"{'latitude': '40.695431375215', 'longitude': '-73.922073378295', 'human_address': '{""address"": """", ""city"": """", ""state"": """", ""zip"": """"}'}",4,37,419,3426531,Bushwick (East),,,
PC8772242,2026-09-14T08:55:37.000,Initial,1218,GREENE AVENUE,11221,Brooklyn,Failed for Rat Activity,Droppings,3032960043,3,3296,43,40.69549995036,-73.922008385946,"{'latitude': '40.69549995036', 'longitude': '-73.922008385946', 'human_address': '{""address"": """", ""city"": """", ""state"": """", ""zip"": """"}'}",4,37,419,3075380,Bushwick (East),,,
PC8771513,2026-09-14T08:56:34.000,Initial,1002,BUSHWICK AVENUE,11221,Brooklyn,Failed for Rat Activity and Other Reason,"Droppings, Garbage",3033210020,3,3321,20,40.691714946945,-73.922066920532,"{'latitude': '40.691714946945', 'longitude': '-73.922066920532', 'human_address': '{""address"": """", ""city"": """", ""state"": """", ""zip"": """"}'}",4,37,397,3076033,Bushwick (East),,,
PC8767715,2026-09-14T09:00:05.000,Compliance,1762,1 AVENUE,10128,Manhattan,Failed for Rat Activity and Other Reason,"Burrows, Harborage",1015710004,1,1571,4,40.780294432412,-73.946863101423,"{'latitude': '40.780294432412', 'longitude': '-73.946863101423', 'human_address': '{""address"": """", ""city"": """", ""state"": """", ""zip"": """"}'}",8,5,152,1050749,Upper East Side-Yorkville,,,
PC8673001,2026-09-14T09:00:10.000,Treatments,1440,BOSTON ROAD,10460,Bronx,Bait applied,,2029630053,2,2963,53,40.833699811877,-73.895942499413,"{'latitude': '40.833699811877', 'longitude': '-73.895942499413', 'human_address': '{""address"": """", ""city"": """", ""state"": """", ""zip"": """"}'}",3,17,153,2010233,Crotona Park East,,,
PC8773039,2026-09-14T09:00:39.000,Initial,245,HIMROD STREET,11237,Brooklyn,Failed for Rat Activity,Burrows,3032690046,3,3269,46,40.700471740163,-73.919492432882,"{'latitude': '40.700471740163', 'longitude': '-73.919492432882', 'human_address': '{""address"": """", ""city"": """", ""state"": """", ""zip"": """"}'}",4,37,431,3074510,Bushwick (West),,,
PC8776566,2026-09-14T09:01:00.000,Initial,1659,LINDEN BOULEVARD,11212,Brooklyn,Failed for Rat Activity,"Droppings, Runways",,3,3864,52,40.657240480164,-73.900691548038,"{'latitude': '40.657240480164', 'longitude': '-73.900691548038', 'human_address': '{""address"": """", ""city"": """", ""state"": """", ""zip"": """"}'}",16,42,920,,Brownsville,,,
PC8775227,2026-09-14T09:03:00.000,Stoppage,,,11211,Brooklyn,Stoppage done,,,3,2399,21,,,,,,,,,,,
PC8728824,2026-09-14T09:06:55.000,Treatments,269,WEST 113 STREET,10026,Manhattan,Bait applied,,1018290008,1,1829,8,40.802102544109,-73.955857597235,"{'latitude': '40.802102544109', 'longitude': '-73.955857597235', 'human_address': '{""address"": """", ""city"": """", ""state"": """", ""zip"": """"}'}",10,9,216,1055140,Harlem (South),,,
PC8746081,2026-09-14T09:06:56.000,Treatments,251,STOCKHOLM STREET,11237,Brooklyn,Bait applied,,3032470045,3,3247,45,40.701532128274,-73.920793109669,"{'latitude': '40.701532128274', 'longitude': '-73.920793109669', 'human_address': '{""address"": """", ""city"": """", ""state"": """", ""zip"": """"}'}",4,37,429,3073891,Bushwick (West),,,
PC8772376,2026-09-14T09:08:01.000,Initial,32,GROVE STREET,11221,Brooklyn,Failed for Rat Activity,Droppings,3033210015,3,3321,15,40.69119670458,-73.922835602854,"{'latitude': '40.69119670458', 'longitude': '-73.922835602854', 'human_address': '{""address"": """", ""city"": """", ""state"": """", ""zip"": """"}'}",4,37,397,3076028,Bushwick (East),,,
PC8749891,2026-09-14T09:09:00.000,Treatments,760,GRAND CONCOURSE,10451,Bronx,Bait applied,,2024580072,2,2458,72,40.823961697978,-73.924299768192,"{'latitude': '40.823961697978', 'longitude': '-73.924299768192', 'human_address': '{""address"": """", ""city"": """", ""state"": """", ""zip"": """"}'}",4,16,5902,2002788,Concourse-Concourse Village,,1005201,239480
PC8771042,2026-09-14T09:11:37.000,Initial,89,BLEECKER STREET,11221,Brooklyn,Failed for Rat Activity,Burrows,3032960163,3,3296,163,40.694777775341,-73.9215692804,"{'latitude': '40.694777775341', 'longitude': '-73.9215692804', 'human_address': '{""address"": """", ""city"": """", ""state"": """", ""zip"": """"}'}",4,37,419,3392948,Bushwick (East),,,
PC8726071,2026-09-14T09:12:00.000,Treatments,1416,PACIFIC STREET,11216,Brooklyn,Bait applied,,3012090019,3,1209,19,40.677276090556,-73.943131170668,"{'latitude': '40.677276090556', 'longitude': '-73.943131170668', 'human_address': '{""address"": """", ""city"": """", ""state"": """", ""zip"": """"}'}",8,36,313,3030137,Crown Heights (North),,1000024,186034
PC8773015,2026-09-14T09:12:37.000,Initial,87,BLEECKER STREET,11221,Brooklyn,Failed for Rat Activity,Droppings,3032960164,3,3296,164,40.694744860282,-73.921601774845,"{'latitude': '40.694744860282', 'longitude': '-73.921601774845', 'human_address': '{""address"": """", ""city"": """", ""state"": """", ""zip"": """"}'}",4,37,419,3393057,Bushwick (East),,,
PC8772990,2026-09-14T09:13:37.000,Initial,83,BLEECKER STREET,11221,Brooklyn,Failed for Rat Activity,"Droppings, Burrows",3032960066,3,3296,66,40.694676285364,-73.921666766875,"{'latitude': '40.694676285364', 'longitude': '-73.921666766875', 'human_address': '{""address"": """", ""city"": """", ""state"": """", ""zip"": """"}'}",4,37,419,3075386,Bushwick (East),,,
PC8751230,2026-09-14T09:14:00.000,Compliance,320,EAST   11 STREET,10003,Manhattan,Failed for Rat Activity,"Droppings, Burrows",1004520018,1,452,18,40.72983512743,-73.985131102675,"{'latitude': '40.72983512743', 'longitude': '-73.985131102675', 'human_address': '{""address"": """", ""city"": """", ""state"": """", ""zip"": """"}'}",3,2,4001,1077685,East Village,Summons Issued,988371,205178
PC8771472,2026-09-14T09:14:36.000,Initial,26,GROVE STREET,11221,Brooklyn,Failed for Rat Activity,Droppings,3033210012,3,3321,12,40.690914179598,-73.92311359054,"{'latitude': '40.690914179598', 'longitude': '-73.92311359054', 'human_address': '{""address"": """", ""city"": """", ""state"": """", ""zip"": """"}'}",4,37,397,3378144,Bushwick (East),,,
PC8633791,2026-09-14T09:15:10.000,Treatments,203,EAST FORDHAM ROAD,10458,Bronx,Bait applied,,2031540001,2,3154,1,40.862410460591,-73.896732537976,"{'latitude': '40.862410460591', 'longitude': '-73.896732537976', 'human_address': '{""address"": """", ""city"": """", ""state"": """", ""zip"": """"}'}",7,15,39901,2013607,University Heights (North)-Fordham,,,
PC8672954,2026-09-14T09:15:10.000,Treatments,805,EAST 170 STREET,10459,Bronx,Bait applied,,2029630098,2,2963,98,40.833155970338,-73.895520549526,"{'latitude': '40.833155970338', 'longitude': '-73.895520549526', 'human_address': '{""address"": """", ""city"": """", ""state"": """", ""zip"": """"}'}",3,17,153,2010240,Crotona Park East,,,
PC8596214,2026-09-14T09:16:14.000,Treatments,1141,WYATT STREET,10460,Bronx,Bait applied,,2039060087,2,3906,87,40.839076853776,-73.876627905806,"{'latitude': '40.839076853776', 'longitude': '-73.876627905806', 'human_address': '{""address"": """", ""city"": """", ""state"": """", ""zip"": """"}'}",6,15,60,2028367,West Farms,,1018387,245002
PC8730541,2026-09-14T09:18:28.000,Treatments,2090,FREDRICK DOUGLASS BL,10026,Manhattan,Bait applied,,1018290001,1,1829,1,40.802572216296,-73.956698889473,"{'latitude': '40.802572216296', 'longitude': '-73.956698889473', 'human_address': '{""address"": """", ""city"": """", ""state"": """", ""zip"": """"}'}",10,9,216,1055134,Harlem (South),,,
PC8772306,2026-09-14T09:19:37.000,Initial,75,BLEECKER STREET,11221,Brooklyn,Failed for Rat Activity,Droppings,3032960170,3,3296,170,40.69454462742,-73.92180035023,"{'latitude': '40.69454462742', 'longitude': '-73.92180035023', 'human_address': '{""address"": """", ""city"": """", ""state"": """", ""zip"": """"}'}",4,37,419,3343765,Bushwick (East),,,
PC8775225,2026-09-14T09:21:00.000,Stoppage,,,11211,Brooklyn,Stoppage done,,,3,2759,22,,,,,,,,,,,
PC8772130,2026-09-14T09:21:37.000,Initial,71,BLEECKER STREET,11221,Brooklyn,Failed for Rat Activity,Burrows,3032960172,3,3296,172,40.694476052389,-73.921865341859,"{'latitude': '40.694476052389', 'longitude': '-73.921865341859', 'human_address': '{""address"": """", ""city"": """", ""state"": """", ""zip"": """"}'}",4,37,419,3343763,Bushwick (East),,,
PC8745040,2026-09-14T09:22:56.000,Treatments,253,STOCKHOLM STREET,11237,Brooklyn,Bait applied,,3032470044,3,3247,44,40.701567787859,-73.920760608228,"{'latitude': '40.701567787859', 'longitude': '-73.920760608228', 'human_address': '{""address"": """", ""city"": """", ""state"": """", ""zip"": """"}'}",4,37,429,3073890,Bushwick (West),,,
PC8704703,2026-09-14T09:23:00.000,Treatments,1406,PACIFIC STREET,11216,Brooklyn,Bait applied,,3012090014,3,1209,14,40.677292700168,-73.943415969387,"{'latitude': '40.677292700168', 'longitude': '-73.943415969387', 'human_address': '{""address"": """", ""city"": """", ""state"": """", ""zip"": """"}'}",8,36,313,3030134,Crown Heights (North),,,
PC8772289,2026-09-14T09:23:37.000,Initial,65,BLEECKER STREET,11221,Brooklyn,Failed for Rat Activity,Droppings,3032960075,3,3296,75,40.694374562158,-73.921962827438,"{'latitude': '40.694374562158', 'longitude': '-73.921962827438', 'human_address': '{""address"": """", ""city"": """", ""state"": """", ""zip"": """"}'}",4,37,419,3075388,Bushwick (East),,,
PC8772731,2026-09-14T09:27:37.000,Initial,55,BLEECKER STREET,11221,Brooklyn,Failed for Rat Activity,Droppings,3032960079,3,3296,79,40.694207243884,-73.922128906739,"{'latitude': '40.694207243884', 'longitude': '-73.922128906739', 'human_address': '{""address"": """", ""city"": """", ""state"": """", ""zip"": """"}'}",4,37,419,3075392,Bushwick (East),,,
PC8713847,2026-09-14T09:28:00.000,Treatments,321,HARMAN STREET,11237,Brooklyn,Bait applied,,3032790038,3,3279,38,40.700358455166,-73.918432265092,"{'latitude': '40.700358455166', 'longitude': '-73.918432265092', 'human_address': '{""address"": """", ""city"": """", ""state"": """", ""zip"": """"}'}",4,37,431,3074828,Bushwick (West),,,
PC8730767,2026-09-14T09:28:57.000,Treatments,293,IRVING AVENUE,11237,Brooklyn,Bait applied,,3033190003,3,3319,3,40.69944204087,-73.915119081171,"{'latitude': '40.69944204087', 'longitude': '-73.915119081171', 'human_address': '{""address"": """", ""city"": """", ""state"": """", ""zip"": """"}'}",4,37,441,3075938,Bushwick (West),,,
PC8729314,2026-09-14T09:29:50.000,Treatments,2092,FREDRICK DOUGLASS BL,10026,Manhattan,Bait applied,,1018290002,1,1829,2,40.802627096248,-73.956659121182,"{'latitude': '40.802627096248', 'longitude': '-73.956659121182', 'human_address': '{""address"": """", ""city"": """", ""state"": """", ""zip"": """"}'}",10,9,216,1055135,Harlem (South),,,
PC8723024,2026-09-14T09:30:10.000,Treatments,1385,BRISTOW STREET,10459,Bronx,Bait applied,,2029630030,2,2963,30,40.832664227706,-73.895044318895,"{'latitude': '40.832664227706', 'longitude': '-73.895044318895', 'human_address': '{""address"": """", ""city"": """", ""state"": """", ""zip"": """"}'}",3,17,153,2010223,Crotona Park East,,1013294,242659
PC8733344,2026-09-14T09:30:28.000,Treatments,621,WATER STREET,10002,Manhattan,Bait applied,,1002440040,1,244,40,40.711299526868,-73.983760958601,"{'latitude': '40.711299526868', 'longitude': '-73.983760958601', 'human_address': '{""address"": """", ""city"": """", ""state"": """", ""zip"": """"}'}",3,1,202,1078940,Lower East Side,,,
PC8718695,2026-09-14T09:30:41.000,Treatments,271,EAST FORDHAM ROAD,10458,Bronx,Bait applied,,2031540102,2,3154,102,40.862159408374,-73.895315735959,"{'latitude': '40.862159408374', 'longitude': '-73.895315735959', 'human_address': '{""address"": """", ""city"": """", ""state"": """", ""zip"": """"}'}",7,15,39901,2013625,University Heights (North)-Fordham,,,
PC8722292,2026-09-14T09:30:44.000,Treatments,25-01,STEINWAY STREET,11103,Queens,Bait applied,,4006840044,4,684,44,40.767581227281,-73.911974119383,"{'latitude': '40.767581227281', 'longitude': '-73.911974119383', 'human_address': '{""address"": """", ""city"": """", ""state"": """", ""zip"": """"}'}",1,22,143,4011399,Astoria (East)-Woodside (North),,,
PC8636631,2026-09-14T09:34:00.000,Treatments,1420,GRAND CONCOURSE,10456,Bronx,Bait applied,,2028320008,2,2832,8,40.839242237023,-73.913447427794,"{'latitude': '40.839242237023', 'longitude': '-73.913447427794', 'human_address': '{""address"": """", ""city"": """", ""state"": """", ""zip"": """"}'}",4,16,225,2007988,Mount Eden-Claremont (West),,,
PC8774836,2026-09-14T09:35:16.000,Initial,2106,ARTHUR AVENUE,10457,Bronx,Failed for Other Reason,"Garbage, Harborage",2030700003,2,3070,3,40.849760513673,-73.891352021425,"{'latitude': '40.849760513673', 'longitude': '-73.891352021425', 'human_address': '{""address"": """", ""city"": """", ""state"": """", ""zip"": """"}'}",6,15,373,2012025,Tremont,COTA,,
PC8751978,2026-09-14T09:38:05.000,Initial,84,NAUTILUS STREET,10305,Staten Island,Failed for Other Reason,Harborage,5028340011,5,2834,11,40.61048965086,-74.062909234921,"{'latitude': '40.61048965086', 'longitude': '-74.062909234921', 'human_address': '{""address"": """", ""city"": """", ""state"": """", ""zip"": """"}'}",1,49,6,5042279,Rosebank-Shore Acres-Park Hill,COTA,966783,161703
PC8745424,2026-09-14T09:38:09.000,Treatments,259,STOCKHOLM STREET,11237,Brooklyn,Bait applied,,3032470041,3,3247,41,40.701672016795,-73.920655893876,"{'latitude': '40.701672016795', 'longitude': '-73.920655893876', 'human_address': '{""address"": """", ""city"": """", ""state"": """", ""zip"": """"}'}",4,37,429,3073887,Bushwick (West),,,
PC8712238,2026-09-14T09:38:29.000,Treatments,2075,FREDRICK DOUGLASS BL,10026,Manhattan,Bait applied,,1018470021,1,1847,21,40.802070074008,-73.957089314555,"{'latitude': '40.802070074008', 'longitude': '-73.957089314555', 'human_address': '{""address"": """", ""city"": """", ""state"": """", ""zip"": """"}'}",10,9,19702,1075301,Harlem (South),,,
PC8739631,2026-09-14T09:40:13.000,Compliance,1673,YORK AVENUE,10128,Manhattan,Failed for Rat Activity and Other Reason,"Burrows, Harborage",1015680021,1,1568,21,40.777324257593,-73.94611085199,"{'latitude': '40.777324257593', 'longitude': '-73.94611085199', 'human_address': '{""address"": """", ""city"": """", ""state"": """", ""zip"": """"}'}",8,5,14402,1050621,Upper East Side-Yorkville,Summons Issued,,
PC8730903,2026-09-14T09:40:22.000,Treatments,289,IRVING AVENUE,11237,Brooklyn,Bait applied,,3033190005,3,3319,5,40.699516245715,-73.915248817969,"{'latitude': '40.699516245715', 'longitude': '-73.915248817969', 'human_address': '{""address"": """", ""city"": """", ""state"": """", ""zip"": """"}'}",4,37,441,3075940,Bushwick (West),,,
PC8715421,2026-09-14T09:40:42.000,Treatments,319,HARMAN STREET,11237,Brooklyn,Bait applied,,3032790039,3,3279,39,40.700328283215,-73.918461153977,"{'latitude': '40.700328283215', 'longitude': '-73.918461153977', 'human_address': '{""address"": """", ""city"": """", ""state"": """", ""zip"": """"}'}",4,37,431,3074829,Bushwick (West),,,
PC8651806,2026-09-14T09:42:34.000,Compliance,136,EAST 117 STREET,10035,Manhattan,Failed for Rat Activity and Other Reason,"Burrows, Harborage",1016440059,1,1644,59,40.799491419149,-73.941614117842,"{'latitude': '40.799491419149', 'longitude': '-73.941614117842', 'human_address': '{""address"": """", ""city"": """", ""state"": """", ""zip"": """"}'}",11,8,182,1052315,East Harlem (North),Summons Issued,,
PC8773156,2026-09-14T09:43:00.000,Stoppage,,,11221,Brooklyn,Stoppage done,,,3,3245,39,,,,,,,,,,,
PC8776636,2026-09-14T09:43:00.000,Initial,136,WEST   87 STREET,10024,Manhattan,Failed for Rat Activity,"Droppings, Burrows",1012170146,1,1217,146,40.787637497286,-73.972843592013,"{'latitude': '40.787637497286', 'longitude': '-73.972843592013', 'human_address': '{""address"": """", ""city"": """", ""state"": """", ""zip"": """"}'}",7,6,173,1032227,Upper West Side (Central),COTA,991770,226238
PC8732443,2026-09-14T09:43:58.000,Treatments,215,1 AVENUE,10003,Manhattan,Bait applied,,1004540036,1,454,36,40.730510070598,-73.983182568505,"{'latitude': '40.730510070598', 'longitude': '-73.983182568505', 'human_address': '{""address"": """", ""city"": """", ""state"": """", ""zip"": """"}'}",3,2,4001,1006490,East Village,,,
PC8591722,2026-09-14T09:45:05.000,Treatments,2526,VALENTINE AVENUE,10458,Bronx,Bait applied,,2031540065,2,3154,65,40.862991057419,-73.895310806455,"{'latitude': '40.862991057419', 'longitude': '-73.895310806455', 'human_address': '{""address"": """", ""city"": """", ""state"": """", ""zip"": """"}'}",7,15,39901,2013616,University Heights (North)-Fordham,,1013207,253708
PC8722543,2026-09-14T09:45:10.000,Treatments,1413,PROSPECT AVENUE,10459,Bronx,Bait applied,,2029620042,2,2962,42,40.832448805816,-73.896602151175,"{'latitude': '40.832448805816', 'longitude': '-73.896602151175', 'human_address': '{""address"": """", ""city"": """", ""state"": """", ""zip"": """"}'}",3,17,151,2010201,Morrisania,,1012863,242580
PC8776912,2026-09-14T09:45:48.000,Initial,2406,8 AVENUE,10027,Manhattan,Failed for Rat Activity and Other Reason,"Burrows, Garbage",1019330001,1,1933,1,40.812373529481,-73.949543207479,"{'latitude': '40.812373529481', 'longitude': '-73.949543207479', 'human_address': '{""address"": """", ""city"": """", ""state"": """", ""zip"": """"}'}",10,9,224,1081508,Harlem (North),City Agency Referral,,
PC8454921,2026-09-14T09:46:53.000,Compliance,80,1 AVENUE,10009,Manhattan,Failed for Rat Activity,"Burrows, Rats",1004320001,1,432,1,40.725611126703,-73.986712287214,"{'latitude': '40.725611126703', 'longitude': '-73.986712287214', 'human_address': '{""address"": """", ""city"": """", ""state"": """", ""zip"": """"}'}",3,2,32,1077561,East Village,Summons Issued,987933,203639
PC8707346,2026-09-14T09:46:57.000,Compliance,305,WEST  114 STREET,10026,Manhattan,Failed for Rat Activity and Other Reason,"Droppings, Burrows, Runways, Garbage",1018480010,1,1848,10,40.803244649308,-73.956618984706,"{'latitude': '40.803244649308', 'longitude': '-73.956618984706', 'human_address': '{""address"": """", ""city"": """", ""state"": """", ""zip"": """"}'}",10,9,20102,1055831,Harlem (South),Summons Issued,996260,231926
PC8682930,2026-09-14T09:47:22.000,Treatments,661,EAST 181 STREET,10457,Bronx,Bait applied,,2030830001,2,3083,1,40.849390537161,-73.889068205434,"{'latitude': '40.849390537161', 'longitude': '-73.889068205434', 'human_address': '{""address"": """", ""city"": """", ""state"": """", ""zip"": """"}'}",6,15,373,2092284,Tremont,,,
PC8722354,2026-09-14T09:47:44.000,Treatments,40-17,28 AVENUE,11103,Queens,Bait applied,,,4,684,1,40.765381078054,-73.913482414648,"{'latitude': '40.765381078054', 'longitude': '-73.913482414648', 'human_address': '{""address"": """", ""city"": """", ""state"": """", ""zip"": """"}'}",1,22,143,,Astoria (East)-Woodside (North),,,
PC8773408,2026-09-14T09:50:00.000,Initial,1419,UNIVERSITY AVENUE,10452,Bronx,Failed for Other Reason,Harborage,2025330086,2,2533,86,40.843147944774,-73.925091057387,"{'latitude': '40.843147944774', 'longitude': '-73.925091057387', 'human_address': '{""address"": """", ""city"": """", ""state"": """", ""zip"": """"}'}",4,16,201,2003545,Highbridge,,,
PC8684469,2026-09-14T09:50:14.000,Treatments,700,VICTORY BOULEVARD,10301,Staten Island,Bait applied,,5005900001,5,590,1,40.625664845555,-74.092326612665,"{'latitude': '40.625664845555', 'longitude': '-74.092326612665', 'human_address': '{""address"": """", ""city"": """", ""state"": """", ""zip"": """"}'}",1,49,39,5015146,West New Brighton-Silver Lake-Grymes Hill,,958621,167239
PC8678479,2026-09-14T09:50:30.000,Compliance,1299,GRAND CONCOURSE,10452,Bronx,Failed for Rat Activity,Burrows,2028390057,2,2839,57,40.836655561598,-73.915615530293,"{'latitude': '40.836655561598', 'longitude': '-73.915615530293', 'human_address': '{""address"": """", ""city"": """", ""state"": """", ""zip"": """"}'}",4,16,22102,2008036,Mount Eden-Claremont (West),Summons Issued,,
PC8712740,2026-09-14T09:50:41.000,Treatments,317,HARMAN STREET,11237,Brooklyn,Bait applied,,3032790040,3,3279,40,40.700298111256,-73.918490042836,"{'latitude': '40.700298111256', 'longitude': '-73.918490042836', 'human_address': '{""address"": """", ""city"": """", ""state"": """", ""zip"": """"}'}",4,37,431,3074830,Bushwick (West),,,
PC8776657,2026-09-14T09:51:00.000,Stoppage,1436,Greene Avenue,11237,Brooklyn,Stoppage done,,3033010017,3,3301,17,40.701180444788,-73.916429634286,"{'latitude': '40.701180444788', 'longitude': '-73.916429634286', 'human_address': '{""address"": """", ""city"": """", ""state"": """", ""zip"": """"}'}",4,37,441,3075478,Bushwick (West),,,
PC8674795,2026-09-14T09:52:32.000,Treatments,346,MANHATTAN AVENUE,10026,Manhattan,Bait applied,,1018480031,1,1848,31,40.804032735891,-73.957539559135,"{'latitude': '40.804032735891', 'longitude': '-73.957539559135', 'human_address': '{""address"": """", ""city"": """", ""state"": """", ""zip"": """"}'}",10,9,20102,1055849,Harlem (South),,,
PC8744787,2026-09-14T09:54:23.000,Treatments,263,STOCKHOLM STREET,11237,Brooklyn,Bait applied,,3032470039,3,3247,39,40.701740591107,-73.920590893956,"{'latitude': '40.701740591107', 'longitude': '-73.920590893956', 'human_address': '{""address"": """", ""city"": """", ""state"": """", ""zip"": """"}'}",4,37,429,3073885,Bushwick (West),,,
PC8769340,2026-09-14T09:54:57.000,Initial,317,WEST  114 STREET,10026,Manhattan,Failed for Rat Activity and Other Reason,"Droppings, Burrows, Runways, Rats, Harborage",1018480001,1,1848,1,40.803351791031,-73.956875372338,"{'latitude': '40.803351791031', 'longitude': '-73.956875372338', 'human_address': '{""address"": """", ""city"": """", ""state"": """", ""zip"": """"}'}",10,9,20102,1055822,Harlem (South),,996189,231965
PC8729767,2026-09-14T09:55:14.000,Treatments,287,IRVING AVENUE,11237,Brooklyn,Bait applied,,3033190006,3,3319,6,40.699554720467,-73.915313684727,"{'latitude': '40.699554720467', 'longitude': '-73.915313684727', 'human_address': '{""address"": """", ""city"": """", ""state"": """", ""zip"": """"}'}",4,37,441,3075941,Bushwick (West),,,
PC8678024,2026-09-14T09:55:28.000,Treatments,47,MARKET STREET,10002,Manhattan,Bait applied,,1002760025,1,276,25,40.711978494492,-73.994329623727,"{'latitude': '40.711978494492', 'longitude': '-73.994329623727', 'human_address': '{""address"": """", ""city"": """", ""state"": """", ""zip"": """"}'}",3,1,8,1003303,Chinatown-Two Bridges,,,
PC8724262,2026-09-14T09:56:58.000,Treatments,340,EAST 13 STREET,10003,Manhattan,Bait applied,,1004540029,1,454,29,40.731207415232,-73.984416380689,"{'latitude': '40.731207415232', 'longitude': '-73.984416380689', 'human_address': '{""address"": """", ""city"": """", ""state"": """", ""zip"": """"}'}",3,2,4001,1006485,East Village,,,
PC8775163,2026-09-14T09:58:00.000,Initial,144,NORTH    8 STREET,11249,Brooklyn,Failed for Other Reason,Harborage,3023197501,3,2319,7501,40.718791623137,-73.957806915287,"{'latitude': '40.718791623137', 'longitude': '-73.957806915287', 'human_address': '{""address"": """", ""city"": """", ""state"": """", ""zip"": """"}'}",1,33,553,3061917,Williamsburg,COTA,995946,201157
PC8773253,2026-09-14T09:59:00.000,Initial,1401,UNIVERSITY AVENUE,10452,Bronx,Failed for Rat Activity,Burrows,2025330092,2,2533,92,40.842917572868,-73.925376842614,"{'latitude': '40.842917572868', 'longitude': '-73.925376842614', 'human_address': '{""address"": """", ""city"": """", ""state"": """", ""zip"": """"}'}",4,16,201,2086433,Highbridge,,,
PC8523025,2026-09-14T10:00:10.000,Treatments,820,EAST  168 STREET,10459,Bronx,Bait applied,,2026810022,2,2681,22,40.828640795715,-73.898497931565,"{'latitude': '40.828640795715', 'longitude': '-73.898497931565', 'human_address': '{""address"": """", ""city"": """", ""state"": """", ""zip"": """"}'}",3,17,135,2005049,Morrisania,,1012340,241192
PC8633707,2026-09-14T10:00:22.000,Treatments,314,EAST KINGSBRIDGE RD,10458,Bronx,Bait applied,,2031540093,2,3154,93,40.862828075609,-73.894172236406,"{'latitude': '40.862828075609', 'longitude': '-73.894172236406', 'human_address': '{""address"": """", ""city"": """", ""state"": """", ""zip"": """"}'}",7,15,39901,2013621,University Heights (North)-Fordham,,,
PC8773821,2026-09-14T10:00:45.000,Initial,2861,EXTERIOR STREET,10463,Bronx,Failed for Rat Activity and Other Reason,"Burrows, Harborage",2032650001,2,3265,1,40.875272112394,-73.90616472148,"{'latitude': '40.875272112394', 'longitude': '-73.90616472148', 'human_address': '{""address"": """", ""city"": """", ""state"": """", ""zip"": """"}'}",8,14,283,2100931,Kingsbridge-Marble Hill,City Agency Referral,1010200,258179
PC8638662,2026-09-14T10:00:46.000,Treatments,28,HARMAN STREET,11221,Brooklyn,Monitoring visit,,3032840018,3,3284,18,40.694110045384,-73.924541528726,"{'latitude': '40.694110045384', 'longitude': '-73.924541528726', 'human_address': '{""address"": """", ""city"": """", ""state"": """", ""zip"": """"}'}",4,37,395,3074989,Bushwick (East),,,
PC8764665,2026-09-14T10:04:17.000,Compliance,426,LINDEN BOULEVARD,11203,Brooklyn,Failed for Rat Activity and Other Reason,"Droppings, Runways, Harborage",3048730007,3,4873,7,40.652993180209,-73.94342224274,"{'latitude': '40.652993180209', 'longitude': '-73.94342224274', 'human_address': '{""address"": """", ""city"": """", ""state"": """", ""zip"": """"}'}",17,40,816,3108753,East Flatbush-Erasmus,Summons Issued,999949,177187
PC8729148,2026-09-14T10:06:00.000,Treatments,1125,FINDLAY AVENUE,10456,Bronx,Bait applied,,2024340032,2,2434,32,40.830766547674,-73.913534380973,"{'latitude': '40.830766547674', 'longitude': '-73.913534380973', 'human_address': '{""address"": """", ""city"": """", ""state"": """", ""zip"": """"}'}",4,16,175,2002261,Concourse-Concourse Village,,,
PC8773298,2026-09-14T10:06:00.000,Initial,1345,UNIVERSITY AVENUE,10452,Bronx,Failed for Rat Activity,Burrows,2025330022,2,2533,22,40.841397857433,-73.926726633817,"{'latitude': '40.841397857433', 'longitude': '-73.926726633817', 'human_address': '{""address"": """", ""city"": """", ""state"": """", ""zip"": """"}'}",4,16,201,2120197,Highbridge,City Agency Referral,,
PC8738070,2026-09-14T10:07:00.000,Treatments,1407,PACIFIC STREET,11216,Brooklyn,Bait applied,,3012020060,3,1202,60,40.677414416578,-73.945366297111,"{'latitude': '40.677414416578', 'longitude': '-73.945366297111', 'human_address': '{""address"": """", ""city"": """", ""state"": """", ""zip"": """"}'}",8,36,313,3029847,Crown Heights (North),,999404,186084
PC8625111,2026-09-14T10:07:24.000,Treatments,320,MANHATTAN AVENUE,10026,Manhattan,Bait applied,,1018470068,1,1847,68,40.803407104976,-73.958005918554,"{'latitude': '40.803407104976', 'longitude': '-73.958005918554', 'human_address': '{""address"": """", ""city"": """", ""state"": """", ""zip"": """"}'}",10,9,19702,1055821,Harlem (South),,,
PC8775763,2026-09-14T10:09:00.000,Initial,25-04,21 STREET,11102,Queens,Failed for Other Reason,Harborage,4008880042,4,888,42,40.774449057844,-73.924136028733,"{'latitude': '40.774449057844', 'longitude': '-73.924136028733', 'human_address': '{""address"": """", ""city"": """", ""state"": """", ""zip"": """"}'}",1,22,91,4020006,Old Astoria-Hallets Point,,1005262,221441
PC8748136,2026-09-14T10:09:58.000,Treatments,326,EAST 13 STREET,10003,Manhattan,Bait applied,,1004540023,1,454,23,40.731306258881,-73.984654496039,"{'latitude': '40.731306258881', 'longitude': '-73.984654496039', 'human_address': '{""address"": """", ""city"": """", ""state"": """", ""zip"": """"}'}",3,2,4001,1006482,East Village,,,
PC8767627,2026-09-14T10:10:00.000,Stoppage,1295,Herkimer St,11233,Brooklyn,Stoppage done,,3015520001,3,1552,1,40.677505038044,-73.910510771276,"{'latitude': '40.677505038044', 'longitude': '-73.910510771276', 'human_address': '{""address"": """", ""city"": """", ""state"": """", ""zip"": """"}'}",16,37,369,3042227,Ocean Hill,,,
PC8729946,2026-09-14T10:10:30.000,Compliance,1265,WALTON AVENUE,10452,Bronx,Failed for Rat Activity,Burrows,2024810028,2,2481,28,40.836544991279,-73.918333317082,"{'latitude': '40.836544991279', 'longitude': '-73.918333317082', 'human_address': '{""address"": """", ""city"": """", ""state"": """", ""zip"": """"}'}",4,16,22101,2002967,Mount Eden-Claremont (West),Summons Issued,,
PC8710769,2026-09-14T10:10:41.000,Treatments,178,OCEAN PARKWAY,11218,Brooklyn,Bait applied,,3053280037,3,5328,37,40.645725231764,-73.974851075297,"{'latitude': '40.645725231764', 'longitude': '-73.974851075297', 'human_address': '{""address"": """", ""city"": """", ""state"": """", ""zip"": """"}'}",12,39,50002,3124305,Kensington,,991229,174535
PC8740076,2026-09-14T10:10:53.000,Treatments,909,3 AVENUE,10022,Manhattan,Bait applied,,1013280001,1,1328,1,40.758736890691,-73.96861768921,"{'latitude': '40.758736890691', 'longitude': '-73.96861768921', 'human_address': '{""address"": """", ""city"": """", ""state"": """", ""zip"": """"}'}",6,4,10801,1038570,East Midtown-Turtle Bay,,992856,215558
PC8759855,2026-09-14T10:10:58.000,Initial,3508,TRYON AVENUE,10467,Bronx,Failed for Rat Activity and Other Reason,"Droppings, Burrows, Garbage, Harborage",2033440084,2,3344,84,40.880577246394,-73.876659088463,"{'latitude': '40.880577246394', 'longitude': '-73.876659088463', 'human_address': '{""address"": """", ""city"": """", ""state"": """", ""zip"": """"}'}",7,11,43102,2018281,Norwood,COTA,1018357,260122
PC8718461,2026-09-14T10:15:56.000,Treatments,2571,BAINBRIDGE AVENUE,10458,Bronx,Bait applied,,2032930077,2,3293,77,40.863326369751,-73.892826529089,"{'latitude': '40.863326369751', 'longitude': '-73.892826529089', 'human_address': '{""address"": """", ""city"": """", ""state"": """", ""zip"": """"}'}",7,15,39901,2016807,University Heights (North)-Fordham,,,
PC8761057,2026-09-14T10:17:34.000,Compliance,304,EAST 116 STREET,10029,Manhattan,Failed for Rat Activity,"Burrows, Runways",1016870149,1,1687,149,40.796942214025,-73.937661515764,"{'latitude': '40.796942214025', 'longitude': '-73.937661515764', 'human_address': '{""address"": """", ""city"": """", ""state"": """", ""zip"": """"}'}",11,8,188,1052944,East Harlem (North),Summons Issued,,
PC8710963,2026-09-14T10:18:57.000,Compliance,266,WEST 115 STREET,10026,Manhattan,Failed for Rat Activity,Burrows,1018307501,1,1830,7501,40.803271391779,-73.954791256593,"{'latitude': '40.803271391779', 'longitude': '-73.954791256593', 'human_address': '{""address"": """", ""city"": """", ""state"": """", ""zip"": """"}'}",10,9,218,1087692,Harlem (South),Summons Issued,,
PC8712125,2026-09-14T10:20:28.000,Treatments,304,WEST 114 STREET,10026,Manhattan,Bait applied,,1018477502,1,1847,7502,40.803230929667,-73.956629829904,"{'latitude': '40.803230929667', 'longitude': '-73.956629829904', 'human_address': '{""address"": """", ""city"": """", ""state"": """", ""zip"": """"}'}",10,9,19702,1088150,Harlem (South),,,
PC8640466,2026-09-14T10:20:44.000,Treatments,31-18,37 STREET,11103,Queens,Bait applied,,4006490042,4,649,42,40.761476692707,-73.919176554102,"{'latitude': '40.761476692707', 'longitude': '-73.919176554102', 'human_address': '{""address"": """", ""city"": """", ""state"": """", ""zip"": """"}'}",1,22,61,4436900,Astoria (Central),,1006640,216716
PC8731433,2026-09-14T10:22:00.000,Treatments,1316,PACIFIC STREET,11216,Brooklyn,Bait applied,,3012070034,3,1207,34,40.677508696749,-73.947413995155,"{'latitude': '40.677508696749', 'longitude': '-73.947413995155', 'human_address': '{""address"": """", ""city"": """", ""state"": """", ""zip"": """"}'}",8,36,315,3030053,Crown Heights (North),,,
PC8768806,2026-09-14T10:23:00.000,Stoppage,1512,Pitkin Ave,11212,Brooklyn,Stoppage done,,3035140036,3,3514,36,40.668625639625,-73.917782712668,"{'latitude': '40.668625639625', 'longitude': '-73.917782712668', 'human_address': '{""address"": """", ""city"": """", ""state"": """", ""zip"": """"}'}",16,41,900,3080924,Brownsville,,,
PC8772659,2026-09-14T10:25:03.000,Initial,1849,LORING PLACE SOUTH,10453,Bronx,Failed for Other Reason,Harborage,2028790229,2,2879,229,40.852907118554,-73.915580373539,"{'latitude': '40.852907118554', 'longitude': '-73.915580373539', 'human_address': '{""address"": """", ""city"": """", ""state"": """", ""zip"": """"}'}",5,14,24501,2009140,University Heights (South)-Morris Heights,,,
PC8761120,2026-09-14T10:25:34.000,Compliance,310,EAST 116 STREET,10029,Manhattan,Failed for Other Reason,"Garbage, Harborage",1016870045,1,1687,45,40.796747086957,-73.937203010574,"{'latitude': '40.796747086957', 'longitude': '-73.937203010574', 'human_address': '{""address"": """", ""city"": """", ""state"": """", ""zip"": """"}'}",11,8,188,1052928,East Harlem (North),Summons Issued,,
PC8747647,2026-09-14T10:25:58.000,Treatments,156,2 AVENUE,10003,Manhattan,Bait applied,,1004510006,1,451,6,40.72961027427,-73.986917146562,"{'latitude': '40.72961027427', 'longitude': '-73.986917146562', 'human_address': '{""address"": """", ""city"": """", ""state"": """", ""zip"": """"}'}",3,2,4001,1006404,East Village,,,
PC8731657,2026-09-14T10:27:00.000,Treatments,1073,TELLER AVENUE,10456,Bronx,Bait applied,,2024330064,2,2433,64,40.829385783772,-73.913322985665,"{'latitude': '40.829385783772', 'longitude': '-73.913322985665', 'human_address': '{""address"": """", ""city"": """", ""state"": """", ""zip"": """"}'}",4,16,175,2002235,Concourse-Concourse Village,,,
PC8651469,2026-09-14T10:30:10.000,Treatments,831,HOME STREET,10459,Bronx,Bait applied,,2026810032,2,2681,32,40.827803982013,-73.898875008193,"{'latitude': '40.827803982013', 'longitude': '-73.898875008193', 'human_address': '{""address"": """", ""city"": """", ""state"": """", ""zip"": """"}'}",3,17,135,2005054,Morrisania,,,
PC8751525,2026-09-14T10:30:53.000,Treatments,350,EAST   53 STREET,10022,Manhattan,Bait applied,,1013450030,1,1345,30,40.756238401752,-73.965958657687,"{'latitude': '40.756238401752', 'longitude': '-73.965958657687', 'human_address': '{""address"": """", ""city"": """", ""state"": """", ""zip"": """"}'}",6,4,98,1039803,East Midtown-Turtle Bay,,993681,214799
PC8726978,2026-09-14T10:31:53.000,Treatments,20,BEEKMAN PLACE,10022,Manhattan,Bait applied,,1013620012,1,1362,12,40.753402700092,-73.964750976248,"{'latitude': '40.753402700092', 'longitude': '-73.964750976248', 'human_address': '{""address"": """", ""city"": """", ""state"": """", ""zip"": """"}'}",6,4,8603,1040111,East Midtown-Turtle Bay,,994016,213766
PC8732060,2026-09-14T10:31:59.000,Compliance,463,VANDERBILT AVENUE,10304,Staten Island,Failed for Other Reason,Garbage,5006480066,5,648,66,40.614888956795,-74.085057535553,"{'latitude': '40.614888956795', 'longitude': '-74.085057535553', 'human_address': '{""address"": """", ""city"": """", ""state"": """", ""zip"": """"}'}",1,49,29,5016452,Tompkinsville-Stapleton-Clifton-Fox Hills,Summons Issued,960635,163311
PC8776630,2026-09-14T10:32:00.000,Initial,464,MADISON STREET,11221,Brooklyn,Failed for Rat Activity,"Droppings, Runways",3018260029,3,1826,29,40.685956063191,-73.939701932772,"{'latitude': '40.685956063191', 'longitude': '-73.939701932772', 'human_address': '{""address"": """", ""city"": """", ""state"": """", ""zip"": """"}'}",3,36,277,3051795,Bedford-Stuyvesant (East),COTA,,
PC8730754,2026-09-14T10:33:00.000,Treatments,1308,PACIFIC STREET,11216,Brooklyn,Bait applied,,3012070030,3,1207,30,40.677522542717,-73.947680771912,"{'latitude': '40.677522542717', 'longitude': '-73.947680771912', 'human_address': '{""address"": """", ""city"": """", ""state"": """", ""zip"": """"}'}",8,36,315,3030049,Crown Heights (North),,,
PC8774327,2026-09-14T10:33:42.000,Initial,1455,CONEY ISLAND AVENUE,11230,Brooklyn,Failed for Other Reason,Harborage,3067220073,3,6722,73,40.621796251529,-73.964601010995,"{'latitude': '40.621796251529', 'longitude': '-73.964601010995', 'human_address': '{""address"": """", ""city"": """", ""state"": """", ""zip"": """"}'}",14,44,534,3000000,Midwood,COTA,994077,165818
PC8732575,2026-09-14T10:33:51.000,Treatments,2412,WEBSTER AVENUE,10458,Bronx,Bait applied,,2030320004,2,3032,4,40.859174372634,-73.893668339888,"{'latitude': '40.859174372634', 'longitude': '-73.893668339888', 'human_address': '{""address"": """", ""city"": """", ""state"": """", ""zip"": """"}'}",6,15,38304,2011217,Belmont,,,
PC8748908,2026-09-14T10:35:00.000,Compliance,196-64,45 AVENUE,11358,Queens,Failed for Other Reason,Harborage,4055380030,4,5538,30,40.756350175144,-73.783922983949,"{'latitude': '40.756350175144', 'longitude': '-73.783922983949', 'human_address': '{""address"": """", ""city"": """", ""state"": """", ""zip"": """"}'}",11,19,145101,4125084,Auburndale,,1044113,214912
PC8552082,2026-09-14T10:35:14.000,Treatments,173,BENZIGER AVENUE,10301,Staten Island,Bait applied,,5000390076,5,39,76,40.639636673371,-74.084058691501,"{'latitude': '40.639636673371', 'longitude': '-74.084058691501', 'human_address': '{""address"": """", ""city"": """", ""state"": """", ""zip"": """"}'}",1,49,11,5000858,St. George-New Brighton,,960921,172327
PC8766594,2026-09-14T10:35:39.000,Compliance,325,EAST   92 STREET,10128,Manhattan,Failed for Other Reason,Mice,1015550015,1,1555,15,40.781368239758,-73.948194657295,"{'latitude': '40.781368239758', 'longitude': '-73.948194657295', 'human_address': '{""address"": """", ""city"": """", ""state"": """", ""zip"": """"}'}",8,5,15402,1050251,Upper East Side-Yorkville,,998597,223957
PC8773816,2026-09-14T10:35:45.000,Initial,5505,FIELDSTON ROAD,10471,Bronx,Failed for Other Reason,Harborage,2058461700,2,5846,1700,40.903741104403,-73.90051353741,"{'latitude': '40.903741104403', 'longitude': '-73.90051353741', 'human_address': '{""address"": """", ""city"": """", ""state"": """", ""zip"": """"}'}",8,11,337,2084752,Riverdale-Spuyten Duyvil,COTA,1011751,268553
PC8731454,2026-09-14T10:35:49.000,Treatments,312,MENAHAN STREET,11237,Brooklyn,Bait applied,,3033190020,3,3319,20,40.700503994051,-73.914749862092,"{'latitude': '40.700503994051', 'longitude': '-73.914749862092', 'human_address': '{""address"": """", ""city"": """", ""state"": """", ""zip"": """"}'}",4,37,441,3075954,Bushwick (West),,,
PC8757283,2026-09-14T10:36:00.000,Compliance,21-20,22 DRIVE,11105,Queens,Failed for Rat Activity and Other Reason,"Droppings, Garbage, Harborage",4008780074,4,878,74,40.778866419854,-73.917693012252,"{'latitude': '40.778866419854', 'longitude': '-73.917693012252', 'human_address': '{""address"": """", ""city"": """", ""state"": """", ""zip"": """"}'}",1,22,101,4019535,Astoria (North)-Ditmars-Steinway,,1007045,223052
PC8721029,2026-09-14T10:36:47.000,Treatments,865,HART STREET,11237,Brooklyn,Bait applied,,3032200041,3,3220,41,40.702554104168,-73.922137152228,"{'latitude': '40.702554104168', 'longitude': '-73.922137152228', 'human_address': '{""address"": """", ""city"": """", ""state"": """", ""zip"": """"}'}",4,34,429,3073235,Bushwick (West),,1005839,195248
PC8751341,2026-09-14T10:38:00.000,Stoppage,465,East 91 street,11212,Brooklyn,Stoppage done,,3046880136,3,4688,136,40.654733684589,-73.920791222437,"{'latitude': '40.654733684589', 'longitude': '-73.920791222437', 'human_address': '{""address"": """", ""city"": """", ""state"": """", ""zip"": """"}'}",17,41,888,3102512,East Flatbush-Remsen Village,,,
PC8771417,2026-09-14T10:40:06.000,Initial,160,WEST BURNSIDE AVENUE,10453,Bronx,Failed for Other Reason,Harborage,2028790188,2,2879,188,40.854054048513,-73.915080063446,"{'latitude': '40.854054048513', 'longitude': '-73.915080063446', 'human_address': '{""address"": """", ""city"": """", ""state"": """", ""zip"": """"}'}",5,14,24501,2009114,University Heights (South)-Morris Heights,,,
PC8620002,2026-09-14T10:40:36.000,Compliance,2654,MARION AVENUE,10458,Bronx,Failed for Other Reason,"Garbage, Harborage",2032820019,2,3282,19,40.86464736391,-73.890738291649,"{'latitude': '40.86464736391', 'longitude': '-73.890738291649', 'human_address': '{""address"": """", ""city"": """", ""state"": """", ""zip"": """"}'}",7,15,40502,2016470,Bedford Park,Summons Issued,1014471,254313
PC8712089,2026-09-14T10:40:44.000,Treatments,2109,FREDRICK DOUGLASS BL,10026,Manhattan,Bait applied,,1018470060,1,1847,60,40.803016751869,-73.956398797996,"{'latitude': '40.803016751869', 'longitude': '-73.956398797996', 'human_address': '{""address"": """", ""city"": """", ""state"": """", ""zip"": """"}'}",10,9,19702,1055816,Harlem (South),,,
PC8767766,2026-09-14T10:40:46.000,Initial,530,WEST  159 STREET,10032,Manhattan,Failed for Other Reason,Garbage,1021170021,1,2117,21,40.834498113581,-73.942071138974,"{'latitude': '40.834498113581', 'longitude': '-73.942071138974', 'human_address': '{""address"": """", ""city"": """", ""state"": """", ""zip"": """"}'}",12,10,245,1062756,Washington Heights (South),,1000280,243315
PC8750549,2026-09-14T10:41:00.000,Compliance,570,PUTNAM AVENUE,11221,Brooklyn,Failed for Other Reason,Harborage,3018310041,3,1831,41,40.685277760869,-73.939053529598,"{'latitude': '40.685277760869', 'longitude': '-73.939053529598', 'human_address': '{""address"": """", ""city"": """", ""state"": """", ""zip"": """"}'}",3,36,275,3052156,Bedford-Stuyvesant (East),,1001153,188950
PC8761253,2026-09-14T10:41:34.000,Compliance,356,EAST 116 STREET,10029,Manhattan,Failed for Other Reason,Animal Nuisance,1016870129,1,1687,129,40.79642278535,-73.936437636475,"{'latitude': '40.79642278535', 'longitude': '-73.936437636475', 'human_address': '{""address"": """", ""city"": """", ""state"": """", ""zip"": """"}'}",11,8,188,1052938,East Harlem (North),Summons Issued,,
PC8754235,2026-09-14T10:43:04.000,Compliance,177-41,106 AVENUE,11433,Queens,Failed for Other Reason,Harborage,4103330097,4,10333,97,40.703313378247,-73.779839706732,"{'latitude': '40.703313378247', 'longitude': '-73.779839706732', 'human_address': '{""address"": """", ""city"": """", ""state"": """", ""zip"": """"}'}",12,27,440,4220177,South Jamaica,,1045293,195592
PC8428122,2026-09-14T10:44:00.000,Treatments,1302,PACIFIC STREET,11216,Brooklyn,Bait applied,,3012070025,3,1207,25,40.677533613799,-73.947882656634,"{'latitude': '40.677533613799', 'longitude': '-73.947882656634', 'human_address': '{""address"": """", ""city"": """", ""state"": """", ""zip"": """"}'}",8,36,315,3030047,Crown Heights (North),,998706,186127
PC8771372,2026-09-14T10:44:00.000,Initial,1858,PHELAN PLACE,10453,Bronx,Failed for Other Reason,Harborage,2028790187,2,2879,187,40.853297454412,-73.916378748052,"{'latitude': '40.853297454412', 'longitude': '-73.916378748052', 'human_address': '{""address"": """", ""city"": """", ""state"": """", ""zip"": """"}'}",5,14,24501,2009113,University Heights (South)-Morris Heights,,,
PC8759393,2026-09-14T10:45:00.000,Initial,21-73,47 STREET,11105,Queens,Failed for Other Reason,Harborage,4007610009,4,761,9,40.770421346748,-73.901002291914,"{'latitude': '40.770421346748', 'longitude': '-73.901002291914', 'human_address': '{""address"": """", ""city"": """", ""state"": """", ""zip"": """"}'}",1,22,135,4014363,Astoria (North)-Ditmars-Steinway,,1011671,219980
PC8659211,2026-09-14T10:45:10.000,Treatments,1166,SIMPSON STREET,10459,Bronx,Bait applied,,2027280016,2,2728,16,40.827699761617,-73.892905814473,"{'latitude': '40.827699761617', 'longitude': '-73.892905814473', 'human_address': '{""address"": """", ""city"": """", ""state"": """", ""zip"": """"}'}",3,17,125,2005809,Crotona Park East,,,
PC8700347,2026-09-14T10:45:28.000,Treatments,70,HESTER STREET,10002,Manhattan,Bait applied,,1002990020,1,299,20,40.716051553186,-73.991454233165,"{'latitude': '40.716051553186', 'longitude': '-73.991454233165', 'human_address': '{""address"": """", ""city"": """", ""state"": """", ""zip"": """"}'}",3,1,16,1003863,Chinatown-Two Bridges,,,
PC8741946,2026-09-14T10:45:41.000,Treatments,329,EAST    2 STREET,11218,Brooklyn,Bait applied,,3053350042,3,5335,42,40.643596001882,-73.978379608256,"{'latitude': '40.643596001882', 'longitude': '-73.978379608256', 'human_address': '{""address"": """", ""city"": """", ""state"": """", ""zip"": """"}'}",12,39,496,3124567,Kensington,,990250,173759
PC8775946,2026-09-14T10:46:00.000,Initial,64,GREEN STREET,11222,Brooklyn,Failed for Other Reason,Harborage,3025210011,3,2521,11,40.733309228793,-73.959287902372,"{'latitude': '40.733309228793', 'longitude': '-73.959287902372', 'human_address': '{""address"": """", ""city"": """", ""state"": """", ""zip"": """"}'}",1,33,56301,3064111,Greenpoint,COTA,995533,206446
PC8772848,2026-09-14T10:47:00.000,Initial,1856,PHELAN PLACE,10453,Bronx,Failed for Other Reason,Harborage,2028790189,2,2879,189,40.853275507085,-73.916393234965,"{'latitude': '40.853275507085', 'longitude': '-73.916393234965', 'human_address': '{""address"": """", ""city"": """", ""state"": """", ""zip"": """"}'}",5,14,24501,2124547,University Heights (South)-Morris Heights,,,
PC8771796,2026-09-14T10:48:00.000,Initial,1854,PHELAN PLACE,10453,Bronx,Failed for Other Reason,Harborage,2028790191,2,2879,191,40.853256307116,-73.916411333205,"{'latitude': '40.853256307116', 'longitude': '-73.916411333205', 'human_address': '{""address"": """", ""city"": """", ""state"": """", ""zip"": """"}'}",5,14,24501,2009116,University Heights (South)-Morris Heights,,,
PC8733347,2026-09-14T10:48:38.000,Treatments,2391,WASHINGTON AVENUE,10458,Bronx,Bait applied,,2030400020,2,3040,20,40.857470460093,-73.891339377953,"{'latitude': '40.857470460093', 'longitude': '-73.891339377953', 'human_address': '{""address"": """", ""city"": """", ""state"": """", ""zip"": """"}'}",6,15,385,2011399,Belmont,,,
PC8729389,2026-09-14T10:49:44.000,Treatments,351,GROVE STREET,11237,Brooklyn,Bait applied,,3033190050,3,3319,50,40.69987778833,-73.914216910724,"{'latitude': '40.69987778833', 'longitude': '-73.914216910724', 'human_address': '{""address"": """", ""city"": """", ""state"": """", ""zip"": """"}'}",4,37,441,3075973,Bushwick (West),,,
PC8678188,2026-09-14T10:50:00.000,Clean Ups,114-34,135 STREET,11420,Queens,Cleanup done,,4116600026,4,11660,26,40.681840206979,-73.806829410477,"{'latitude': '40.681840206979', 'longitude': '-73.806829410477', 'human_address': '{""address"": """", ""city"": """", ""state"": """", ""zip"": """"}'}",10,28,174,4251906,South Ozone Park,,1037827,187751
PC8772321,2026-09-14T10:50:06.000,Initial,1840,PHELAN PLACE,10453,Bronx,Failed for Other Reason,Harborage,2028790235,2,2879,235,40.853119159896,-73.916534409255,"{'latitude': '40.853119159896', 'longitude': '-73.916534409255', 'human_address': '{""address"": """", ""city"": """", ""state"": """", ""zip"": """"}'}",5,14,24501,2009144,University Heights (South)-Morris Heights,,,
PC8546332,2026-09-14T10:50:14.000,Treatments,279A,YORK AVENUE,10301,Staten Island,Bait applied,,5000470040,5,47,40,40.639669342476,-74.088069080478,"{'latitude': '40.639669342476', 'longitude': '-74.088069080478', 'human_address': '{""address"": """", ""city"": """", ""state"": """", ""zip"": """"}'}",1,49,77,5149476,St. George-New Brighton,,,
PC8740999,2026-09-14T10:51:23.000,Compliance,1512,AMSTERDAM AVENUE,10031,Manhattan,Failed for Rat Activity,Droppings,1019880034,1,1988,34,40.818720586824,-73.952374517356,"{'latitude': '40.818720586824', 'longitude': '-73.952374517356', 'human_address': '{""address"": """", ""city"": """", ""state"": """", ""zip"": """"}'}",9,7,22301,1059767,Manhattanville-West Harlem,Summons Issued,,
PC8761295,2026-09-14T10:52:00.000,Compliance,2239,1 AVENUE,10029,Manhattan,Failed for Rat Activity,Burrows,1016870023,1,1687,23,40.795412388492,-73.935846294526,"{'latitude': '40.795412388492', 'longitude': '-73.935846294526', 'human_address': '{""address"": """", ""city"": """", ""state"": """", ""zip"": """"}'}",11,8,188,1052909,East Harlem (North),Summons Issued,,
PC8773499,2026-09-14T10:53:00.000,Initial,15,MARCY PLACE,10452,Bronx,Failed for Rat Activity and Other Reason,"Burrows, Harborage",2028410001,2,2841,1,40.838790010292,-73.918084797648,"{'latitude': '40.838790010292', 'longitude': '-73.918084797648', 'human_address': '{""address"": """", ""city"": """", ""state"": """", ""zip"": """"}'}",4,16,22101,2092054,Mount Eden-Claremont (West),,,
PC8763984,2026-09-14T10:54:00.000,Treatments,864,HART STREET,11237,Brooklyn,Bait applied,,3032360023,3,3236,23,40.702515684735,-73.922148017064,"{'latitude': '40.702515684735', 'longitude': '-73.922148017064', 'human_address': '{""address"": """", ""city"": """", ""state"": """", ""zip"": """"}'}",4,37,429,3073602,Bushwick (West),,,
PC8775741,2026-09-14T10:55:00.000,Initial,414,49 STREET,11220,Brooklyn,Failed for Rat Activity and Other Reason,"Droppings, Harborage",3007830012,3,783,12,40.646649672216,-74.011390866283,"{'latitude': '40.646649672216', 'longitude': '-74.011390866283', 'human_address': '{""address"": """", ""city"": """", ""state"": """", ""zip"": """"}'}",7,38,78,3012914,Sunset Park (West),COTA,981089,174871
PC8668823,2026-09-14T10:55:58.000,Treatments,424,EAST 9 STREET,10009,Manhattan,Bait applied,,1004360020,1,436,20,40.727663818567,-73.983666756465,"{'latitude': '40.727663818567', 'longitude': '-73.983666756465', 'human_address': '{""address"": """", ""city"": """", ""state"": """", ""zip"": """"}'}",3,2,32,1005873,East Village,,,
PC8769079,2026-09-14T10:56:00.000,Initial,143,WEST  116 STREET,10026,Manhattan,Failed for Other Reason,Garbage,1019010009,1,1901,9,40.802558925001,-73.950948534374,"{'latitude': '40.802558925001', 'longitude': '-73.950948534374', 'human_address': '{""address"": """", ""city"": """", ""state"": """", ""zip"": """"}'}",10,9,218,1057394,Harlem (South),,997830,231677
PC8773271,2026-09-14T10:58:00.000,Initial,1362,JEROME AVENUE,10452,Bronx,Failed for Other Reason,Harborage,2028410005,2,2841,5,40.839385759425,-73.918282833788,"{'latitude': '40.839385759425', 'longitude': '-73.918282833788', 'human_address': '{""address"": """", ""city"": """", ""state"": """", ""zip"": """"}'}",4,16,22101,2127533,Mount Eden-Claremont (West),,,
PC8755896,2026-09-14T10:58:00.000,Initial,49,STANLEY AVENUE,10301,Staten Island,Failed for Other Reason,"Garbage, Harborage",5001060012,5,106,12,40.635475624421,-74.08766359598,"{'latitude': '40.635475624421', 'longitude': '-74.08766359598', 'human_address': '{""address"": """", ""city"": """", ""state"": """", ""zip"": """"}'}",1,49,75,5002538,West New Brighton-Silver Lake-Grymes Hill,COTA,959919,170812
PC8776141,2026-09-14T10:58:30.000,Initial,1455,JESUP AVENUE,10452,Bronx,Failed for Other Reason,Garbage,2028720205,2,2872,205,40.842578915272,-73.919739041072,"{'latitude': '40.842578915272', 'longitude': '-73.919739041072', 'human_address': '{""address"": """", ""city"": """", ""state"": """", ""zip"": """"}'}",4,16,21302,2008688,Mount Eden-Claremont (West),,1006457,246264
PC8771204,2026-09-14T11:00:06.000,Initial,1806,PHELAN PLACE,10453,Bronx,Failed for Other Reason,Harborage,2028790071,2,2879,71,40.852403240167,-73.917164278629,"{'latitude': '40.852403240167', 'longitude': '-73.917164278629', 'human_address': '{""address"": """", ""city"": """", ""state"": """", ""zip"": """"}'}",5,14,24501,2009073,University Heights (South)-Morris Heights,,,
PC8659426,2026-09-14T11:00:10.000,Treatments,1121,SOUTHERN BOULEVARD,10459,Bronx,Bait applied,,2027280047,2,2728,47,40.827051076163,-73.89191679795,"{'latitude': '40.827051076163', 'longitude': '-73.89191679795', 'human_address': '{""address"": """", ""city"": """", ""state"": """", ""zip"": """"}'}",3,17,125,2005817,Crotona Park East,,,
PC8742487,2026-09-14T11:00:28.000,Treatments,26,ORCHARD STREET,10002,Manhattan,Bait applied,,1002980007,1,298,7,40.715527309633,-73.991551697805,"{'latitude': '40.715527309633', 'longitude': '-73.991551697805', 'human_address': '{""address"": """", ""city"": """", ""state"": """", ""zip"": """"}'}",3,1,16,1003843,Chinatown-Two Bridges,,,
PC8761081,2026-09-14T11:00:34.000,Compliance,341,EAST 115 STREET,10029,Manhattan,Failed for Rat Activity,"Droppings, Runways",1016870022,1,1687,22,40.79563517624,-73.936680372665,"{'latitude': '40.79563517624', 'longitude': '-73.936680372665', 'human_address': '{""address"": """", ""city"": """", ""state"": """", ""zip"": """"}'}",11,8,188,1052908,East Harlem (North),Summons Issued,,
PC8775221,2026-09-14T11:01:00.000,Stoppage,4,Verona Place,11216,Brooklyn,Stoppage done,,3018490026,3,1849,26,40.681104465761,-73.947659923703,"{'latitude': '40.681104465761', 'longitude': '-73.947659923703', 'human_address': '{""address"": """", ""city"": """", ""state"": """", ""zip"": """"}'}",3,36,249,3053240,Bedford-Stuyvesant (West),,,
PC8759341,2026-09-14T11:03:00.000,Compliance,139,EAST   53 STREET,11203,Brooklyn,Failed for Rat Activity and Other Reason,"Droppings, Burrows, Garbage",3046400001,3,4640,1,40.656602122763,-73.927961164714,"{'latitude': '40.656602122763', 'longitude': '-73.927961164714', 'human_address': '{""address"": """", ""city"": """", ""state"": """", ""zip"": """"}'}",17,41,866,3100916,East Flatbush-Rugby,Summons Issued,1004238,178505
PC8774333,2026-09-14T11:03:00.000,Initial,283,EAST  234 STREET,10470,Bronx,Failed for Rat Activity and Other Reason,"Droppings, Garbage, Harborage",2033750059,2,3375,59,40.896829957127,-73.86786076049,"{'latitude': '40.896829957127', 'longitude': '-73.86786076049', 'human_address': '{""address"": """", ""city"": """", ""state"": """", ""zip"": """"}'}",12,11,44902,2019048,Wakefield-Woodlawn,COTA,1020781,266047
PC8771574,2026-09-14T11:04:03.000,Initial,1827,LORING PLACE SOUTH,10453,Bronx,Failed for Other Reason,Harborage,2028790087,2,2879,87,40.852586189144,-73.915859119414,"{'latitude': '40.852586189144', 'longitude': '-73.915859119414', 'human_address': '{""address"": """", ""city"": """", ""state"": """", ""zip"": """"}'}",5,14,24501,2009081,University Heights (South)-Morris Heights,,,
PC8754520,2026-09-14T11:05:00.000,Compliance,106-50,RUSCOE STREET,11433,Queens,Failed for Other Reason,Harborage,4102520056,4,10252,56,40.702133559576,-73.780067226419,"{'latitude': '40.702133559576', 'longitude': '-73.780067226419', 'human_address': '{""address"": """", ""city"": """", ""state"": """", ""zip"": """"}'}",12,27,414,4218510,South Jamaica,,1045231,195162
PC8758285,2026-09-14T11:05:00.000,Compliance,19-05,22 ROAD,11105,Queens,Failed for Rat Activity and Other Reason,"Droppings, Runways, Gnawing, Garbage",4008910024,4,891,24,40.780527443776,-73.918319237126,"{'latitude': '40.780527443776', 'longitude': '-73.918319237126', 'human_address': '{""address"": """", ""city"": """", ""state"": """", ""zip"": """"}'}",1,22,101,4431150,Astoria (North)-Ditmars-Steinway,,1006871,223657
PC8758764,2026-09-14T11:06:00.000,Treatments,1327,PACIFIC STREET,11216,Brooklyn,Bait applied,,3012010057,3,1201,57,40.677574987835,-73.948329674215,"{'latitude': '40.677574987835', 'longitude': '-73.948329674215', 'human_address': '{""address"": """", ""city"": """", ""state"": """", ""zip"": """"}'}",8,36,315,3029814,Crown Heights (North),,,
PC8775634,2026-09-14T11:07:00.000,Stoppage,18,Arlington Place,11216,Brooklyn,Stoppage done,,3018420039,3,1842,39,40.681171919266,-73.951240069919,"{'latitude': '40.681171919266', 'longitude': '-73.951240069919', 'human_address': '{""address"": """", ""city"": """", ""state"": """", ""zip"": """"}'}",3,36,245,3052970,Bedford-Stuyvesant (West),,,
PC8715273,2026-09-14T11:07:07.000,Treatments,436,EVERGREEN AVENUE,11221,Brooklyn,Bait applied,,3033220017,3,3322,17,40.692735293895,-73.921030782366,"{'latitude': '40.692735293895', 'longitude': '-73.921030782366', 'human_address': '{""address"": """", ""city"": """", ""state"": """", ""zip"": """"}'}",4,37,399,3076067,Bushwick (East),,,
PC8766989,2026-09-14T11:09:19.000,Initial,353,WEST STREET,10014,Manhattan,Failed for Other Reason,Animal Nuisance,1006560001,1,656,1,40.729163126725,-74.010676200362,"{'latitude': '40.729163126725', 'longitude': '-74.010676200362', 'human_address': '{""address"": """", ""city"": """", ""state"": """", ""zip"": """"}'}",2,3,69,1012249,West Village,City Agency Referral,981291,204933
PC8696963,2026-09-14T11:09:50.000,Treatments,125,WEST 116 STREET,10026,Manhattan,Bait applied,,1019010019,1,1901,19,40.802413304771,-73.950601887246,"{'latitude': '40.802413304771', 'longitude': '-73.950601887246', 'human_address': '{""address"": """", ""city"": """", ""state"": """", ""zip"": """"}'}",10,9,218,1057402,Harlem (South),,,
PC8679403,2026-09-14T11:10:00.000,Treatments,69,ELM STREET,10310,Staten Island,Bait applied,,5001570073,5,157,73,40.639879427904,-74.114351096351,"{'latitude': '40.639879427904', 'longitude': '-74.114351096351', 'human_address': '{""address"": """", ""city"": """", ""state"": """", ""zip"": """"}'}",1,49,9701,5004394,West New Brighton-Silver Lake-Grymes Hill,,952514,172425
PC8629222,2026-09-14T11:10:00.000,Treatments,256,EAST   10 STREET,10009,Manhattan,Bait applied,,1004370010,1,437,10,40.728492758296,-73.983810872788,"{'latitude': '40.728492758296', 'longitude': '-73.983810872788', 'human_address': '{""address"": """", ""city"": """", ""state"": """", ""zip"": """"}'}",3,2,34,1005900,East Village,,988737,204689
PC8773877,2026-09-14T11:10:30.000,Initial,1543,JESUP AVENUE,10452,Bronx,Failed for Rat Activity,Gnawing,2028720230,2,2872,230,40.844556980537,-73.918475244849,"{'latitude': '40.844556980537', 'longitude': '-73.918475244849', 'human_address': '{""address"": """", ""city"": """", ""state"": """", ""zip"": """"}'}",4,16,21302,2008696,Mount Eden-Claremont (West),COTA,1006806,246985
PC8749576,2026-09-14T11:10:32.000,Compliance,3-41,ST NICHOLAS AVENUE,11385,Queens,Failed for Rat Activity,Burrows,4034490006,4,3449,6,40.70053864919,-73.909819745701,"{'latitude': '40.70053864919', 'longitude': '-73.909819745701', 'human_address': '{""address"": """", ""city"": """", ""state"": """", ""zip"": """"}'}",5,34,549,4437717,Ridgewood,Summons Issued,,
PC8751376,2026-09-14T11:10:36.000,Initial,2170,UNIVERSITY AVENUE,10453,Bronx,Failed for Rat Activity and Other Reason,"Droppings, Harborage",2032110009,2,3211,9,40.858111666494,-73.909084695597,"{'latitude': '40.858111666494', 'longitude': '-73.909084695597', 'human_address': '{""address"": """", ""city"": """", ""state"": """", ""zip"": """"}'}",5,14,251,2014580,University Heights (South)-Morris Heights,COTA,1009393,251920
PC8736363,2026-09-14T11:10:41.000,Treatments,386,EAST    5 STREET,11218,Brooklyn,Bait applied,,3053560012,3,5356,12,40.642571591145,-73.97537114991,"{'latitude': '40.642571591145', 'longitude': '-73.97537114991', 'human_address': '{""address"": """", ""city"": """", ""state"": """", ""zip"": """"}'}",12,39,494,3125410,Kensington,,991085,173386
PC8516924,2026-09-14T11:10:53.000,Treatments,219,EAST 28 STREET,10016,Manhattan,Bait applied,,1009090010,1,909,10,40.741691762215,-73.980191711256,"{'latitude': '40.741691762215', 'longitude': '-73.980191711256', 'human_address': '{""address"": """", ""city"": """", ""state"": """", ""zip"": """"}'}",6,2,66,1019890,Murray Hill-Kips Bay,,,
PC8778137,2026-09-14T11:11:12.000,Initial,1812,CEDAR AVENUE,10453,Bronx,Failed for Other Reason,Harborage,2028810006,2,2881,6,40.852715508193,-73.920149690631,"{'latitude': '40.852715508193', 'longitude': '-73.920149690631', 'human_address': '{""address"": """", ""city"": """", ""state"": """", ""zip"": """"}'}",5,16,20502,2009228,University Heights (South)-Morris Heights,,,
PC8759400,2026-09-14T11:11:57.000,Compliance,152,WEST  118 STREET,10026,Manhattan,Failed for Other Reason,Garbage,1019020056,1,1902,56,40.803933722877,-73.950203422173,"{'latitude': '40.803933722877', 'longitude': '-73.950203422173', 'human_address': '{""address"": """", ""city"": """", ""state"": """", ""zip"": """"}'}",10,9,218,1057452,Harlem (South),,998036,232178
PC8763650,2026-09-14T11:12:32.000,Treatments,840,HART STREET,11237,Brooklyn,Bait applied,,3032360015,3,3236,15,40.702164586294,-73.922491053564,"{'latitude': '40.702164586294', 'longitude': '-73.922491053564', 'human_address': '{""address"": """", ""city"": """", ""state"": """", ""zip"": """"}'}",4,37,429,3073594,Bushwick (West),,,
PC8778270,2026-09-14T11:13:00.000,Initial,,,11216,Brooklyn,Failed for Rat Activity,"Droppings, Burrows",,3,1846,75,,,,,,,,,COTA,,
PC8740558,2026-09-14T11:13:13.000,Compliance,323,EAST 91 STREET,10128,Manhattan,Failed for Rat Activity,Burrows,1015540015,1,1554,15,40.780756382081,-73.948689821674,"{'latitude': '40.780756382081', 'longitude': '-73.948689821674', 'human_address': '{""address"": """", ""city"": """", ""state"": """", ""zip"": """"}'}",8,5,15402,1050217,Upper East Side-Yorkville,Summons Issued,,
PC8736436,2026-09-14T11:15:10.000,Treatments,1126,FOREST AVENUE,10456,Bronx,Bait applied,,2026610018,2,2661,18,40.827477611556,-73.90234075413,"{'latitude': '40.827477611556', 'longitude': '-73.90234075413', 'human_address': '{""address"": """", ""city"": """", ""state"": """", ""zip"": """"}'}",3,17,135,2004705,Morrisania,,1011277,240767
PC8620590,2026-09-14T11:15:28.000,Treatments,385,GRAND STREET,10002,Manhattan,Bait applied,,1003110013,1,311,13,40.716336705158,-73.988052468824,"{'latitude': '40.716336705158', 'longitude': '-73.988052468824', 'human_address': '{""address"": """", ""city"": """", ""state"": """", ""zip"": """"}'}",3,1,1401,1077605,Lower East Side,,987562,200260
PC8770358,2026-09-14T11:18:13.000,Initial,34,MORNINGSIDE AVENUE,10026,Manhattan,Failed for Other Reason,Harborage,1019440004,1,1944,4,40.806596307544,-73.95748012134,"{'latitude': '40.806596307544', 'longitude': '-73.95748012134', 'human_address': '{""address"": """", ""city"": """", ""state"": """", ""zip"": """"}'}",10,9,20102,1059053,Harlem (South),City Agency Referral,,
PC8773570,2026-09-14T11:18:30.000,Initial,1461,JEROME AVENUE,10452,Bronx,Failed for Other Reason,Harborage,2028580028,2,2858,28,40.840919292719,-73.917200318079,"{'latitude': '40.840919292719', 'longitude': '-73.917200318079', 'human_address': '{""address"": """", ""city"": """", ""state"": """", ""zip"": """"}'}",4,16,219,2008318,Mount Eden-Claremont (West),,,
PC8759107,2026-09-14T11:19:00.000,Stoppage,1097,DEAN STREET,11216,Brooklyn,Stoppage done,,3012050046,3,1205,46,40.677234198351,-73.953730564349,"{'latitude': '40.677234198351', 'longitude': '-73.953730564349', 'human_address': '{""address"": """", ""city"": """", ""state"": """", ""zip"": """"}'}",8,35,221,3000000,Crown Heights (North),,,
PC8778160,2026-09-14T11:19:48.000,Initial,1814,CEDAR AVENUE,10453,Bronx,Failed for Rat Activity,"Droppings, Burrows",2028810007,2,2881,7,40.852748422358,-73.920117117993,"{'latitude': '40.852748422358', 'longitude': '-73.920117117993', 'human_address': '{""address"": """", ""city"": """", ""state"": """", ""zip"": """"}'}",5,16,20502,2009229,University Heights (South)-Morris Heights,,,
PC8758266,2026-09-14T11:20:00.000,Compliance,131,DUPONT STREET,11222,Brooklyn,Failed for Rat Activity,"Droppings, Burrows",3024880057,3,2488,57,40.73593143967,-73.954537624184,"{'latitude': '40.73593143967', 'longitude': '-73.954537624184', 'human_address': '{""address"": """", ""city"": """", ""state"": """", ""zip"": """"}'}",1,33,57901,3063793,Greenpoint,Summons Issued,996849,207402
PC8759787,2026-09-14T11:21:00.000,Compliance,277,MACON STREET,11216,Brooklyn,Failed for Rat Activity,Burrows,3018470073,3,1847,73,40.682182190033,-73.94006951306,"{'latitude': '40.682182190033', 'longitude': '-73.94006951306', 'human_address': '{""address"": """", ""city"": """", ""state"": """", ""zip"": """"}'}",3,36,275,3053208,Bedford-Stuyvesant (East),Summons Issued,1000872,187822
PC8714858,2026-09-14T11:21:22.000,Treatments,255,LINDEN STREET,11237,Brooklyn,Bait applied,,3033260065,3,3326,65,40.697518135312,-73.915363163866,"{'latitude': '40.697518135312', 'longitude': '-73.915363163866', 'human_address': '{""address"": """", ""city"": """", ""state"": """", ""zip"": """"}'}",4,37,433,3076171,Bushwick (East),,,
PC8731035,2026-09-14T11:21:57.000,Compliance,155,LENOX AVENUE,10026,Manhattan,Failed for Rat Activity and Other Reason,"Burrows, Harborage",1019020035,1,1902,35,40.803123443337,-73.94888562572,"{'latitude': '40.803123443337', 'longitude': '-73.94888562572', 'human_address': '{""address"": """", ""city"": """", ""state"": """", ""zip"": """"}'}",10,9,218,1084391,Harlem (South),Summons Issued,,
PC8742532,2026-09-14T11:23:00.000,Treatments,1236,PACIFIC STREET,11216,Brooklyn,Bait applied,,3012060031,3,1206,31,40.677702334211,-73.950799170819,"{'latitude': '40.677702334211', 'longitude': '-73.950799170819', 'human_address': '{""address"": """", ""city"": """", ""state"": """", ""zip"": """"}'}",8,36,315,3029996,Crown Heights (North),,,
PC8774336,2026-09-14T11:23:00.000,Stoppage,1447,Bedford Avenue,11216,Brooklyn,Stoppage done,,3012320001,3,1232,1,40.673800560931,-73.953924022618,"{'latitude': '40.673800560931', 'longitude': '-73.953924022618', 'human_address': '{""address"": """", ""city"": """", ""state"": """", ""zip"": """"}'}",8,36,221,3031165,Crown Heights (North),,,
PC8767078,2026-09-14T11:24:00.000,Initial,213-45,38 AVENUE,11361,Queens,Failed for Other Reason,Harborage,4061760043,4,6176,43,40.766625719399,-73.772124226496,"{'latitude': '40.766625719399', 'longitude': '-73.772124226496', 'human_address': '{""address"": """", ""city"": """", ""state"": """", ""zip"": """"}'}",11,19,1123,4136567,Bayside,,1047372,218664
PC8761500,2026-09-14T11:24:00.000,Compliance,23-11,DITMARS BOULEVARD,11105,Queens,Failed for Other Reason,Harborage,4008790065,4,879,65,40.779638964454,-73.915659178539,"{'latitude': '40.779638964454', 'longitude': '-73.915659178539', 'human_address': '{""address"": """", ""city"": """", ""state"": """", ""zip"": """"}'}",1,22,103,4019616,Astoria (North)-Ditmars-Steinway,,1007608,223334
PC8776152,2026-09-14T11:24:17.000,Initial,60,EAST   93 STREET,11212,Brooklyn,Failed for Rat Activity and Other Reason,"Droppings, Garbage",3045950215,3,4595,215,40.662486326443,-73.927006821979,"{'latitude': '40.662486326443', 'longitude': '-73.927006821979', 'human_address': '{""address"": """", ""city"": """", ""state"": """", ""zip"": """"}'}",17,41,882,3346866,East Flatbush-Remsen Village,COTA,1004501,180649
PC8767798,2026-09-14T11:25:00.000,Initial,245,46 STREET,11220,Brooklyn,Failed for Other Reason,"Garbage, Harborage",3007450064,3,745,64,40.650719944019,-74.01357185374,"{'latitude': '40.650719944019', 'longitude': '-74.01357185374', 'human_address': '{""address"": """", ""city"": """", ""state"": """", ""zip"": """"}'}",7,38,2,3011494,Sunset Park (West),,980484,176354
PC8764433,2026-09-14T11:26:42.000,Compliance,1589,EAST   13 STREET,11230,Brooklyn,Failed for Other Reason,Harborage,3067600058,3,6760,58,40.610760886922,-73.96053705489,"{'latitude': '40.610760886922', 'longitude': '-73.96053705489', 'human_address': '{""address"": """", ""city"": """", ""state"": """", ""zip"": """"}'}",14,48,542,3181777,Midwood,Summons Issued,995207,161798
PC8653374,2026-09-14T11:27:44.000,Treatments,731,COLUMBUS AVENUE,10025,Manhattan,Bait applied,,1012090001,1,1209,1,40.79259044262,-73.967706018937,"{'latitude': '40.79259044262', 'longitude': '-73.967706018937', 'human_address': '{""address"": """", ""city"": """", ""state"": """", ""zip"": """"}'}",7,6,181,1088109,Upper West Side (Central),,993192,228043
PC8629122,2026-09-14T11:27:58.000,Treatments,121,EAST 7 STREET,10009,Manhattan,Bait applied,,1004350042,1,435,42,40.726434270248,-73.984435540641,"{'latitude': '40.726434270248', 'longitude': '-73.984435540641', 'human_address': '{""address"": """", ""city"": """", ""state"": """", ""zip"": """"}'}",3,2,32,1066657,East Village,,,
PC8749454,2026-09-14T11:28:04.000,Compliance,107-19,165 STREET,11433,Queens,Failed for Other Reason,Harborage,4101690019,4,10169,19,40.698652634244,-73.790025196111,"{'latitude': '40.698652634244', 'longitude': '-73.790025196111', 'human_address': '{""address"": """", ""city"": """", ""state"": """", ""zip"": """"}'}",12,27,25402,4000000,South Jamaica,,1042473,193887
PC8778173,2026-09-14T11:28:19.000,Initial,1816,CEDAR AVENUE,10453,Bronx,Failed for Other Reason,Harborage,2028810028,2,2881,28,40.852781339028,-73.920088160096,"{'latitude': '40.852781339028', 'longitude': '-73.920088160096', 'human_address': '{""address"": """", ""city"": """", ""state"": """", ""zip"": """"}'}",5,16,20502,2009237,University Heights (South)-Morris Heights,,,
PC8692294,2026-09-14T11:28:57.000,Compliance,101,WEST  118 STREET,10026,Manhattan,Failed for Rat Activity and Other Reason,"Droppings, Burrows, Runways, Garbage",1019030029,1,1903,29,40.803527055757,-73.949188730181,"{'latitude': '40.803527055757', 'longitude': '-73.949188730181', 'human_address': '{""address"": """", ""city"": """", ""state"": """", ""zip"": """"}'}",10,9,220,1057492,Harlem (South),Summons Issued,998317,232030
PC8756623,2026-09-14T11:30:00.000,Treatments,317,AVENUE C,11218,Brooklyn,Bait applied,,3053550044,3,5355,44,40.640584631426,-73.976622208826,"{'latitude': '40.640584631426', 'longitude': '-73.976622208826', 'human_address': '{""address"": """", ""city"": """", ""state"": """", ""zip"": """"}'}",12,39,488,3125377,Kensington,,990738,172662
PC8739678,2026-09-14T11:30:00.000,Compliance,446,EAST 88 STREET,10128,Manhattan,Failed for Rat Activity,Droppings,1015670029,1,1567,29,40.777439813708,-73.94670290798,"{'latitude': '40.777439813708', 'longitude': '-73.94670290798', 'human_address': '{""address"": """", ""city"": """", ""state"": """", ""zip"": """"}'}",8,5,14402,1050594,Upper East Side-Yorkville,Summons Issued,,
PC8763845,2026-09-14T11:30:01.000,Treatments,834,HART STREET,11237,Brooklyn,Bait applied,,3032360013,3,3236,13,40.702076812131,-73.922577713765,"{'latitude': '40.702076812131', 'longitude': '-73.922577713765', 'human_address': '{""address"": """", ""city"": """", ""state"": """", ""zip"": """"}'}",4,37,429,3073592,Bushwick (West),,,
PC8726419,2026-09-14T11:30:45.000,Compliance,4325,CARPENTER AVENUE,10466,Bronx,Failed for Other Reason,Harborage,2050340017,2,5034,17,40.897216878658,-73.858560153724,"{'latitude': '40.897216878658', 'longitude': '-73.858560153724', 'human_address': '{""address"": """", ""city"": """", ""state"": """", ""zip"": """"}'}",12,11,418,2069581,Wakefield-Woodlawn,Summons Issued,1023352,266192
PC8741062,2026-09-14T11:31:53.000,Treatments,333,EAST   23 STREET,10010,Manhattan,Bait applied,,1009290001,1,929,1,40.737481252181,-73.979943981619,"{'latitude': '40.737481252181', 'longitude': '-73.979943981619', 'human_address': '{""address"": """", ""city"": """", ""state"": """", ""zip"": """"}'}",6,2,64,1084711,Gramercy,,989808,207964
PC8770421,2026-09-14T11:32:13.000,Initial,316,WEST 116 STREET,10026,Manhattan,Failed for Rat Activity,Burrows,1018487502,1,1848,7502,40.804641464043,-73.95593176216,"{'latitude': '40.804641464043', 'longitude': '-73.95593176216', 'human_address': '{""address"": """", ""city"": """", ""state"": """", ""zip"": """"}'}",10,9,20102,1055859,Harlem (South),,,
PC8749265,2026-09-14T11:34:00.000,Compliance,199,MACDONOUGH STREET,11216,Brooklyn,Failed for Rat Activity,"Droppings, Burrows",3018530050,3,1853,50,40.68161319681,-73.938512466953,"{'latitude': '40.68161319681', 'longitude': '-73.938512466953', 'human_address': '{""address"": """", ""city"": """", ""state"": """", ""zip"": """"}'}",3,36,273,3053427,Bedford-Stuyvesant (East),Summons Issued,1001304,187615
PC8776525,2026-09-14T11:35:00.000,Initial,1455,5 AVENUE,10035,Manhattan,Failed for Other Reason,Harborage,1016230133,1,1623,133,40.801809947628,-73.945606945037,"{'latitude': '40.801809947628', 'longitude': '-73.945606945037', 'human_address': '{""address"": """", ""city"": """", ""state"": """", ""zip"": """"}'}",11,9,184,1085982,East Harlem (North),,,
PC8721332,2026-09-14T11:35:10.000,Treatments,1254,FRANKLIN AVENUE,10456,Bronx,Bait applied,,2026150012,2,2615,12,40.830886986722,-73.902819950767,"{'latitude': '40.830886986722', 'longitude': '-73.902819950767', 'human_address': '{""address"": """", ""city"": """", ""state"": """", ""zip"": """"}'}",3,17,149,2004301,Morrisania,,,
PC8739413,2026-09-14T11:35:44.000,Initial,1910,UNIVERSITY AVENUE,10453,Bronx,Failed for Rat Activity and Other Reason,"Droppings, Gnawing, Garbage, Harborage",2028680098,2,2868,98,40.853017582411,-73.912807689221,"{'latitude': '40.853017582411', 'longitude': '-73.912807689221', 'human_address': '{""address"": """", ""city"": """", ""state"": """", ""zip"": """"}'}",5,14,243,2008548,University Heights (South)-Morris Heights,COTA,1008371,250069
PC8773331,2026-09-14T11:38:00.000,Initial,115,MARCY PLACE,10452,Bronx,Failed for Rat Activity,Burrows,2028410089,2,2841,89,40.838039292177,-73.916137794413,"{'latitude': '40.838039292177', 'longitude': '-73.916137794413', 'human_address': '{""address"": """", ""city"": """", ""state"": """", ""zip"": """"}'}",4,16,22102,2008072,Mount Eden-Claremont (West),,,
PC8764161,2026-09-14T11:40:00.000,Initial,20-22,27 STREET,11105,Queens,Failed for Other Reason,Harborage,4008600048,4,860,48,40.780885729155,-73.909306092899,"{'latitude': '40.780885729155', 'longitude': '-73.909306092899', 'human_address': '{""address"": """", ""city"": """", ""state"": """", ""zip"": """"}'}",1,22,105,4018471,Astoria (North)-Ditmars-Steinway,,1009367,223790
PC8740251,2026-09-14T11:40:11.000,Compliance,331,EAST 92 STREET,10128,Manhattan,Failed for Rat Activity and Other Reason,"Droppings, Burrows, Harborage",1015550018,1,1555,18,40.781324276412,-73.948089976073,"{'latitude': '40.781324276412', 'longitude': '-73.948089976073', 'human_address': '{""address"": """", ""city"": """", ""state"": """", ""zip"": """"}'}",8,5,15402,1050254,Upper East Side-Yorkville,Summons Issued,,
PC8680060,2026-09-14T11:40:14.000,Treatments,789,POST AVENUE,10310,Staten Island,Bait applied,,5002150131,5,215,131,40.631158847076,-74.127716627938,"{'latitude': '40.631158847076', 'longitude': '-74.127716627938', 'human_address': '{""address"": """", ""city"": """", ""state"": """", ""zip"": """"}'}",1,49,13302,5005744,Port Richmond,,948800,169253
PC8739114,2026-09-14T11:40:59.000,Compliance,1520,YORK AVENUE,10028,Manhattan,Failed for Rat Activity and Other Reason,"Burrows, Harborage, Animal Nuisance",1015770001,1,1577,1,40.772355141019,-73.949714450521,"{'latitude': '40.772355141019', 'longitude': '-73.949714450521', 'human_address': '{""address"": """", ""city"": """", ""state"": """", ""zip"": """"}'}",8,5,13602,1050869,Upper East Side-Yorkville,Summons Issued,,
PC8649795,2026-09-14T11:41:00.000,Treatments,1198,PACIFIC STREET,11216,Brooklyn,Bait applied,,3012060005,3,1206,5,40.677771418825,-73.951895116516,"{'latitude': '40.677771418825', 'longitude': '-73.951895116516', 'human_address': '{""address"": """", ""city"": """", ""state"": """", ""zip"": """"}'}",8,36,315,3324462,Crown Heights (North),,,
PC8717339,2026-09-14T11:41:58.000,Treatments,95,EAST 7 STREET,10009,Manhattan,Bait applied,,1004350056,1,435,56,40.726782966072,-73.985272494949,"{'latitude': '40.726782966072', 'longitude': '-73.985272494949', 'human_address': '{""address"": """", ""city"": """", ""state"": """", ""zip"": """"}'}",3,2,32,1005856,East Village,,,
PC8622831,2026-09-14T11:42:00.000,Treatments,120,WEST   97 STREET,10025,Manhattan,Bait applied,,1018510008,1,1851,8,40.793888751821,-73.967857072442,"{'latitude': '40.793888751821', 'longitude': '-73.967857072442', 'human_address': '{""address"": """", ""city"": """", ""state"": """", ""zip"": """"}'}",7,7,181,1085591,Upper West Side (Central),,993141,228521
PC8761484,2026-09-14T11:42:19.000,Initial,164,BANK STREET,10014,Manhattan,Failed for Other Reason,Harborage,1006387501,1,638,7501,40.736044359476,-74.009454053664,"{'latitude': '40.736044359476', 'longitude': '-74.009454053664', 'human_address': '{""address"": """", ""city"": """", ""state"": """", ""zip"": """"}'}",2,3,75,1076091,West Village,COTA,981630,207440
PC8764562,2026-09-14T11:44:00.000,Compliance,315,ECKFORD STREET,11222,Brooklyn,Failed for Rat Activity,Droppings,3025750013,3,2575,13,40.729773976676,-73.952189374943,"{'latitude': '40.729773976676', 'longitude': '-73.952189374943', 'human_address': '{""address"": """", ""city"": """", ""state"": """", ""zip"": """"}'}",1,33,575,3065156,Greenpoint,Summons Issued,997501,205159
PC8722679,2026-09-14T11:44:23.000,Compliance,543,WEST 146 STREET,10031,Manhattan,Failed for Rat Activity,Droppings,1020780011,1,2078,11,40.826426080682,-73.948343722172,"{'latitude': '40.826426080682', 'longitude': '-73.948343722172', 'human_address': '{""address"": """", ""city"": """", ""state"": """", ""zip"": """"}'}",9,7,233,1061959,Hamilton Heights-Sugar Hill,Summons Issued,,
PC8765230,2026-09-14T11:46:10.000,Compliance,524,WEST  162 STREET,10032,Manhattan,Failed for Rat Activity,"Droppings, Burrows",1021200023,1,2120,23,40.836405044428,-73.940772088351,"{'latitude': '40.836405044428', 'longitude': '-73.940772088351', 'human_address': '{""address"": """", ""city"": """", ""state"": """", ""zip"": """"}'}",12,10,245,1062864,Washington Heights (South),,1000639,244010
PC8774514,2026-09-14T11:46:30.000,Initial,15,FEATHERBED LANE,10452,Bronx,Failed for Other Reason,Harborage,2028610005,2,2861,5,40.84567398528,-73.914555873106,"{'latitude': '40.84567398528', 'longitude': '-73.914555873106', 'human_address': '{""address"": """", ""city"": """", ""state"": """", ""zip"": """"}'}",5,14,217,2008341,University Heights (South)-Morris Heights,COTA,,
PC8637115,2026-09-14T11:48:06.000,Treatments,831,HART STREET,11237,Brooklyn,Bait applied,,3032200152,3,3220,152,40.702057630389,-73.922624621566,"{'latitude': '40.702057630389', 'longitude': '-73.922624621566', 'human_address': '{""address"": """", ""city"": """", ""state"": """", ""zip"": """"}'}",4,34,429,3000000,Bushwick (West),,,
PC8767321,2026-09-14T11:49:00.000,Stoppage,438,Ocean Parkway,11218,Brooklyn,Stoppage done,,3053890019,3,5389,19,40.637773191442,-73.973056145295,"{'latitude': '40.637773191442', 'longitude': '-73.973056145295', 'human_address': '{""address"": """", ""city"": """", ""state"": """", ""zip"": """"}'}",12,39,490,3126781,Kensington,,,
PC8727075,2026-09-14T11:49:08.000,Compliance,115,EAST MOSHOLU PARKWAY NORTH,10467,Bronx,Failed for Rat Activity,"Droppings, Burrows, Runways",2033260001,2,3326,1,40.877379807432,-73.882049446771,"{'latitude': '40.877379807432', 'longitude': '-73.882049446771', 'human_address': '{""address"": """", ""city"": """", ""state"": """", ""zip"": """"}'}",7,11,419,2017719,Norwood,Summons Issued,1016868,258955
PC8720456,2026-09-14T11:50:14.000,Treatments,1,DRIPROCK STREET,10310,Staten Island,Bait applied,,5002150140,5,215,140,40.632195878893,-74.128161762718,"{'latitude': '40.632195878893', 'longitude': '-74.128161762718', 'human_address': '{""address"": """", ""city"": """", ""state"": """", ""zip"": """"}'}",1,49,13302,5005745,Port Richmond,,948677,169631
PC8742033,2026-09-14T11:50:28.000,Treatments,107,SUFFOLK STREET,10002,Manhattan,Bait applied,,1003530054,1,353,54,40.718935783178,-73.986121995238,"{'latitude': '40.718935783178', 'longitude': '-73.986121995238', 'human_address': '{""address"": """", ""city"": """", ""state"": """", ""zip"": """"}'}",3,1,1402,1004301,Lower East Side,,,
PC8769745,2026-09-14T11:50:30.000,Initial,1523,UNDERCLIFF AVENUE,10453,Bronx,Failed for Rat Activity and Other Reason,"Droppings, Burrows, Harborage",2028800058,2,2880,58,40.846259672472,-73.923869480015,"{'latitude': '40.846259672472', 'longitude': '-73.923869480015', 'human_address': '{""address"": """", ""city"": """", ""state"": """", ""zip"": """"}'}",5,14,20501,2120057,University Heights (South)-Morris Heights,COTA,1005313,247604
PC8778266,2026-09-14T11:51:00.000,Initial,,,11221,Brooklyn,Failed for Other Reason,Harborage,,3,1621,2,,,,,,,,,,,
PC8751578,2026-09-14T11:51:57.000,Compliance,1975,ADAM CLAYTON POWELL JR BOULEVARD,,Manhattan,Failed for Rat Activity and Other Reason,"Droppings, Burrows, Runways, Garbage",1019030062,1,1903,62,0.00000000000000000000,0.00000000000000000000,"{'latitude': '0.0', 'longitude': '0.0', 'human_address': '{""address"": """", ""city"": """", ""state"": """", ""zip"": """"}'}",10,9,220,1057518,Harlem (South),,997760,232570
PC8775694,2026-09-14T11:51:58.000,Initial,516,EAST   81 STREET,10028,Manhattan,Failed for Other Reason,Animal Nuisance,1015770042,1,1577,42,40.77223928129,-73.94840757832,"{'latitude': '40.77223928129', 'longitude': '-73.94840757832', 'human_address': '{""address"": """", ""city"": """", ""state"": """", ""zip"": """"}'}",8,5,13602,1050874,Upper East Side-Yorkville,COTA,998540,220631
PC8777979,2026-09-14T11:52:00.000,Initial,21-65,23 STREET,11105,Queens,Failed for Other Reason,Garbage,4008790009,4,879,9,40.78029456902,-73.915127553455,"{'latitude': '40.78029456902', 'longitude': '-73.915127553455', 'human_address': '{""address"": """", ""city"": """", ""state"": """", ""zip"": """"}'}",1,22,103,4019561,Astoria (North)-Ditmars-Steinway,,1007755,223573
PC8775747,2026-09-14T11:52:17.000,Initial,147,ROCKAWAY PARKWAY,11212,Brooklyn,Failed for Rat Activity and Other Reason,"Droppings, Burrows, Runways, Mice",3046160054,3,4616,54,40.663210694795,-73.922442775348,"{'latitude': '40.663210694795', 'longitude': '-73.922442775348', 'human_address': '{""address"": """", ""city"": """", ""state"": """", ""zip"": """"}'}",17,41,892,3100156,East Flatbush-Remsen Village,COTA,1005767,180914
PC8778166,2026-09-14T11:52:36.000,Initial,1824,CEDAR AVENUE,10453,Bronx,Failed for Rat Activity,Burrows,2028810010,2,2881,10,40.852913000596,-73.91996509866,"{'latitude': '40.852913000596', 'longitude': '-73.91996509866', 'human_address': '{""address"": """", ""city"": """", ""state"": """", ""zip"": """"}'}",5,16,20502,2009232,University Heights (South)-Morris Heights,,,
PC8611828,2026-09-14T11:53:40.000,Treatments,203,EAST 202 STREET,10458,Bronx,Bait applied,,2033080043,2,3308,43,40.873248080592,-73.886598368393,"{'latitude': '40.873248080592', 'longitude': '-73.886598368393', 'human_address': '{""address"": """", ""city"": """", ""state"": """", ""zip"": """"}'}",7,14,413,2017246,Bedford Park,,,
PC8656904,2026-09-14T11:54:31.000,Treatments,357,WILSON AVENUE,11221,Brooklyn,Bait applied,,3033340001,3,3334,1,40.695677504719,-73.916883730581,"{'latitude': '40.695677504719', 'longitude': '-73.916883730581', 'human_address': '{""address"": """", ""city"": """", ""state"": """", ""zip"": """"}'}",4,37,433,3338493,Bushwick (East),,,
PC8749408,2026-09-14T11:54:53.000,Treatments,336,EAST   18 STREET,10003,Manhattan,Bait applied,,1009230044,1,923,44,40.734415716129,-73.982156813539,"{'latitude': '40.734415716129', 'longitude': '-73.982156813539', 'human_address': '{""address"": """", ""city"": """", ""state"": """", ""zip"": """"}'}",6,2,48,1020445,Gramercy,,989195,206847
PC8631645,2026-09-14T11:55:00.000,Treatments,59,EAST 7 STREET,10003,Manhattan,Bait applied,,1004490052,1,449,52,40.72762584966,-73.987281941595,"{'latitude': '40.72762584966', 'longitude': '-73.987281941595', 'human_address': '{""address"": """", ""city"": """", ""state"": """", ""zip"": """"}'}",3,2,38,1006354,East Village,,,
PC8726081,2026-09-14T11:55:00.000,Compliance,1826,CEDAR AVENUE,10453,Bronx,Failed for Rat Activity,Burrows,2028810011,2,2881,11,40.852945917227,-73.919936140615,"{'latitude': '40.852945917227', 'longitude': '-73.919936140615', 'human_address': '{""address"": """", ""city"": """", ""state"": """", ""zip"": """"}'}",5,16,20502,2009233,University Heights (South)-Morris Heights,Summons Issued,1006399,250041
PC8721180,2026-09-14T11:55:10.000,Treatments,579,EAST 168 STREET,10456,Bronx,Bait applied,,2026120067,2,2612,67,40.830531321182,-73.904190012864,"{'latitude': '40.830531321182', 'longitude': '-73.904190012864', 'human_address': '{""address"": """", ""city"": """", ""state"": """", ""zip"": """"}'}",3,17,149,2004258,Morrisania,,,
PC8634042,2026-09-14T11:55:36.000,Initial,1847,UNIVERSITY AVENUE,10453,Bronx,Failed for Rat Activity and Other Reason,"Droppings, Gnawing, Animal Nuisance",2028790045,2,2879,45,40.851640834179,-73.91428068971,"{'latitude': '40.851640834179', 'longitude': '-73.91428068971', 'human_address': '{""address"": """", ""city"": """", ""state"": """", ""zip"": """"}'}",5,14,24501,2009059,University Heights (South)-Morris Heights,,,
PC8664528,2026-09-14T11:55:41.000,Treatments,430,OCEAN PARKWAY,11218,Brooklyn,Bait applied,,3053890010,3,5389,10,40.637943375542,-73.973088504146,"{'latitude': '40.637943375542', 'longitude': '-73.973088504146', 'human_address': '{""address"": """", ""city"": """", ""state"": """", ""zip"": """"}'}",12,39,490,3126780,Kensington,,991719,171700
PC8758770,2026-09-14T11:56:00.000,Treatments,1150,PACIFIC STREET,11216,Brooklyn,Bait applied,,3012050019,3,1205,19,40.678085202001,-73.954036419579,"{'latitude': '40.678085202001', 'longitude': '-73.954036419579', 'human_address': '{""address"": """", ""city"": """", ""state"": """", ""zip"": """"}'}",8,35,221,3029960,Crown Heights (North),,,
PC8775621,2026-09-14T11:56:45.000,Initial,425,WEST  162 STREET,10032,Manhattan,Failed for Other Reason,Animal Nuisance,1021100041,1,2110,41,40.835121949442,-73.938297773372,"{'latitude': '40.835121949442', 'longitude': '-73.938297773372', 'human_address': '{""address"": """", ""city"": """", ""state"": """", ""zip"": """"}'}",12,10,24301,1062599,Washington Heights (South),COTA,1001324,243543
PC8764321,2026-09-14T11:57:00.000,Compliance,220,CALYER STREET,11222,Brooklyn,Failed for Other Reason,"Harborage, Animal Nuisance",3025990015,3,2599,15,40.728889632084,-73.95093441776,"{'latitude': '40.728889632084', 'longitude': '-73.95093441776', 'human_address': '{""address"": """", ""city"": """", ""state"": """", ""zip"": """"}'}",1,33,573,3065394,Greenpoint,Summons Issued,997849,204837
PC8766966,2026-09-14T11:57:03.000,Compliance,444,East 84 street,10028,Manhattan,Failed for Rat Activity,Burrows,1015630032,1,1563,32,40.775107947249,-73.949297151342,"{'latitude': '40.775107947249', 'longitude': '-73.949297151342', 'human_address': '{""address"": """", ""city"": """", ""state"": """", ""zip"": """"}'}",8,5,13604,1050470,Upper East Side-Yorkville,Summons Issued,,
PC8734837,2026-09-14T11:57:23.000,Compliance,518,WEST 146 STREET,10031,Manhattan,Failed for Rat Activity,Burrows,1020770041,1,2077,41,40.82621452843,-73.947884994541,"{'latitude': '40.82621452843', 'longitude': '-73.947884994541', 'human_address': '{""address"": """", ""city"": """", ""state"": """", ""zip"": """"}'}",9,7,229,1061950,Hamilton Heights-Sugar Hill,Summons Issued,,
PC8762895,2026-09-14T11:58:00.000,Compliance,874,GREENE AVENUE,11221,Brooklyn,Failed for Rat Activity,"Droppings, Runways, Gnawing",3016210011,3,1621,11,40.690497571426,-73.932799639071,"{'latitude': '40.690497571426', 'longitude': '-73.932799639071', 'human_address': '{""address"": """", ""city"": """", ""state"": """", ""zip"": """"}'}",3,36,291,3044074,Bedford-Stuyvesant (East),Summons Issued,,
PC8708050,2026-09-14T11:58:44.000,Treatments,31-50,33 STREET,11106,Queens,Bait applied,,4006140061,4,614,61,40.762379507042,-73.922857502503,"{'latitude': '40.762379507042', 'longitude': '-73.922857502503', 'human_address': '{""address"": """", ""city"": """", ""state"": """", ""zip"": """"}'}",1,22,61,4008449,Astoria (Central),,1005620,217044
PC8778159,2026-09-14T11:58:59.000,Initial,1828,CEDAR AVENUE,10453,Bronx,Failed for Rat Activity,Burrows,2028810012,2,2881,12,40.85297883385,-73.919907182542,"{'latitude': '40.85297883385', 'longitude': '-73.919907182542', 'human_address': '{""address"": """", ""city"": """", ""state"": """", ""zip"": """"}'}",5,16,20502,2009234,University Heights (South)-Morris Heights,,,
PC8773513,2026-09-14T11:59:00.000,Initial,125,EAST 169 STREET,10452,Bronx,Failed for Rat Activity and Other Reason,"Runways, Harborage",2028390079,2,2839,79,40.836928481193,-73.917252284882,"{'latitude': '40.836928481193', 'longitude': '-73.917252284882', 'human_address': '{""address"": """", ""city"": """", ""state"": """", ""zip"": """"}'}",4,16,22102,2008039,Mount Eden-Claremont (West),,,
PC8751351,2026-09-14T12:00:00.000,Compliance,430,46 STREET,11220,Brooklyn,Failed for Rat Activity and Other Reason,"Runways, Harborage",3007560019,3,756,19,40.648170462362,-74.009387499402,"{'latitude': '40.648170462362', 'longitude': '-74.009387499402', 'human_address': '{""address"": """", ""city"": """", ""state"": """", ""zip"": """"}'}",7,38,80,3011836,Sunset Park (West),Summons Issued,981645,175425
PC8778265,2026-09-14T12:00:00.000,Initial,64-65,210 STREET,11364,Queens,Failed for Other Reason,Animal Nuisance,4076110044,4,7611,44,40.74312811169,-73.765492509582,"{'latitude': '40.74312811169', 'longitude': '-73.765492509582', 'human_address': '{""address"": """", ""city"": """", ""state"": """", ""zip"": """"}'}",11,23,1367,4162232,Oakland Gardens-Hollis Hills,,,
PC8777179,2026-09-14T12:00:24.000,Initial,2410,8 AVENUE,10027,Manhattan,Failed for Rat Activity and Other Reason,"Burrows, Harborage",1019330050,1,1933,50,40.813037543851,-73.949058612578,"{'latitude': '40.813037543851', 'longitude': '-73.949058612578', 'human_address': '{""address"": """", ""city"": """", ""state"": """", ""zip"": """"}'}",10,9,224,1081510,Harlem (North),City Agency Referral,,
PC8716764,2026-09-14T12:04:03.000,Treatments,3034,GRAND CONCOURSE,10458,Bronx,Bait applied,,2033080001,2,3308,1,40.873772618393,-73.886897592001,"{'latitude': '40.873772618393', 'longitude': '-73.886897592001', 'human_address': '{""address"": """", ""city"": """", ""state"": """", ""zip"": """"}'}",7,14,413,2017235,Bedford Park,,1015529,257639
PC8763607,2026-09-14T12:05:42.000,Compliance,1299,GREENE AVENUE,11237,Brooklyn,Failed for Rat Activity,Droppings,3032870034,3,3287,34,40.698201741432,-73.919390600094,"{'latitude': '40.698201741432', 'longitude': '-73.919390600094', 'human_address': '{""address"": """", ""city"": """", ""state"": """", ""zip"": """"}'}",4,37,431,3075078,Bushwick (West),,,
PC8682717,2026-09-14T12:06:21.000,Treatments,2075,CLINTON AVENUE,10457,Bronx,Bait applied,,2030950045,2,3095,45,40.847114335112,-73.888226230346,"{'latitude': '40.847114335112', 'longitude': '-73.888226230346', 'human_address': '{""address"": """", ""city"": """", ""state"": """", ""zip"": """"}'}",6,15,371,2012677,Tremont,,,
PC8758683,2026-09-14T12:07:04.000,Initial,110-23,164 STREET,11433,Queens,Failed for Other Reason,Harborage,4101910034,4,10191,34,40.693197222091,-73.787702083847,"{'latitude': '40.693197222091', 'longitude': '-73.787702083847', 'human_address': '{""address"": """", ""city"": """", ""state"": """", ""zip"": """"}'}",12,27,264,4216922,South Jamaica,,1043122,191901
PC8754207,2026-09-14T12:07:28.000,Compliance,163A,MONROE STREET,11216,Brooklyn,Failed for Rat Activity,Burrows,3018120075,3,1812,75,40.685275792372,-73.952271881948,"{'latitude': '40.685275792372', 'longitude': '-73.952271881948', 'human_address': '{""address"": """", ""city"": """", ""state"": """", ""zip"": """"}'}",3,36,243,3051084,Bedford-Stuyvesant (West),Summons Issued,997487,188947
PC8687922,2026-09-14T12:07:33.000,Treatments,322,IRVING AVENUE,11237,Brooklyn,Bait applied,,3033350032,3,3335,32,40.698581820806,-73.913637956895,"{'latitude': '40.698581820806', 'longitude': '-73.913637956895', 'human_address': '{""address"": """", ""city"": """", ""state"": """", ""zip"": """"}'}",4,37,433,3076330,Bushwick (East),,1008197,193803
PC8740242,2026-09-14T12:09:21.000,Compliance,315,EAST 92 STREET,10128,Manhattan,Failed for Other Reason,Harborage,1015550010,1,1555,10,40.781439678163,-73.94836070233,"{'latitude': '40.781439678163', 'longitude': '-73.94836070233', 'human_address': '{""address"": """", ""city"": """", ""state"": """", ""zip"": """"}'}",8,5,15402,1050246,Upper East Side-Yorkville,Summons Issued,,
PC8778162,2026-09-14T12:10:00.000,Initial,230,WEST TREMONT AVENUE,10453,Bronx,Failed for Rat Activity,Runways,2028810019,2,2881,19,40.852928688216,-73.91885172609,"{'latitude': '40.852928688216', 'longitude': '-73.91885172609', 'human_address': '{""address"": """", ""city"": """", ""state"": """", ""zip"": """"}'}",5,16,20502,2000000,University Heights (South)-Morris Heights,,,
PC8749854,2026-09-14T12:10:00.000,Compliance,26-18,DITMARS BOULEVARD,11105,Queens,Failed for Rat Activity,Burrows,4008560135,4,856,135,40.778122284301,-73.913541621293,"{'latitude': '40.778122284301', 'longitude': '-73.913541621293', 'human_address': '{""address"": """", ""city"": """", ""state"": """", ""zip"": """"}'}",1,22,101,4018277,Astoria (North)-Ditmars-Steinway,,1008195,222782
PC8774817,2026-09-14T12:10:30.000,Initial,1686,DAVIDSON AVENUE,10453,Bronx,Failed for Rat Activity,Burrows,2028610020,2,2861,20,40.846683788533,-73.914207584391,"{'latitude': '40.846683788533', 'longitude': '-73.914207584391', 'human_address': '{""address"": """", ""city"": """", ""state"": """", ""zip"": """"}'}",5,14,217,2008347,University Heights (South)-Morris Heights,COTA,,
PC8752351,2026-09-14T12:12:00.000,Compliance,116,EAST MOSHOLU PARKWAY SOUTH,10458,Bronx,Failed for Rat Activity and Other Reason,"Droppings, Runways, Rats, Garbage",2033130040,2,3313,40,40.876170881949,-73.883519717827,"{'latitude': '40.876170881949', 'longitude': '-73.883519717827', 'human_address': '{""address"": """", ""city"": """", ""state"": """", ""zip"": """"}'}",7,11,413,2017399,Bedford Park,Summons Issued,1016462,258514
PC8749399,2026-09-14T12:13:00.000,Compliance,184,NORMAN AVENUE,11222,Brooklyn,Failed for Rat Activity,"Droppings, Runways",3026520005,3,2652,5,40.727015909063,-73.9469093558,"{'latitude': '40.727015909063', 'longitude': '-73.9469093558', 'human_address': '{""address"": """", ""city"": """", ""state"": """", ""zip"": """"}'}",1,33,571,3066309,Greenpoint,Summons Issued,998965,204155
PC8774520,2026-09-14T12:13:30.000,Initial,1694,DAVIDSON AVENUE,10453,Bronx,Failed for Rat Activity,Burrows,2028610021,2,2861,21,40.846864843685,-73.914077229636,"{'latitude': '40.846864843685', 'longitude': '-73.914077229636', 'human_address': '{""address"": """", ""city"": """", ""state"": """", ""zip"": """"}'}",5,14,217,2008348,University Heights (South)-Morris Heights,COTA,,
PC8734747,2026-09-14T12:14:03.000,Compliance,510,WEST 146 STREET,10031,Manhattan,Failed for Rat Activity,"Droppings, Burrows",1020770038,1,2077,38,40.826148584075,-73.947729673493,"{'latitude': '40.826148584075', 'longitude': '-73.947729673493', 'human_address': '{""address"": """", ""city"": """", ""state"": """", ""zip"": """"}'}",9,7,229,1061948,Hamilton Heights-Sugar Hill,Summons Issued,,
PC8773773,2026-09-14T12:15:00.000,Initial,306,WEST  102 STREET,10025,Manhattan,Failed for Rat Activity,Droppings,1018890064,1,1889,64,40.799167660777,-73.970682594173,"{'latitude': '40.799167660777', 'longitude': '-73.970682594173', 'human_address': '{""address"": """", ""city"": """", ""state"": """", ""zip"": """"}'}",7,7,187,1057160,Upper West Side-Manhattan Valley,COTA,992367,230439
PC8685693,2026-09-14T12:15:07.000,Treatments,2644,MARION AVENUE,10458,Bronx,Bait applied,,2032820013,2,3282,13,40.864502041088,-73.890893994278,"{'latitude': '40.864502041088', 'longitude': '-73.890893994278', 'human_address': '{""address"": """", ""city"": """", ""state"": """", ""zip"": """"}'}",7,15,40502,2016468,Bedford Park,,,
PC8746858,2026-09-14T12:15:10.000,Treatments,919,EAGLE AVENUE,10456,Bronx,Bait applied,,2026200033,2,2620,33,40.823148356656,-73.90802702151,"{'latitude': '40.823148356656', 'longitude': '-73.90802702151', 'human_address': '{""address"": """", ""city"": """", ""state"": """", ""zip"": """"}'}",3,17,141,2004380,Morrisania,,1009705,239188
PC8675076,2026-09-14T12:16:03.000,Compliance,700,GERARD AVENUE,10451,Bronx,Failed for Rat Activity and Other Reason,"Burrows, Harborage",2024730008,2,2473,8,40.823774131298,-73.92711466082,"{'latitude': '40.823774131298', 'longitude': '-73.92711466082', 'human_address': '{""address"": """", ""city"": """", ""state"": """", ""zip"": """"}'}",4,16,6301,2000000,Concourse-Concourse Village,Summons Issued,,
PC8774762,2026-09-14T12:16:30.000,Initial,1698,DAVIDSON AVENUE,10453,Bronx,Failed for Rat Activity,Burrows,2028610024,2,2861,24,40.847043159365,-73.913954106655,"{'latitude': '40.847043159365', 'longitude': '-73.913954106655', 'human_address': '{""address"": """", ""city"": """", ""state"": """", ""zip"": """"}'}",5,14,217,2008349,University Heights (South)-Morris Heights,,,
PC8764500,2026-09-14T12:16:42.000,Compliance,1347,OCEAN AVENUE,11230,Brooklyn,Failed for Rat Activity,"Burrows, Rats",3075660020,3,7566,20,40.629245756962,-73.957049553143,"{'latitude': '40.629245756962', 'longitude': '-73.957049553143', 'human_address': '{""address"": """", ""city"": """", ""state"": """", ""zip"": """"}'}",14,45,772,3206226,Flatbush,Summons Issued,996176,168502
PC8776503,2026-09-14T12:17:00.000,Initial,49,EAST 117 STREET,10035,Manhattan,Failed for Rat Activity,Droppings,1016230024,1,1623,24,40.80049716471,-73.943957371949,"{'latitude': '40.80049716471', 'longitude': '-73.943957371949', 'human_address': '{""address"": """", ""city"": """", ""state"": """", ""zip"": """"}'}",11,9,184,1086443,East Harlem (North),,,
PC8760889,2026-09-14T12:18:13.000,Treatments,782,WEST END AVENUE,10025,Manhattan,Bait applied,,1018700001,1,1870,1,40.796505558115,-73.971897304805,"{'latitude': '40.796505558115', 'longitude': '-73.971897304805', 'human_address': '{""address"": """", ""city"": """", ""state"": """", ""zip"": """"}'}",7,7,187,1056391,Upper West Side-Manhattan Valley,,992031,229469
PC8692285,2026-09-14T12:20:14.000,Treatments,184,HARBOR ROAD,10303,Staten Island,Bait applied,,5012430069,5,1243,69,40.632144321008,-74.16037774727,"{'latitude': '40.632144321008', 'longitude': '-74.16037774727', 'human_address': '{""address"": """", ""city"": """", ""state"": """", ""zip"": """"}'}",1,49,31901,5028093,Mariner's Harbor-Arlington-Graniteville,,,
PC8774629,2026-09-14T12:20:30.000,Initial,8,CLIFFORD PLACE,10453,Bronx,Failed for Other Reason,Harborage,2028610025,2,2861,25,40.846397236815,-73.912747726308,"{'latitude': '40.846397236815', 'longitude': '-73.912747726308', 'human_address': '{""address"": """", ""city"": """", ""state"": """", ""zip"": """"}'}",5,14,22701,2000000,Mount Hope,COTA,,
PC8612626,2026-09-14T12:21:19.000,Compliance,703,GREENWICH STREET,10014,Manhattan,Failed for Rat Activity and Other Reason,"Burrows, Garbage",1006310033,1,631,33,40.733900859056,-74.007249076511,"{'latitude': '40.733900859056', 'longitude': '-74.007249076511', 'human_address': '{""address"": """", ""city"": """", ""state"": """", ""zip"": """"}'}",2,3,75,1000000,West Village,Summons Issued,,
PC8740109,2026-09-14T12:22:45.000,Compliance,345,EAST 93 STREET,10128,Manhattan,Failed for Rat Activity,"Droppings, Burrows",1015560023,1,1556,23,40.781493741826,-73.946544382281,"{'latitude': '40.781493741826', 'longitude': '-73.946544382281', 'human_address': '{""address"": """", ""city"": """", ""state"": """", ""zip"": """"}'}",8,5,15402,1050288,Upper East Side-Yorkville,Summons Issued,,
PC8774932,2026-09-14T12:23:30.000,Initial,1693,JEROME AVENUE,10453,Bronx,Failed for Other Reason,Harborage,2028610026,2,2861,26,40.846595158793,-73.913145054013,"{'latitude': '40.846595158793', 'longitude': '-73.913145054013', 'human_address': '{""address"": """", ""city"": """", ""state"": """", ""zip"": """"}'}",5,14,217,2008350,University Heights (South)-Morris Heights,COTA,,
PC8763497,2026-09-14T12:23:42.000,Compliance,184,WILSON AVENUE,11237,Brooklyn,Failed for Rat Activity,"Droppings, Runways",3032450032,3,3245,32,40.69946445854,-73.923576134247,"{'latitude': '40.69946445854', 'longitude': '-73.923576134247', 'human_address': '{""address"": """", ""city"": """", ""state"": """", ""zip"": """"}'}",4,37,421,3073803,Bushwick (West),,,
PC8675015,2026-09-14T12:24:03.000,Compliance,710,GERARD AVENUE,10451,Bronx,Failed for Rat Activity and Other Reason,"Droppings, Burrows, Mice",2024730012,2,2473,12,40.823968936735,-73.927002437269,"{'latitude': '40.823968936735', 'longitude': '-73.927002437269', 'human_address': '{""address"": """", ""city"": """", ""state"": """", ""zip"": """"}'}",4,16,6301,2002895,Concourse-Concourse Village,Summons Issued,,
PC8775942,2026-09-14T12:25:00.000,Initial,256,43 STREET,11232,Brooklyn,Failed for Other Reason,Harborage,3007270031,3,727,31,40.652273700553,-74.011654912662,"{'latitude': '40.652273700553', 'longitude': '-74.011654912662', 'human_address': '{""address"": """", ""city"": """", ""state"": """", ""zip"": """"}'}",7,38,2,3010893,Sunset Park (West),COTA,981016,176920
PC8767668,2026-09-14T12:25:00.000,Initial,75-25,210 STREET,11364,Queens,Failed for Other Reason,Animal Nuisance,4077480400,4,7748,400,40.736858401388,-73.762508801534,"{'latitude': '40.736858401388', 'longitude': '-73.762508801534', 'human_address': '{""address"": """", ""city"": """", ""state"": """", ""zip"": """"}'}",11,23,129103,4444503,Oakland Gardens-Hollis Hills,,1050065,207826
PC8739281,2026-09-14T12:25:15.000,Compliance,511,EAST 81 STREET,10028,Manhattan,Failed for Rat Activity,Droppings,1015780008,1,1578,8,40.77242610084,-73.948800966299,"{'latitude': '40.77242610084', 'longitude': '-73.948800966299', 'human_address': '{""address"": """", ""city"": """", ""state"": """", ""zip"": """"}'}",8,5,13602,1051130,Upper East Side-Yorkville,Summons Issued,,
PC8775750,2026-09-14T12:25:17.000,Initial,165,ROCKAWAY PARKWAY,11212,Brooklyn,Failed for Rat Activity,"Droppings, Burrows",3046330001,3,4633,1,40.662499260545,-73.92165423661,"{'latitude': '40.662499260545', 'longitude': '-73.92165423661', 'human_address': '{""address"": """", ""city"": """", ""state"": """", ""zip"": """"}'}",17,41,892,3100735,East Flatbush-Remsen Village,COTA,1005986,180655
PC8735063,2026-09-14T12:26:03.000,Compliance,1734,AMSTERDAM AVENUE,10031,Manhattan,Failed for Rat Activity,"Burrows, Runways",1020770036,1,2077,36,40.82574213954,-73.947242198366,"{'latitude': '40.82574213954', 'longitude': '-73.947242198366', 'human_address': '{""address"": """", ""city"": """", ""state"": """", ""zip"": """"}'}",9,7,229,1061946,Hamilton Heights-Sugar Hill,Summons Issued,,
PC8763254,2026-09-14T12:27:32.000,Compliance,1239,ST NICHOLAS AVENUE,10032,Manhattan,Failed for Rat Activity,Droppings,1021410021,1,2141,21,40.843367027261,-73.938087697612,"{'latitude': '40.843367027261', 'longitude': '-73.938087697612', 'human_address': '{""address"": """", ""city"": """", ""state"": """", ""zip"": """"}'}",12,10,253,1063462,Washington Heights (South),,1001121,246754
PC8659137,2026-09-14T12:27:45.000,Compliance,3296,BOLLER AVENUE,10475,Bronx,Failed for Other Reason,Harborage,2052320026,2,5232,26,40.878742481481,-73.834168576712,"{'latitude': '40.878742481481', 'longitude': '-73.834168576712', 'human_address': '{""address"": """", ""city"": """", ""state"": """", ""zip"": """"}'}",12,12,46209,2113693,Eastchester-Edenwald-Baychester,Summons Issued,1030108,259473
PC8778148,2026-09-14T12:28:59.000,Initial,1839,SEDGWICK AVENUE,10453,Bronx,Failed for Rat Activity and Other Reason,"Burrows, Harborage",2028810093,2,2881,93,40.852961289641,-73.918378149158,"{'latitude': '40.852961289641', 'longitude': '-73.918378149158', 'human_address': '{""address"": """", ""city"": """", ""state"": """", ""zip"": """"}'}",5,16,247,2009251,University Heights (South)-Morris Heights,,,
PC8766972,2026-09-14T12:31:04.000,Initial,110-49,167 STREET,11433,Queens,Failed for Other Reason,Harborage,4101980031,4,10198,31,40.693826114224,-73.784937774584,"{'latitude': '40.693826114224', 'longitude': '-73.784937774584', 'human_address': '{""address"": """", ""city"": """", ""state"": """", ""zip"": """"}'}",12,27,264,4217073,South Jamaica,,1043888,192132
PC8774517,2026-09-14T12:32:30.000,Initial,1689,JEROME AVENUE,10453,Bronx,Failed for Rat Activity,"Burrows, Runways",2028610028,2,2861,28,40.846460740599,-73.913242819861,"{'latitude': '40.846460740599', 'longitude': '-73.913242819861', 'human_address': '{""address"": """", ""city"": """", ""state"": """", ""zip"": """"}'}",5,14,217,2008352,University Heights (South)-Morris Heights,COTA,,
PC8673348,2026-09-14T12:33:18.000,Compliance,3176,VILLA AVENUE,10468,Bronx,Failed for Rat Activity,Burrows,2033110034,2,3311,34,40.876503613887,-73.886889312427,"{'latitude': '40.876503613887', 'longitude': '-73.886889312427', 'human_address': '{""address"": """", ""city"": """", ""state"": """", ""zip"": """"}'}",7,11,411,2017333,Bedford Park,Summons Issued,,
PC8763492,2026-09-14T12:33:42.000,Compliance,1362,DEKALB AVENUE,11221,Brooklyn,Failed for Rat Activity,"Droppings, Burrows, Runways, Rats",3032450023,3,3245,23,40.698894179279,-73.92453248657,"{'latitude': '40.698894179279', 'longitude': '-73.92453248657', 'human_address': '{""address"": """", ""city"": """", ""state"": """", ""zip"": """"}'}",4,37,421,3325521,Bushwick (West),,,
PC8776543,2026-09-14T12:35:00.000,Initial,61,EAST 117 STREET,10035,Manhattan,Failed for Rat Activity and Other Reason,"Droppings, Harborage",1016230030,1,1623,30,40.80040923036,-73.943747954866,"{'latitude': '40.80040923036', 'longitude': '-73.943747954866', 'human_address': '{""address"": """", ""city"": """", ""state"": """", ""zip"": """"}'}",11,9,184,1051685,East Harlem (North),,,
PC8739695,2026-09-14T12:35:07.000,Treatments,304,ST NICHOLAS AVENUE,11237,Brooklyn,Bait applied,,3033380035,3,3338,35,40.701231269528,-73.911019778914,"{'latitude': '40.701231269528', 'longitude': '-73.911019778914', 'human_address': '{""address"": """", ""city"": """", ""state"": """", ""zip"": """"}'}",4,37,439,3076398,Bushwick (East),,1008922,194769
PC8765514,2026-09-14T12:37:00.000,Initial,33-11,ASTORIA BOULEVARD,11103,Queens,Failed for Rat Activity and Other Reason,"Droppings, Runways, Harborage",4008360060,4,836,60,40.770205090018,-73.915458165686,"{'latitude': '40.770205090018', 'longitude': '-73.915458165686', 'human_address': '{""address"": """", ""city"": """", ""state"": """", ""zip"": """"}'}",1,22,125,4017309,Astoria (North)-Ditmars-Steinway,,1007667,219897
PC8762263,2026-09-14T12:38:00.000,Compliance,15,HERKIMER PLACE,11216,Brooklyn,Failed for Other Reason,Harborage,3018650084,3,1865,84,40.67904200004,-73.951302923697,"{'latitude': '40.67904200004', 'longitude': '-73.951302923697', 'human_address': '{""address"": """", ""city"": """", ""state"": """", ""zip"": """"}'}",3,36,247,3053920,Bedford-Stuyvesant (West),Summons Issued,,
PC8645719,2026-09-14T12:40:39.000,Compliance,1849,SEDGWICK AVENUE,10453,Bronx,Failed for Rat Activity,Burrows,2028810084,2,2881,84,40.853205359797,-73.918081434921,"{'latitude': '40.853205359797', 'longitude': '-73.918081434921', 'human_address': '{""address"": """", ""city"": """", ""state"": """", ""zip"": """"}'}",5,16,247,2092070,University Heights (South)-Morris Heights,Summons Issued,1006912,250136
PC8769758,2026-09-14T12:40:59.000,Initial,1775,DAVIDSON AVENUE,10453,Bronx,Failed for Rat Activity,Droppings,2028670151,2,2867,151,40.84880709284,-73.91271925114,"{'latitude': '40.84880709284', 'longitude': '-73.91271925114', 'human_address': '{""address"": """", ""city"": """", ""state"": """", ""zip"": """"}'}",5,14,217,2008519,University Heights (South)-Morris Heights,COTA,1008397,248535
PC8749369,2026-09-14T12:41:29.000,Compliance,3162,VILLA AVENUE,10468,Bronx,Failed for Rat Activity and Other Reason,"Droppings, Burrows, Runways, Harborage",2033110029,2,3311,29,40.876190854217,-73.887030872703,"{'latitude': '40.876190854217', 'longitude': '-73.887030872703', 'human_address': '{""address"": """", ""city"": """", ""state"": """", ""zip"": """"}'}",7,11,411,2129648,Bedford Park,,1015491,258520
PC8739289,2026-09-14T12:42:53.000,Compliance,512,EAST 82 STREET,10028,Manhattan,Failed for Rat Activity,Droppings,1015780044,1,1578,44,40.772900583113,-73.947999086236,"{'latitude': '40.772900583113', 'longitude': '-73.947999086236', 'human_address': '{""address"": """", ""city"": """", ""state"": """", ""zip"": """"}'}",8,5,13602,1051152,Upper East Side-Yorkville,Summons Issued,,
PC8774877,2026-09-14T12:43:09.000,Initial,1677,JEROME AVENUE,10453,Bronx,Failed for Rat Activity,Burrows,2028610034,2,2861,34,40.846112350244,-73.913496284894,"{'latitude': '40.846112350244', 'longitude': '-73.913496284894', 'human_address': '{""address"": """", ""city"": """", ""state"": """", ""zip"": """"}'}",5,14,217,2008355,University Heights (South)-Morris Heights,COTA,,
PC8770502,2026-09-14T12:43:13.000,Initial,2121,FREDRICK DOUGLASS BL,10026,Manhattan,Failed for Rat Activity,Burrows,1018480017,1,1848,17,40.803483229414,-73.956058955002,"{'latitude': '40.803483229414', 'longitude': '-73.956058955002', 'human_address': '{""address"": """", ""city"": """", ""state"": """", ""zip"": """"}'}",10,9,20102,1055838,Harlem (South),,,
PC8387285,2026-09-14T12:44:03.000,Compliance,751,WALTON AVENUE,10451,Bronx,Failed for Rat Activity and Other Reason,"Droppings, Burrows, Runways, Harborage",2024730033,2,2473,33,40.82422624837,-73.925918188207,"{'latitude': '40.82422624837', 'longitude': '-73.925918188207', 'human_address': '{""address"": """", ""city"": """", ""state"": """", ""zip"": """"}'}",4,16,6301,2002896,Concourse-Concourse Village,Summons Issued,1004753,239576
PC8768482,2026-09-14T12:46:00.000,Initial,2724,BROADWAY,10025,Manhattan,Failed for Rat Activity,Burrows,1018760020,1,1876,20,40.800034314771,-73.968106926489,"{'latitude': '40.800034314771', 'longitude': '-73.968106926489', 'human_address': '{""address"": """", ""city"": """", ""state"": """", ""zip"": """"}'}",7,7,191,1056586,Upper West Side-Manhattan Valley,City Agency Referral,993055,230661
PC8766377,2026-09-14T12:46:19.000,Initial,51,LEROY STREET,10014,Manhattan,Failed for Rat Activity and Other Reason,"Droppings, Burrows, Garbage",1005830040,1,583,40,40.730201030499,-74.005123501697,"{'latitude': '40.730201030499', 'longitude': '-74.005123501697', 'human_address': '{""address"": """", ""city"": """", ""state"": """", ""zip"": """"}'}",2,3,67,1077934,West Village,COTA,982830,205311
PC8763009,2026-09-14T12:48:00.000,Compliance,1275,BEDFORD AVENUE,11216,Brooklyn,Failed for Rat Activity,"Droppings, Burrows",3018650010,3,1865,10,40.679495649947,-73.953130501773,"{'latitude': '40.679495649947', 'longitude': '-73.953130501773', 'human_address': '{""address"": """", ""city"": """", ""state"": """", ""zip"": """"}'}",3,36,247,3349158,Bedford-Stuyvesant (West),Summons Issued,,
PC8776468,2026-09-14T12:49:00.000,Initial,1660,PARK AVENUE,10035,Manhattan,Failed for Rat Activity,Burrows,1016230033,1,1623,33,40.800120481521,-73.942635733079,"{'latitude': '40.800120481521', 'longitude': '-73.942635733079', 'human_address': '{""address"": """", ""city"": """", ""state"": """", ""zip"": """"}'}",11,9,184,1000000,East Harlem (North),,,
PC8740241,2026-09-14T12:49:00.000,Compliance,336,EAST 95 STREET,10128,Manhattan,Failed for Other Reason,Harborage,1015570032,1,1557,32,40.783148864454,-73.946622489946,"{'latitude': '40.783148864454', 'longitude': '-73.946622489946', 'human_address': '{""address"": """", ""city"": """", ""state"": """", ""zip"": """"}'}",8,5,15601,1050316,Upper East Side-Yorkville,Summons Issued,,
PC8663533,2026-09-14T12:50:10.000,Treatments,420,EAST 167 STREET,10456,Bronx,Bait applied,,2023920071,2,2392,71,40.830414931107,-73.909592449044,"{'latitude': '40.830414931107', 'longitude': '-73.909592449044', 'human_address': '{""address"": """", ""city"": """", ""state"": """", ""zip"": """"}'}",3,16,143,2129537,Concourse-Concourse Village,,,
PC8621601,2026-09-14T12:53:17.000,Compliance,459,EAST   92 STREET,11212,Brooklyn,Failed for Rat Activity and Other Reason,"Droppings, Burrows, Harborage",3046890031,3,4689,31,40.655142125811,-73.920026682081,"{'latitude': '40.655142125811', 'longitude': '-73.920026682081', 'human_address': '{""address"": """", ""city"": """", ""state"": """", ""zip"": """"}'}",17,41,888,3102519,East Flatbush-Remsen Village,Summons Issued,1006440,177975
PC8739166,2026-09-14T12:54:05.000,Compliance,514,EAST 82 STREET,10028,Manhattan,Failed for Rat Activity,Droppings,1015780043,1,1578,43,40.772889592641,-73.947973821895,"{'latitude': '40.772889592641', 'longitude': '-73.947973821895', 'human_address': '{""address"": """", ""city"": """", ""state"": """", ""zip"": """"}'}",8,5,13602,1051151,Upper East Side-Yorkville,Summons Issued,,
PC8762225,2026-09-14T12:55:00.000,Compliance,1102,DEKALB AVENUE,11221,Brooklyn,Failed for Rat Activity and Other Reason,"Burrows, Runways, Gnawing, Garbage",3016040015,3,1604,15,40.693770645181,-73.930383831926,"{'latitude': '40.693770645181', 'longitude': '-73.930383831926', 'human_address': '{""address"": """", ""city"": """", ""state"": """", ""zip"": """"}'}",3,36,289,3043300,Bedford-Stuyvesant (East),Summons Issued,,
PC8770506,2026-09-14T12:55:13.000,Initial,2111,FREDRICK DOUGLASS BL,10026,Manhattan,Failed for Rat Activity,Burrows,1018480012,1,1848,12,40.803208831954,-73.956261412923,"{'latitude': '40.803208831954', 'longitude': '-73.956261412923', 'human_address': '{""address"": """", ""city"": """", ""state"": """", ""zip"": """"}'}",10,9,20102,1055833,Harlem (South),,,
PC8764013,2026-09-14T12:55:16.000,Compliance,168,WILSON AVENUE,11237,Brooklyn,Failed for Rat Activity,Burrows,3032340031,3,3234,31,40.699890395544,-73.924325786611,"{'latitude': '40.699890395544', 'longitude': '-73.924325786611', 'human_address': '{""address"": """", ""city"": """", ""state"": """", ""zip"": """"}'}",4,37,423,3073533,Bushwick (West),,,
PC8774956,2026-09-14T12:56:00.000,Initial,1711,JEROME AVENUE,10453,Bronx,Failed for Other Reason,Harborage,2028610086,2,2861,86,40.847050538112,-73.912819155359,"{'latitude': '40.847050538112', 'longitude': '-73.912819155359', 'human_address': '{""address"": """", ""city"": """", ""state"": """", ""zip"": """"}'}",5,14,217,2008366,University Heights (South)-Morris Heights,COTA,,
PC8778157,2026-09-14T12:56:49.000,Initial,1861,SEDGWICK AVENUE,10453,Bronx,Failed for Rat Activity,Burrows,2028810075,2,2881,75,40.853608672686,-73.917853202512,"{'latitude': '40.853608672686', 'longitude': '-73.917853202512', 'human_address': '{""address"": """", ""city"": """", ""state"": """", ""zip"": """"}'}",5,16,247,2009250,University Heights (South)-Morris Heights,,,
PC8762216,2026-09-14T13:00:00.000,Compliance,1086,DEKALB AVENUE,11221,Brooklyn,Failed for Rat Activity,"Droppings, Runways",3016040008,3,1604,8,40.693710578695,-73.930910388202,"{'latitude': '40.693710578695', 'longitude': '-73.930910388202', 'human_address': '{""address"": """", ""city"": """", ""state"": """", ""zip"": """"}'}",3,36,289,3043294,Bedford-Stuyvesant (East),Summons Issued,,
PC8749500,2026-09-14T13:00:04.000,Compliance,114-10,177 STREET,11434,Queens,Failed for Other Reason,Harborage,4103070009,4,10307,9,40.693970553551,-73.773011791473,"{'latitude': '40.693970553551', 'longitude': '-73.773011791473', 'human_address': '{""address"": """", ""city"": """", ""state"": """", ""zip"": """"}'}",12,27,424,4219819,St. Albans,,1047195,192193
PC8774634,2026-09-14T13:00:09.000,Initial,1733,JEROME AVENUE,10453,Bronx,Failed for Other Reason,Garbage,2028610080,2,2861,80,40.84736601214,-73.912594642458,"{'latitude': '40.84736601214', 'longitude': '-73.912594642458', 'human_address': '{""address"": """", ""city"": """", ""state"": """", ""zip"": """"}'}",5,14,217,2008365,University Heights (South)-Morris Heights,COTA,,
PC8751008,2026-09-14T13:00:30.000,Initial,54,VAN NAME AVENUE,10303,Staten Island,Failed for Other Reason,Harborage,5011880095,5,1188,95,40.635346486164,-74.153085881301,"{'latitude': '40.635346486164', 'longitude': '-74.153085881301', 'human_address': '{""address"": """", ""city"": """", ""state"": """", ""zip"": """"}'}",1,49,223,5174615,Mariner's Harbor-Arlington-Graniteville,COTA,941761,170790
PC8762488,2026-09-14T13:01:27.000,Compliance,32,HERKIMER STREET,11216,Brooklyn,Failed for Rat Activity and Other Reason,"Droppings, Harborage",3018650026,3,1865,26,40.679750434932,-73.95197300139,"{'latitude': '40.679750434932', 'longitude': '-73.95197300139', 'human_address': '{""address"": """", ""city"": """", ""state"": """", ""zip"": """"}'}",3,36,247,3053893,Bedford-Stuyvesant (West),Summons Issued,,
PC8778134,2026-09-14T13:02:01.000,Initial,1889,SEDGWICK AVENUE,10453,Bronx,Failed for Rat Activity and Other Reason,"Droppings, Harborage",2028810058,2,2881,58,40.854217640055,-73.917346367813,"{'latitude': '40.854217640055', 'longitude': '-73.917346367813', 'human_address': '{""address"": """", ""city"": """", ""state"": """", ""zip"": """"}'}",5,16,247,2092068,University Heights (South)-Morris Heights,,,
PC8693915,2026-09-14T13:02:20.000,Treatments,791,HART STREET,11237,Brooklyn,Bait applied,,3032190038,3,3219,38,40.701039988045,-73.92362120588,"{'latitude': '40.701039988045', 'longitude': '-73.92362120588', 'human_address': '{""address"": """", ""city"": """", ""state"": """", ""zip"": """"}'}",4,34,429,3073185,Bushwick (West),,,
PC8739813,2026-09-14T13:02:59.000,Compliance,3121,VILLA AVENUE,10468,Bronx,Failed for Rat Activity,Runways,2033220057,2,3322,57,40.875140111238,-73.887528056566,"{'latitude': '40.875140111238', 'longitude': '-73.887528056566', 'human_address': '{""address"": """", ""city"": """", ""state"": """", ""zip"": """"}'}",7,11,411,2116616,Bedford Park,Summons Issued,1015354,258137
PC8763502,2026-09-14T13:04:16.000,Compliance,704,HART STREET,11221,Brooklyn,Failed for Other Reason,Harborage,3032340021,3,3234,21,40.69925976268,-73.925339909246,"{'latitude': '40.69925976268', 'longitude': '-73.925339909246', 'human_address': '{""address"": """", ""city"": """", ""state"": """", ""zip"": """"}'}",4,37,423,3000000,Bushwick (West),,,
PC8769801,2026-09-14T13:05:00.000,Initial,311,WEST 114 STREET,10026,Manhattan,Failed for Rat Activity,"Burrows, Runways, Rats",1018480007,1,1848,7,40.803299591934,-73.956745371485,"{'latitude': '40.803299591934', 'longitude': '-73.956745371485', 'human_address': '{""address"": """", ""city"": """", ""state"": """", ""zip"": """"}'}",10,9,20102,1055828,Harlem (South),,,
PC8645688,2026-09-14T13:05:41.000,Treatments,320,OCEAN PARKWAY,11218,Brooklyn,Bait applied,,3053570040,3,5357,40,40.641651739228,-73.973793248255,"{'latitude': '40.641651739228', 'longitude': '-73.973793248255', 'human_address': '{""address"": """", ""city"": """", ""state"": """", ""zip"": """"}'}",12,39,494,3125451,Kensington,,991523,173051
PC8707443,2026-09-14T13:06:00.000,Compliance,1113,DEKALB AVENUE,11221,Brooklyn,Failed for Rat Activity,"Droppings, Burrows, Runways",,3,1600,25,40.693773459967,-73.930499224881,"{'latitude': '40.693773459967', 'longitude': '-73.930499224881', 'human_address': '{""address"": """", ""city"": """", ""state"": """", ""zip"": """"}'}",3,36,289,,Bedford-Stuyvesant (East),Summons Issued,,
PC8739242,2026-09-14T13:06:59.000,Compliance,516,EAST 82 STREET,10028,Manhattan,Failed for Rat Activity,Droppings,1015780042,1,1578,42,40.772878602164,-73.947948557563,"{'latitude': '40.772878602164', 'longitude': '-73.947948557563', 'human_address': '{""address"": """", ""city"": """", ""state"": """", ""zip"": """"}'}",8,5,13602,1051150,Upper East Side-Yorkville,Summons Issued,,
PC8774467,2026-09-14T13:07:09.000,Initial,1749,JEROME AVENUE,10453,Bronx,Failed for Rat Activity and Other Reason,"Burrows, Harborage",2028610074,2,2861,74,40.84782413459,-73.912268732596,"{'latitude': '40.84782413459', 'longitude': '-73.912268732596', 'human_address': '{""address"": """", ""city"": """", ""state"": """", ""zip"": """"}'}",5,14,217,2008363,University Heights (South)-Morris Heights,COTA,,
PC8775945,2026-09-14T13:07:59.000,Initial,37,FEATHERBED LANE,10452,Bronx,Failed for Rat Activity,"Droppings, Burrows, Rats",2028650126,2,2865,126,40.845957440876,-73.915567540831,"{'latitude': '40.845957440876', 'longitude': '-73.915567540831', 'human_address': '{""address"": """", ""city"": """", ""state"": """", ""zip"": """"}'}",5,14,217,2008431,University Heights (South)-Morris Heights,COTA,1007610,247496
PC8584373,2026-09-14T13:08:00.000,Treatments,1148,PACIFIC STREET,11216,Brooklyn,Bait applied,,3012050018,3,1205,18,40.67809620422,-73.954094096293,"{'latitude': '40.67809620422', 'longitude': '-73.954094096293', 'human_address': '{""address"": """", ""city"": """", ""state"": """", ""zip"": """"}'}",8,35,221,3029959,Crown Heights (North),,,
PC8756846,2026-09-14T13:10:03.000,Compliance,1041,NELSON AVENUE,10452,Bronx,Failed for Rat Activity and Other Reason,"Droppings, Burrows, Runways, Rats, Harborage",2025120015,2,2512,15,40.833633888921,-73.92814457277,"{'latitude': '40.833633888921', 'longitude': '-73.92814457277', 'human_address': '{""address"": """", ""city"": """", ""state"": """", ""zip"": """"}'}",4,16,189,2003209,Highbridge,,,
PC8770610,2026-09-14T13:10:07.000,Initial,315,WEST 114 STREET,10026,Manhattan,Failed for Rat Activity,Burrows,1018480005,1,1848,5,40.803335306264,-73.956832038102,"{'latitude': '40.803335306264', 'longitude': '-73.956832038102', 'human_address': '{""address"": """", ""city"": """", ""state"": """", ""zip"": """"}'}",10,9,20102,1055826,Harlem (South),,,
PC8774823,2026-09-14T13:12:09.000,Initial,1750,DAVIDSON AVENUE,10453,Bronx,Failed for Other Reason,"Garbage, Harborage",2028610067,2,2861,67,40.848258425808,-73.9130886559,"{'latitude': '40.848258425808', 'longitude': '-73.9130886559', 'human_address': '{""address"": """", ""city"": """", ""state"": """", ""zip"": """"}'}",5,14,217,2115886,University Heights (South)-Morris Heights,COTA,,
PC8778288,2026-09-14T13:17:17.000,Initial,,,11212,Brooklyn,Failed for Other Reason,Harborage,,3,4717,1,,,,,,,,,,,
PC8778174,2026-09-14T13:18:01.000,Initial,CEDAR,AVENUE,10453,Bronx,Failed for Other Reason,Harborage,,2,2881,57,,,,,,,,,,,
PC8713598,2026-09-14T13:18:20.000,Treatments,654,HART STREET,11221,Brooklyn,Bait applied,,3032280014,3,3228,14,40.698426287241,-73.926790608896,"{'latitude': '40.698426287241', 'longitude': '-73.926790608896', 'human_address': '{""address"": """", ""city"": """", ""state"": """", ""zip"": """"}'}",4,34,423,3000000,Bushwick (West),,,
PC8740278,2026-09-14T13:19:05.000,Compliance,315,EAST 95 STREET,10128,Manhattan,Failed for Rat Activity,Burrows,1015580011,1,1558,11,40.783319206414,-73.94698345186,"{'latitude': '40.783319206414', 'longitude': '-73.94698345186', 'human_address': '{""address"": """", ""city"": """", ""state"": """", ""zip"": """"}'}",8,8,15601,1050333,Upper East Side-Yorkville,Summons Issued,,
PC8770064,2026-09-14T13:19:07.000,Initial,344,MANHATTAN AVENUE,10026,Manhattan,Failed for Rat Activity,Burrows,1018480004,1,1848,4,40.803994318784,-73.957564868545,"{'latitude': '40.803994318784', 'longitude': '-73.957564868545', 'human_address': '{""address"": """", ""city"": """", ""state"": """", ""zip"": """"}'}",10,9,20102,1055825,Harlem (South),,,
PC8767059,2026-09-14T13:20:00.000,Compliance,36A,STUYVESANT AVENUE,11221,Brooklyn,Failed for Rat Activity,"Droppings, Burrows, Runways",3015920051,3,1592,51,40.695216826053,-73.934507809253,"{'latitude': '40.695216826053', 'longitude': '-73.934507809253', 'human_address': '{""address"": """", ""city"": """", ""state"": """", ""zip"": """"}'}",3,36,287,3255338,Bedford-Stuyvesant (East),Summons Issued,,
PC8774655,2026-09-14T13:20:09.000,Initial,1726,DAVIDSON AVENUE,10453,Bronx,Failed for Rat Activity and Other Reason,"Burrows, Harborage",2028610057,2,2861,57,40.847701542409,-73.913483366768,"{'latitude': '40.847701542409', 'longitude': '-73.913483366768', 'human_address': '{""address"": """", ""city"": """", ""state"": """", ""zip"": """"}'}",5,14,217,2008361,University Heights (South)-Morris Heights,COTA,,
PC8758984,2026-09-14T13:21:00.000,Treatments,1142,PACIFIC STREET,11216,Brooklyn,Bait applied,,3012050014,3,1205,14,40.678131955478,-73.954267124661,"{'latitude': '40.678131955478', 'longitude': '-73.954267124661', 'human_address': '{""address"": """", ""city"": """", ""state"": """", ""zip"": """"}'}",8,35,221,3324459,Crown Heights (North),,,
PC8776597,2026-09-14T13:22:16.000,Initial,104,CENTRAL AVENUE,11206,Brooklyn,Failed for Rat Activity,Droppings,3031720033,3,3172,33,40.700423310881,-73.92929851975,"{'latitude': '40.700423310881', 'longitude': '-73.92929851975', 'human_address': '{""address"": """", ""city"": """", ""state"": """", ""zip"": """"}'}",4,34,425,3328066,Bushwick (West),,1003854,194470
PC8778167,2026-09-14T13:22:39.000,Initial,1882,CEDAR AVENUE,10453,Bronx,Failed for Other Reason,Harborage,2028810054,2,2881,54,40.854257043449,-73.918716349463,"{'latitude': '40.854257043449', 'longitude': '-73.918716349463', 'human_address': '{""address"": """", ""city"": """", ""state"": """", ""zip"": """"}'}",5,16,247,2009248,University Heights (South)-Morris Heights,,,
PC8762245,2026-09-14T13:24:39.000,Compliance,60,HERKIMER STREET,11216,Brooklyn,Failed for Rat Activity,Droppings,3018650037,3,1865,37,40.679714480629,-73.951327668252,"{'latitude': '40.679714480629', 'longitude': '-73.951327668252', 'human_address': '{""address"": """", ""city"": """", ""state"": """", ""zip"": """"}'}",3,36,247,3053904,Bedford-Stuyvesant (West),Summons Issued,,
PC8767060,2026-09-14T13:25:00.000,Compliance,36,STUYVESANT AVENUE,11221,Brooklyn,Failed for Rat Activity,"Droppings, Burrows, Runways",3015920050,3,1592,50,40.695216826053,-73.934507809253,"{'latitude': '40.695216826053', 'longitude': '-73.934507809253', 'human_address': '{""address"": """", ""city"": """", ""state"": """", ""zip"": """"}'}",3,36,287,3255337,Bedford-Stuyvesant (East),Summons Issued,,
PC8774409,2026-09-14T13:27:00.000,Initial,1706,DAVIDSON AVENUE,10453,Bronx,Failed for Other Reason,Harborage,2028610052,2,2861,52,40.847380582619,-73.91371511268,"{'latitude': '40.847380582619', 'longitude': '-73.91371511268', 'human_address': '{""address"": """", ""city"": """", ""state"": """", ""zip"": """"}'}",5,14,217,2008359,University Heights (South)-Morris Heights,COTA,,
PC8768480,2026-09-14T13:30:00.000,Initial,2753,BROADWAY,10025,Manhattan,Failed for Rat Activity,"Droppings, Burrows",1018770061,1,1877,61,40.801209009439,-73.967900479561,"{'latitude': '40.801209009439', 'longitude': '-73.967900479561', 'human_address': '{""address"": """", ""city"": """", ""state"": """", ""zip"": """"}'}",7,7,191,1056629,Upper West Side-Manhattan Valley,COTA,993144,231233
PC8740118,2026-09-14T13:30:59.000,Compliance,306,EAST 96 STREET,10128,Manhattan,Failed for Other Reason,Harborage,1015580040,1,1558,40,40.783848573928,-73.946188604593,"{'latitude': '40.783848573928', 'longitude': '-73.946188604593', 'human_address': '{""address"": """", ""city"": """", ""state"": """", ""zip"": """"}'}",8,8,15601,1050339,Upper East Side-Yorkville,Summons Issued,,
PC8778154,2026-09-14T13:34:01.000,Initial,1840,CEDAR AVENUE,10453,Bronx,Failed for Other Reason,Harborage,2028810038,2,2881,38,40.853179070589,-73.919722585789,"{'latitude': '40.853179070589', 'longitude': '-73.919722585789', 'human_address': '{""address"": """", ""city"": """", ""state"": """", ""zip"": """"}'}",5,16,20502,2000000,University Heights (South)-Morris Heights,,,
PC8729174,2026-09-14T13:34:29.000,Treatments,567,HART STREET,11221,Brooklyn,Bait applied,,3032150032,3,3215,32,40.696940156502,-73.929237314436,"{'latitude': '40.696940156502', 'longitude': '-73.929237314436', 'human_address': '{""address"": """", ""city"": """", ""state"": """", ""zip"": """"}'}",4,34,393,3073089,Bushwick (West),,,
PC8765197,2026-09-14T13:35:00.000,Compliance,502,39 STREET,11232,Brooklyn,Failed for Rat Activity and Other Reason,"Droppings, Burrows, Runways, Harborage, Animal Nuisance",3009130010,3,913,10,40.651033597702,-74.003553348617,"{'latitude': '40.651033597702', 'longitude': '-74.003553348617', 'human_address': '{""address"": """", ""city"": """", ""state"": """", ""zip"": """"}'}",7,38,88,3017793,Sunset Park (Central),Summons Issued,983264,176468
PC8750198,2026-09-14T13:35:02.000,Compliance,2830,BRIGGS AVENUE,10458,Bronx,Failed for Rat Activity,Burrows,2032950033,2,3295,33,40.868793340538,-73.889368352484,"{'latitude': '40.868793340538', 'longitude': '-73.889368352484', 'human_address': '{""address"": """", ""city"": """", ""state"": """", ""zip"": """"}'}",7,15,40501,2016875,Bedford Park,Summons Issued,,
PC8710660,2026-09-14T13:37:00.000,Treatments,1026,PACIFIC STREET,11238,Brooklyn,Bait applied,,3011330046,3,1133,46,40.679187849403,-73.959306648528,"{'latitude': '40.679187849403', 'longitude': '-73.959306648528', 'human_address': '{""address"": """", ""city"": """", ""state"": """", ""zip"": """"}'}",8,35,305,3027738,Crown Heights (North),,,
PC8740128,2026-09-14T13:42:48.000,Compliance,1852,2 AVENUE,10128,Manhattan,Failed for Rat Activity,"Droppings, Burrows",1015580050,1,1558,50,40.784013746786,-73.947239279673,"{'latitude': '40.784013746786', 'longitude': '-73.947239279673', 'human_address': '{""address"": """", ""city"": """", ""state"": """", ""zip"": """"}'}",8,8,15601,1050342,Upper East Side-Yorkville,Summons Issued,,
PC8767541,2026-09-14T13:44:49.000,Compliance,271,EAST  197 STREET,10458,Bronx,Failed for Rat Activity,Runways,2032950056,2,3295,56,40.868222608113,-73.889546471068,"{'latitude': '40.868222608113', 'longitude': '-73.889546471068', 'human_address': '{""address"": """", ""city"": """", ""state"": """", ""zip"": """"}'}",7,15,40501,2016885,Bedford Park,Summons Issued,1014799,255616
PC8775882,2026-09-14T13:47:17.000,Initial,315,EAST   59 STREET,11203,Brooklyn,Failed for Other Reason,Harborage,3079070127,3,7907,127,40.646118024639,-73.921093376408,"{'latitude': '40.646118024639', 'longitude': '-73.921093376408', 'human_address': '{""address"": """", ""city"": """", ""state"": """", ""zip"": """"}'}",17,45,936,3221650,East Flatbush-Rugby,COTA,1006147,174687
PC8778169,2026-09-14T13:47:33.000,Initial,CEDAR,AVENUE,10453,Bronx,Failed for Rat Activity,Burrows,,2,2881,100,,,,,,,,,City Agency Referral,,
PC8761944,2026-09-14T13:49:00.000,Compliance,556,NOSTRAND AVENUE,11216,Brooklyn,Failed for Rat Activity,Burrows,3018650055,3,1865,55,40.67952709117,-73.949604449139,"{'latitude': '40.67952709117', 'longitude': '-73.949604449139', 'human_address': '{""address"": """", ""city"": """", ""state"": """", ""zip"": """"}'}",3,36,247,3053913,Bedford-Stuyvesant (West),Summons Issued,,
PC8708261,2026-09-14T13:52:00.000,Treatments,991,PACIFIC STREET,11238,Brooklyn,Bait applied,,3011250079,3,1125,79,40.679520489863,-73.960806269356,"{'latitude': '40.679520489863', 'longitude': '-73.960806269356', 'human_address': '{""address"": """", ""city"": """", ""state"": """", ""zip"": """"}'}",8,35,305,3027562,Crown Heights (North),,,
PC8506412,2026-09-14T14:05:41.000,Treatments,470,Ocean Parkway,11218,Brooklyn,Bait applied,,3053890034,3,5389,34,40.637086965374,-73.972926713786,"{'latitude': '40.637086965374', 'longitude': '-73.972926713786', 'human_address': '{""address"": """", ""city"": """", ""state"": """", ""zip"": """"}'}",12,39,490,3126786,Kensington,,,
PC8453954,2026-09-14T14:18:43.000,Compliance,472,EAST   48 STREET,11203,Brooklyn,Failed for Rat Activity and Other Reason,"Gnawing, Harborage",3046950031,3,4695,31,40.650417975483,-73.932202297136,"{'latitude': '40.650417975483', 'longitude': '-73.932202297136', 'human_address': '{""address"": """", ""city"": """", ""state"": """", ""zip"": """"}'}",17,45,860,3102767,East Flatbush-Rugby,Summons Issued,1003063,176251
PC8737435,2026-09-14T14:25:09.000,Compliance,15,UNION AVENUE,10303,Staten Island,Failed for Other Reason,Harborage,5012130068,5,1213,68,40.636360939566,-74.157952283846,"{'latitude': '40.636360939566', 'longitude': '-74.157952283846', 'human_address': '{""address"": """", ""city"": """", ""state"": """", ""zip"": """"}'}",1,49,223,5027505,Mariner's Harbor-Arlington-Graniteville,Summons Issued,940411,171162
PC8778281,2026-09-14T14:35:00.000,Initial,,,11232,Brooklyn,Failed for Rat Activity and Other Reason,"Droppings, Burrows, Runways, Harborage",,3,660,60,,,,,,,,,,,
PC8761646,2026-09-14T14:35:16.000,Compliance,175,JEFFERSON STREET,11206,Brooklyn,Failed for Rat Activity,Droppings,3031640047,3,3164,47,40.70122204133,-73.929301275936,"{'latitude': '40.70122204133', 'longitude': '-73.929301275936', 'human_address': '{""address"": """", ""city"": """", ""state"": """", ""zip"": """"}'}",4,34,425,3072076,Bushwick (West),Summons Issued,,
PC8762196,2026-09-14T14:44:00.000,Compliance,179,JEFFERSON STREET,11206,Brooklyn,Failed for Rat Activity,"Droppings, Burrows",3031640045,3,3164,45,40.701293360863,-73.929229069403,"{'latitude': '40.701293360863', 'longitude': '-73.929229069403', 'human_address': '{""address"": """", ""city"": """", ""state"": """", ""zip"": """"}'}",4,34,425,3072075,Bushwick (West),Summons Issued,,
PC8762100,2026-09-14T14:52:16.000,Compliance,183,JEFFERSON STREET,11206,Brooklyn,Failed for Rat Activity,Droppings,3031640043,3,3164,43,40.701364682578,-73.929160469247,"{'latitude': '40.701364682578', 'longitude': '-73.929160469247', 'human_address': '{""address"": """", ""city"": """", ""state"": """", ""zip"": """"}'}",4,34,425,3072073,Bushwick (West),Summons Issued,,
PC8645009,2026-09-14T16:03:09.000,Treatments,1768,BRYANT AVENUE,10460,Bronx,Bait applied,,2029980170,2,2998,170,40.836513785073,-73.885067498642,"{'latitude': '40.836513785073', 'longitude': '-73.885067498642', 'human_address': '{""address"": """", ""city"": """", ""state"": """", ""zip"": """"}'}",3,17,161,2117995,Crotona Park East,,,
PC8716052,2026-09-14T16:05:00.000,Treatments,272,EAST 4 STREET,10009,Manhattan,Bait applied,,1003860022,1,386,22,40.722876634721,-73.981611544211,"{'latitude': '40.722876634721', 'longitude': '-73.981611544211', 'human_address': '{""address"": """", ""city"": """", ""state"": """", ""zip"": """"}'}",3,2,2601,1000000,East Village,,,
PC8640874,2026-09-14T17:07:26.000,Treatments,346,EAST 4 STREET,10009,Manhattan,Bait applied,,1003730026,1,373,26,40.721522906218,-73.978408345277,"{'latitude': '40.721522906218', 'longitude': '-73.978408345277', 'human_address': '{""address"": """", ""city"": """", ""state"": """", ""zip"": """"}'}",3,2,2601,1000000,East Village,,,
PC8645011,2026-09-14T17:25:36.000,Treatments,1312,BRISTOW STREET,10459,Bronx,Bait applied,,2029650199,2,2965,199,40.830956717029,-73.894736254275,"{'latitude': '40.830956717029', 'longitude': '-73.894736254275', 'human_address': '{""address"": """", ""city"": """", ""state"": """", ""zip"": """"}'}",3,17,153,2126571,Crotona Park East,,,
PC8759896,2026-09-15T08:00:00.000,Initial,110-02,COLONIAL AVENUE,11375,Queens,Failed for Rat Activity,"Droppings, Burrows",4021620176,4,2162,176,40.736908032131,-73.848429986167,"{'latitude': '40.736908032131', 'longitude': '-73.848429986167', 'human_address': '{""address"": """", ""city"": """", ""state"": """", ""zip"": """"}'}",6,24,747,4051513,Forest Hills,,1026254,207791
PC8777408,2026-09-15T08:00:57.000,Initial,2340,2 AVENUE,10035,Manhattan,Failed for Rat Activity and Other Reason,"Burrows, Garbage, Harborage",,1,1797,1,40.799389625186,-73.936015816258,"{'latitude': '40.799389625186', 'longitude': '-73.936015816258', 'human_address': '{""address"": """", ""city"": """", ""state"": """", ""zip"": """"}'}",11,8,194,,East Harlem (North),City Agency Referral,,
PC8776605,2026-09-15T08:09:00.000,Initial,32-42,89 STREET,11369,Queens,Failed for Rat Activity,"Droppings, Burrows",4014180001,4,1418,1,40.757403908217,-73.879082674963,"{'latitude': '40.757403908217', 'longitude': '-73.879082674963', 'human_address': '{""address"": """", ""city"": """", ""state"": """", ""zip"": """"}'}",3,25,339,4535003,Jackson Heights,,1017749,215245
PC8733390,2026-09-15T08:16:45.000,Treatments,223,WILSON AVENUE,11237,Brooklyn,Bait applied,,3032680011,3,3268,11,40.698694983946,-73.922181346966,"{'latitude': '40.698694983946', 'longitude': '-73.922181346966', 'human_address': '{""address"": """", ""city"": """", ""state"": """", ""zip"": """"}'}",4,37,431,3074435,Bushwick (West),,1005828,193842
PC8747848,2026-09-15T08:22:00.000,Compliance,63-09,108 STREET,11375,Queens,Failed for Other Reason,Animal Nuisance,4021670001,4,2167,1,40.734717696109,-73.850513397749,"{'latitude': '40.734717696109', 'longitude': '-73.850513397749', 'human_address': '{""address"": """", ""city"": """", ""state"": """", ""zip"": """"}'}",6,24,745,4051529,Forest Hills,,1025678,206992
PC8727080,2026-09-15T08:23:00.000,Compliance,86-50,125 STREET,11418,Queens,Failed for Rat Activity and Other Reason,"Burrows, Garbage, Harborage",4092780072,4,9278,72,40.701841730847,-73.825875216015,"{'latitude': '40.701841730847', 'longitude': '-73.825875216015', 'human_address': '{""address"": """", ""city"": """", ""state"": """", ""zip"": """"}'}",9,29,14201,4193851,Richmond Hill,,1032530,195027
PC8674443,2026-09-15T08:31:25.000,Treatments,135,HUNTINGTON STREET,11231,Brooklyn,Bait applied,,3003790001,3,379,1,40.676260906825,-74.000493908331,"{'latitude': '40.676260906825', 'longitude': '-74.000493908331', 'human_address': '{""address"": """", ""city"": """", ""state"": """", ""zip"": """"}'}",6,39,65,3005612,Carroll Gardens-Cobble Hill-Gowanus-Red Hook,,984113,185659
PC8736723,2026-09-15T08:40:00.000,Compliance,86-14,124 STREET,11418,Queens,Failed for Other Reason,Garbage,4092770062,4,9277,62,40.702082065494,-73.826891641191,"{'latitude': '40.702082065494', 'longitude': '-73.826891641191', 'human_address': '{""address"": """", ""city"": """", ""state"": """", ""zip"": """"}'}",9,29,14201,4193800,Richmond Hill,,1032248,195114
PC8309674,2026-09-15T08:42:00.000,Treatments,1647,PARK PLACE,11233,Brooklyn,Bait applied,,3013690053,3,1369,53,40.67192557395,-73.922749836614,"{'latitude': '40.67192557395', 'longitude': '-73.922749836614', 'human_address': '{""address"": """", ""city"": """", ""state"": """", ""zip"": """"}'}",8,41,359,3036360,Crown Heights (North),,,
PC8749472,2026-09-15T08:45:00.000,Compliance,64-51,108 STREET,11375,Queens,Failed for Other Reason,"Garbage, Harborage",4021710001,4,2171,1,40.73201776352,-73.849119494903,"{'latitude': '40.73201776352', 'longitude': '-73.849119494903', 'human_address': '{""address"": """", ""city"": """", ""state"": """", ""zip"": """"}'}",6,29,743,4051678,Forest Hills,,1026066,206009
PC8749059,2026-09-15T08:53:50.000,Treatments,426,CLINTON STREET,11231,Brooklyn,Bait applied,,3003500028,3,350,28,40.68200571085,-73.998337872764,"{'latitude': '40.68200571085', 'longitude': '-73.998337872764', 'human_address': '{""address"": """", ""city"": """", ""state"": """", ""zip"": """"}'}",6,39,65,3004775,Carroll Gardens-Cobble Hill-Gowanus-Red Hook,,984711,187752
PC8728737,2026-09-15T08:56:45.000,Treatments,229,CENTRAL AVENUE,11221,Brooklyn,Bait applied,,3032660005,3,3266,5,40.69708461945,-73.923394951347,"{'latitude': '40.69708461945', 'longitude': '-73.923394951347', 'human_address': '{""address"": """", ""city"": """", ""state"": """", ""zip"": """"}'}",4,37,421,3074416,Bushwick (West),,,
PC8680666,2026-09-15T09:00:02.000,Treatments,155,WEST  195 STREET,10468,Bronx,Bait applied,,2032490176,2,3249,176,40.870512208663,-73.902215839673,"{'latitude': '40.870512208663', 'longitude': '-73.902215839673', 'human_address': '{""address"": """", ""city"": """", ""state"": """", ""zip"": """"}'}",8,14,26702,2015370,Kingsbridge Heights-Van Cortlandt Village,,1011294,256446
PC8738462,2026-09-15T09:00:43.000,Treatments,1773,VYSE AVENUE,10460,Bronx,Bait applied,,2029910091,2,2991,91,40.8372746824,-73.885673319698,"{'latitude': '40.8372746824', 'longitude': '-73.885673319698', 'human_address': '{""address"": """", ""city"": """", ""state"": """", ""zip"": """"}'}",3,17,161,2010688,Crotona Park East,,1015885,244342
PC8751573,2026-09-15T09:01:00.000,Treatments,1928,PACIFIC STREET,11233,Brooklyn,Bait applied,,3013440122,3,1344,122,40.676171867482,-73.922932367772,"{'latitude': '40.676171867482', 'longitude': '-73.922932367772', 'human_address': '{""address"": """", ""city"": """", ""state"": """", ""zip"": """"}'}",8,41,307,3035743,Crown Heights (North),,1005636,185636
PC8739420,2026-09-15T09:01:36.000,Treatments,624,EAST  183 STREET,10458,Bronx,Bait applied,,2030710053,2,3071,53,40.85280155828,-73.888361227438,"{'latitude': '40.85280155828', 'longitude': '-73.888361227438', 'human_address': '{""address"": """", ""city"": """", ""state"": """", ""zip"": """"}'}",6,15,391,2012092,Belmont,,1015134,249998
PC8654210,2026-09-15T09:02:12.000,Treatments,765,RIVERSIDE DRIVE,10032,Manhattan,Bait applied,,1021340199,1,2134,199,40.834185541768,-73.948525590006,"{'latitude': '40.834185541768', 'longitude': '-73.948525590006', 'human_address': '{""address"": """", ""city"": """", ""state"": """", ""zip"": """"}'}",12,7,241,1063276,Washington Heights (South),,998523,243199
PC8766100,2026-09-15T09:10:00.000,Stoppage,202,W 136th st,10030,Manhattan,Stoppage done,,1019410038,1,1941,38,40.816186031064,-73.943745406377,"{'latitude': '40.816186031064', 'longitude': '-73.943745406377', 'human_address': '{""address"": """", ""city"": """", ""state"": """", ""zip"": """"}'}",10,9,228,1081615,Harlem (North),,,
PC8700471,2026-09-15T09:10:20.000,Treatments,2747,SEDGEWICK AVENUE,10468,Bronx,Bait applied,,2032530063,2,3253,63,40.87112179551,-73.90251866514,"{'latitude': '40.87112179551', 'longitude': '-73.90251866514', 'human_address': '{""address"": """", ""city"": """", ""state"": """", ""zip"": """"}'}",8,14,273,2092454,Kingsbridge Heights-Van Cortlandt Village,,1011210,256668
PC8401947,2026-09-15T09:12:00.000,Treatments,1918,PACIFIC STREET,11233,Brooklyn,Bait applied,,3013440217,3,1344,217,40.67618575352,-73.923173897894,"{'latitude': '40.67618575352', 'longitude': '-73.923173897894', 'human_address': '{""address"": """", ""city"": """", ""state"": """", ""zip"": """"}'}",8,41,307,3378317,Crown Heights (North),,1005572,185640
PC8746525,2026-09-15T09:13:59.000,Treatments,228,EAST 116 STREET,10029,Manhattan,Bait applied,,1016650038,1,1665,38,40.797601799625,-73.939239238302,"{'latitude': '40.797601799625', 'longitude': '-73.939239238302', 'human_address': '{""address"": """", ""city"": """", ""state"": """", ""zip"": """"}'}",11,8,188,1052543,East Harlem (North),,,
PC8722988,2026-09-15T09:14:50.000,Treatments,820,RIVERSIDE DRIVE,10032,Manhattan,Bait applied,,1021360013,1,2136,13,40.835611482117,-73.945651480436,"{'latitude': '40.835611482117', 'longitude': '-73.945651480436', 'human_address': '{""address"": """", ""city"": """", ""state"": """", ""zip"": """"}'}",12,7,247,1063306,Washington Heights (South),,999289,243720
PC8733415,2026-09-15T09:15:43.000,Treatments,1552,BRYANT AVENUE,10460,Bronx,Bait applied,,2030010058,2,3001,58,40.833718557596,-73.886741893002,"{'latitude': '40.833718557596', 'longitude': '-73.886741893002', 'human_address': '{""address"": """", ""city"": """", ""state"": """", ""zip"": """"}'}",3,17,157,2010880,Crotona Park East,,1015591,243046
PC8750010,2026-09-15T09:16:00.000,Treatments,2650,BRIGGS AVENUE,10458,Bronx,Bait applied,,2032940008,2,3294,8,40.865466837516,-73.892374747909,"{'latitude': '40.865466837516', 'longitude': '-73.892374747909', 'human_address': '{""address"": """", ""city"": """", ""state"": """", ""zip"": """"}'}",7,15,40501,2016833,Bedford Park,,,
PC8743442,2026-09-15T09:16:55.000,Treatments,410,EAST 183 STREET,10458,Bronx,Bait applied,,2030300157,2,3030,157,40.856104478426,-73.895260233688,"{'latitude': '40.856104478426', 'longitude': '-73.895260233688', 'human_address': '{""address"": """", ""city"": """", ""state"": """", ""zip"": """"}'}",6,15,38304,2113564,Belmont,,,
PC8645312,2026-09-15T09:17:20.000,Treatments,480,CLINTON AVENUE,11238,Brooklyn,Bait applied,,3019760014,3,1976,14,40.683892117833,-73.966983662305,"{'latitude': '40.683892117833', 'longitude': '-73.966983662305', 'human_address': '{""address"": """", ""city"": """", ""state"": """", ""zip"": """"}'}",2,35,199,3056598,Clinton Hill,,993407,188441
PC8728478,2026-09-15T09:17:45.000,Treatments,159,HIMROD STREET,11221,Brooklyn,Bait applied,,3032660045,3,3266,45,40.697599910861,-73.922316064298,"{'latitude': '40.697599910861', 'longitude': '-73.922316064298', 'human_address': '{""address"": """", ""city"": """", ""state"": """", ""zip"": """"}'}",4,37,421,3393892,Bushwick (West),,,
PC8765193,2026-09-15T09:20:00.000,Stoppage,224,West 135 St,10030,Manhattan,Stoppage done,,1019400141,1,1940,141,40.815662192601,-73.944584009273,"{'latitude': '40.815662192601', 'longitude': '-73.944584009273', 'human_address': '{""address"": """", ""city"": """", ""state"": """", ""zip"": """"}'}",10,9,228,1058865,Harlem (North),,,
PC8762296,2026-09-15T09:24:49.000,Compliance,20A,STARR STREET,11221,Brooklyn,Failed for Rat Activity,Droppings,3031960015,3,3196,15,40.700457982931,-73.927679171045,"{'latitude': '40.700457982931', 'longitude': '-73.927679171045', 'human_address': '{""address"": """", ""city"": """", ""state"": """", ""zip"": """"}'}",4,34,423,3393930,Bushwick (West),,,
PC8630792,2026-09-15T09:25:53.000,Treatments,2767,SEDGWICK AVENUE,10468,Bronx,Bait applied,,2032530051,2,3253,51,40.871484016322,-73.902420505534,"{'latitude': '40.871484016322', 'longitude': '-73.902420505534', 'human_address': '{""address"": """", ""city"": """", ""state"": """", ""zip"": """"}'}",8,14,273,2015515,Kingsbridge Heights-Van Cortlandt Village,,1011237,256800
PC8564950,2026-09-15T09:26:14.000,Compliance,185,ST NICHOLAS AVENUE,10026,Manhattan,Failed for Rat Activity and Other Reason,"Droppings, Burrows, Runways, Garbage, Harborage, Animal Nuisance",1019250005,1,1925,5,40.806089458904,-73.952831506554,"{'latitude': '40.806089458904', 'longitude': '-73.952831506554', 'human_address': '{""address"": """", ""city"": """", ""state"": """", ""zip"": """"}'}",10,9,220,1058443,Harlem (South),Summons Issued,,
PC8761522,2026-09-15T09:29:00.000,Stoppage,13,West 137,,Manhattan,Stoppage done,,1017350027,1,1735,27,0.00000000000000000000,0.00000000000000000000,"{'latitude': '0.0', 'longitude': '0.0', 'human_address': '{""address"": """", ""city"": """", ""state"": """", ""zip"": """"}'}",10,9,212,1053912,Harlem (North),,,
PC8607194,2026-09-15T09:30:00.000,Treatments,1919,PACIFIC STREET,11233,Brooklyn,Bait applied,,3013380053,3,1338,53,40.676327241658,-73.925452205039,,8,41,307,3035590,Crown Heights (North),,0,0
PC8750096,2026-09-15T09:30:00.000,Treatments,356,BEDFORD PARK BLVD,10458,Bronx,Bait applied,,2032840062,2,3284,62,40.868429078232,-73.884585479949,"{'latitude': '40.868429078232', 'longitude': '-73.884585479949', 'human_address': '{""address"": """", ""city"": """", ""state"": """", ""zip"": """"}'}",7,15,40702,2016566,Bedford Park,,,
PC8740604,2026-09-15T09:30:09.000,Treatments,339,EAST 88 STREET,10128,Manhattan,Bait applied,,1015510022,1,1551,22,40.778580089517,-73.949359490506,"{'latitude': '40.778580089517', 'longitude': '-73.949359490506', 'human_address': '{""address"": """", ""city"": """", ""state"": """", ""zip"": """"}'}",8,5,14602,1050076,Upper East Side-Yorkville,,,
PC8746426,2026-09-15T09:30:15.000,Treatments,2121,3 AVENUE,10029,Manhattan,Bait applied,,1016650048,1,1665,48,40.797788905447,-73.940120340716,"{'latitude': '40.797788905447', 'longitude': '-73.940120340716', 'human_address': '{""address"": """", ""city"": """", ""state"": """", ""zip"": """"}'}",11,8,188,1076374,East Harlem (North),,,
PC8707314,2026-09-15T09:30:43.000,Treatments,1550,BRYANT AVENUE,10460,Bronx,Bait applied,,2030010018,2,3001,18,40.833702096304,-73.886749148606,"{'latitude': '40.833702096304', 'longitude': '-73.886749148606', 'human_address': '{""address"": """", ""city"": """", ""state"": """", ""zip"": """"}'}",3,17,157,2010876,Crotona Park East,,1015589,243040
PC8760412,2026-09-15T09:31:08.000,Treatments,2370,LORILLARD PLACE,10458,Bronx,Bait applied,,2030540014,2,3054,14,40.855663024504,-73.889867448751,"{'latitude': '40.855663024504', 'longitude': '-73.889867448751', 'human_address': '{""address"": """", ""city"": """", ""state"": """", ""zip"": """"}'}",6,15,387,2011657,Belmont,,,
PC8761561,2026-09-15T09:32:49.000,Compliance,24,STARR STREET,11221,Brooklyn,Failed for Rat Activity,Burrows,3031960018,3,3196,18,40.700543016189,-73.927592522691,"{'latitude': '40.700543016189', 'longitude': '-73.927592522691', 'human_address': '{""address"": """", ""city"": """", ""state"": """", ""zip"": """"}'}",4,34,423,3390269,Bushwick (West),,,
PC8748912,2026-09-15T09:33:13.000,Treatments,608,WEST 176 STREET,10033,Manhattan,Bait applied,,1021440066,1,2144,66,40.846250856999,-73.936462128792,"{'latitude': '40.846250856999', 'longitude': '-73.936462128792', 'human_address': '{""address"": """", ""city"": """", ""state"": """", ""zip"": """"}'}",12,10,263,1063556,Washington Heights (South),,1001829,247598
PC8729429,2026-09-15T09:34:45.000,Treatments,1379,MYRTLE AVENUE,11237,Brooklyn,Bait applied,,3032680001,3,3268,1,40.698483162065,-73.9214855642,"{'latitude': '40.698483162065', 'longitude': '-73.9214855642', 'human_address': '{""address"": """", ""city"": """", ""state"": """", ""zip"": """"}'}",4,37,431,3251904,Bushwick (West),,,
PC8706821,2026-09-15T09:36:44.000,Treatments,860,ATLANTIC AVENUE,11238,Brooklyn,Bait applied,,3011220012,3,1122,12,40.681506727334,-73.966361104104,"{'latitude': '40.681506727334', 'longitude': '-73.966361104104', 'human_address': '{""address"": """", ""city"": """", ""state"": """", ""zip"": """"}'}",8,35,203,3027469,Prospect Heights,,,
PC8611062,2026-09-15T09:39:00.000,Compliance,962,GATES AVENUE,11221,Brooklyn,Failed for Rat Activity,Droppings,3016380030,3,1638,30,40.689098638983,-73.925383783342,"{'latitude': '40.689098638983', 'longitude': '-73.925383783342', 'human_address': '{""address"": """", ""city"": """", ""state"": """", ""zip"": """"}'}",3,41,385,3044712,Bedford-Stuyvesant (East),Summons Issued,1004943,190345
PC8647624,2026-09-15T09:39:14.000,Compliance,180,ST NICHOLAS AVENUE,10026,Manhattan,Failed for Rat Activity and Other Reason,"Droppings, Burrows, Runways, Harborage",1019250013,1,1925,13,40.805897313325,-73.952799133268,"{'latitude': '40.805897313325', 'longitude': '-73.952799133268', 'human_address': '{""address"": """", ""city"": """", ""state"": """", ""zip"": """"}'}",10,9,220,1058445,Harlem (South),Summons Issued,,
PC8697146,2026-09-15T09:40:06.000,Treatments,2701,Sedgwick Ave,10468,Bronx,Bait applied,,2032530001,2,3253,1,40.869953129347,-73.903214602108,"{'latitude': '40.869953129347', 'longitude': '-73.903214602108', 'human_address': '{""address"": """", ""city"": """", ""state"": """", ""zip"": """"}'}",8,14,273,2015500,Kingsbridge Heights-Van Cortlandt Village,,,
PC8704446,2026-09-15T09:40:11.000,Treatments,44,West 14 street,10011,Manhattan,Bait applied,,1005770018,1,577,18,40.736610065458,-73.995092510478,"{'latitude': '40.736610065458', 'longitude': '-73.995092510478', 'human_address': '{""address"": """", ""city"": """", ""state"": """", ""zip"": """"}'}",2,2,63,1009712,Greenwich Village,,,
PC8762613,2026-09-15T09:40:49.000,Compliance,26,STARR STREET,11221,Brooklyn,Failed for Rat Activity,Droppings,3031960019,3,3196,19,40.700584162687,-73.927552806418,"{'latitude': '40.700584162687', 'longitude': '-73.927552806418', 'human_address': '{""address"": """", ""city"": """", ""state"": """", ""zip"": """"}'}",4,34,423,3072698,Bushwick (West),,,
PC8688821,2026-09-15T09:45:43.000,Treatments,1540,BRYANT AVENUE,10460,Bronx,Bait applied,,2030010013,2,3001,13,40.833625289996,-73.88679625838,"{'latitude': '40.833625289996', 'longitude': '-73.88679625838', 'human_address': '{""address"": """", ""city"": """", ""state"": """", ""zip"": """"}'}",3,17,157,2127581,Crotona Park East,,,
PC8730062,2026-09-15T09:45:45.000,Treatments,221,HIMROD STREET,11237,Brooklyn,Bait applied,,3032680047,3,3268,47,40.699514472354,-73.920434872631,"{'latitude': '40.699514472354', 'longitude': '-73.920434872631', 'human_address': '{""address"": """", ""city"": """", ""state"": """", ""zip"": """"}'}",4,37,431,3074461,Bushwick (West),,,
PC8750295,2026-09-15T09:46:00.000,Treatments,2830,MARION AVENUE,10458,Bronx,Bait applied,,2032840006,2,3284,6,40.867544350834,-73.886412891123,"{'latitude': '40.867544350834', 'longitude': '-73.886412891123', 'human_address': '{""address"": """", ""city"": """", ""state"": """", ""zip"": """"}'}",7,15,40702,2016543,Bedford Park,,,
PC8740867,2026-09-15T09:47:17.000,Treatments,1701,1 AVENUE,10128,Manhattan,Bait applied,,1015510024,1,1551,24,40.77827497793,-73.948363166008,"{'latitude': '40.77827497793', 'longitude': '-73.948363166008', 'human_address': '{""address"": """", ""city"": """", ""state"": """", ""zip"": """"}'}",8,5,14602,1050077,Upper East Side-Yorkville,,,
PC8766101,2026-09-15T09:48:00.000,Stoppage,102,W 137th st,10030,Manhattan,Stoppage done,,1019210037,1,1921,37,40.815602469562,-73.940422172933,"{'latitude': '40.815602469562', 'longitude': '-73.940422172933', 'human_address': '{""address"": """", ""city"": """", ""state"": """", ""zip"": """"}'}",10,9,228,1058338,Harlem (North),,,
PC8762083,2026-09-15T09:48:49.000,Compliance,30,STARR STREET,11221,Brooklyn,Failed for Rat Activity,Droppings,3031960021,3,3196,21,40.70067194062,-73.927466154741,"{'latitude': '40.70067194062', 'longitude': '-73.927466154741', 'human_address': '{""address"": """", ""city"": """", ""state"": """", ""zip"": """"}'}",4,34,423,3072699,Bushwick (West),,,
PC8773598,2026-09-15T09:49:00.000,Initial,29,EAST 169 STREET,10452,Bronx,Failed for Rat Activity,Burrows,2028390035,2,2839,35,40.837492204556,-73.918726069596,"{'latitude': '40.837492204556', 'longitude': '-73.918726069596', 'human_address': '{""address"": """", ""city"": """", ""state"": """", ""zip"": """"}'}",4,16,22101,2008032,Mount Eden-Claremont (West),,,
PC8776178,2026-09-15T09:49:00.000,Stoppage,,,11220,Brooklyn,Stoppage done,,,3,856,1,,,,,,,,,,,
PC8749709,2026-09-15T09:49:00.000,Compliance,995,GATES AVENUE,11221,Brooklyn,Failed for Rat Activity,Burrows,3016330060,3,1633,60,40.68908508849,-73.925650632771,"{'latitude': '40.68908508849', 'longitude': '-73.925650632771', 'human_address': '{""address"": """", ""city"": """", ""state"": """", ""zip"": """"}'}",3,41,387,3325013,Bedford-Stuyvesant (East),,1004869,190340
PC8648205,2026-09-15T09:50:14.000,Compliance,182,ST NICHOLAS AVENUE,10026,Manhattan,Failed for Rat Activity and Other Reason,"Droppings, Burrows, Garbage",1019250015,1,1925,15,40.805954954476,-73.952802704458,"{'latitude': '40.805954954476', 'longitude': '-73.952802704458', 'human_address': '{""address"": """", ""city"": """", ""state"": """", ""zip"": """"}'}",10,9,220,1058446,Harlem (South),Summons Issued,,
PC8528914,2026-09-15T09:50:44.000,Treatments,6701,FIFTH AVENUE,11220,Brooklyn,Bait applied,,3058560021,3,5856,21,40.635466221468,-74.020176564459,"{'latitude': '40.635466221468', 'longitude': '-74.020176564459', 'human_address': '{""address"": """", ""city"": """", ""state"": """", ""zip"": """"}'}",10,47,126,3144766,Bay Ridge,,978650,170797
PC8708547,2026-09-15T09:51:48.000,Treatments,936,ATLANTIC AVENUE,11238,Brooklyn,Bait applied,,3011240017,3,1124,17,40.680899242423,-73.963455441336,"{'latitude': '40.680899242423', 'longitude': '-73.963455441336', 'human_address': '{""address"": """", ""city"": """", ""state"": """", ""zip"": """"}'}",8,35,203,3027505,Prospect Heights,,,
PC8751212,2026-09-15T09:51:50.000,Treatments,574,WEST 176 STREET,10033,Manhattan,Bait applied,,1021330013,1,2133,13,40.845822108395,-73.935439665758,"{'latitude': '40.845822108395', 'longitude': '-73.935439665758', 'human_address': '{""address"": """", ""city"": """", ""state"": """", ""zip"": """"}'}",12,10,261,1063219,Washington Heights (South),,1002112,247442
PC8732967,2026-09-15T09:52:34.000,Compliance,1775,LEXINGTON AVENUE,10029,Manhattan,Failed for Rat Activity,Burrows,1016380023,1,1638,23,40.794892566399,-73.944326881938,"{'latitude': '40.794892566399', 'longitude': '-73.944326881938', 'human_address': '{""address"": """", ""city"": """", ""state"": """", ""zip"": """"}'}",11,8,172,1052178,East Harlem (South),Summons Issued,,
PC8652277,2026-09-15T09:52:47.000,Treatments,205,EAST 116 STREET,10029,Manhattan,Bait applied,,1016660105,1,1666,105,40.797678727022,-73.939380026927,"{'latitude': '40.797678727022', 'longitude': '-73.939380026927', 'human_address': '{""address"": """", ""city"": """", ""state"": """", ""zip"": """"}'}",11,8,188,1000000,East Harlem (North),,,
PC8765450,2026-09-15T09:55:20.000,Compliance,1793,AMSTERDAM AVENUE,10031,Manhattan,Failed for Rat Activity,Burrows,1020630061,1,2063,61,40.827574992099,-73.945878487362,"{'latitude': '40.827574992099', 'longitude': '-73.945878487362', 'human_address': '{""address"": """", ""city"": """", ""state"": """", ""zip"": """"}'}",9,7,231,1061529,Hamilton Heights-Sugar Hill,,,
PC8686667,2026-09-15T09:55:44.000,Treatments,2738,KINGSBRIDGE TERRACE,10463,Bronx,Bait applied,,2032530040,2,3253,40,40.871844445356,-73.90345048254,"{'latitude': '40.871844445356', 'longitude': '-73.90345048254', 'human_address': '{""address"": """", ""city"": """", ""state"": """", ""zip"": """"}'}",8,14,273,2015511,Kingsbridge Heights-Van Cortlandt Village,,,
PC8714401,2026-09-15T09:56:45.000,Treatments,258,HIMROD STREET,11237,Brooklyn,Bait applied,,3032790015,3,3279,15,40.700427836498,-73.919510518524,"{'latitude': '40.700427836498', 'longitude': '-73.919510518524', 'human_address': '{""address"": """", ""city"": """", ""state"": """", ""zip"": """"}'}",4,37,431,3074807,Bushwick (West),,,
PC8750172,2026-09-15T09:58:00.000,Treatments,2823,DECATUR AVENUE,10458,Bronx,Bait applied,,2032840012,2,3284,12,40.86695378741,-73.885961959838,"{'latitude': '40.86695378741', 'longitude': '-73.885961959838', 'human_address': '{""address"": """", ""city"": """", ""state"": """", ""zip"": """"}'}",7,15,40702,2016546,Bedford Park,,,
PC8773459,2026-09-15T09:59:00.000,Initial,1306,JEROME AVENUE,10452,Bronx,Failed for Rat Activity,Burrows,2028390005,2,2839,5,40.838261018744,-73.919133506998,"{'latitude': '40.838261018744', 'longitude': '-73.919133506998', 'human_address': '{""address"": """", ""city"": """", ""state"": """", ""zip"": """"}'}",4,16,22101,2008025,Mount Eden-Claremont (West),,,
PC8746871,2026-09-15T10:00:00.000,Treatments,425,PACIFIC STREET,11217,Brooklyn,Bait applied,,3001840046,3,184,46,40.68583357659,-73.984070062186,"{'latitude': '40.68583357659', 'longitude': '-73.984070062186', 'human_address': '{""address"": """", ""city"": """", ""state"": """", ""zip"": """"}'}",2,33,41,3000951,Downtown Brooklyn-DUMBO-Boerum Hill,,988668,189147
PC8717688,2026-09-15T10:00:43.000,Treatments,1465,LONGFELLOW AVENUE,10460,Bronx,Bait applied,,2030000044,2,3000,44,40.831577923019,-73.887009345296,"{'latitude': '40.831577923019', 'longitude': '-73.887009345296', 'human_address': '{""address"": """", ""city"": """", ""state"": """", ""zip"": """"}'}",3,17,157,2100663,Crotona Park East,,,
PC8778207,2026-09-15T10:00:56.000,Initial,279,EAST   94 STREET,11212,Brooklyn,Failed for Other Reason,Mice,3046490066,3,4649,66,40.659178352694,-73.922058223062,"{'latitude': '40.659178352694', 'longitude': '-73.922058223062', 'human_address': '{""address"": """", ""city"": """", ""state"": """", ""zip"": """"}'}",17,41,886,3101204,East Flatbush-Remsen Village,,1005875,179445
PC8765297,2026-09-15T10:02:19.000,Compliance,1795,AMSTERDAM AVENUE,10031,Manhattan,Failed for Rat Activity,Burrows,1020630060,1,2063,60,40.827624380383,-73.945842312999,"{'latitude': '40.827624380383', 'longitude': '-73.945842312999', 'human_address': '{""address"": """", ""city"": """", ""state"": """", ""zip"": """"}'}",9,7,231,1061528,Hamilton Heights-Sugar Hill,,,
PC8777743,2026-09-15T10:02:42.000,Initial,331,EAST  132 STREET,10454,Bronx,Failed for Other Reason,Harborage,2022957501,2,2295,7501,40.806015946152,-73.927610995325,"{'latitude': '40.806015946152', 'longitude': '-73.927610995325', 'human_address': '{""address"": """", ""city"": """", ""state"": """", ""zip"": """"}'}",1,8,1901,2117112,Mott Haven-Port Morris,,1004312,232929
PC8742860,2026-09-15T10:03:00.000,Compliance,82,PIERREPONT STREET,11201,Brooklyn,Failed for Rat Activity,"Droppings, Burrows",3002420037,3,242,37,40.695526334801,-73.994266116466,"{'latitude': '40.695526334801', 'longitude': '-73.994266116466', 'human_address': '{""address"": """", ""city"": """", ""state"": """", ""zip"": """"}'}",2,33,501,3001982,Brooklyn Heights,Summons Issued,985840,192678
PC8762362,2026-09-15T10:04:49.000,Compliance,1085,WILLOUGHBY AVENUE,11221,Brooklyn,Failed for Rat Activity,Droppings,3031960038,3,3196,38,40.700473715486,-73.926521471917,"{'latitude': '40.700473715486', 'longitude': '-73.926521471917', 'human_address': '{""address"": """", ""city"": """", ""state"": """", ""zip"": """"}'}",4,34,423,3072713,Bushwick (West),,,
PC8764495,2026-09-15T10:05:00.000,Stoppage,105,WEST 127 STREET,10027,Manhattan,Stoppage done,,1019120024,1,1912,24,40.809302853218,-73.945073386803,"{'latitude': '40.809302853218', 'longitude': '-73.945073386803', 'human_address': '{""address"": """", ""city"": """", ""state"": """", ""zip"": """"}'}",10,9,224,1057905,Harlem (North),,,
PC8750290,2026-09-15T10:05:56.000,Compliance,272,EAST 198 STREET,10458,Bronx,Failed for Rat Activity,Burrows,2032950048,2,3295,48,40.868836701404,-73.888793391088,"{'latitude': '40.868836701404', 'longitude': '-73.888793391088', 'human_address': '{""address"": """", ""city"": """", ""state"": """", ""zip"": """"}'}",7,15,40501,2016882,Bedford Park,Summons Issued,,
PC8708932,2026-09-15T10:05:57.000,Treatments,984,ATLANTIC AVENUE,11238,Brooklyn,Bait applied,,3011240037,3,1124,37,40.680511636614,-73.9616421377,"{'latitude': '40.680511636614', 'longitude': '-73.9616421377', 'human_address': '{""address"": """", ""city"": """", ""state"": """", ""zip"": """"}'}",8,35,203,3332190,Prospect Heights,,,
PC8773420,2026-09-15T10:06:00.000,Initial,20,EAST CLARKE PLACE,10452,Bronx,Failed for Rat Activity,Burrows,2028390014,2,2839,14,40.837972024931,-73.918009915359,"{'latitude': '40.837972024931', 'longitude': '-73.918009915359', 'human_address': '{""address"": """", ""city"": """", ""state"": """", ""zip"": """"}'}",4,16,22101,2008026,Mount Eden-Claremont (West),,,
PC8619125,2026-09-15T10:06:05.000,Treatments,561,WEST  179 STREET,10033,Manhattan,Bait applied,,1021530029,1,2153,29,40.847847092902,-73.934328039235,"{'latitude': '40.847847092902', 'longitude': '-73.934328039235', 'human_address': '{""address"": """", ""city"": """", ""state"": """", ""zip"": """"}'}",12,10,261,1079911,Washington Heights (South),,1002419,248180
PC8740811,2026-09-15T10:07:37.000,Treatments,329,EAST 89 STREET,10128,Manhattan,Bait applied,,1015520019,1,1552,19,40.779461218938,-73.949503249009,"{'latitude': '40.779461218938', 'longitude': '-73.949503249009', 'human_address': '{""address"": """", ""city"": """", ""state"": """", ""zip"": """"}'}",8,5,15401,1050115,Upper East Side-Yorkville,,,
PC8442211,2026-09-15T10:08:45.000,Treatments,272,HIMROD STREET,11237,Brooklyn,Bait applied,,3032790022,3,3279,22,40.700669208941,-73.919272197189,"{'latitude': '40.700669208941', 'longitude': '-73.919272197189', 'human_address': '{""address"": """", ""city"": """", ""state"": """", ""zip"": """"}'}",4,37,431,3074814,Bushwick (West),,,
PC8688470,2026-09-15T10:10:11.000,Treatments,99,PERRY STREET,10014,Manhattan,Bait applied,,1006220027,1,622,27,40.73521569619,-74.005546068342,"{'latitude': '40.73521569619', 'longitude': '-74.005546068342', 'human_address': '{""address"": """", ""city"": """", ""state"": """", ""zip"": """"}'}",2,3,73,1011296,West Village,,,
PC8747289,2026-09-15T10:10:19.000,Treatments,69,EAST 125 STREET,10035,Manhattan,Bait applied,,1017500028,1,1750,28,40.805452163638,-73.939968932313,"{'latitude': '40.805452163638', 'longitude': '-73.939968932313', 'human_address': '{""address"": """", ""city"": """", ""state"": """", ""zip"": """"}'}",11,9,198,1089917,East Harlem (North),,,
PC8588714,2026-09-15T10:10:52.000,Treatments,3451,GILES PLACE,10463,Bronx,Bait applied,,2032580222,2,3258,222,40.881300012107,-73.89710449763,"{'latitude': '40.881300012107', 'longitude': '-73.89710449763', 'human_address': '{""address"": """", ""city"": """", ""state"": """", ""zip"": """"}'}",8,11,279,2015855,Kingsbridge Heights-Van Cortlandt Village,,1012703,260378
PC8760871,2026-09-15T10:11:00.000,Stoppage,144,WEST 125 STREET,10027,Manhattan,Stoppage done,,1019090009,1,1909,9,40.808516144125,-73.947277579516,"{'latitude': '40.808516144125', 'longitude': '-73.947277579516', 'human_address': '{""address"": """", ""city"": """", ""state"": """", ""zip"": """"}'}",10,9,222,1091054,Harlem (South),,,
PC8750100,2026-09-15T10:13:42.000,Compliance,268,EAST 198 STREET,10458,Bronx,Failed for Rat Activity,"Droppings, Burrows",2032950046,2,3295,46,40.868869690558,-73.888847570542,"{'latitude': '40.868869690558', 'longitude': '-73.888847570542', 'human_address': '{""address"": """", ""city"": """", ""state"": """", ""zip"": """"}'}",7,15,40501,2016880,Bedford Park,Summons Issued,,
PC8733469,2026-09-15T10:15:43.000,Treatments,1201,VYSE AVENUE,10459,Bronx,Bait applied,,2029860035,2,2986,35,40.828912879988,-73.889940804074,"{'latitude': '40.828912879988', 'longitude': '-73.889940804074', 'human_address': '{""address"": """", ""city"": """", ""state"": """", ""zip"": """"}'}",3,17,12101,2010636,Crotona Park East,,1014708,241294
PC8720215,2026-09-15T10:16:46.000,Compliance,35,STUYVESANT STREET,10003,Manhattan,Failed for Rat Activity,Burrows,1004650022,1,465,22,40.729989136204,-73.987678378526,"{'latitude': '40.729989136204', 'longitude': '-73.987678378526', 'human_address': '{""address"": """", ""city"": """", ""state"": """", ""zip"": """"}'}",3,2,4002,1006778,East Village,Summons Issued,,
PC8758818,2026-09-15T10:17:00.000,Treatments,581,PARK PLACE,11238,Brooklyn,Bait applied,,3011630081,3,1163,81,40.674587395461,-73.958721838326,"{'latitude': '40.674587395461', 'longitude': '-73.958721838326', 'human_address': '{""address"": """", ""city"": """", ""state"": """", ""zip"": """"}'}",8,35,305,3029028,Crown Heights (North),,,
PC8773532,2026-09-15T10:17:00.000,Initial,1337,JEROME AVENUE,10452,Bronx,Failed for Rat Activity,Burrows,2028560051,2,2856,51,40.838864541742,-73.918681018393,"{'latitude': '40.838864541742', 'longitude': '-73.918681018393', 'human_address': '{""address"": """", ""city"": """", ""state"": """", ""zip"": """"}'}",4,16,219,2008295,Mount Eden-Claremont (West),,,
PC8707674,2026-09-15T10:18:57.000,Treatments,880,EAST TREMONT AVENUE,10460,Bronx,Bait applied,,2029600070,2,2960,70,40.842783543227,-73.885844527342,"{'latitude': '40.842783543227', 'longitude': '-73.885844527342', 'human_address': '{""address"": """", ""city"": """", ""state"": """", ""zip"": """"}'}",6,15,36502,2010159,Tremont,,,
PC8653319,2026-09-15T10:19:00.000,Compliance,700,GATES AVENUE,11221,Brooklyn,Failed for Rat Activity,Burrows,3016340001,3,1634,1,40.687801660441,-73.936667781616,"{'latitude': '40.687801660441', 'longitude': '-73.936667781616', 'human_address': '{""address"": """", ""city"": """", ""state"": """", ""zip"": """"}'}",3,36,277,3325018,Bedford-Stuyvesant (East),Summons Issued,1001814,189870
PC8623345,2026-09-15T10:19:25.000,Treatments,611,WEST 181 STREET,10033,Manhattan,Bait applied,,1021650019,1,2165,19,40.8494800786,-73.934098701234,"{'latitude': '40.8494800786', 'longitude': '-73.934098701234', 'human_address': '{""address"": """", ""city"": """", ""state"": """", ""zip"": """"}'}",12,10,271,1063946,Washington Heights (North),,,
PC8714409,2026-09-15T10:19:45.000,Treatments,290,HIMROD STREET,11237,Brooklyn,Bait applied,,3032790027,3,3279,27,40.700981896501,-73.918965263413,"{'latitude': '40.700981896501', 'longitude': '-73.918965263413', 'human_address': '{""address"": """", ""city"": """", ""state"": """", ""zip"": """"}'}",4,37,431,3074819,Bushwick (West),,,
PC8763096,2026-09-15T10:19:49.000,Compliance,204,STARR STREET,11237,Brooklyn,Failed for Rat Activity,Droppings,3031990012,3,3199,12,40.704948311707,-73.923274071387,"{'latitude': '40.704948311707', 'longitude': '-73.923274071387', 'human_address': '{""address"": """", ""city"": """", ""state"": """", ""zip"": """"}'}",4,34,447,3072763,Bushwick (West),,,
PC8774857,2026-09-15T10:19:55.000,Initial,4506,PARK AVENUE,10457,Bronx,Failed for Other Reason,Garbage,2030380005,2,3038,5,40.854992754209,-73.895142699511,"{'latitude': '40.854992754209', 'longitude': '-73.895142699511', 'human_address': '{""address"": """", ""city"": """", ""state"": """", ""zip"": """"}'}",6,15,385,2011332,Belmont,COTA,,
PC8766967,2026-09-15T10:20:00.000,Stoppage,2222,FREDRICK DOUGLASS BL,10026,Manhattan,Stoppage done,,1019250061,1,1925,61,40.806778715244,-73.953629327325,"{'latitude': '40.806778715244', 'longitude': '-73.953629327325', 'human_address': '{""address"": """", ""city"": """", ""state"": """", ""zip"": """"}'}",10,9,220,1058457,Harlem (South),,,
PC8740472,2026-09-15T10:20:49.000,Treatments,325,EAST 89 STREET,10128,Manhattan,Bait applied,,1015520017,1,1552,17,40.779488696627,-73.949571832937,"{'latitude': '40.779488696627', 'longitude': '-73.949571832937', 'human_address': '{""address"": """", ""city"": """", ""state"": """", ""zip"": """"}'}",8,5,15401,1050113,Upper East Side-Yorkville,,,
PC8778781,2026-09-15T10:21:06.000,Initial,267,EAST 198 STREET,10458,Bronx,Failed for Rat Activity,"Droppings, Burrows",2032960008,2,3296,8,40.868913641112,-73.888883653375,"{'latitude': '40.868913641112', 'longitude': '-73.888883653375', 'human_address': '{""address"": """", ""city"": """", ""state"": """", ""zip"": """"}'}",7,15,40702,2016895,Bedford Park,,,
PC8688187,2026-09-15T10:22:11.000,Treatments,95,PERRY STREET,10014,Manhattan,Bait applied,,1006220025,1,622,25,40.73524040748,-74.005369260094,"{'latitude': '40.73524040748', 'longitude': '-74.005369260094', 'human_address': '{""address"": """", ""city"": """", ""state"": """", ""zip"": """"}'}",2,3,73,1011294,West Village,,,
PC8765324,2026-09-15T10:22:38.000,Compliance,431,CONVENT AVENUE,10031,Manhattan,Failed for Rat Activity and Other Reason,"Runways, Garbage",1020630015,1,2063,15,40.826926595876,-73.944542071501,"{'latitude': '40.826926595876', 'longitude': '-73.944542071501', 'human_address': '{""address"": """", ""city"": """", ""state"": """", ""zip"": """"}'}",9,9,231,1061496,Hamilton Heights-Sugar Hill,,,
PC8750309,2026-09-15T10:25:00.000,Treatments,2839,DECATUR AVENUE,10458,Bronx,Bait applied,,2032840034,2,3284,34,40.867394968507,-73.885238085252,"{'latitude': '40.867394968507', 'longitude': '-73.885238085252', 'human_address': '{""address"": """", ""city"": """", ""state"": """", ""zip"": """"}'}",7,15,40702,2016559,Bedford Park,,,
PC8686757,2026-09-15T10:25:13.000,Treatments,3871,SEDGWICK AVENUE,10463,Bronx,Bait applied,,2032630292,2,3263,292,40.883002010919,-73.894375067358,"{'latitude': '40.883002010919', 'longitude': '-73.894375067358', 'human_address': '{""address"": """", ""city"": """", ""state"": """", ""zip"": """"}'}",8,11,279,2016101,Kingsbridge Heights-Van Cortlandt Village,,1013457,260999
PC8747959,2026-09-15T10:25:14.000,Compliance,233,WEST  120 STREET,10027,Manhattan,Failed for Rat Activity,Droppings,1019260014,1,1926,14,40.806473498006,-73.952285783476,"{'latitude': '40.806473498006', 'longitude': '-73.952285783476', 'human_address': '{""address"": """", ""city"": """", ""state"": """", ""zip"": """"}'}",10,9,220,1058468,Harlem (South),,997459,233103
PC8749905,2026-09-15T10:26:28.000,Compliance,269,EAST 198 STREET,10458,Bronx,Failed for Rat Activity,Burrows,2032960007,2,3296,7,40.868894400074,-73.888854760394,"{'latitude': '40.868894400074', 'longitude': '-73.888854760394', 'human_address': '{""address"": """", ""city"": """", ""state"": """", ""zip"": """"}'}",7,15,40702,2016894,Bedford Park,Summons Issued,,
PC8766968,2026-09-15T10:27:00.000,Stoppage,230,WEST 122ND STREET,10027,Manhattan,Stoppage done,,1019270048,1,1927,48,40.807485698207,-73.950836520359,"{'latitude': '40.807485698207', 'longitude': '-73.950836520359', 'human_address': '{""address"": """", ""city"": """", ""state"": """", ""zip"": """"}'}",10,9,220,1000000,Harlem (South),,,
PC8539947,2026-09-15T10:27:24.000,Treatments,768,DEAN STREET,11238,Brooklyn,Bait applied,,3011390013,3,1139,13,40.679491559327,-73.964689244014,"{'latitude': '40.679491559327', 'longitude': '-73.964689244014', 'human_address': '{""address"": """", ""city"": """", ""state"": """", ""zip"": """"}'}",8,35,203,3027944,Prospect Heights,,,
PC8761637,2026-09-15T10:27:49.000,Compliance,206,STARR STREET,11237,Brooklyn,Failed for Rat Activity,Droppings,3031990013,3,3199,13,40.704986711926,-73.923234352976,"{'latitude': '40.704986711926', 'longitude': '-73.923234352976', 'human_address': '{""address"": """", ""city"": """", ""state"": """", ""zip"": """"}'}",4,34,447,3072764,Bushwick (West),,,
PC8731667,2026-09-15T10:28:00.000,Treatments,588,PARK PLACE,11238,Brooklyn,Bait applied,,3011680030,3,1168,30,40.674535179657,-73.958541616915,"{'latitude': '40.674535179657', 'longitude': '-73.958541616915', 'human_address': '{""address"": """", ""city"": """", ""state"": """", ""zip"": """"}'}",8,35,217,3029268,Crown Heights (North),,,
PC8773336,2026-09-15T10:29:00.000,Initial,1342,INWOOD AVENUE,10452,Bronx,Failed for Other Reason,"Garbage, Harborage",2028560011,2,2856,11,40.839469019452,-73.919583789244,"{'latitude': '40.839469019452', 'longitude': '-73.919583789244', 'human_address': '{""address"": """", ""city"": """", ""state"": """", ""zip"": """"}'}",4,16,219,2008287,Mount Eden-Claremont (West),,,
PC8775379,2026-09-15T10:29:52.000,Initial,WEST,145TH STREET,10037,Manhattan,Failed for Rat Activity,"Burrows, Runways",,1,2013,29,,,,,,,,,COTA,,
PC8677882,2026-09-15T10:30:05.000,Compliance,310,CENTRAL AVENUE,11221,Brooklyn,Failed for Rat Activity,"Droppings, Burrows, Runways, Rats",3032960046,3,3296,46,40.695826035693,-73.921214631593,"{'latitude': '40.695826035693', 'longitude': '-73.921214631593', 'human_address': '{""address"": """", ""city"": """", ""state"": """", ""zip"": """"}'}",4,37,419,3075382,Bushwick (East),Summons Issued,,
PC8775237,2026-09-15T10:30:35.000,Initial,664,EAST  213 STREET,10467,Bronx,Failed for Rat Activity and Other Reason,"Droppings, Burrows, Garbage, Harborage",2046430031,2,4643,31,40.879514352594,-73.866228221625,"{'latitude': '40.879514352594', 'longitude': '-73.866228221625', 'human_address': '{""address"": """", ""city"": """", ""state"": """", ""zip"": """"}'}",12,12,378,2057310,Williamsbridge-Olinville,COTA,1021242,259739
PC8721397,2026-09-15T10:30:43.000,Treatments,872,TRINITY AVENUE,10456,Bronx,Bait applied,,2026380001,2,2638,1,40.821835045775,-73.906388501069,"{'latitude': '40.821835045775', 'longitude': '-73.906388501069', 'human_address': '{""address"": """", ""city"": """", ""state"": """", ""zip"": """"}'}",3,17,133,2091950,Morrisania,,,
PC8722636,2026-09-15T10:30:44.000,Treatments,518,BAY RIDGE AVENUE,11220,Brooklyn,Bait applied,,3058740017,3,5874,17,40.633193494345,-74.020442484454,"{'latitude': '40.633193494345', 'longitude': '-74.020442484454', 'human_address': '{""address"": """", ""city"": """", ""state"": """", ""zip"": """"}'}",10,47,130,3000000,Bay Ridge,,,
PC8651955,2026-09-15T10:30:45.000,Treatments,289,HIMROD STREET,11237,Brooklyn,Bait applied,,3032700052,3,3270,52,40.701785573796,-73.918203299112,"{'latitude': '40.701785573796', 'longitude': '-73.918203299112', 'human_address': '{""address"": """", ""city"": """", ""state"": """", ""zip"": """"}'}",4,37,443,3074556,Bushwick (West),,,
PC8773219,2026-09-15T10:32:00.000,Initial,165,CADMAN PLAZA EAST,11201,Brooklyn,Failed for Rat Activity,"Droppings, Burrows",3000850006,3,85,6,40.698753882686,-73.989869646781,"{'latitude': '40.698753882686', 'longitude': '-73.989869646781', 'human_address': '{""address"": """", ""city"": """", ""state"": """", ""zip"": """"}'}",2,33,13,3000172,Downtown Brooklyn-DUMBO-Boerum Hill,City Agency Referral,987059,193854
PC8740717,2026-09-15T10:32:23.000,Treatments,323A,EAST 89 STREET,10128,Manhattan,Bait applied,,1015520016,1,1552,16,40.779502434664,-73.949604319532,"{'latitude': '40.779502434664', 'longitude': '-73.949604319532', 'human_address': '{""address"": """", ""city"": """", ""state"": """", ""zip"": """"}'}",8,5,15401,1050112,Upper East Side-Yorkville,,,
PC8777299,2026-09-15T10:33:00.000,Stoppage,,,11217,Brooklyn,Stoppage done,,,3,166,37,,,,,,,,,,,
PC8768426,2026-09-15T10:33:00.000,Initial,1998,BROADWAY,10023,Manhattan,Failed for Rat Activity,Droppings,1011397503,1,1139,7503,40.775359297524,-73.982160242675,"{'latitude': '40.775359297524', 'longitude': '-73.982160242675', 'human_address': '{""address"": """", ""city"": """", ""state"": """", ""zip"": """"}'}",7,6,15302,1084564,Upper West Side-Lincoln Square,,989190,221808
PC8689532,2026-09-15T10:33:29.000,Treatments,1566,BRYANT AVENUE,10460,Bronx,Bait applied,,2030010023,2,3001,23,40.833828282892,-73.8866766581,"{'latitude': '40.833828282892', 'longitude': '-73.8866766581', 'human_address': '{""address"": """", ""city"": """", ""state"": """", ""zip"": """"}'}",3,17,157,2100185,Crotona Park East,,,
PC8750014,2026-09-15T10:34:01.000,Compliance,263,EAST 198 STREET,10458,Bronx,Failed for Rat Activity,Droppings,2032960009,2,3296,9,40.868949378442,-73.88894144399,"{'latitude': '40.868949378442', 'longitude': '-73.88894144399', 'human_address': '{""address"": """", ""city"": """", ""state"": """", ""zip"": """"}'}",7,15,40702,2016896,Bedford Park,Summons Issued,,
PC8773722,2026-09-15T10:35:00.000,Initial,1376,INWOOD AVENUE,10452,Bronx,Failed for Other Reason,Harborage,2028560023,2,2856,23,40.840004055342,-73.919315698123,"{'latitude': '40.840004055342', 'longitude': '-73.919315698123', 'human_address': '{""address"": """", ""city"": """", ""state"": """", ""zip"": """"}'}",4,16,219,2008290,Mount Eden-Claremont (West),,,
PC8776713,2026-09-15T10:35:42.000,Initial,601,OAK TERRACE,10454,Bronx,Failed for Rat Activity and Other Reason,"Droppings, Harborage",2025550028,2,2555,28,40.808899817753,-73.91439374614,"{'latitude': '40.808899817753', 'longitude': '-73.91439374614', 'human_address': '{""address"": """", ""city"": """", ""state"": """", ""zip"": """"}'}",1,8,33,2003671,Mott Haven-Port Morris,,1007948,233995
PC8767615,2026-09-15T10:36:00.000,Initial,2763,WEST   37 STREET,11224,Brooklyn,Failed for Rat Activity,Burrows,3069790200,3,6979,200,40.577972917192,-74.003416252452,"{'latitude': '40.577972917192', 'longitude': '-74.003416252452', 'human_address': '{""address"": """", ""city"": """", ""state"": """", ""zip"": """"}'}",13,47,330,3188416,Coney Island-Sea Gate,COTA,983301,149850
PC8623142,2026-09-15T10:36:39.000,Treatments,1500,ST NICHOLAS AVENUE,10033,Manhattan,Bait applied,,1021570033,1,2157,33,40.851836507222,-73.931873302002,"{'latitude': '40.851836507222', 'longitude': '-73.931873302002', 'human_address': '{""address"": """", ""city"": """", ""state"": """", ""zip"": """"}'}",12,10,269,1063778,Washington Heights (North),,,
PC8606524,2026-09-15T10:37:04.000,Treatments,3840,ORLOFF AVENUE,10463,Bronx,Bait applied,,2032630172,2,3263,172,40.883588684083,-73.896627185638,"{'latitude': '40.883588684083', 'longitude': '-73.896627185638', 'human_address': '{""address"": """", ""city"": """", ""state"": """", ""zip"": """"}'}",8,11,279,2016064,Kingsbridge Heights-Van Cortlandt Village,,1012834,261212
PC8687963,2026-09-15T10:37:11.000,Treatments,53,PERRY STREET,10014,Manhattan,Bait applied,,1006220056,1,622,56,40.73551495616,-74.003500136984,"{'latitude': '40.73551495616', 'longitude': '-74.003500136984', 'human_address': '{""address"": """", ""city"": """", ""state"": """", ""zip"": """"}'}",2,3,73,1011317,West Village,,,
PC8773432,2026-09-15T10:38:00.000,Initial,1378,INWOOD AVENUE,10452,Bronx,Failed for Rat Activity and Other Reason,"Burrows, Garbage",2028560024,2,2856,24,40.840034237277,-73.919301205052,"{'latitude': '40.840034237277', 'longitude': '-73.919301205052', 'human_address': '{""address"": """", ""city"": """", ""state"": """", ""zip"": """"}'}",4,16,219,2008291,Mount Eden-Claremont (West),,,
PC8760964,2026-09-15T10:41:34.000,Compliance,250,EAST 112 STREET,10029,Manhattan,Failed for Rat Activity,"Droppings, Burrows",1016610029,1,1661,29,40.794885242808,-73.940664705543,"{'latitude': '40.794885242808', 'longitude': '-73.940664705543', 'human_address': '{""address"": """", ""city"": """", ""state"": """", ""zip"": """"}'}",11,8,180,1089918,East Harlem (North),,,
PC8761543,2026-09-15T10:41:49.000,Compliance,373,SUYDAM STREET,11237,Brooklyn,Failed for Other Reason,Harborage,3032100047,3,3210,47,40.704699875989,-73.921200496925,"{'latitude': '40.704699875989', 'longitude': '-73.921200496925', 'human_address': '{""address"": """", ""city"": """", ""state"": """", ""zip"": """"}'}",4,34,445,3422231,Bushwick (West),,,
PC8752283,2026-09-15T10:45:00.000,Compliance,307,STUYVESANT AVENUE,11233,Brooklyn,Failed for Rat Activity and Other Reason,"Droppings, Burrows, Animal Nuisance",3016610001,3,1661,1,40.68393723029,-73.932240198402,"{'latitude': '40.68393723029', 'longitude': '-73.932240198402', 'human_address': '{""address"": """", ""city"": """", ""state"": """", ""zip"": """"}'}",3,36,295,3046127,Bedford-Stuyvesant (East),,1003043,188463
PC8721644,2026-09-15T10:45:43.000,Treatments,1048,FRANKLIN AVENUE,10456,Bronx,Bait applied,,2026070026,2,2607,26,40.826781988395,-73.907519722728,"{'latitude': '40.826781988395', 'longitude': '-73.907519722728', 'human_address': '{""address"": """", ""city"": """", ""state"": """", ""zip"": """"}'}",3,17,18502,2004177,Morrisania,,,
PC8775423,2026-09-15T10:45:52.000,Initial,117,WEST 144 STREET,10030,Manhattan,Failed for Rat Activity,Droppings,1020130022,1,2013,22,40.820132531078,-73.937578287169,"{'latitude': '40.820132531078', 'longitude': '-73.937578287169', 'human_address': '{""address"": """", ""city"": """", ""state"": """", ""zip"": """"}'}",10,9,232,1060167,Harlem (North),COTA,,
PC8758710,2026-09-15T10:46:00.000,Treatments,623,PARK PLACE,11238,Brooklyn,Bait applied,,3011630064,3,1163,64,40.674282182112,-73.957240346924,"{'latitude': '40.674282182112', 'longitude': '-73.957240346924', 'human_address': '{""address"": """", ""city"": """", ""state"": """", ""zip"": """"}'}",8,35,305,3029020,Crown Heights (North),,,
PC8758885,2026-09-15T10:46:47.000,Treatments,566,PROSPECT PLACE,11238,Brooklyn,Bait applied,,3011630033,3,1163,33,40.675388637099,-73.958079628539,"{'latitude': '40.675388637099', 'longitude': '-73.958079628539', 'human_address': '{""address"": """", ""city"": """", ""state"": """", ""zip"": """"}'}",8,35,305,3029002,Crown Heights (North),,,
PC8740885,2026-09-15T10:48:01.000,Treatments,317,EAST 89 STREET,10128,Manhattan,Bait applied,,1015520012,1,1552,12,40.779546395055,-73.949705388099,"{'latitude': '40.779546395055', 'longitude': '-73.949705388099', 'human_address': '{""address"": """", ""city"": """", ""state"": """", ""zip"": """"}'}",8,5,15401,1050109,Upper East Side-Yorkville,,,
PC8689673,2026-09-15T10:48:43.000,Treatments,1538,BRYANT AVENUE,10460,Bronx,Bait applied,,2030010012,2,3001,12,40.833608832261,-73.886807127687,"{'latitude': '40.833608832261', 'longitude': '-73.886807127687', 'human_address': '{""address"": """", ""city"": """", ""state"": """", ""zip"": """"}'}",3,17,157,2010874,Crotona Park East,,,
PC8701937,2026-09-15T10:49:31.000,Treatments,3873,ORLOFF AVENUE,10463,Bronx,Bait applied,,2032630098,2,3263,98,40.884172885792,-73.896156129942,"{'latitude': '40.884172885792', 'longitude': '-73.896156129942', 'human_address': '{""address"": """", ""city"": """", ""state"": """", ""zip"": """"}'}",8,11,279,2016025,Kingsbridge Heights-Van Cortlandt Village,,1012964,261425
PC8645000,2026-09-15T10:50:56.000,Treatments,2108,2 AVENUE,10029,Manhattan,Bait applied,,1016800052,1,1680,52,40.792214908198,-73.941262987973,"{'latitude': '40.792214908198', 'longitude': '-73.941262987973', 'human_address': '{""address"": """", ""city"": """", ""state"": """", ""zip"": """"}'}",11,8,170,1052821,East Harlem (South),,1000514,227910
PC8666517,2026-09-15T10:51:45.000,Treatments,112,HIMROD STREET,11221,Brooklyn,Bait applied,,3032750045,3,3275,45,40.696390245329,-73.923475090072,"{'latitude': '40.696390245329', 'longitude': '-73.923475090072', 'human_address': '{""address"": """", ""city"": """", ""state"": """", ""zip"": """"}'}",4,37,421,3074720,Bushwick (West),,,
PC8777298,2026-09-15T10:52:00.000,Stoppage,35,Claver Place,11238,Brooklyn,Stoppage done,,3019970003,3,1997,3,40.681923707676,-73.957426518549,"{'latitude': '40.681923707676', 'longitude': '-73.957426518549', 'human_address': '{""address"": """", ""city"": """", ""state"": """", ""zip"": """"}'}",3,36,227,3057373,Bedford-Stuyvesant (West),,,
PC8778211,2026-09-15T10:52:00.000,Initial,37,JACKSON STREET,10304,Staten Island,Failed for Other Reason,Harborage,5005150072,5,515,72,40.630417186661,-74.079885932272,"{'latitude': '40.630417186661', 'longitude': '-74.079885932272', 'human_address': '{""address"": """", ""city"": """", ""state"": """", ""zip"": """"}'}",1,49,21,5095832,Tompkinsville-Stapleton-Clifton-Fox Hills,,962076,168967
PC8750425,2026-09-15T10:52:00.000,Treatments,355,OLIVER PLACE,10458,Bronx,Bait applied,,2032840040,2,3284,40,40.867601750429,-73.886170548391,"{'latitude': '40.867601750429', 'longitude': '-73.886170548391', 'human_address': '{""address"": """", ""city"": """", ""state"": """", ""zip"": """"}'}",7,15,40702,2120788,Bedford Park,,,
PC8761109,2026-09-15T10:52:04.000,Compliance,240,EAST 112 STREET,10029,Manhattan,Failed for Rat Activity and Other Reason,"Droppings, Garbage",1016610132,1,1661,132,40.794948450319,-73.94081633717,"{'latitude': '40.794948450319', 'longitude': '-73.94081633717', 'human_address': '{""address"": """", ""city"": """", ""state"": """", ""zip"": """"}'}",11,8,180,1087817,East Harlem (North),,,
PC8751323,2026-09-15T10:53:08.000,Compliance,803,BEVERLY ROAD,11218,Brooklyn,Failed for Rat Activity,"Droppings, Runways",3053430037,3,5343,37,40.643597231118,-73.971457478754,"{'latitude': '40.643597231118', 'longitude': '-73.971457478754', 'human_address': '{""address"": """", ""city"": """", ""state"": """", ""zip"": """"}'}",12,40,492,3124823,Kensington,Summons Issued,992171,173760
PC8692516,2026-09-15T10:55:11.000,Treatments,98,CHRISTOPHER STREET,10014,Manhattan,Bait applied,,1005880057,1,588,57,40.733308122,-74.004716007162,"{'latitude': '40.733308122', 'longitude': '-74.004716007162', 'human_address': '{""address"": """", ""city"": """", ""state"": """", ""zip"": """"}'}",2,3,73,1010040,West Village,,,
PC8702176,2026-09-15T10:55:15.000,Compliance,221,EAST 12 STREET,10003,Manhattan,Failed for Rat Activity,"Droppings, Burrows",1004680051,1,468,51,40.73151241419,-73.987071923026,"{'latitude': '40.73151241419', 'longitude': '-73.987071923026', 'human_address': '{""address"": """", ""city"": """", ""state"": """", ""zip"": """"}'}",3,2,4002,1006878,East Village,Summons Issued,,
PC8684434,2026-09-15T10:56:00.000,Treatments,125,SEAMAN AVENUE,10034,Manhattan,Bait applied,,1022400009,1,2240,9,40.86878792082,-73.923102380513,"{'latitude': '40.86878792082', 'longitude': '-73.923102380513', 'human_address': '{""address"": """", ""city"": """", ""state"": """", ""zip"": """"}'}",12,10,295,1064972,Inwood,,1005518,255812
PC8763660,2026-09-15T10:56:49.000,Compliance,HART,STREET,11237,Brooklyn,Failed for Rat Activity,Droppings,,3,3221,23,,,,,,,,,,,
PC8775424,2026-09-15T10:56:52.000,Initial,137,WEST 144 STREET,10030,Manhattan,Failed for Rat Activity,Gnawing,1020130012,1,2013,12,40.820484310467,-73.938416175324,"{'latitude': '40.820484310467', 'longitude': '-73.938416175324', 'human_address': '{""address"": """", ""city"": """", ""state"": """", ""zip"": """"}'}",10,9,232,1060162,Harlem (North),COTA,,
PC8590289,2026-09-15T10:57:00.000,Treatments,637,PARK PLACE,11238,Brooklyn,Bait applied,,3011630054,3,1163,54,40.674216183269,-73.956908723901,"{'latitude': '40.674216183269', 'longitude': '-73.956908723901', 'human_address': '{""address"": """", ""city"": """", ""state"": """", ""zip"": """"}'}",8,35,305,3029013,Crown Heights (North),,996203,184917
PC8778699,2026-09-15T10:57:20.000,Initial,1520,BROOK AVENUE,10457,Bronx,Failed for Rat Activity and Other Reason,"Burrows, Harborage",2028950068,2,2895,68,40.838958202405,-73.904828354175,"{'latitude': '40.838958202405', 'longitude': '-73.904828354175', 'human_address': '{""address"": """", ""city"": """", ""state"": """", ""zip"": """"}'}",3,16,169,2096010,Claremont Village-Claremont (East),,,
PC8773486,2026-09-15T10:58:00.000,Initial,JEROME,AVENUE,10452,Bronx,Failed for Rat Activity,Burrows,,2,2856,65,,,,,,,,,,,
PC8603438,2026-09-15T10:58:05.000,Compliance,282,CENTRAL AVENUE,11221,Brooklyn,Failed for Rat Activity,"Droppings, Burrows, Runways",3032850049,3,3285,49,40.696328935033,-73.922101175255,"{'latitude': '40.696328935033', 'longitude': '-73.922101175255', 'human_address': '{""address"": """", ""city"": """", ""state"": """", ""zip"": """"}'}",4,37,419,3075041,Bushwick (East),Summons Issued,,
PC8739330,2026-09-15T10:58:26.000,Compliance,522,EAST 82 STREET,10028,Manhattan,Failed for Rat Activity,"Droppings, Burrows",1015780040,1,1578,40,40.772848373814,-73.947869152042,"{'latitude': '40.772848373814', 'longitude': '-73.947869152042', 'human_address': '{""address"": """", ""city"": """", ""state"": """", ""zip"": """"}'}",8,5,13602,1051148,Upper East Side-Yorkville,,,
PC8719092,2026-09-15T10:59:00.000,Compliance,449,HALSEY STREET,11233,Brooklyn,Failed for Rat Activity,Burrows,3016600078,3,1660,78,40.683587151457,-73.934393080168,"{'latitude': '40.683587151457', 'longitude': '-73.934393080168', 'human_address': '{""address"": """", ""city"": """", ""state"": """", ""zip"": """"}'}",3,36,295,3046119,Bedford-Stuyvesant (East),Summons Issued,1002446,188335
PC8777297,2026-09-15T11:00:00.000,Stoppage,1171,Fulton Street,11216,Brooklyn,Stoppage done,,3019990033,3,1999,33,40.680956557674,-73.954842048221,"{'latitude': '40.680956557674', 'longitude': '-73.954842048221', 'human_address': '{""address"": """", ""city"": """", ""state"": """", ""zip"": """"}'}",3,36,227,3057430,Bedford-Stuyvesant (West),,,
PC8758791,2026-09-15T11:00:01.000,Treatments,560,PROSPECT PLACE,11238,Brooklyn,Bait applied,,3011630031,3,1163,31,40.675416133567,-73.958213000809,"{'latitude': '40.675416133567', 'longitude': '-73.958213000809', 'human_address': '{""address"": """", ""city"": """", ""state"": """", ""zip"": """"}'}",8,35,305,3029001,Crown Heights (North),,,
PC8740557,2026-09-15T11:00:21.000,Treatments,315,EAST 89 STREET,10128,Manhattan,Bait applied,,1015520011,1,1552,11,40.779560134635,-73.949741485534,"{'latitude': '40.779560134635', 'longitude': '-73.949741485534', 'human_address': '{""address"": """", ""city"": """", ""state"": """", ""zip"": """"}'}",8,5,15401,1050108,Upper East Side-Yorkville,,,
PC8768705,2026-09-15T11:00:23.000,Initial,1562,THIERIOT AVENUE,10460,Bronx,Failed for Other Reason,"Garbage, Mice",2039260024,2,3926,24,40.839690626234,-73.865892990736,"{'latitude': '40.839690626234', 'longitude': '-73.865892990736', 'human_address': '{""address"": """", ""city"": """", ""state"": """", ""zip"": """"}'}",9,18,21601,2028716,Soundview-Bruckner-Bronx River,COTA,1021357,245230
PC8773795,2026-09-15T11:00:35.000,Initial,4769,WHITE PLAINS ROAD,10470,Bronx,Failed for Rat Activity and Other Reason,"Droppings, Garbage, Harborage",2051070003,2,5107,3,40.905233725412,-73.849531475787,"{'latitude': '40.905233725412', 'longitude': '-73.849531475787', 'human_address': '{""address"": """", ""city"": """", ""state"": """", ""zip"": """"}'}",12,11,414,2071760,Wakefield-Woodlawn,COTA,1025843,269117
PC8658547,2026-09-15T11:00:43.000,Treatments,1229,FRANKLIN AVENUE,10456,Bronx,Bait applied,,2026120058,2,2612,58,40.830552482562,-73.903239614736,"{'latitude': '40.830552482562', 'longitude': '-73.903239614736', 'human_address': '{""address"": """", ""city"": """", ""state"": """", ""zip"": """"}'}",3,17,149,2004257,Morrisania,,1011024,241884
PC8689527,2026-09-15T11:03:00.000,Treatments,1522,BRYANT AVENUE,10460,Bronx,Bait applied,,2030010006,2,3001,6,40.833482645589,-73.886879617705,"{'latitude': '40.833482645589', 'longitude': '-73.886879617705', 'human_address': '{""address"": """", ""city"": """", ""state"": """", ""zip"": """"}'}",3,17,157,2010870,Crotona Park East,,,
PC8774767,2026-09-15T11:03:53.000,Initial,EAST,183 STREET,10458,Bronx,Failed for Other Reason,Harborage,,2,3038,187,,,,,,,,,COTA,,
PC8775419,2026-09-15T11:04:00.000,Initial,2710,FREDRICK DOUGLASS BL,10030,Manhattan,Failed for Rat Activity,"Droppings, Burrows, Runways, Gnawing",1020300001,1,2030,1,40.822303344157,-73.942294969563,"{'latitude': '40.822303344157', 'longitude': '-73.942294969563', 'human_address': '{""address"": """", ""city"": """", ""state"": """", ""zip"": """"}'}",10,9,232,1060439,Harlem (North),COTA,,
PC8547193,2026-09-15T11:04:08.000,Treatments,210,WEST  251 STREET,10471,Bronx,Bait applied,,2058141155,2,5814,1155,40.89577275042,-73.896901151204,"{'latitude': '40.89577275042', 'longitude': '-73.896901151204', 'human_address': '{""address"": """", ""city"": """", ""state"": """", ""zip"": """"}'}",8,11,351,2084347,Riverdale-Spuyten Duyvil,,1012753,265651
PC8734587,2026-09-15T11:06:14.000,Compliance,204,ST NICHOLAS AVENUE,10027,Manhattan,Failed for Rat Activity and Other Reason,"Droppings, Burrows, Runways, Garbage, Harborage",1019260007,1,1926,7,40.806959555213,-73.952859785788,"{'latitude': '40.806959555213', 'longitude': '-73.952859785788', 'human_address': '{""address"": """", ""city"": """", ""state"": """", ""zip"": """"}'}",10,9,220,1058462,Harlem (South),Summons Issued,,
PC8775420,2026-09-15T11:06:52.000,Initial,2477,ADAM C POWELL BLVD,10030,Manhattan,Failed for Rat Activity,Burrows,1020120061,1,2012,61,40.820825314257,-73.939651515894,"{'latitude': '40.820825314257', 'longitude': '-73.939651515894', 'human_address': '{""address"": """", ""city"": """", ""state"": """", ""zip"": """"}'}",10,9,232,1060155,Harlem (North),,,
PC8750217,2026-09-15T11:07:00.000,Treatments,375,EAST 199 STREET,10458,Bronx,Bait applied,,2032840046,2,3284,46,40.867672095467,-73.885147215381,"{'latitude': '40.867672095467', 'longitude': '-73.885147215381', 'human_address': '{""address"": """", ""city"": """", ""state"": """", ""zip"": """"}'}",7,15,40702,2016563,Bedford Park,,,
PC8766559,2026-09-15T11:07:56.000,Compliance,2894,VALENTINE AVENUE,10458,Bronx,Failed for Rat Activity,Burrows,2033020026,2,3302,26,40.870197990335,-73.888693481044,"{'latitude': '40.870197990335', 'longitude': '-73.888693481044', 'human_address': '{""address"": """", ""city"": """", ""state"": """", ""zip"": """"}'}",7,15,40702,2017086,Bedford Park,Summons Issued,1015034,256336
PC8710988,2026-09-15T11:08:29.000,Compliance,135,WEST 136 STREET,10030,Manhattan,Failed for Rat Activity,"Droppings, Burrows",1019210117,1,1921,117,40.815246197158,-73.941481022735,"{'latitude': '40.815246197158', 'longitude': '-73.941481022735', 'human_address': '{""address"": """", ""city"": """", ""state"": """", ""zip"": """"}'}",10,9,228,1058357,Harlem (North),Summons Issued,,
PC8761011,2026-09-15T11:09:04.000,Compliance,2163,2 AVENUE,10029,Manhattan,Failed for Rat Activity,Burrows,1016610022,1,1661,22,40.793995589368,-73.939982914525,"{'latitude': '40.793995589368', 'longitude': '-73.939982914525', 'human_address': '{""address"": """", ""city"": """", ""state"": """", ""zip"": """"}'}",11,8,180,1052502,East Harlem (North),,,
PC8749704,2026-09-15T11:10:09.000,Treatments,2148,2 AVENUE,10029,Manhattan,Bait applied,,1016820002,1,1682,2,40.793419397136,-73.940377093847,"{'latitude': '40.793419397136', 'longitude': '-73.940377093847', 'human_address': '{""address"": """", ""city"": """", ""state"": """", ""zip"": """"}'}",11,8,180,1052857,East Harlem (North),,,
PC8692851,2026-09-15T11:10:11.000,Treatments,39,GROVE STREET,10014,Manhattan,Bait applied,,1005880070,1,588,70,40.732759178452,-74.004481432636,"{'latitude': '40.732759178452', 'longitude': '-74.004481432636', 'human_address': '{""address"": """", ""city"": """", ""state"": """", ""zip"": """"}'}",2,3,73,1010049,West Village,,,
PC8674071,2026-09-15T11:10:44.000,Treatments,901,73 STREET,11228,Brooklyn,Bait applied,,3059130001,3,5913,1,40.626573962272,-74.014669282421,"{'latitude': '40.626573962272', 'longitude': '-74.014669282421', 'human_address': '{""address"": """", ""city"": """", ""state"": """", ""zip"": """"}'}",10,38,206,3147614,Dyker Heights,,980178,167557
PC8754499,2026-09-15T11:11:00.000,Initial,177,SANDS STREET,11201,Brooklyn,Failed for Other Reason,Animal Nuisance,3000680001,3,68,1,40.699793428077,-73.983615907716,"{'latitude': '40.699793428077', 'longitude': '-73.983615907716', 'human_address': '{""address"": """", ""city"": """", ""state"": """", ""zip"": """"}'}",2,35,23,3325905,Downtown Brooklyn-DUMBO-Boerum Hill,City Agency Referral,988793,194233
PC8773621,2026-09-15T11:13:00.000,Initial,1400,TOWNSEND AVENUE,10452,Bronx,Failed for Rat Activity,Burrows,2028430035,2,2843,35,40.840035093495,-73.916655696537,"{'latitude': '40.840035093495', 'longitude': '-73.916655696537', 'human_address': '{""address"": """", ""city"": """", ""state"": """", ""zip"": """"}'}",4,16,223,2008097,Mount Eden-Claremont (West),,,
PC8701651,2026-09-15T11:13:02.000,Treatments,136,SEAMAN AVENUE,10034,Manhattan,Bait applied,,1022480092,1,2248,92,40.8688865832,-73.922881711015,"{'latitude': '40.8688865832', 'longitude': '-73.922881711015', 'human_address': '{""address"": """", ""city"": """", ""state"": """", ""zip"": """"}'}",12,10,295,1080547,Inwood,,1005579,255848
PC8778700,2026-09-15T11:13:20.000,Initial,0000,PARK AVENUE,,Bronx,Failed for Other Reason,Harborage,,2,2895,85,0.00000000000000000000,0.00000000000000000000,"{'latitude': '0.0', 'longitude': '0.0', 'human_address': '{""address"": """", ""city"": """", ""state"": """", ""zip"": """"}'}",,,,,,,,
PC8774758,2026-09-15T11:14:36.000,Initial,1767,TOPPING AVENUE,10457,Bronx,Failed for Other Reason,Harborage,2027980043,2,2798,43,40.84582074375,-73.905675110155,"{'latitude': '40.84582074375', 'longitude': '-73.905675110155', 'human_address': '{""address"": """", ""city"": """", ""state"": """", ""zip"": """"}'}",5,14,22901,2007476,Mount Hope,COTA,,
PC8680651,2026-09-15T11:15:13.000,Treatments,244,FIELDSTON TERRACE,10471,Bronx,Bait applied,,2058271620,2,5827,1620,40.89567222783,-73.898058785763,"{'latitude': '40.89567222783', 'longitude': '-73.898058785763', 'human_address': '{""address"": """", ""city"": """", ""state"": """", ""zip"": """"}'}",8,11,351,2084561,Riverdale-Spuyten Duyvil,,1012414,265624
PC8765338,2026-09-15T11:15:38.000,Compliance,757,ST NICHOLAS AVENUE,10031,Manhattan,Failed for Rat Activity,Burrows,1020630029,1,2063,29,40.826055917227,-73.943321498412,"{'latitude': '40.826055917227', 'longitude': '-73.943321498412', 'human_address': '{""address"": """", ""city"": """", ""state"": """", ""zip"": """"}'}",9,9,231,1061510,Hamilton Heights-Sugar Hill,,,
PC8747437,2026-09-15T11:16:00.000,Compliance,144,DECATUR STREET,11233,Brooklyn,Failed for Rat Activity,Burrows,3016790001,3,1679,1,40.680967615082,-73.937478307051,"{'latitude': '40.680967615082', 'longitude': '-73.937478307051', 'human_address': '{""address"": """", ""city"": """", ""state"": """", ""zip"": """"}'}",3,36,273,3047358,Bedford-Stuyvesant (East),,1001591,187380
PC8738961,2026-09-15T11:16:14.000,Compliance,262,WEST  121 STREET,10027,Manhattan,Failed for Rat Activity,Burrows,1019260058,1,1926,58,40.807090881862,-73.951844640483,"{'latitude': '40.807090881862', 'longitude': '-73.951844640483', 'human_address': '{""address"": """", ""city"": """", ""state"": """", ""zip"": """"}'}",10,9,220,1090073,Harlem (South),Summons Issued,997581,233328
PC8777725,2026-09-15T11:17:00.000,Stoppage,,,11221,Brooklyn,Stoppage done,,,3,1607,62,,,,,,,,,,,
PC8759305,2026-09-15T11:17:13.000,Treatments,520,PROSPECT PLACE,11238,Brooklyn,Bait applied,,3011630001,3,1163,1,40.675603100806,-73.959106956693,"{'latitude': '40.675603100806', 'longitude': '-73.959106956693', 'human_address': '{""address"": """", ""city"": """", ""state"": """", ""zip"": """"}'}",8,35,305,3330782,Crown Heights (North),,,
PC8773578,2026-09-15T11:18:00.000,Initial,1426,TOWNSEND AVENUE,10452,Bronx,Failed for Rat Activity,Burrows,2028430040,2,2843,40,40.840452080503,-73.916362429689,"{'latitude': '40.840452080503', 'longitude': '-73.916362429689', 'human_address': '{""address"": """", ""city"": """", ""state"": """", ""zip"": """"}'}",4,16,223,2008098,Mount Eden-Claremont (West),,,
PC8761010,2026-09-15T11:18:04.000,Compliance,2176,2 AVENUE,10029,Manhattan,Failed for Other Reason,Garbage,1016830049,1,1683,49,40.794360487705,-73.93969004539,"{'latitude': '40.794360487705', 'longitude': '-73.93969004539', 'human_address': '{""address"": """", ""city"": """", ""state"": """", ""zip"": """"}'}",11,8,180,1052890,East Harlem (North),,,
PC8674127,2026-09-15T11:18:18.000,Treatments,1463,LONGFELLOW AVENUE,10460,Bronx,Bait applied,,2030000045,2,3000,45,40.831525805004,-73.887041956713,"{'latitude': '40.831525805004', 'longitude': '-73.887041956713', 'human_address': '{""address"": """", ""city"": """", ""state"": """", ""zip"": """"}'}",3,17,157,2100662,Crotona Park East,,,
PC8758943,2026-09-15T11:19:00.000,Treatments,644,PARK PLACE,11216,Brooklyn,Bait applied,,3012380113,3,1238,113,40.674064972024,-73.956252702588,"{'latitude': '40.674064972024', 'longitude': '-73.956252702588', 'human_address': '{""address"": """", ""city"": """", ""state"": """", ""zip"": """"}'}",8,35,219,3031451,Crown Heights (North),,,
PC8778701,2026-09-15T11:19:20.000,Initial,0000,PARK AVENUE,,Bronx,Failed for Other Reason,Harborage,,2,2895,45,0.00000000000000000000,0.00000000000000000000,"{'latitude': '0.0', 'longitude': '0.0', 'human_address': '{""address"": """", ""city"": """", ""state"": """", ""zip"": """"}'}",,,,,,,,
PC8775687,2026-09-15T11:19:42.000,Initial,359,EAST  138 STREET,10454,Bronx,Failed for Rat Activity,Burrows,2023010041,2,2301,41,40.809526814059,-73.92388637161,"{'latitude': '40.809526814059', 'longitude': '-73.92388637161', 'human_address': '{""address"": """", ""city"": """", ""state"": """", ""zip"": """"}'}",1,8,39,2000603,Mott Haven-Port Morris,COTA,1005320,234221
PC8740785,2026-09-15T11:20:39.000,Treatments,304,EAST 89 STREET,10128,Manhattan,Bait applied,,1015510048,1,1551,48,40.779617851776,-73.949918370434,"{'latitude': '40.779617851776', 'longitude': '-73.949918370434', 'human_address': '{""address"": """", ""city"": """", ""state"": """", ""zip"": """"}'}",8,5,14602,1050098,Upper East Side-Yorkville,,,
PC8775270,2026-09-15T11:23:28.000,Initial,363,WEST   51 STREET,10019,Manhattan,Failed for Rat Activity,"Droppings, Rats",1010420005,1,1042,5,40.763804607326,-73.987755126873,"{'latitude': '40.763804607326', 'longitude': '-73.987755126873', 'human_address': '{""address"": """", ""city"": """", ""state"": """", ""zip"": """"}'}",4,3,133,1025195,Hell's Kitchen,,987642,217554
PC8774862,2026-09-15T11:23:36.000,Initial,1773,TOPPING AVENUE,10457,Bronx,Failed for Rat Activity and Other Reason,"Burrows, Harborage",2027980040,2,2798,40,40.845936013631,-73.905664102863,"{'latitude': '40.845936013631', 'longitude': '-73.905664102863', 'human_address': '{""address"": """", ""city"": """", ""state"": """", ""zip"": """"}'}",5,14,22901,2000000,Mount Hope,,,
PC8763536,2026-09-15T11:23:49.000,Compliance,343,LINDEN STREET,11237,Brooklyn,Failed for Rat Activity,Droppings,3033280049,3,3328,49,40.699523092078,-73.913391495299,"{'latitude': '40.699523092078', 'longitude': '-73.913391495299', 'human_address': '{""address"": """", ""city"": """", ""state"": """", ""zip"": """"}'}",4,37,441,3076193,Bushwick (West),,,
PC8766357,2026-09-15T11:23:56.000,Compliance,179,RICHMOND STREET,11208,Brooklyn,Failed for Other Reason,Harborage,3041270009,3,4127,9,40.683160938418,-73.876798494138,"{'latitude': '40.683160938418', 'longitude': '-73.876798494138', 'human_address': '{""address"": """", ""city"": """", ""state"": """", ""zip"": """"}'}",5,37,117601,3092085,Cypress Hills,Summons Issued,1018420,188197
PC8764120,2026-09-15T11:24:05.000,Compliance,1365,DEKALB AVENUE,11221,Brooklyn,Failed for Rat Activity,"Droppings, Burrows, Runways",3032340047,3,3234,47,40.698853052799,-73.924601054866,"{'latitude': '40.698853052799', 'longitude': '-73.924601054866', 'human_address': '{""address"": """", ""city"": """", ""state"": """", ""zip"": """"}'}",4,37,423,3073542,Bushwick (West),Summons Issued,1005157,193899
PC8736442,2026-09-15T11:26:00.000,Compliance,168,DECATUR STREET,11233,Brooklyn,Failed for Rat Activity,"Droppings, Burrows, Runways",3016790014,3,1679,14,40.681079603728,-73.936483102213,"{'latitude': '40.681079603728', 'longitude': '-73.936483102213', 'human_address': '{""address"": """", ""city"": """", ""state"": """", ""zip"": """"}'}",3,36,273,3047370,Bedford-Stuyvesant (East),,1001880,187423
PC8774613,2026-09-15T11:26:36.000,Initial,1775,TOPPING AVENUE,10457,Bronx,Failed for Other Reason,Harborage,2027980039,2,2798,39,40.845977181658,-73.905660429849,"{'latitude': '40.845977181658', 'longitude': '-73.905660429849', 'human_address': '{""address"": """", ""city"": """", ""state"": """", ""zip"": """"}'}",5,14,22901,2007472,Mount Hope,COTA,,
PC8773343,2026-09-15T11:28:00.000,Initial,1405,WALTON AVENUE,10452,Bronx,Failed for Other Reason,Harborage,2028430065,2,2843,65,40.839776458598,-73.915792259741,"{'latitude': '40.839776458598', 'longitude': '-73.915792259741', 'human_address': '{""address"": """", ""city"": """", ""state"": """", ""zip"": """"}'}",4,16,223,2008099,Mount Eden-Claremont (West),,,
PC8775362,2026-09-15T11:28:52.000,Initial,151,WEST 143 STREET,10030,Manhattan,Failed for Rat Activity,Burrows,1020120011,1,2012,11,40.819916463176,-73.939005619193,"{'latitude': '40.819916463176', 'longitude': '-73.939005619193', 'human_address': '{""address"": """", ""city"": """", ""state"": """", ""zip"": """"}'}",10,9,232,1060132,Harlem (North),,,
PC8775312,2026-09-15T11:29:00.000,Initial,201,WEST 144 STREET,10030,Manhattan,Failed for Rat Activity and Other Reason,"Droppings, Burrows, Gnawing, Harborage",1020300029,1,2030,29,40.821141128018,-73.939972789873,"{'latitude': '40.821141128018', 'longitude': '-73.939972789873', 'human_address': '{""address"": """", ""city"": """", ""state"": """", ""zip"": """"}'}",10,9,232,1060456,Harlem (North),COTA,,
PC8766016,2026-09-15T11:29:57.000,Compliance,349,EAST   54 STREET,10022,Manhattan,Failed for Other Reason,Harborage,1013470022,1,1347,22,40.756888780354,-73.965525177879,"{'latitude': '40.756888780354', 'longitude': '-73.965525177879', 'human_address': '{""address"": """", ""city"": """", ""state"": """", ""zip"": """"}'}",6,4,10801,1039950,East Midtown-Turtle Bay,,,
PC8767785,2026-09-15T11:30:00.000,Initial,202,YORK STREET,11201,Brooklyn,Failed for Rat Activity,Burrows,3000710001,3,71,1,40.701338602008,-73.982713893571,"{'latitude': '40.701338602008', 'longitude': '-73.982713893571', 'human_address': '{""address"": """", ""city"": """", ""state"": """", ""zip"": """"}'}",2,35,23,3325907,Downtown Brooklyn-DUMBO-Boerum Hill,City Agency Referral,989043,194796
PC8777538,2026-09-15T11:30:00.000,Initial,2342,1 AVENUE,10035,Manhattan,Failed for Rat Activity and Other Reason,"Burrows, Harborage",1018087501,1,1808,1,40.798751346383,-73.93338340758,"{'latitude': '40.798751346383', 'longitude': '-73.93338340758', 'human_address': '{""address"": """", ""city"": """", ""state"": """", ""zip"": """"}'}",11,8,192,1089835,East Harlem (North),City Agency Referral,,
PC8696948,2026-09-15T11:30:14.000,Compliance,2014,ADAM C POWELL BLVD,10027,Manhattan,Failed for Rat Activity and Other Reason,"Droppings, Burrows, Runways, Garbage",1019260033,1,1926,33,40.806151560704,-73.95039320489,"{'latitude': '40.806151560704', 'longitude': '-73.95039320489', 'human_address': '{""address"": """", ""city"": """", ""state"": """", ""zip"": """"}'}",10,9,220,1058472,Harlem (South),Summons Issued,,
PC8715841,2026-09-15T11:30:44.000,Treatments,920,72 STREET,11228,Brooklyn,Bait applied,,3059130012,3,5913,12,40.626873264558,-74.01369307305,"{'latitude': '40.626873264558', 'longitude': '-74.01369307305', 'human_address': '{""address"": """", ""city"": """", ""state"": """", ""zip"": """"}'}",10,38,206,3147616,Dyker Heights,,980449,167666
PC8650392,2026-09-15T11:30:56.000,Treatments,170,WEST  233 STREET,10463,Bronx,Bait applied,,2032670110,2,3267,110,40.880292111291,-73.902736609583,"{'latitude': '40.880292111291', 'longitude': '-73.902736609583', 'human_address': '{""address"": """", ""city"": """", ""state"": """", ""zip"": """"}'}",8,11,283,2016171,Kingsbridge-Marble Hill,,1011115,260026
PC8777723,2026-09-15T11:32:00.000,Stoppage,135,Menahan Street,11221,Brooklyn,Stoppage done,,3033060053,3,3306,53,40.695640973933,-73.919541563286,"{'latitude': '40.695640973933', 'longitude': '-73.919541563286', 'human_address': '{""address"": """", ""city"": """", ""state"": """", ""zip"": """"}'}",4,37,419,3075660,Bushwick (East),,,
PC8689001,2026-09-15T11:33:35.000,Treatments,1535,LONGFELLOW AVENUE,10460,Bronx,Bait applied,,2030010046,2,3001,46,40.833218311625,-73.886030846778,"{'latitude': '40.833218311625', 'longitude': '-73.886030846778', 'human_address': '{""address"": """", ""city"": """", ""state"": """", ""zip"": """"}'}",3,17,157,2100202,Crotona Park East,,,
PC8761058,2026-09-15T11:34:04.000,Compliance,2162,2 AVENUE,10029,Manhattan,Failed for Rat Activity and Other Reason,"Droppings, Burrows, Garbage",1016830001,1,1683,1,40.793905035293,-73.940026335276,"{'latitude': '40.793905035293', 'longitude': '-73.940026335276', 'human_address': '{""address"": """", ""city"": """", ""state"": """", ""zip"": """"}'}",11,8,180,1052866,East Harlem (North),,,
PC8728309,2026-09-15T11:35:00.000,Compliance,921,EAST  232 STREET,10466,Bronx,Failed for Other Reason,Harborage,2048680026,2,4868,26,40.890653103812,-73.851130701825,"{'latitude': '40.890653103812', 'longitude': '-73.851130701825', 'human_address': '{""address"": """", ""city"": """", ""state"": """", ""zip"": """"}'}",12,11,424,2064786,Wakefield-Woodlawn,Summons Issued,,
PC8750845,2026-09-15T11:35:02.000,Compliance,2-97,ST NICHOLAS AVENUE,11385,Queens,Failed for Rat Activity,Burrows,4034470010,4,3447,10,40.701418134638,-73.911304445033,"{'latitude': '40.701418134638', 'longitude': '-73.911304445033', 'human_address': '{""address"": """", ""city"": """", ""state"": """", ""zip"": """"}'}",5,34,547,4082338,Ridgewood,Summons Issued,,
PC8774912,2026-09-15T11:35:08.000,Initial,470,EAST 183 STREET,10458,Bronx,Failed for Rat Activity,Burrows,2030380126,2,3038,126,40.855386499549,-73.893515362501,"{'latitude': '40.855386499549', 'longitude': '-73.893515362501', 'human_address': '{""address"": """", ""city"": """", ""state"": """", ""zip"": """"}'}",6,15,385,2113936,Belmont,COTA,,
PC8738150,2026-09-15T11:35:43.000,Treatments,635,EAST  169 STREET,10456,Bronx,Bait applied,,2029330067,2,2933,67,40.831407028257,-73.901109950052,"{'latitude': '40.831407028257', 'longitude': '-73.901109950052', 'human_address': '{""address"": """", ""city"": """", ""state"": """", ""zip"": """"}'}",3,17,149,2009743,Morrisania,,1011637,242191
PC8624141,2026-09-15T11:36:05.000,Compliance,167,STOCKHOLM STREET,11237,Brooklyn,Failed for Rat Activity,"Droppings, Burrows, Runways, Rats",3032460050,3,3246,50,40.69963127773,-73.922663512869,"{'latitude': '40.69963127773', 'longitude': '-73.922663512869', 'human_address': '{""address"": """", ""city"": """", ""state"": """", ""zip"": """"}'}",4,37,429,3073849,Bushwick (West),Summons Issued,1005694,194183
PC8704124,2026-09-15T11:36:26.000,Treatments,432,PROSPECT PLACE,11238,Brooklyn,Bait applied,,3011620020,3,1162,20,40.676177707365,-73.961857344781,"{'latitude': '40.676177707365', 'longitude': '-73.961857344781', 'human_address': '{""address"": """", ""city"": """", ""state"": """", ""zip"": """"}'}",8,35,305,3028925,Crown Heights (North),,,
PC8768149,2026-09-15T11:39:15.000,Initial,234,QUINCY STREET,11216,Brooklyn,Failed for Rat Activity,Droppings,3018070040,3,1807,40,40.686771638469,-73.952137394713,"{'latitude': '40.686771638469', 'longitude': '-73.952137394713', 'human_address': '{""address"": """", ""city"": """", ""state"": """", ""zip"": """"}'}",3,36,243,3389245,Bedford-Stuyvesant (West),,997524,189492
PC8775440,2026-09-15T11:39:52.000,Initial,139,WEST 143 STREET,10030,Manhattan,Failed for Rat Activity,Burrows,1020120017,1,2012,17,40.819740576387,-73.938586676029,"{'latitude': '40.819740576387', 'longitude': '-73.938586676029', 'human_address': '{""address"": """", ""city"": """", ""state"": """", ""zip"": """"}'}",10,9,232,1060135,Harlem (North),COTA,,
PC8773623,2026-09-15T11:40:00.000,Initial,1415,WYTHE PLACE,10452,Bronx,Failed for Rat Activity,Droppings,2028430093,2,2843,93,40.839600089649,-73.914834758573,"{'latitude': '40.839600089649', 'longitude': '-73.914834758573', 'human_address': '{""address"": """", ""city"": """", ""state"": """", ""zip"": """"}'}",4,16,223,2008104,Mount Eden-Claremont (West),,,
PC8761496,2026-09-15T11:40:29.000,Initial,70,WEST 137 STREET,10037,Manhattan,Failed for Rat Activity,Burrows,1017340001,1,1734,1,40.814887943026,-73.938724841523,,10,9,212,1082168,Harlem (North),,0,0
PC8685127,2026-09-15T11:40:37.000,Compliance,2914,JEROME AVENUE,10468,Bronx,Failed for Rat Activity,"Droppings, Burrows, Runways",2033190072,2,3319,72,40.871917661899,-73.890223699902,"{'latitude': '40.871917661899', 'longitude': '-73.890223699902', 'human_address': '{""address"": """", ""city"": """", ""state"": """", ""zip"": """"}'}",7,14,40701,2017597,Bedford Park,Summons Issued,1014610,256962
PC8770703,2026-09-15T11:41:02.000,Initial,330,WEST   51 STREET,10019,Manhattan,Failed for Rat Activity and Other Reason,"Droppings, Burrows, Harborage",1010410047,1,1041,47,40.763401027296,-73.986845505224,"{'latitude': '40.763401027296', 'longitude': '-73.986845505224', 'human_address': '{""address"": """", ""city"": """", ""state"": """", ""zip"": """"}'}",4,3,133,1025181,Hell's Kitchen,COTA,987894,217407
PC8776677,2026-09-15T11:42:42.000,Initial,366,WILLIS AVENUE,10454,Bronx,Failed for Other Reason,Harborage,2022870005,2,2287,5,40.811989488177,-73.920769524322,"{'latitude': '40.811989488177', 'longitude': '-73.920769524322', 'human_address': '{""address"": """", ""city"": """", ""state"": """", ""zip"": """"}'}",1,8,41,2000414,Mott Haven-Port Morris,,1006182,235119
PC8773387,2026-09-15T11:43:00.000,Initial,1425,WYTHE PLACE,10452,Bronx,Failed for Other Reason,Harborage,2028430085,2,2843,85,40.839756461819,-73.914729749699,"{'latitude': '40.839756461819', 'longitude': '-73.914729749699', 'human_address': '{""address"": """", ""city"": """", ""state"": """", ""zip"": """"}'}",4,16,223,2008103,Mount Eden-Claremont (West),,,
PC8777712,2026-09-15T11:43:00.000,Stoppage,1111,Willoughby Avenue,11237,Brooklyn,Stoppage done,,3031970053,3,3197,53,40.70137068809,-73.925640485007,"{'latitude': '40.70137068809', 'longitude': '-73.925640485007', 'human_address': '{""address"": """", ""city"": """", ""state"": """", ""zip"": """"}'}",4,34,429,3072752,Bushwick (West),,,
PC8739133,2026-09-15T11:43:01.000,Compliance,511,EAST 82 STREET,10028,Manhattan,Failed for Rat Activity,Burrows,1015790008,1,1579,8,40.773065423276,-73.948341948042,"{'latitude': '40.773065423276', 'longitude': '-73.948341948042', 'human_address': '{""address"": """", ""city"": """", ""state"": """", ""zip"": """"}'}",8,5,13604,1051157,Upper East Side-Yorkville,,,
PC8775358,2026-09-15T11:44:00.000,Initial,200,WEST 145 STREET,10039,Manhattan,Failed for Rat Activity,Runways,1020300036,1,2030,36,40.821832592546,-73.939571110946,"{'latitude': '40.821832592546', 'longitude': '-73.939571110946', 'human_address': '{""address"": """", ""city"": """", ""state"": """", ""zip"": """"}'}",10,9,232,1060460,Harlem (North),,,
PC8735658,2026-09-15T11:45:00.000,Treatments,2357,HUGHES AVENUE,10458,Bronx,Bait applied,,2030730054,2,3073,54,40.854623092414,-73.887367681552,"{'latitude': '40.854623092414', 'longitude': '-73.887367681552', 'human_address': '{""address"": """", ""city"": """", ""state"": """", ""zip"": """"}'}",6,15,391,2116247,Belmont,,,
PC8692955,2026-09-15T11:45:11.000,Treatments,16,CHRISTOPHER STREET,10014,Manhattan,Bait applied,,1005930044,1,593,44,40.733928534469,-74.00054124536,"{'latitude': '40.733928534469', 'longitude': '-74.00054124536', 'human_address': '{""address"": """", ""city"": """", ""state"": """", ""zip"": """"}'}",2,3,71,1076824,West Village,,,
PC8594232,2026-09-15T11:45:25.000,Treatments,3010,BAILEY AVENUE,10463,Bronx,Bait applied,,2032600050,2,3260,50,40.876496979351,-73.90371490588,"{'latitude': '40.876496979351', 'longitude': '-73.90371490588', 'human_address': '{""address"": """", ""city"": """", ""state"": """", ""zip"": """"}'}",8,14,277,2015913,Kingsbridge Heights-Van Cortlandt Village,,1010877,258626
PC8773691,2026-09-15T11:46:00.000,Initial,1455,GRAND CONCOURSE,10452,Bronx,Failed for Rat Activity,Burrows,2028340001,2,2834,1,40.84026564095,-73.912940118016,"{'latitude': '40.84026564095', 'longitude': '-73.912940118016', 'human_address': '{""address"": """", ""city"": """", ""state"": """", ""zip"": """"}'}",4,16,223,2008006,Mount Eden-Claremont (West),COTA,,
PC8759931,2026-09-15T11:46:00.000,Compliance,430,OCEAN PARKWAY,11218,Brooklyn,Failed for Rat Activity,Gnawing,3053890010,3,5389,10,40.637943375542,-73.973088504146,"{'latitude': '40.637943375542', 'longitude': '-73.973088504146', 'human_address': '{""address"": """", ""city"": """", ""state"": """", ""zip"": """"}'}",12,39,490,3126780,Kensington,Summons Issued,991719,171700
PC8777710,2026-09-15T11:47:00.000,Stoppage,80,Starr Street,11237,Brooklyn,Stoppage done,,3031970013,3,3197,13,40.701969406869,-73.92619522597,"{'latitude': '40.701969406869', 'longitude': '-73.92619522597', 'human_address': '{""address"": """", ""city"": """", ""state"": """", ""zip"": """"}'}",4,34,429,3072726,Bushwick (West),,,
PC8775279,2026-09-15T11:47:00.000,Initial,210,WEST 145 STREET,10039,Manhattan,Failed for Rat Activity and Other Reason,"Gnawing, Harborage",1020300038,1,2030,38,40.821915039151,-73.939769755881,"{'latitude': '40.821915039151', 'longitude': '-73.939769755881', 'human_address': '{""address"": """", ""city"": """", ""state"": """", ""zip"": """"}'}",10,9,232,1060461,Harlem (North),,,
PC8774886,2026-09-15T11:47:31.000,Initial,2271,WASHINGTON AVENUE,10457,Bronx,Failed for Other Reason,Harborage,2030380029,2,3038,29,40.854947232232,-73.893396776921,"{'latitude': '40.854947232232', 'longitude': '-73.893396776921', 'human_address': '{""address"": """", ""city"": """", ""state"": """", ""zip"": """"}'}",6,15,385,2011340,Belmont,COTA,,
PC8774839,2026-09-15T11:47:36.000,Initial,1762,MONROE AVENUE,10457,Bronx,Failed for Other Reason,Harborage,2027980019,2,2798,19,40.846060232546,-73.906527770096,"{'latitude': '40.846060232546', 'longitude': '-73.906527770096', 'human_address': '{""address"": """", ""city"": """", ""state"": """", ""zip"": """"}'}",5,14,22901,2007466,Mount Hope,COTA,,
PC8757311,2026-09-15T11:48:00.000,Initial,189,BRIDGE STREET,11201,Brooklyn,Failed for Rat Activity and Other Reason,"Droppings, Burrows, Rats, Harborage",3001087501,3,108,7501,40.698168707066,-73.984957874301,"{'latitude': '40.698168707066', 'longitude': '-73.984957874301', 'human_address': '{""address"": """", ""city"": """", ""state"": """", ""zip"": """"}'}",2,33,1501,3389367,Downtown Brooklyn-DUMBO-Boerum Hill,COTA,988425,193641
PC8435490,2026-09-15T11:48:04.000,Compliance,2150,2 AVENUE,10029,Manhattan,Failed for Rat Activity,"Burrows, Runways",1016820003,1,1682,3,40.793468783863,-73.940340934018,"{'latitude': '40.793468783863', 'longitude': '-73.940340934018', 'human_address': '{""address"": """", ""city"": """", ""state"": """", ""zip"": """"}'}",11,8,180,1000000,East Harlem (North),Summons Issued,,
PC8690147,2026-09-15T11:48:12.000,Treatments,1548,LONGFELLOW AVENUE,10460,Bronx,Bait applied,,2030090013,2,3009,13,40.833328015,-73.885943928927,"{'latitude': '40.833328015', 'longitude': '-73.885943928927', 'human_address': '{""address"": """", ""city"": """", ""state"": """", ""zip"": """"}'}",3,17,157,2100686,Crotona Park East,,,
PC8775612,2026-09-15T11:50:23.000,Initial,580,CASTLE HILL AVENUE,10473,Bronx,Failed for Other Reason,Animal Nuisance,2035370001,2,3537,1,40.818681962099,-73.847943147089,"{'latitude': '40.818681962099', 'longitude': '-73.847943147089', 'human_address': '{""address"": """", ""city"": """", ""state"": """", ""zip"": """"}'}",9,18,90,2092637,Castle Hill-Unionport,City Agency Referral,1026337,237584
PC8686680,2026-09-15T11:50:44.000,Treatments,894,70 STREET,11228,Brooklyn,Bait applied,,3058960045,3,5896,45,40.62849821462,-74.013369175499,"{'latitude': '40.62849821462', 'longitude': '-74.013369175499', 'human_address': '{""address"": """", ""city"": """", ""state"": """", ""zip"": """"}'}",10,38,132,3146781,Dyker Heights,,980539,168258
PC8777711,2026-09-15T11:51:00.000,Stoppage,92,Starr Street,11237,Brooklyn,Stoppage done,,3031970019,3,3197,19,40.702150445485,-73.926014695918,"{'latitude': '40.702150445485', 'longitude': '-73.926014695918', 'human_address': '{""address"": """", ""city"": """", ""state"": """", ""zip"": """"}'}",4,34,429,3072730,Bushwick (West),,,
PC8742750,2026-09-15T11:51:00.000,Compliance,231,BAINBRIDGE STREET,11233,Brooklyn,Failed for Rat Activity,"Droppings, Burrows",3016820073,3,1682,73,40.681354360457,-73.927689152286,"{'latitude': '40.681354360457', 'longitude': '-73.927689152286', 'human_address': '{""address"": """", ""city"": """", ""state"": """", ""zip"": """"}'}",3,36,381,3047611,Bedford-Stuyvesant (East),,1004306,187523
PC8767671,2026-09-15T11:52:00.000,Initial,280,WEST END AVENUE,10023,Manhattan,Failed for Other Reason,Harborage,1011650001,1,1165,1,40.780451040752,-73.983668201532,"{'latitude': '40.780451040752', 'longitude': '-73.983668201532', 'human_address': '{""address"": """", ""city"": """", ""state"": """", ""zip"": """"}'}",7,6,159,1030539,Upper West Side-Lincoln Square,,988687,223631
PC8765503,2026-09-15T11:52:38.000,Compliance,429,WEST 154 STREET,10032,Manhattan,Failed for Rat Activity,Droppings,1020680051,1,2068,51,40.830414050618,-73.942287908226,"{'latitude': '40.830414050618', 'longitude': '-73.942287908226', 'human_address': '{""address"": """", ""city"": """", ""state"": """", ""zip"": """"}'}",9,7,23501,1061682,Hamilton Heights-Sugar Hill,,,
PC8680081,2026-09-15T11:53:20.000,Treatments,420,PROSPECT PLACE,11238,Brooklyn,Bait applied,,3011620016,3,1162,16,40.676235437319,-73.962127699331,"{'latitude': '40.676235437319', 'longitude': '-73.962127699331', 'human_address': '{""address"": """", ""city"": """", ""state"": """", ""zip"": """"}'}",8,35,305,3028922,Crown Heights (North),,994755,185652
PC8740497,2026-09-15T11:53:51.000,Treatments,1730,2 AVENUE,10128,Manhattan,Bait applied,,1015527502,1,1552,7502,40.780334241764,-73.949939494504,"{'latitude': '40.780334241764', 'longitude': '-73.949939494504', 'human_address': '{""address"": """", ""city"": """", ""state"": """", ""zip"": """"}'}",8,5,15401,1073503,Upper East Side-Yorkville,,,
PC8651459,2026-09-15T11:55:43.000,Treatments,530,EAST  169 STREET,10456,Bronx,Bait applied,,2026100012,2,2610,12,40.832606748401,-73.904674859045,"{'latitude': '40.832606748401', 'longitude': '-73.904674859045', 'human_address': '{""address"": """", ""city"": """", ""state"": """", ""zip"": """"}'}",3,16,145,2004223,Claremont Village-Claremont (East),,1010629,242635
PC8775770,2026-09-15T11:55:48.000,Initial,830,EAST  216 STREET,10467,Bronx,Failed for Rat Activity and Other Reason,"Burrows, Harborage",2046740066,2,4674,66,40.880201422863,-73.860057467186,"{'latitude': '40.880201422863', 'longitude': '-73.860057467186', 'human_address': '{""address"": """", ""city"": """", ""state"": """", ""zip"": """"}'}",12,12,390,2058361,Williamsbridge-Olinville,COTA,1022948,259992
PC8739299,2026-09-15T11:55:51.000,Compliance,501,EAST 82 STREET,10028,Manhattan,Failed for Rat Activity and Other Reason,"Droppings, Animal Nuisance",1015790001,1,1579,1,40.773293481984,-73.948886947523,"{'latitude': '40.773293481984', 'longitude': '-73.948886947523', 'human_address': '{""address"": """", ""city"": """", ""state"": """", ""zip"": """"}'}",8,5,13604,1083914,Upper East Side-Yorkville,Summons Issued,,
PC8773725,2026-09-15T11:59:00.000,Initial,1411,TOWNSEND AVENUE,10452,Bronx,Failed for Rat Activity,Droppings,2028430024,2,2843,24,40.840205198872,-73.916561516251,"{'latitude': '40.840205198872', 'longitude': '-73.916561516251', 'human_address': '{""address"": """", ""city"": """", ""state"": """", ""zip"": """"}'}",4,16,223,2008095,Mount Eden-Claremont (West),,,
PC8749686,2026-09-15T11:59:00.000,Compliance,224,BAINBRIDGE STREET,11233,Brooklyn,Failed for Other Reason,Harborage,3016870016,3,1687,16,40.681332436369,-73.927743257853,"{'latitude': '40.681332436369', 'longitude': '-73.927743257853', 'human_address': '{""address"": """", ""city"": """", ""state"": """", ""zip"": """"}'}",3,36,381,3047855,Bedford-Stuyvesant (East),,1004291,187515
PC8746724,2026-09-15T12:00:00.000,Compliance,37-10,114TH STREET,11368,Queens,Failed for Rat Activity and Other Reason,"Burrows, Harborage, Mice",4017820019,4,1782,19,40.754769637591,-73.853749206928,"{'latitude': '40.754769637591', 'longitude': '-73.853749206928', 'human_address': '{""address"": """", ""city"": """", ""state"": """", ""zip"": """"}'}",3,21,39902,4044891,North Corona,,,
PC8692808,2026-09-15T12:00:11.000,Treatments,14,GAY STREET,10014,Manhattan,Bait applied,,1005930048,1,593,48,40.733563481081,-74.000472685015,"{'latitude': '40.733563481081', 'longitude': '-74.000472685015', 'human_address': '{""address"": """", ""city"": """", ""state"": """", ""zip"": """"}'}",2,3,71,1010282,West Village,,,
PC8778720,2026-09-15T12:00:19.000,Initial,323,West 22 street,10011,Manhattan,Failed for Rat Activity,Droppings,1007460024,1,746,24,40.744995421306,-73.999837599315,"{'latitude': '40.744995421306', 'longitude': '-73.999837599315', 'human_address': '{""address"": """", ""city"": """", ""state"": """", ""zip"": """"}'}",4,3,93,1013356,Chelsea-Hudson Yards,,,
PC8717982,2026-09-15T12:00:53.000,Treatments,304,EAST 118 STREET,10035,Manhattan,Bait applied,,1016890149,1,1689,149,40.798116276943,-73.936403507063,"{'latitude': '40.798116276943', 'longitude': '-73.936403507063', 'human_address': '{""address"": """", ""city"": """", ""state"": """", ""zip"": """"}'}",11,8,188,1052996,East Harlem (North),,,
PC8758660,2026-09-15T12:00:53.000,Initial,2865,BRIGHTON    3 STREET,11235,Brooklyn,Failed for Rat Activity and Other Reason,"Droppings, Burrows, Harborage",3072610008,3,7261,8,40.581404327448,-73.965778112147,"{'latitude': '40.581404327448', 'longitude': '-73.965778112147', 'human_address': '{""address"": """", ""city"": """", ""state"": """", ""zip"": """"}'}",13,48,366,3196342,Brighton Beach,COTA,993756,151102
PC8604467,2026-09-15T12:00:59.000,Treatments,2880,BAILEY AVENUE,10463,Bronx,Bait applied,,2032600020,2,3260,20,40.875490161157,-73.904309396174,"{'latitude': '40.875490161157', 'longitude': '-73.904309396174', 'human_address': '{""address"": """", ""city"": """", ""state"": """", ""zip"": """"}'}",8,14,273,2015888,Kingsbridge Heights-Van Cortlandt Village,,1010713,258259
PC8774397,2026-09-15T12:01:54.000,Initial,449,EAST 182 STREET,10457,Bronx,Failed for Other Reason,Harborage,2030380045,2,3038,45,40.854487327336,-73.89470971493,"{'latitude': '40.854487327336', 'longitude': '-73.89470971493', 'human_address': '{""address"": """", ""city"": """", ""state"": """", ""zip"": """"}'}",6,15,385,2094104,Belmont,COTA,,
PC8762751,2026-09-15T12:02:40.000,Compliance,15,MADISON STREET,11238,Brooklyn,Failed for Rat Activity,Burrows,3019870076,3,1987,76,40.683845324575,-73.958171642533,"{'latitude': '40.683845324575', 'longitude': '-73.958171642533', 'human_address': '{""address"": """", ""city"": """", ""state"": """", ""zip"": """"}'}",3,36,229,3057114,Bedford-Stuyvesant (West),,,
PC8690101,2026-09-15T12:03:00.000,Treatments,1313,WEST FARMS ROAD,10459,Bronx,Bait applied,,2030070043,2,3007,43,40.829568992147,-73.887233194183,"{'latitude': '40.829568992147', 'longitude': '-73.887233194183', 'human_address': '{""address"": """", ""city"": """", ""state"": """", ""zip"": """"}'}",3,17,123,2010912,Crotona Park East,,,
PC8499355,2026-09-15T12:05:00.000,Compliance,590,GRAND CONCOURSE,10451,Bronx,Failed for Rat Activity and Other Reason,"Burrows, Garbage",2024430029,2,2443,29,40.819629365693,-73.926794050712,"{'latitude': '40.819629365693', 'longitude': '-73.926794050712', 'human_address': '{""address"": """", ""city"": """", ""state"": """", ""zip"": """"}'}",4,17,61,2002445,Concourse-Concourse Village,Summons Issued,,
PC8747564,2026-09-15T12:06:00.000,Compliance,360,WEST   51 STREET,10019,Manhattan,Failed for Rat Activity,Droppings,1010410059,1,1041,59,40.763793630221,-73.987773178532,"{'latitude': '40.763793630221', 'longitude': '-73.987773178532', 'human_address': '{""address"": """", ""city"": """", ""state"": """", ""zip"": """"}'}",4,3,133,1025185,Hell's Kitchen,,987637,217550
PC8775395,2026-09-15T12:06:00.000,Initial,262,WEST 145 STREET,10039,Manhattan,Failed for Rat Activity,Burrows,1020300057,1,2030,57,40.82234924171,-73.940795486378,"{'latitude': '40.82234924171', 'longitude': '-73.940795486378', 'human_address': '{""address"": """", ""city"": """", ""state"": """", ""zip"": """"}'}",10,9,232,1060467,Harlem (North),COTA,,
PC8773400,2026-09-15T12:08:00.000,Initial,1540,WALTON AVENUE,10452,Bronx,Failed for Other Reason,Harborage,2028360005,2,2836,5,40.842492293637,-73.913829903965,"{'latitude': '40.842492293637', 'longitude': '-73.913829903965', 'human_address': '{""address"": """", ""city"": """", ""state"": """", ""zip"": """"}'}",4,16,209,2008011,Mount Eden-Claremont (West),,,
PC8734965,2026-09-15T12:08:30.000,Compliance,514,WEST 146 STREET,10031,Manhattan,Failed for Rat Activity and Other Reason,"Droppings, Burrows, Harborage",1020770039,1,2077,39,40.826181555458,-73.947805527316,"{'latitude': '40.826181555458', 'longitude': '-73.947805527316', 'human_address': '{""address"": """", ""city"": """", ""state"": """", ""zip"": """"}'}",9,7,229,1061949,Hamilton Heights-Sugar Hill,Summons Issued,,
PC8778105,2026-09-15T12:09:00.000,Initial,335,EAST  148 STREET,10451,Bronx,Failed for Other Reason,Garbage,2023300051,2,2330,51,40.81604332386,-73.920547913102,"{'latitude': '40.81604332386', 'longitude': '-73.920547913102', 'human_address': '{""address"": """", ""city"": """", ""state"": """", ""zip"": """"}'}",1,17,65,2000903,Melrose,,1006242,236596
PC8774946,2026-09-15T12:09:58.000,Initial,465,EAST 183 STREET,10458,Bronx,Failed for Other Reason,Harborage,2030380070,2,3038,70,40.855466227244,-73.893656216402,"{'latitude': '40.855466227244', 'longitude': '-73.893656216402', 'human_address': '{""address"": """", ""city"": """", ""state"": """", ""zip"": """"}'}",6,15,385,2000000,Belmont,City Agency Referral,,
PC8735638,2026-09-15T12:10:00.000,Treatments,724,EAST 181 STREET,10457,Bronx,Bait applied,,2030960061,2,3096,61,40.848529790832,-73.887378038943,"{'latitude': '40.848529790832', 'longitude': '-73.887378038943', 'human_address': '{""address"": """", ""city"": """", ""state"": """", ""zip"": """"}'}",6,15,371,2012701,Tremont,,,
PC8769354,2026-09-15T12:12:00.000,Initial,156,WEST   22 STREET,10011,Manhattan,Failed for Other Reason,Mice,1007970073,1,797,73,40.742879094439,-73.99485747564,"{'latitude': '40.742879094439', 'longitude': '-73.99485747564', 'human_address': '{""address"": """", ""city"": """", ""state"": """", ""zip"": """"}'}",4,3,87,1014782,Chelsea-Hudson Yards,COTA,985675,209930
PC8681457,2026-09-15T12:14:20.000,Compliance,600,GRAND CONCOURSE,10451,Bronx,Failed for Rat Activity and Other Reason,"Droppings, Burrows, Harborage",2024430043,2,2443,43,40.819818695256,-73.926703517164,"{'latitude': '40.819818695256', 'longitude': '-73.926703517164', 'human_address': '{""address"": """", ""city"": """", ""state"": """", ""zip"": """"}'}",4,17,61,2002449,Concourse-Concourse Village,Summons Issued,,
PC8645723,2026-09-15T12:15:00.000,Compliance,61,MALCOLM X BOULEVARD,11221,Brooklyn,Failed for Rat Activity,"Droppings, Gnawing",3016120006,3,1612,6,40.691964864506,-73.930847295661,"{'latitude': '40.691964864506', 'longitude': '-73.930847295661', 'human_address': '{""address"": """", ""city"": """", ""state"": """", ""zip"": """"}'}",3,36,387,3043639,Bedford-Stuyvesant (East),Summons Issued,1003427,191388
PC8726729,2026-09-15T12:15:00.000,Compliance,250,WEST   74 STREET,10023,Manhattan,Failed for Rat Activity,Droppings,1011650159,1,1165,159,40.780785766503,-73.982750962849,"{'latitude': '40.780785766503', 'longitude': '-73.982750962849', 'human_address': '{""address"": """", ""city"": """", ""state"": """", ""zip"": """"}'}",7,6,159,1030557,Upper West Side-Lincoln Square,Summons Issued,989027,223741
PC8739182,2026-09-15T12:15:20.000,Compliance,516,EAST 83 STREET,10028,Manhattan,Failed for Rat Activity,Burrows,1015790042,1,1579,42,40.773702022025,-73.947933469605,"{'latitude': '40.773702022025', 'longitude': '-73.947933469605', 'human_address': '{""address"": """", ""city"": """", ""state"": """", ""zip"": """"}'}",8,5,13604,1051172,Upper East Side-Yorkville,,,
PC8750803,2026-09-15T12:16:24.000,Compliance,16-82,LINDEN STREET,11385,Queens,Failed for Rat Activity and Other Reason,"Droppings, Burrows, Harborage",4034470023,4,3447,23,40.702123109491,-73.910748090751,"{'latitude': '40.702123109491', 'longitude': '-73.910748090751', 'human_address': '{""address"": """", ""city"": """", ""state"": """", ""zip"": """"}'}",5,34,547,4082348,Ridgewood,Summons Issued,,
PC8773356,2026-09-15T12:18:00.000,Initial,1555,GRAND CONCOURSE,10452,Bronx,Failed for Rat Activity and Other Reason,"Burrows, Harborage",2028360012,2,2836,12,40.842202926064,-73.912283402776,"{'latitude': '40.842202926064', 'longitude': '-73.912283402776', 'human_address': '{""address"": """", ""city"": """", ""state"": """", ""zip"": """"}'}",4,16,209,2008012,Mount Eden-Claremont (West),,,
PC8775298,2026-09-15T12:18:43.000,Initial,110,WEST 144 STREET,10030,Manhattan,Failed for Rat Activity,Burrows,1020120044,1,2012,44,40.820008879983,-73.937325494389,"{'latitude': '40.820008879983', 'longitude': '-73.937325494389', 'human_address': '{""address"": """", ""city"": """", ""state"": """", ""zip"": """"}'}",10,9,232,1060147,Harlem (North),COTA,,
PC8762213,2026-09-15T12:19:34.000,Compliance,41,MADISON STREET,11238,Brooklyn,Failed for Rat Activity,"Droppings, Runways",3019870062,3,1987,62,40.683932879893,-73.957418019699,"{'latitude': '40.683932879893', 'longitude': '-73.957418019699', 'human_address': '{""address"": """", ""city"": """", ""state"": """", ""zip"": """"}'}",3,36,229,3057103,Bedford-Stuyvesant (West),Summons Issued,,
PC8751932,2026-09-15T12:20:00.000,Compliance,306,GRAHAM AVENUE,11211,Brooklyn,Failed for Rat Activity,Burrows,3027770007,3,2777,7,40.712903724833,-73.944107054312,"{'latitude': '40.712903724833', 'longitude': '-73.944107054312', 'human_address': '{""address"": """", ""city"": """", ""state"": """", ""zip"": """"}'}",1,34,495,3338172,East Williamsburg,Summons Issued,,
PC8767878,2026-09-15T12:20:19.000,Initial,439,WEST   50 STREET,10019,Manhattan,Failed for Rat Activity and Other Reason,"Droppings, Harborage",1010600013,1,1060,13,40.763991480311,-73.990137651071,"{'latitude': '40.763991480311', 'longitude': '-73.990137651071', 'human_address': '{""address"": """", ""city"": """", ""state"": """", ""zip"": """"}'}",4,3,133,1082406,Hell's Kitchen,COTA,986982,217622
PC8681418,2026-09-15T12:20:20.000,Compliance,612,GRAND CONCOURSE,10451,Bronx,Failed for Rat Activity,Burrows,2024430045,2,2443,45,40.820139733072,-73.926551416356,"{'latitude': '40.820139733072', 'longitude': '-73.926551416356', 'human_address': '{""address"": """", ""city"": """", ""state"": """", ""zip"": """"}'}",4,17,61,2002451,Concourse-Concourse Village,Summons Issued,,
PC8674815,2026-09-15T12:20:35.000,Compliance,2300,5 AVENUE,10037,Manhattan,Failed for Rat Activity,Burrows,1017370025,1,1737,25,40.815503818743,-73.935631764047,"{'latitude': '40.815503818743', 'longitude': '-73.935631764047', 'human_address': '{""address"": """", ""city"": """", ""state"": """", ""zip"": """"}'}",10,9,214,1083990,Harlem (North),Summons Issued,,
PC8771351,2026-09-15T12:20:47.000,Initial,30,BELVIDERE STREET,11206,Brooklyn,Failed for Rat Activity,"Droppings, Burrows, Runways",3031360020,3,3136,20,40.698879586676,-73.936704100726,"{'latitude': '40.698879586676', 'longitude': '-73.936704100726', 'human_address': '{""address"": """", ""city"": """", ""state"": """", ""zip"": """"}'}",4,34,389,3426002,Bushwick (West),,,
PC8673207,2026-09-15T12:20:54.000,Treatments,771,EAST 169 STREET,10456,Bronx,Bait applied,,2029610013,2,2961,13,40.830719540118,-73.899607728981,"{'latitude': '40.830719540118', 'longitude': '-73.899607728981', 'human_address': '{""address"": """", ""city"": """", ""state"": """", ""zip"": """"}'}",3,17,151,2010167,Morrisania,,,
PC8770355,2026-09-15T12:21:00.000,Initial,315,WEST 115 STREET,10026,Manhattan,Failed for Rat Activity,Burrows,1018480042,1,1848,42,40.804037855172,-73.956549835512,"{'latitude': '40.804037855172', 'longitude': '-73.956549835512', 'human_address': '{""address"": """", ""city"": """", ""state"": """", ""zip"": """"}'}",10,9,20102,1055851,Harlem (South),,,
PC8647305,2026-09-15T12:22:32.000,Compliance,2786,PARKVIEW TERRACE,10468,Bronx,Failed for Rat Activity,"Droppings, Burrows, Runways",2033180020,2,3318,20,40.869981702873,-73.895111740923,"{'latitude': '40.869981702873', 'longitude': '-73.895111740923', 'human_address': '{""address"": """", ""city"": """", ""state"": """", ""zip"": """"}'}",7,14,40303,2017500,Bedford Park,Summons Issued,1013259,256255
PC8774890,2026-09-15T12:22:44.000,Initial,457,EAST 183 STREET,10458,Bronx,Failed for Rat Activity,Burrows,2030380073,2,3038,73,40.855546001522,-73.893847679565,"{'latitude': '40.855546001522', 'longitude': '-73.893847679565', 'human_address': '{""address"": """", ""city"": """", ""state"": """", ""zip"": """"}'}",6,15,385,2000000,Belmont,City Agency Referral,,
PC8732366,2026-09-15T12:24:10.000,Treatments,412,EAST  116 STREET,10029,Manhattan,Bait applied,,1017090142,1,1709,142,40.795666975951,-73.9346505879,"{'latitude': '40.795666975951', 'longitude': '-73.9346505879', 'human_address': '{""address"": """", ""city"": """", ""state"": """", ""zip"": """"}'}",11,8,178,1053069,East Harlem (North),,1002344,229169
PC8773497,2026-09-15T12:25:36.000,Initial,184,MT EDEN PARKWAY,10457,Bronx,Failed for Other Reason,Harborage,2028200035,2,2820,35,40.842936884123,-73.91017171523,"{'latitude': '40.842936884123', 'longitude': '-73.91017171523', 'human_address': '{""address"": """", ""city"": """", ""state"": """", ""zip"": """"}'}",4,16,225,2007828,Mount Eden-Claremont (West),,,
PC8763002,2026-09-15T12:26:40.000,Compliance,43,MADISON STREET,11238,Brooklyn,Failed for Rat Activity,"Droppings, Burrows",3019870061,3,1987,61,40.683938347996,-73.957360326795,"{'latitude': '40.683938347996', 'longitude': '-73.957360326795', 'human_address': '{""address"": """", ""city"": """", ""state"": """", ""zip"": """"}'}",3,36,229,3057102,Bedford-Stuyvesant (West),,,
PC8648829,2026-09-15T12:28:00.000,Compliance,24,PATCHEN AVENUE,11221,Brooklyn,Failed for Rat Activity and Other Reason,"Droppings, Burrows, Runways, Gnawing, Harborage",3016120050,3,1612,50,40.691932838882,-73.927872360746,"{'latitude': '40.691932838882', 'longitude': '-73.927872360746', 'human_address': '{""address"": """", ""city"": """", ""state"": """", ""zip"": """"}'}",3,36,387,3043659,Bedford-Stuyvesant (East),Summons Issued,,
PC8776759,2026-09-15T12:28:20.000,Initial,604,GRAND CONCOURSE,10451,Bronx,Failed for Rat Activity,Burrows,2024430044,2,2443,44,40.819895527263,-73.926670915367,"{'latitude': '40.819895527263', 'longitude': '-73.926670915367', 'human_address': '{""address"": """", ""city"": """", ""state"": """", ""zip"": """"}'}",4,17,61,2002450,Concourse-Concourse Village,,,
PC8739341,2026-09-15T12:29:44.000,Compliance,522,EAST 83 STREET,10028,Manhattan,Failed for Rat Activity,"Droppings, Burrows",1015790139,1,1579,139,40.773660804805,-73.947832408957,"{'latitude': '40.773660804805', 'longitude': '-73.947832408957', 'human_address': '{""address"": """", ""city"": """", ""state"": """", ""zip"": """"}'}",8,5,13604,1078742,Upper East Side-Yorkville,,,
PC8697727,2026-09-15T12:30:05.000,Compliance,232,STOCKHOLM STREET,11237,Brooklyn,Failed for Rat Activity,"Droppings, Burrows, Runways",3032580016,3,3258,16,40.701178276687,-73.921118118904,"{'latitude': '40.701178276687', 'longitude': '-73.921118118904', 'human_address': '{""address"": """", ""city"": """", ""state"": """", ""zip"": """"}'}",4,37,431,3074183,Bushwick (West),Summons Issued,,
PC8773373,2026-09-15T12:30:36.000,Initial,1560,SELWYN AVENUE,10457,Bronx,Failed for Other Reason,Harborage,2028200027,2,2820,27,40.841995694139,-73.910498267991,"{'latitude': '40.841995694139', 'longitude': '-73.910498267991', 'human_address': '{""address"": """", ""city"": """", ""state"": """", ""zip"": """"}'}",4,16,225,2007827,Mount Eden-Claremont (West),,,
PC8776625,2026-09-15T12:31:00.000,Initial,114,WEST   74 STREET,10023,Manhattan,Failed for Rat Activity,Droppings,1011450138,1,1145,138,40.778962518065,-73.978422145056,"{'latitude': '40.778962518065', 'longitude': '-73.978422145056', 'human_address': '{""address"": """", ""city"": """", ""state"": """", ""zip"": """"}'}",7,6,157,1030042,Upper West Side-Lincoln Square,,990226,223077
PC8774461,2026-09-15T12:35:22.000,Initial,449,EAST 183 STREET,10458,Bronx,Failed for Rat Activity,Burrows,2030380076,2,3038,76,40.855625775479,-73.894039143189,"{'latitude': '40.855625775479', 'longitude': '-73.894039143189', 'human_address': '{""address"": """", ""city"": """", ""state"": """", ""zip"": """"}'}",6,15,385,2000000,Belmont,City Agency Referral,,
PC8762674,2026-09-15T12:35:40.000,Compliance,412,FRANKLIN AVENUE,11238,Brooklyn,Failed for Other Reason,Harborage,3019870045,3,1987,45,40.684566528161,-73.956368377651,"{'latitude': '40.684566528161', 'longitude': '-73.956368377651', 'human_address': '{""address"": """", ""city"": """", ""state"": """", ""zip"": """"}'}",3,36,229,3000000,Bedford-Stuyvesant (West),Summons Issued,,
PC8777251,2026-09-15T12:35:42.000,Initial,655,MORRIS AVENUE,10451,Bronx,Failed for Other Reason,Mice,2024410200,2,2441,200,40.819623295709,-73.921750353814,"{'latitude': '40.819623295709', 'longitude': '-73.921750353814', 'human_address': '{""address"": """", ""city"": """", ""state"": """", ""zip"": """"}'}",1,17,65,2127027,Melrose,,1005908,237900
PC8699675,2026-09-15T12:35:43.000,Treatments,595,EAST 170 STREET,10456,Bronx,Bait applied,,2029320004,2,2932,4,40.834379400708,-73.900899529927,"{'latitude': '40.834379400708', 'longitude': '-73.900899529927', 'human_address': '{""address"": """", ""city"": """", ""state"": """", ""zip"": """"}'}",3,15,149,2009719,Morrisania,,,
PC8698222,2026-09-15T12:37:02.000,Treatments,124,EAST 103 STREET,10029,Manhattan,Bait applied,,1016300063,1,1630,63,40.790596185079,-73.948389686642,"{'latitude': '40.790596185079', 'longitude': '-73.948389686642', 'human_address': '{""address"": """", ""city"": """", ""state"": """", ""zip"": """"}'}",11,8,166,1051902,East Harlem (South),,,
PC8778703,2026-09-15T12:40:20.000,Initial,1070,GRANT AVENUE,10456,Bronx,Failed for Other Reason,Harborage,2024480015,2,2448,15,40.830414904362,-73.91682317639,"{'latitude': '40.830414904362', 'longitude': '-73.91682317639', 'human_address': '{""address"": """", ""city"": """", ""state"": """", ""zip"": """"}'}",4,16,18101,2002543,Concourse-Concourse Village,,,
PC8773455,2026-09-15T12:40:36.000,Initial,1546,SELWYN AVENUE,10457,Bronx,Failed for Other Reason,Harborage,2028200016,2,2820,16,40.841518076566,-73.910455543101,"{'latitude': '40.841518076566', 'longitude': '-73.910455543101', 'human_address': '{""address"": """", ""city"": """", ""state"": """", ""zip"": """"}'}",4,16,225,2007824,Mount Eden-Claremont (West),,,
PC8776137,2026-09-15T12:41:19.000,Initial,131,WEST   25 STREET,10001,Manhattan,Failed for Other Reason,Mice,1008017503,1,801,7503,40.74462191395,-73.992897716692,"{'latitude': '40.74462191395', 'longitude': '-73.992897716692', 'human_address': '{""address"": """", ""city"": """", ""state"": """", ""zip"": """"}'}",4,3,91,1015006,Chelsea-Hudson Yards,,,
PC8773500,2026-09-15T12:46:36.000,Initial,1534,SELWYN AVENUE,10457,Bronx,Failed for Other Reason,Harborage,2028200009,2,2820,9,40.841235315377,-73.91038725638,"{'latitude': '40.841235315377', 'longitude': '-73.91038725638', 'human_address': '{""address"": """", ""city"": """", ""state"": """", ""zip"": """"}'}",4,16,225,2007823,Mount Eden-Claremont (West),,,
PC8770175,2026-09-15T12:48:00.000,Initial,264,WEST 136 STREET,10030,Manhattan,Failed for Rat Activity,Burrows,1019410059,1,1941,59,40.816702637777,-73.94497332286,"{'latitude': '40.816702637777', 'longitude': '-73.94497332286', 'human_address': '{""address"": """", ""city"": """", ""state"": """", ""zip"": """"}'}",10,9,228,1058918,Harlem (North),,,
PC8706397,2026-09-15T12:49:05.000,Compliance,326,STOCKHOLM STREET,11237,Brooklyn,Failed for Rat Activity,Droppings,3032590027,3,3259,27,40.7033643594,-73.918965962853,"{'latitude': '40.7033643594', 'longitude': '-73.918965962853', 'human_address': '{""address"": """", ""city"": """", ""state"": """", ""zip"": """"}'}",4,37,443,3074240,Bushwick (West),Summons Issued,1006718,195544
PC8778704,2026-09-15T12:49:20.000,Initial,1189,GRANT AVENUE,10456,Bronx,Failed for Rat Activity and Other Reason,"Droppings, Harborage",2024520064,2,2452,64,40.83301855949,-73.91531299651,"{'latitude': '40.83301855949', 'longitude': '-73.91531299651', 'human_address': '{""address"": """", ""city"": """", ""state"": """", ""zip"": """"}'}",4,16,18101,2120179,Concourse-Concourse Village,,,
PC8777747,2026-09-15T12:50:00.000,Initial,25,BOERUM STREET,11206,Brooklyn,Failed for Rat Activity,Burrows,3030580001,3,3058,1,40.705352288375,-73.948755297908,"{'latitude': '40.705352288375', 'longitude': '-73.948755297908', 'human_address': '{""address"": """", ""city"": """", ""state"": """", ""zip"": """"}'}",1,34,511,3338415,East Williamsburg,,998458,196262
PC8766432,2026-09-15T12:50:42.000,Initial,65,HALSEY STREET,11216,Brooklyn,Failed for Rat Activity,Droppings,3018370073,3,1837,73,40.681687782951,-73.950879144734,"{'latitude': '40.681687782951', 'longitude': '-73.950879144734', 'human_address': '{""address"": """", ""city"": """", ""state"": """", ""zip"": """"}'}",3,36,245,3052624,Bedford-Stuyvesant (West),COTA,997874,187640
PC8699725,2026-09-15T12:50:43.000,Treatments,644,EAST 170 STREET,10456,Bronx,Bait applied,,2029350013,2,2935,13,40.833925028914,-73.899187292377,"{'latitude': '40.833925028914', 'longitude': '-73.899187292377', 'human_address': '{""address"": """", ""city"": """", ""state"": """", ""zip"": """"}'}",3,17,149,2009771,Morrisania,,,
PC8586841,2026-09-15T12:52:00.000,Compliance,620,Lenox Ave,10037,Manhattan,Failed for Rat Activity and Other Reason,"Burrows, Harborage",1017370001,1,1737,1,40.817640674366,-73.938263463983,"{'latitude': '40.817640674366', 'longitude': '-73.938263463983', 'human_address': '{""address"": """", ""city"": """", ""state"": """", ""zip"": """"}'}",10,9,214,1053936,Harlem (North),Summons Issued,,
PC8774425,2026-09-15T12:53:11.000,Initial,4564,PARK AVENUE,10458,Bronx,Failed for Other Reason,Garbage,2030380098,2,3038,98,40.856183248391,-73.89435636838,"{'latitude': '40.856183248391', 'longitude': '-73.89435636838', 'human_address': '{""address"": """", ""city"": """", ""state"": """", ""zip"": """"}'}",6,15,385,2000000,Belmont,COTA,,
PC8750852,2026-09-15T12:55:16.000,Compliance,1689,GATES AVENUE,11385,Queens,Failed for Rat Activity and Other Reason,"Burrows, Harborage",4034470036,4,3447,36,40.701801319893,-73.909915408161,"{'latitude': '40.701801319893', 'longitude': '-73.909915408161', 'human_address': '{""address"": """", ""city"": """", ""state"": """", ""zip"": """"}'}",5,34,547,4082357,Ridgewood,Summons Issued,,
PC8773702,2026-09-15T12:56:00.000,Initial,1503,MORRIS AVENUE,10457,Bronx,Failed for Other Reason,Harborage,2028200062,2,2820,62,40.841089147603,-73.909498375826,"{'latitude': '40.841089147603', 'longitude': '-73.909498375826', 'human_address': '{""address"": """", ""city"": """", ""state"": """", ""zip"": """"}'}",4,16,225,2007846,Mount Eden-Claremont (West),,,
PC8770412,2026-09-15T13:03:00.000,Initial,2540,FREDRICK DOUGLASS BL,10030,Manhattan,Failed for Rat Activity,Burrows,1019410003,1,1941,3,40.816725253669,-73.946364235782,"{'latitude': '40.816725253669', 'longitude': '-73.946364235782', 'human_address': '{""address"": """", ""city"": """", ""state"": """", ""zip"": """"}'}",10,9,228,1058870,Harlem (North),,,
PC8758221,2026-09-15T13:05:05.000,Compliance,303,STOCKHOLM STREET,11237,Brooklyn,Failed for Rat Activity,"Burrows, Runways",3032480051,3,3248,51,40.702933748267,-73.91941731578,"{'latitude': '40.702933748267', 'longitude': '-73.91941731578', 'human_address': '{""address"": """", ""city"": """", ""state"": """", ""zip"": """"}'}",4,37,445,3073926,Bushwick (West),Summons Issued,1006593,195387
PC8774774,2026-09-15T13:05:56.000,Initial,EAST,184 STREET,10458,Bronx,Failed for Rat Activity,Burrows,,2,3038,59,,,,,,,,,City Agency Referral,,
PC8767241,2026-09-15T13:05:56.000,Compliance,359,DEWITT AVENUE,11207,Brooklyn,Failed for Rat Activity and Other Reason,"Droppings, Burrows, Harborage",3038740051,3,3874,51,40.656097948103,-73.896790037937,"{'latitude': '40.656097948103', 'longitude': '-73.896790037937', 'human_address': '{""address"": """", ""city"": """", ""state"": """", ""zip"": """"}'}",5,42,1098,3086041,East New York-New Lots,Summons Issued,1012887,178330
PC8677225,2026-09-15T13:06:14.000,Treatments,269,PROSPECT PLACE,11238,Brooklyn,Bait applied,,3011520078,3,1152,78,40.677381659926,-73.967506051171,"{'latitude': '40.677381659926', 'longitude': '-73.967506051171', 'human_address': '{""address"": """", ""city"": """", ""state"": """", ""zip"": """"}'}",8,35,205,3028527,Prospect Heights,,993263,186069
PC8700456,2026-09-15T13:07:00.000,Compliance,1070,MORRIS AVENUE,10456,Bronx,Failed for Rat Activity,"Droppings, Burrows",2024370042,2,2437,42,40.829999841516,-73.915988970878,"{'latitude': '40.829999841516', 'longitude': '-73.915988970878', 'human_address': '{""address"": """", ""city"": """", ""state"": """", ""zip"": """"}'}",4,16,175,2002407,Concourse-Concourse Village,Summons Issued,,
PC8767334,2026-09-15T13:08:19.000,Initial,247,WEST 24 STREET,10011,Manhattan,Failed for Rat Activity,Droppings,1007740012,1,774,12,40.745349443955,-73.996553478197,"{'latitude': '40.745349443955', 'longitude': '-73.996553478197', 'human_address': '{""address"": """", ""city"": """", ""state"": """", ""zip"": """"}'}",4,3,91,1014170,Chelsea-Hudson Yards,COTA,985205,210830
PC8750736,2026-09-15T13:11:52.000,Compliance,1687,GATES AVENUE,11385,Queens,Failed for Rat Activity,Droppings,4034470038,4,3447,38,40.701771152923,-73.909947908096,"{'latitude': '40.701771152923', 'longitude': '-73.909947908096', 'human_address': '{""address"": """", ""city"": """", ""state"": """", ""zip"": """"}'}",5,34,547,4082358,Ridgewood,,,
PC8706109,2026-09-15T13:12:00.000,Treatments,1030,PARK PLACE,11213,Brooklyn,Bait applied,,3012430017,3,1243,17,40.673032765748,-73.943333077556,"{'latitude': '40.673032765748', 'longitude': '-73.943333077556', 'human_address': '{""address"": """", ""city"": """", ""state"": """", ""zip"": """"}'}",8,36,341,3031644,Crown Heights (North),,,
PC8777254,2026-09-15T13:12:08.000,Initial,420,OVINGTON AVENUE,11209,Brooklyn,Failed for Rat Activity,"Droppings, Burrows",3058920016,3,5892,16,40.633374133672,-74.023155482011,"{'latitude': '40.633374133672', 'longitude': '-74.023155482011', 'human_address': '{""address"": """", ""city"": """", ""state"": """", ""zip"": """"}'}",10,47,130,3146597,Bay Ridge,,977823,170035
PC8777233,2026-09-15T13:14:00.000,Initial,46,WEST   74 STREET,10023,Manhattan,Failed for Rat Activity,"Droppings, Burrows",1011260057,1,1126,57,40.778078296829,-73.976339056412,"{'latitude': '40.778078296829', 'longitude': '-73.976339056412', 'human_address': '{""address"": """", ""city"": """", ""state"": """", ""zip"": """"}'}",7,6,157,1028685,Upper West Side-Lincoln Square,,990803,222755
PC8674612,2026-09-15T13:14:20.000,Compliance,1045,COLLEGE AVENUE,10456,Bronx,Failed for Rat Activity,Droppings,2024370026,2,2437,26,40.829686349256,-73.915183553924,"{'latitude': '40.829686349256', 'longitude': '-73.915183553924', 'human_address': '{""address"": """", ""city"": """", ""state"": """", ""zip"": """"}'}",4,16,175,2002393,Concourse-Concourse Village,Summons Issued,,
PC8778084,2026-09-15T13:22:32.000,Initial,1142,FRANKLIN AVENUE,10456,Bronx,Failed for Other Reason,Animal Nuisance,2026130015,2,2613,15,40.828627440531,-73.90535991241,"{'latitude': '40.828627440531', 'longitude': '-73.90535991241', 'human_address': '{""address"": """", ""city"": """", ""state"": """", ""zip"": """"}'}",3,17,18502,2004261,Morrisania,,1010448,241193
PC8707077,2026-09-15T13:24:13.000,Treatments,648,BERGEN STREET,11238,Brooklyn,Bait applied,,3011457503,3,1145,7503,40.679330554123,-73.967872842299,"{'latitude': '40.679330554123', 'longitude': '-73.967872842299', 'human_address': '{""address"": """", ""city"": """", ""state"": """", ""zip"": """"}'}",8,35,205,3397967,Prospect Heights,,,
PC8554123,2026-09-15T13:25:44.000,Treatments,8501,FORT HAMILTON PARKWAY,11209,Brooklyn,Bait applied,,3060370006,3,6037,6,40.620860532584,-74.023803116308,"{'latitude': '40.620860532584', 'longitude': '-74.023803116308', 'human_address': '{""address"": """", ""city"": """", ""state"": """", ""zip"": """"}'}",10,47,142,3153222,Bay Ridge,,977642,165476
PC8769664,2026-09-15T13:26:38.000,Initial,338,WEST   49 STREET,10019,Manhattan,Failed for Rat Activity and Other Reason,"Droppings, Harborage",1010390055,1,1039,55,40.76235817208,-73.988253552915,"{'latitude': '40.76235817208', 'longitude': '-73.988253552915', 'human_address': '{""address"": """", ""city"": """", ""state"": """", ""zip"": """"}'}",4,3,127,1025159,Hell's Kitchen,COTA,987504,217027
PC8768047,2026-09-15T13:26:56.000,Compliance,1172,EAST  102 STREET,11236,Brooklyn,Failed for Other Reason,Harborage,3082470068,3,8247,68,40.641710915624,-73.892045212461,"{'latitude': '40.641710915624', 'longitude': '-73.892045212461', 'human_address': '{""address"": """", ""city"": """", ""state"": """", ""zip"": """"}'}",18,46,1014,3232138,Canarsie,Summons Issued,,
PC8777305,2026-09-15T13:26:57.000,Initial,251,EAST 45 STREET,10017,Manhattan,Failed for Other Reason,Harborage,1013190122,1,1319,122,40.75221344876,-73.971905234394,"{'latitude': '40.75221344876', 'longitude': '-73.971905234394', 'human_address': '{""address"": """", ""city"": """", ""state"": """", ""zip"": """"}'}",6,4,90,1081178,East Midtown-Turtle Bay,,992034,213332
PC8649597,2026-09-15T13:28:00.000,Compliance,486,KOSCIUSZKO STREET,11221,Brooklyn,Failed for Rat Activity,"Droppings, Burrows, Runways",3016060033,3,1606,33,40.692507931281,-73.934853055395,"{'latitude': '40.692507931281', 'longitude': '-73.934853055395', 'human_address': '{""address"": """", ""city"": """", ""state"": """", ""zip"": """"}'}",3,36,289,3043407,Bedford-Stuyvesant (East),Summons Issued,,
PC8706360,2026-09-15T13:33:00.000,Treatments,1050,PARK PLACE,11213,Brooklyn,Bait applied,,3012430026,3,1243,26,40.673010587441,-73.942889682125,"{'latitude': '40.673010587441', 'longitude': '-73.942889682125', 'human_address': '{""address"": """", ""city"": """", ""state"": """", ""zip"": """"}'}",8,36,341,3031648,Crown Heights (North),,,
PC8766978,2026-09-15T13:40:00.000,Initial,31,LEONARD STREET,11206,Brooklyn,Failed for Rat Activity,"Burrows, Runways",3030770001,3,3077,1,40.704272357977,-73.946061932591,"{'latitude': '40.704272357977', 'longitude': '-73.946061932591', 'human_address': '{""address"": """", ""city"": """", ""state"": """", ""zip"": """"}'}",1,34,491,3327972,East Williamsburg,COTA,999205,195869
PC8769296,2026-09-15T13:40:18.000,Initial,332,WEST   49 STREET,10019,Manhattan,Failed for Rat Activity and Other Reason,"Droppings, Harborage",1010390052,1,1039,52,40.762270318206,-73.988044197531,"{'latitude': '40.762270318206', 'longitude': '-73.988044197531', 'human_address': '{""address"": """", ""city"": """", ""state"": """", ""zip"": """"}'}",4,3,127,1025156,Hell's Kitchen,COTA,987562,216995
PC8776633,2026-09-15T13:41:32.000,Initial,639,EAST  169 STREET,10456,Bronx,Failed for Other Reason,"Mice, Animal Nuisance",2029330065,2,2933,65,40.831384998787,-73.901026869884,"{'latitude': '40.831384998787', 'longitude': '-73.901026869884', 'human_address': '{""address"": """", ""city"": """", ""state"": """", ""zip"": """"}'}",3,17,149,2009742,Morrisania,,1011639,242191
PC8706061,2026-09-15T13:45:00.000,Treatments,1054,PARK PLACE,11213,Brooklyn,Bait applied,,3012430027,3,1243,27,40.673005054743,-73.942803167015,"{'latitude': '40.673005054743', 'longitude': '-73.942803167015', 'human_address': '{""address"": """", ""city"": """", ""state"": """", ""zip"": """"}'}",8,36,341,3031649,Crown Heights (North),,,
PC8748237,2026-09-15T13:45:44.000,Treatments,407,92 STREET,11209,Brooklyn,Bait applied,,3060870033,3,6087,33,40.618254275929,-74.030001269131,"{'latitude': '40.618254275929', 'longitude': '-74.030001269131', 'human_address': '{""address"": """", ""city"": """", ""state"": """", ""zip"": """"}'}",10,47,58,3154772,Bay Ridge,,975921,164527
PC8761823,2026-09-15T13:47:00.000,Compliance,641,GREENE AVENUE,11221,Brooklyn,Failed for Rat Activity,Burrows,3017950062,3,1795,62,40.689301049562,-73.943330016236,"{'latitude': '40.689301049562', 'longitude': '-73.943330016236', 'human_address': '{""address"": """", ""city"": """", ""state"": """", ""zip"": """"}'}",3,36,263,3050259,Bedford-Stuyvesant (West),,,
PC8713131,2026-09-15T13:52:00.000,Compliance,330,WEST 49 STREET,10019,Manhattan,Failed for Rat Activity,Burrows,1010390051,1,1039,51,40.762240118325,-73.98797200613,"{'latitude': '40.762240118325', 'longitude': '-73.98797200613', 'human_address': '{""address"": """", ""city"": """", ""state"": """", ""zip"": """"}'}",4,3,127,1025155,Hell's Kitchen,Summons Issued,,
PC8752539,2026-09-15T13:53:37.000,Compliance,452,SENECA AVENUE,11385,Queens,Failed for Other Reason,Harborage,4034320029,4,3432,29,40.706212163873,-73.913472941102,"{'latitude': '40.706212163873', 'longitude': '-73.913472941102', 'human_address': '{""address"": """", ""city"": """", ""state"": """", ""zip"": """"}'}",5,34,545,4081941,Ridgewood,Summons Issued,,
PC8762845,2026-09-15T13:57:00.000,Compliance,40,VAN BUREN STREET,11221,Brooklyn,Failed for Rat Activity and Other Reason,"Droppings, Burrows, Runways, Harborage",3017950024,3,1795,24,40.689981989338,-73.943809022069,"{'latitude': '40.689981989338', 'longitude': '-73.943809022069', 'human_address': '{""address"": """", ""city"": """", ""state"": """", ""zip"": """"}'}",3,36,263,3050223,Bedford-Stuyvesant (West),Summons Issued,,
PC8761974,2026-09-15T14:04:00.000,Compliance,38,VAN BUREN STREET,11221,Brooklyn,Failed for Rat Activity and Other Reason,"Burrows, Runways, Harborage",3017950023,3,1795,23,40.689976524525,-73.943859509509,"{'latitude': '40.689976524525', 'longitude': '-73.943859509509', 'human_address': '{""address"": """", ""city"": """", ""state"": """", ""zip"": """"}'}",3,36,263,3000000,Bedford-Stuyvesant (West),Summons Issued,,
PC8767319,2026-09-15T14:12:19.000,Compliance,193,GREENLEAF AVENUE,10310,Staten Island,Failed for Other Reason,Harborage,5003510001,5,351,1,40.625626848378,-74.126373102702,"{'latitude': '40.625626848378', 'longitude': '-74.126373102702', 'human_address': '{""address"": """", ""city"": """", ""state"": """", ""zip"": """"}'}",1,50,151,5009610,Westerleigh-Castleton Corners,Summons Issued,949170,167237
PC8649201,2026-09-15T14:15:00.000,Compliance,209,KOSCIUSZKO STREET,11216,Brooklyn,Failed for Rat Activity and Other Reason,"Droppings, Burrows, Runways, Harborage",3017800058,3,1780,58,40.691160879615,-73.94670362648,"{'latitude': '40.691160879615', 'longitude': '-73.94670362648', 'human_address': '{""address"": """", ""city"": """", ""state"": """", ""zip"": """"}'}",3,36,261,3049634,Bedford-Stuyvesant (West),Summons Issued,,
PC8778698,2026-09-15T14:20:00.000,Initial,,,11216,Brooklyn,Failed for Rat Activity and Other Reason,"Droppings, Burrows, Runways, Harborage",,3,1780,56,,,,,,,,,,,
PC8762163,2026-09-15T14:35:00.000,Compliance,260,MELROSE STREET,11206,Brooklyn,Failed for Rat Activity,"Burrows, Runways",3031640019,3,3164,19,40.701889330761,-73.929805484336,"{'latitude': '40.701889330761', 'longitude': '-73.929805484336', 'human_address': '{""address"": """", ""city"": """", ""state"": """", ""zip"": """"}'}",4,34,425,3072067,Bushwick (West),Summons Issued,,
PC8762934,2026-09-15T14:44:50.000,Compliance,258,MELROSE STREET,11206,Brooklyn,Failed for Rat Activity,"Droppings, Burrows",3031640018,3,3164,18,40.701859155947,-73.92983436872,"{'latitude': '40.701859155947', 'longitude': '-73.92983436872', 'human_address': '{""address"": """", ""city"": """", ""state"": """", ""zip"": """"}'}",4,34,425,3072066,Bushwick (West),Summons Issued,,
PC8762720,2026-09-15T14:52:50.000,Compliance,256,MELROSE STREET,11206,Brooklyn,Failed for Rat Activity,Droppings,3031640017,3,3164,17,40.701828983332,-73.929866859634,"{'latitude': '40.701828983332', 'longitude': '-73.929866859634', 'human_address': '{""address"": """", ""city"": """", ""state"": """", ""zip"": """"}'}",4,34,425,3072065,Bushwick (West),Summons Issued,,
PC8763174,2026-09-15T15:00:50.000,Compliance,248,MELROSE STREET,11206,Brooklyn,Failed for Rat Activity,"Droppings, Runways, Rats",3031640013,3,3164,13,40.701713773511,-73.929982391006,"{'latitude': '40.701713773511', 'longitude': '-73.929982391006', 'human_address': '{""address"": """", ""city"": """", ""state"": """", ""zip"": """"}'}",4,34,425,3072061,Bushwick (West),Summons Issued,,
PC8777741,2026-09-15T15:15:00.000,Initial,130,MOORE STREET,11206,Brooklyn,Failed for Rat Activity,Burrows,3031290001,3,3129,1,40.70393195712,-73.94041776539,"{'latitude': '40.70393195712', 'longitude': '-73.94041776539', 'human_address': '{""address"": """", ""city"": """", ""state"": """", ""zip"": """"}'}",1,34,489,3338434,East Williamsburg,City Agency Referral,1000770,195746
PC8737959,2026-09-15T16:47:15.000,Treatments,,SKILLMAN AVENUE,11211,Brooklyn,Bait applied,,,3,2893,35,,,,,,,,,,,
PC8701943,2026-09-15T18:00:21.000,Treatments,451,BEDFORD AVENUE,11211,Brooklyn,Bait applied,,,3,2147,1,40.707965721319,-73.964324234107,"{'latitude': '40.707965721319', 'longitude': '-73.964324234107', 'human_address': '{""address"": """", ""city"": """", ""state"": """", ""zip"": """"}'}",1,34,547,,Williamsburg,,,
PC8714109,2026-09-16T08:31:59.000,Treatments,168,ROGERS AVENUE,11216,Brooklyn,Bait applied,,3012600025,3,1260,25,40.670588889412,-73.953226906436,"{'latitude': '40.670588889412', 'longitude': '-73.953226906436', 'human_address': '{""address"": """", ""city"": """", ""state"": """", ""zip"": """"}'}",8,35,219,3032591,Crown Heights (North),,,
PC8713670,2026-09-16T08:47:37.000,Treatments,166,ROGERS AVENUE,11216,Brooklyn,Bait applied,,3012600023,3,1260,23,40.670654761106,-73.95321965033,"{'latitude': '40.670654761106', 'longitude': '-73.95321965033', 'human_address': '{""address"": """", ""city"": """", ""state"": """", ""zip"": """"}'}",8,35,219,3032590,Crown Heights (North),,,
PC8699296,2026-09-16T08:50:00.000,Treatments,1002,HALSEY STREET,11207,Brooklyn,Bait applied,,3034080023,3,3408,23,40.686423125498,-73.91451192711,"{'latitude': '40.686423125498', 'longitude': '-73.91451192711', 'human_address': '{""address"": """", ""city"": """", ""state"": """", ""zip"": """"}'}",4,37,401,3078720,Bushwick (East),,,
PC8762250,2026-09-16T08:55:06.000,Compliance,28,DITMARS STREET,11221,Brooklyn,Failed for Rat Activity,"Droppings, Burrows",3031940019,3,3194,19,40.696816285204,-73.933218787506,"{'latitude': '40.696816285204', 'longitude': '-73.933218787506', 'human_address': '{""address"": """", ""city"": """", ""state"": """", ""zip"": """"}'}",4,34,393,3072676,Bushwick (West),,,
PC8777257,2026-09-16T08:57:00.000,Stoppage,2306,Adam Clayton Powell BLVD,10030,Manhattan,Stoppage done,,1019410032,1,1941,32,40.815560119728,-73.943521947229,"{'latitude': '40.815560119728', 'longitude': '-73.943521947229', 'human_address': '{""address"": """", ""city"": """", ""state"": """", ""zip"": """"}'}",10,9,228,1058895,Harlem (North),,,
PC8673461,2026-09-16T09:00:31.000,Treatments,2325,FOSTER AVENUE,11210,Brooklyn,Bait applied,,3052240150,3,5224,150,40.637956915786,-73.955011779992,"{'latitude': '40.637956915786', 'longitude': '-73.955011779992', 'human_address': '{""address"": """", ""city"": """", ""state"": """", ""zip"": """"}'}",14,45,51601,3120786,Flatbush,,996736,171707
PC8776531,2026-09-16T09:01:13.000,Initial,53-01,QUEENS BOULEVARD,11377,Queens,Failed for Rat Activity,"Droppings, Rats",4013220001,4,1322,1,40.742373242488,-73.911845158668,"{'latitude': '40.742373242488', 'longitude': '-73.911845158668', 'human_address': '{""address"": """", ""city"": """", ""state"": """", ""zip"": """"}'}",2,26,251,4440550,Woodside,,,
PC8732891,2026-09-16T09:02:00.000,Compliance,605,WATER STREET,10002,Manhattan,Failed for Rat Activity,Burrows,1002440019,1,244,19,40.711241982205,-73.984449922975,"{'latitude': '40.711241982205', 'longitude': '-73.984449922975', 'human_address': '{""address"": """", ""city"": """", ""state"": """", ""zip"": """"}'}",3,1,202,1003141,Lower East Side,Summons Issued,,
PC8726373,2026-09-16T09:05:36.000,Treatments,42,ELLIOT PLACE,10452,Bronx,Bait applied,,2028410018,2,2841,18,40.839231280625,-73.917202427082,"{'latitude': '40.839231280625', 'longitude': '-73.917202427082', 'human_address': '{""address"": """", ""city"": """", ""state"": """", ""zip"": """"}'}",4,16,22101,2008059,Mount Eden-Claremont (West),,1007160,245045
PC8741106,2026-09-16T09:06:00.000,Treatments,729,HALSEY STREET,11233,Brooklyn,Bait applied,,3016630056,3,1663,56,40.684818393435,-73.923650674679,"{'latitude': '40.684818393435', 'longitude': '-73.923650674679', 'human_address': '{""address"": """", ""city"": """", ""state"": """", ""zip"": """"}'}",3,41,383,3046321,Bedford-Stuyvesant (East),,1005425,188786
PC8761953,2026-09-16T09:06:06.000,Compliance,36,DITMARS STREET,11221,Brooklyn,Failed for Rat Activity,Burrows,3031940023,3,3194,23,40.696964422954,-73.933081599333,"{'latitude': '40.696964422954', 'longitude': '-73.933081599333', 'human_address': '{""address"": """", ""city"": """", ""state"": """", ""zip"": """"}'}",4,34,393,3072680,Bushwick (West),,,
PC8715078,2026-09-16T09:10:28.000,Treatments,778,LINCOLN PLACE,11216,Brooklyn,Bait applied,,3012610030,3,1261,30,40.670766379788,-73.951024204265,"{'latitude': '40.670766379788', 'longitude': '-73.951024204265', 'human_address': '{""address"": """", ""city"": """", ""state"": """", ""zip"": """"}'}",8,35,31702,3032630,Crown Heights (North),,,
PC8398207,2026-09-16T09:10:31.000,Treatments,2117,FOSTER AVENUE,11210,Brooklyn,Bait applied,,3052210069,3,5221,69,40.636901016944,-73.957210346631,"{'latitude': '40.636901016944', 'longitude': '-73.957210346631', 'human_address': '{""address"": """", ""city"": """", ""state"": """", ""zip"": """"}'}",14,45,51601,3120627,Flatbush,,996126,171322
PC8762847,2026-09-16T09:14:06.000,Compliance,674,BUSHWICK AVENUE,11221,Brooklyn,Failed for Rat Activity,Burrows,3031940031,3,3194,31,40.697128451262,-73.931963479781,"{'latitude': '40.697128451262', 'longitude': '-73.931963479781', 'human_address': '{""address"": """", ""city"": """", ""state"": """", ""zip"": """"}'}",4,34,393,3072682,Bushwick (West),,,
PC8709245,2026-09-16T09:15:32.000,Treatments,2025,SEWARD AVENUE,10473,Bronx,Bait applied,,2036070002,2,3607,2,40.820435040186,-73.85365491776,"{'latitude': '40.820435040186', 'longitude': '-73.85365491776', 'human_address': '{""address"": """", ""city"": """", ""state"": """", ""zip"": """"}'}",9,18,74,2022208,Castle Hill-Unionport,,1024755,238220
PC8584679,2026-09-16T09:20:31.000,Treatments,2007,FOSTER AVENUE,11210,Brooklyn,Bait applied,,3052200064,3,5220,64,40.636415562977,-73.958219501853,"{'latitude': '40.636415562977', 'longitude': '-73.958219501853', 'human_address': '{""address"": """", ""city"": """", ""state"": """", ""zip"": """"}'}",14,45,51601,3120593,Flatbush,,995846,171145
PC8775624,2026-09-16T09:22:00.000,Initial,3066,BRIGHTON    6 STREET,11235,Brooklyn,Failed for Rat Activity,"Droppings, Gnawing",3086750098,3,8675,98,40.578136723486,-73.961661560219,"{'latitude': '40.578136723486', 'longitude': '-73.961661560219', 'human_address': '{""address"": """", ""city"": """", ""state"": """", ""zip"": """"}'}",13,48,362,3244911,Brighton Beach,,994900,149912
PC8713536,2026-09-16T09:22:28.000,Treatments,776,LINCOLN PLACE,11216,Brooklyn,Bait applied,,3012610029,3,1261,29,40.670769144582,-73.951071065574,"{'latitude': '40.670769144582', 'longitude': '-73.951071065574', 'human_address': '{""address"": """", ""city"": """", ""state"": """", ""zip"": """"}'}",8,35,31702,3032629,Crown Heights (North),,,
PC8709510,2026-09-16T09:23:00.000,Treatments,760,HALSEY STREET,11233,Brooklyn,Bait applied,,3016680042,3,1668,42,40.684769167311,-73.923921153767,"{'latitude': '40.684769167311', 'longitude': '-73.923921153767', 'human_address': '{""address"": """", ""city"": """", ""state"": """", ""zip"": """"}'}",3,41,383,3046663,Bedford-Stuyvesant (East),,,
PC8777693,2026-09-16T09:26:00.000,Stoppage,1734,AMSTERDAM AVENUE,10031,Manhattan,Stoppage done,,1020770036,1,2077,36,40.82574213954,-73.947242198366,"{'latitude': '40.82574213954', 'longitude': '-73.947242198366', 'human_address': '{""address"": """", ""city"": """", ""state"": """", ""zip"": """"}'}",9,7,229,1061946,Hamilton Heights-Sugar Hill,,,
PC8758658,2026-09-16T09:30:06.000,Compliance,25,MALCOM X BOULEVARD,11221,Brooklyn,Failed for Rat Activity,"Droppings, Burrows, Runways",3016040007,3,1604,7,40.693504868314,-73.931155817491,"{'latitude': '40.693504868314', 'longitude': '-73.931155817491', 'human_address': '{""address"": """", ""city"": """", ""state"": """", ""zip"": """"}'}",3,36,289,3043293,Bedford-Stuyvesant (East),,1003341,191949
PC8742475,2026-09-16T09:30:35.000,Treatments,1402,ATLANTIC AVENUE,11216,Brooklyn,Bait applied,,3012020022,3,1202,22,40.678229762168,-73.94567568048,"{'latitude': '40.678229762168', 'longitude': '-73.94567568048', 'human_address': '{""address"": """", ""city"": """", ""state"": """", ""zip"": """"}'}",8,36,313,3029827,Crown Heights (North),,,
PC8667166,2026-09-16T09:30:36.000,Treatments,1240,EDWARD L GRANT HWY,10452,Bronx,Bait applied,,2028710002,2,2871,2,40.836792027252,-73.9223046935,"{'latitude': '40.836792027252', 'longitude': '-73.9223046935', 'human_address': '{""address"": """", ""city"": """", ""state"": """", ""zip"": """"}'}",4,16,219,2008638,Mount Eden-Claremont (West),,,
PC8712390,2026-09-16T09:30:54.000,Treatments,955,CROES AVENUE,10473,Bronx,Bait applied,,2036600061,2,3660,61,40.824236316809,-73.869432695951,"{'latitude': '40.824236316809', 'longitude': '-73.869432695951', 'human_address': '{""address"": """", ""city"": """", ""state"": """", ""zip"": """"}'}",9,18,46,2119269,Soundview-Clason Point,,1020386,239598
PC8762990,2026-09-16T09:35:20.000,Compliance,106,EAST 123 STREET,10035,Manhattan,Failed for Rat Activity,Burrows,1017710069,1,1771,69,40.803580057347,-73.939609417861,"{'latitude': '40.803580057347', 'longitude': '-73.939609417861', 'human_address': '{""address"": """", ""city"": """", ""state"": """", ""zip"": """"}'}",11,9,196,1000000,East Harlem (North),,,
PC8777336,2026-09-16T09:39:31.000,Initial,39,ROSWELL AVENUE,10314,Staten Island,Failed for Other Reason,Harborage,5026360024,5,2636,24,40.590451411804,-74.190525257178,"{'latitude': '40.590451411804', 'longitude': '-74.190525257178', 'human_address': '{""address"": """", ""city"": """", ""state"": """", ""zip"": """"}'}",2,50,29102,5041772,New Springville-Willowbrook-Bulls Head-Travis,,931334,154454
PC8505795,2026-09-16T09:40:31.000,Treatments,1900,NEWKIRK AVENUE,11226,Brooklyn,Bait applied,,3052190001,3,5219,1,40.637288907527,-73.959624145207,"{'latitude': '40.637288907527', 'longitude': '-73.959624145207', 'human_address': '{""address"": """", ""city"": """", ""state"": """", ""zip"": """"}'}",14,45,518,3120569,Flatbush (West)-Ditmas Park-Parkville,,995456,171463
PC8721004,2026-09-16T09:40:54.000,Treatments,980,6 AVENUE,10018,Manhattan,Bait applied,,1008380001,1,838,1,40.751162138093,-73.986775746534,"{'latitude': '40.751162138093', 'longitude': '-73.986775746534', 'human_address': '{""address"": """", ""city"": """", ""state"": """", ""zip"": """"}'}",5,4,84,1015919,Midtown-Times Square,,987914,212948
PC8777694,2026-09-16T09:42:00.000,Stoppage,545,WEST  142 STREET,10031,Manhattan,Stoppage done,,1020740006,1,2074,6,40.823992492348,-73.950611098528,"{'latitude': '40.823992492348', 'longitude': '-73.950611098528', 'human_address': '{""address"": """", ""city"": """", ""state"": """", ""zip"": """"}'}",9,7,229,1061844,Hamilton Heights-Sugar Hill,,,
PC8762125,2026-09-16T09:42:06.000,Compliance,284,VAN BUREN STREET,11221,Brooklyn,Failed for Rat Activity,Burrows,3016150017,3,1615,17,40.690940996712,-73.935438759112,"{'latitude': '40.690940996712', 'longitude': '-73.935438759112', 'human_address': '{""address"": """", ""city"": """", ""state"": """", ""zip"": """"}'}",3,36,291,3043764,Bedford-Stuyvesant (East),,,
PC8762145,2026-09-16T09:43:20.000,Compliance,146,EAST 123 STREET,10035,Manhattan,Failed for Rat Activity and Other Reason,"Droppings, Burrows, Runways, Garbage, Animal Nuisance",1017710052,1,1771,52,40.802923235618,-73.938056831222,"{'latitude': '40.802923235618', 'longitude': '-73.938056831222', 'human_address': '{""address"": """", ""city"": """", ""state"": """", ""zip"": """"}'}",11,8,196,1054419,East Harlem (North),,,
PC8776626,2026-09-16T09:43:39.000,Initial,30,NICHOLS AVENUE,11208,Brooklyn,Failed for Other Reason,"Garbage, Harborage",3041090117,3,4109,117,40.689798449187,-73.86992413807,"{'latitude': '40.689798449187', 'longitude': '-73.86992413807', 'human_address': '{""address"": """", ""city"": """", ""state"": """", ""zip"": """"}'}",5,37,118202,3091234,Cypress Hills,,1020323,190618
PC8742511,2026-09-16T09:44:43.000,Treatments,1399,PACIFIC STREET,11216,Brooklyn,Bait applied,,3012020064,3,1202,64,40.677425500296,-73.945586207282,"{'latitude': '40.677425500296', 'longitude': '-73.945586207282', 'human_address': '{""address"": """", ""city"": """", ""state"": """", ""zip"": """"}'}",8,36,313,3029851,Crown Heights (North),,,
PC8698728,2026-09-16T09:45:36.000,Treatments,1401,JESUP AVENUE,10452,Bronx,Bait applied,,2028720036,2,2872,36,40.841253900888,-73.920738150582,"{'latitude': '40.841253900888', 'longitude': '-73.920738150582', 'human_address': '{""address"": """", ""city"": """", ""state"": """", ""zip"": """"}'}",4,16,21302,2117667,Mount Eden-Claremont (West),,,
PC8722594,2026-09-16T09:45:52.000,Treatments,950,EVERGREEN AVENUE,10473,Bronx,Bait applied,,2036500001,2,3650,1,40.822339837809,-73.879610973483,"{'latitude': '40.822339837809', 'longitude': '-73.879610973483', 'human_address': '{""address"": """", ""city"": """", ""state"": """", ""zip"": """"}'}",9,18,28,2022564,Soundview-Bruckner-Bronx River,,1017570,238903
PC8507932,2026-09-16T09:46:28.000,Treatments,563,EASTERN PARKWAY,11216,Brooklyn,Bait applied,,3012620062,3,1262,62,40.669810531008,-73.949489255145,"{'latitude': '40.669810531008', 'longitude': '-73.949489255145', 'human_address': '{""address"": """", ""city"": """", ""state"": """", ""zip"": """"}'}",8,35,31702,3032710,Crown Heights (North),,,
PC8734213,2026-09-16T09:47:01.000,Compliance,28,FORSYTH STREET,10002,Manhattan,Failed for Rat Activity,"Droppings, Burrows",1002920010,1,292,10,40.715110284057,-73.994498898414,"{'latitude': '40.715110284057', 'longitude': '-73.994498898414', 'human_address': '{""address"": """", ""city"": """", ""state"": """", ""zip"": """"}'}",3,1,16,1003759,Chinatown-Two Bridges,Summons Issued,,
PC8586187,2026-09-16T09:47:26.000,Treatments,230,EAST 167 STREET,10456,Bronx,Bait applied,,2024520054,2,2452,54,40.833787394117,-73.91573120803,"{'latitude': '40.833787394117', 'longitude': '-73.91573120803', 'human_address': '{""address"": """", ""city"": """", ""state"": """", ""zip"": """"}'}",4,16,18101,2002665,Concourse-Concourse Village,,,
PC8604436,2026-09-16T09:47:34.000,Treatments,160,RIVERSIDE BOULEVARD,10069,Manhattan,Bait applied,,1011710132,1,1171,132,40.777800215888,-73.988716597278,"{'latitude': '40.777800215888', 'longitude': '-73.988716597278', 'human_address': '{""address"": """", ""city"": """", ""state"": """", ""zip"": """"}'}",7,6,15502,1085804,Upper West Side-Lincoln Square,,987375,222653
PC8777144,2026-09-16T09:48:00.000,Initial,2314,BELMONT AVENUE,10458,Bronx,Failed for Other Reason,Harborage,2030880005,2,3088,5,40.853178871059,-73.886867679465,"{'latitude': '40.853178871059', 'longitude': '-73.886867679465', 'human_address': '{""address"": """", ""city"": """", ""state"": """", ""zip"": """"}'}",6,15,391,2012474,Belmont,,,
PC8352185,2026-09-16T09:50:31.000,Treatments,2011,NEWKIRK AVENUE,11226,Brooklyn,Bait applied,,3052060037,3,5206,37,40.637870386433,-73.958463597488,"{'latitude': '40.637870386433', 'longitude': '-73.958463597488', 'human_address': '{""address"": """", ""city"": """", ""state"": """", ""zip"": """"}'}",14,40,51601,3120258,Flatbush,,995778,171675
PC8777082,2026-09-16T09:51:00.000,Initial,2316,BELMONT AVENUE,10458,Bronx,Failed for Other Reason,Harborage,2030880006,2,3088,6,40.853203562952,-73.886856792902,"{'latitude': '40.853203562952', 'longitude': '-73.886856792902', 'human_address': '{""address"": """", ""city"": """", ""state"": """", ""zip"": """"}'}",6,15,391,2012475,Belmont,,,
PC8727706,2026-09-16T09:51:54.000,Treatments,980,6th ave,10018,Manhattan,Bait applied,,1008380001,1,838,1,40.751162138093,-73.986775746534,"{'latitude': '40.751162138093', 'longitude': '-73.986775746534', 'human_address': '{""address"": """", ""city"": """", ""state"": """", ""zip"": """"}'}",5,4,84,1015919,Midtown-Times Square,,,
PC8775935,2026-09-16T09:52:34.000,Initial,1654,DEKALB AVENUE,11237,Brooklyn,Failed for Rat Activity,Droppings,3032490023,3,3249,23,40.70491763585,-73.918592574493,"{'latitude': '40.70491763585', 'longitude': '-73.918592574493', 'human_address': '{""address"": """", ""city"": """", ""state"": """", ""zip"": """"}'}",4,37,445,3073945,Bushwick (West),,1006821,196110
PC8775713,2026-09-16T09:54:00.000,Initial,450,MACDONOUGH STREET,11233,Brooklyn,Failed for Other Reason,Harborage,3016770010,3,1677,10,40.682765568346,-73.928314977394,"{'latitude': '40.682765568346', 'longitude': '-73.928314977394', 'human_address': '{""address"": """", ""city"": """", ""state"": """", ""zip"": """"}'}",3,36,381,3047203,Bedford-Stuyvesant (East),,1004132,188037
PC8683085,2026-09-16T09:57:28.000,Treatments,497,EASTERN PARKWAY,11216,Brooklyn,Bait applied,,3012610045,3,1261,45,40.669943357124,-73.951994509683,"{'latitude': '40.669943357124', 'longitude': '-73.951994509683', 'human_address': '{""address"": """", ""city"": """", ""state"": """", ""zip"": """"}'}",8,35,31702,3032641,Crown Heights (North),,997567,183361
PC8734777,2026-09-16T09:57:31.000,Compliance,119,HESTER STREET,10002,Manhattan,Failed for Rat Activity,Burrows,1003060001,1,306,1,40.716644549255,-73.993358844556,"{'latitude': '40.716644549255', 'longitude': '-73.993358844556', 'human_address': '{""address"": """", ""city"": """", ""state"": """", ""zip"": """"}'}",3,1,16,1003946,Chinatown-Two Bridges,Summons Issued,,
PC8775476,2026-09-16T09:58:00.000,Initial,2643,FREDRICK DOUGLASS BL,10030,Manhattan,Failed for Rat Activity,"Runways, Gnawing",1020430011,1,2043,11,40.820316880675,-73.943767191952,"{'latitude': '40.820316880675', 'longitude': '-73.943767191952', 'human_address': '{""address"": """", ""city"": """", ""state"": """", ""zip"": """"}'}",10,9,259,1060745,Harlem (North),,,
PC8645454,2026-09-16T09:58:19.000,Treatments,1173,DEAN STREET,11216,Brooklyn,Bait applied,,3012060056,3,1206,56,40.676931084817,-73.950875451349,"{'latitude': '40.676931084817', 'longitude': '-73.950875451349', 'human_address': '{""address"": """", ""city"": """", ""state"": """", ""zip"": """"}'}",8,36,315,3030014,Crown Heights (North),,,
PC8778417,2026-09-16T10:00:34.000,Initial,2055,3 AVENUE,10029,Manhattan,Failed for Rat Activity,Burrows,1016620001,1,1662,1,40.795591185217,-73.941722289802,"{'latitude': '40.795591185217', 'longitude': '-73.941722289802', 'human_address': '{""address"": """", ""city"": """", ""state"": """", ""zip"": """"}'}",11,8,180,1080703,East Harlem (North),City Agency Referral,,
PC8698822,2026-09-16T10:00:36.000,Treatments,1404,JESUP AVENUE,10452,Bronx,Bait applied,,2028720058,2,2872,58,40.841185302457,-73.92076714578,"{'latitude': '40.841185302457', 'longitude': '-73.92076714578', 'human_address': '{""address"": """", ""city"": """", ""state"": """", ""zip"": """"}'}",4,16,21302,2114651,Mount Eden-Claremont (West),,,
PC8773227,2026-09-16T10:00:36.000,Initial,1511,METROPOLITAN AVENUE,10462,Bronx,Failed for Other Reason,"Garbage, Harborage",2039447501,2,3944,7501,40.83933613046,-73.858669230073,"{'latitude': '40.83933613046', 'longitude': '-73.858669230073', 'human_address': '{""address"": """", ""city"": """", ""state"": """", ""zip"": """"}'}",9,18,21001,2096777,Parkchester,,1023356,245104
PC8742457,2026-09-16T10:01:42.000,Treatments,1391,BEDFORD AVENUE,11216,Brooklyn,Bait applied,,3012180001,3,1218,1,40.675617339814,-73.953273838153,"{'latitude': '40.675617339814', 'longitude': '-73.953273838153', 'human_address': '{""address"": """", ""city"": """", ""state"": """", ""zip"": """"}'}",8,36,221,3030631,Crown Heights (North),,,
PC8629190,2026-09-16T10:02:16.000,Compliance,538,CLAREMONT PARKWAY,10457,Bronx,Failed for Rat Activity,"Droppings, Burrows, Rats",2029280014,2,2928,14,40.838065599544,-73.90091570164,"{'latitude': '40.838065599544', 'longitude': '-73.90091570164', 'human_address': '{""address"": """", ""city"": """", ""state"": """", ""zip"": """"}'}",3,16,169,2009645,Claremont Village-Claremont (East),Summons Issued,1011667,244625
PC8761957,2026-09-16T10:02:20.000,Compliance,2212,3 AVENUE,10035,Manhattan,Failed for Rat Activity and Other Reason,"Burrows, Garbage",1017697501,1,1769,7501,40.800823432082,-73.937925150831,"{'latitude': '40.800823432082', 'longitude': '-73.937925150831', 'human_address': '{""address"": """", ""city"": """", ""state"": """", ""zip"": """"}'}",11,8,196,1087272,East Harlem (North),,,
PC8621031,2026-09-16T10:06:04.000,Compliance,1900,LEXINGTON AVENUE,10035,Manhattan,Failed for Rat Activity,Burrows,1017670016,1,1767,16,40.800048074879,-73.940584235902,"{'latitude': '40.800048074879', 'longitude': '-73.940584235902', 'human_address': '{""address"": """", ""city"": """", ""state"": """", ""zip"": """"}'}",11,9,182,1054347,East Harlem (North),Summons Issued,,
PC8776834,2026-09-16T10:08:00.000,Initial,2330,BELMONT AVENUE,10458,Bronx,Failed for Other Reason,Harborage,2030880013,2,3088,13,40.853384626116,-73.886766113441,"{'latitude': '40.853384626116', 'longitude': '-73.886766113441', 'human_address': '{""address"": """", ""city"": """", ""state"": """", ""zip"": """"}'}",6,15,391,2012481,Belmont,,,
PC8755014,2026-09-16T10:09:00.000,Treatments,638,HALSEY STREET,11233,Brooklyn,Bait applied,,3016670014,3,1667,14,40.684261497087,-73.928356630334,"{'latitude': '40.684261497087', 'longitude': '-73.928356630334', 'human_address': '{""address"": """", ""city"": """", ""state"": """", ""zip"": """"}'}",3,36,383,3046559,Bedford-Stuyvesant (East),,,
PC8517087,2026-09-16T10:09:00.000,Compliance,637,HALSEY STREET,11233,Brooklyn,Failed for Rat Activity,Burrows,3016620052,3,1662,52,40.684425378644,-73.927080066001,"{'latitude': '40.684425378644', 'longitude': '-73.927080066001', 'human_address': '{""address"": """", ""city"": """", ""state"": """", ""zip"": """"}'}",3,36,383,3046238,Bedford-Stuyvesant (East),Summons Issued,1004474,188642
PC8454652,2026-09-16T10:10:28.000,Treatments,489,EASTERN PARKWAY,11216,Brooklyn,Bait applied,,3012610048,3,1261,48,40.669954414597,-73.952181952783,"{'latitude': '40.669954414597', 'longitude': '-73.952181952783', 'human_address': '{""address"": """", ""city"": """", ""state"": """", ""zip"": """"}'}",8,35,31702,3032642,Crown Heights (North),,997515,183365
PC8687928,2026-09-16T10:10:31.000,Treatments,650,EAST   21 STREET,11226,Brooklyn,Bait applied,,3052200047,3,5220,47,40.637856364355,-73.957649308391,"{'latitude': '40.637856364355', 'longitude': '-73.957649308391', 'human_address': '{""address"": """", ""city"": """", ""state"": """", ""zip"": """"}'}",14,45,51601,3120585,Flatbush,,,
PC8736446,2026-09-16T10:10:34.000,Treatments,14,WEST 68 STREET,10023,Manhattan,Bait applied,,1011200038,1,1120,38,40.773854513978,-73.978337155179,"{'latitude': '40.773854513978', 'longitude': '-73.978337155179', 'human_address': '{""address"": """", ""city"": """", ""state"": """", ""zip"": """"}'}",7,6,15301,1079271,Upper West Side-Lincoln Square,,990250,221216
PC8749649,2026-09-16T10:10:44.000,Compliance,1679,MADISON STREET,11385,Queens,Failed for Rat Activity,Burrows,4034500046,4,3450,46,40.700355905484,-73.907822003776,"{'latitude': '40.700355905484', 'longitude': '-73.907822003776', 'human_address': '{""address"": """", ""city"": """", ""state"": """", ""zip"": """"}'}",5,34,549,4082426,Ridgewood,,,
PC8775924,2026-09-16T10:11:39.000,Initial,87,PINE STREET,11208,Brooklyn,Failed for Rat Activity and Other Reason,"Burrows, Harborage",3041300020,3,4130,20,40.684430875364,-73.873457337097,"{'latitude': '40.684430875364', 'longitude': '-73.873457337097', 'human_address': '{""address"": """", ""city"": """", ""state"": """", ""zip"": """"}'}",5,37,117602,3092234,Cypress Hills,COTA,1019346,188661
PC8562244,2026-09-16T10:11:54.000,Treatments,141,WEST   41 STREET,10036,Manhattan,Bait applied,,1009940016,1,994,16,40.754749442264,-73.985955689956,"{'latitude': '40.754749442264', 'longitude': '-73.985955689956', 'human_address': '{""address"": """", ""city"": """", ""state"": """", ""zip"": """"}'}",5,4,113,1022574,Midtown-Times Square,,,
PC8731527,2026-09-16T10:12:25.000,Treatments,1201,DEAN STREET,11216,Brooklyn,Bait applied,,3012070070,3,1207,70,40.676848063445,-73.94931806515,"{'latitude': '40.676848063445', 'longitude': '-73.94931806515', 'human_address': '{""address"": """", ""city"": """", ""state"": """", ""zip"": """"}'}",8,36,315,3030086,Crown Heights (North),,,
PC8761922,2026-09-16T10:14:20.000,Compliance,1980,LEXINGTON AVENUE,10035,Manhattan,Failed for Rat Activity and Other Reason,"Burrows, Harborage",1017690005,1,1769,5,40.801782094027,-73.939318483697,"{'latitude': '40.801782094027', 'longitude': '-73.939318483697', 'human_address': '{""address"": """", ""city"": """", ""state"": """", ""zip"": """"}'}",11,9,196,1054377,East Harlem (North),,,
PC8775447,2026-09-16T10:15:00.000,Initial,2653,FREDRICK DOUGLASS BL,10030,Manhattan,Failed for Rat Activity,Burrows,1020430016,1,2043,16,40.820615951188,-73.943550156955,"{'latitude': '40.820615951188', 'longitude': '-73.943550156955', 'human_address': '{""address"": """", ""city"": """", ""state"": """", ""zip"": """"}'}",10,9,259,1060750,Harlem (North),,,
PC8763350,2026-09-16T10:15:06.000,Compliance,19,PATCHEN AVENUE,11221,Brooklyn,Failed for Rat Activity,"Droppings, Runways",3016180008,3,1618,8,40.691713216249,-73.927807691057,"{'latitude': '40.691713216249', 'longitude': '-73.927807691057', 'human_address': '{""address"": """", ""city"": """", ""state"": """", ""zip"": """"}'}",3,41,387,3043934,Bedford-Stuyvesant (East),,,
PC8698763,2026-09-16T10:15:36.000,Treatments,1466,JESUP AVENUE,10452,Bronx,Bait applied,,2028720307,2,2872,307,40.842702344947,-73.9196196221,"{'latitude': '40.842702344947', 'longitude': '-73.9196196221', 'human_address': '{""address"": """", ""city"": """", ""state"": """", ""zip"": """"}'}",4,16,21302,2008713,Mount Eden-Claremont (West),,,
PC8654648,2026-09-16T10:15:45.000,Treatments,1050,ELDER AVENUE,10472,Bronx,Bait applied,,2037140027,2,3714,27,40.82494323185,-73.878312697997,"{'latitude': '40.82494323185', 'longitude': '-73.878312697997', 'human_address': '{""address"": """", ""city"": """", ""state"": """", ""zip"": """"}'}",9,18,5001,2023471,Soundview-Bruckner-Bronx River,,,
PC8711229,2026-09-16T10:17:08.000,Treatments,985,MORRIS AVENUE,10456,Bronx,Bait applied,,2024470060,2,2447,60,40.828499097923,-73.916854488129,"{'latitude': '40.828499097923', 'longitude': '-73.916854488129', 'human_address': '{""address"": """", ""city"": """", ""state"": """", ""zip"": """"}'}",4,16,18302,2002524,Concourse-Concourse Village,,,
PC8775365,2026-09-16T10:19:00.000,Initial,2655,FREDRICK DOUGLASS BL,10030,Manhattan,Failed for Rat Activity,Burrows,1020430017,1,2043,17,40.820676314189,-73.943506749252,"{'latitude': '40.820676314189', 'longitude': '-73.943506749252', 'human_address': '{""address"": """", ""city"": """", ""state"": """", ""zip"": """"}'}",10,9,259,1060751,Harlem (North),,,
PC8777969,2026-09-16T10:20:00.000,Initial,543,41 STREET,11232,Brooklyn,Failed for Other Reason,Harborage,3009170054,3,917,54,40.649548654228,-74.004075808818,"{'latitude': '40.649548654228', 'longitude': '-74.004075808818', 'human_address': '{""address"": """", ""city"": """", ""state"": """", ""zip"": """"}'}",7,38,88,3018009,Sunset Park (Central),,983119,175927
PC8774728,2026-09-16T10:20:36.000,Initial,407,EAST 183 STREET,10458,Bronx,Failed for Rat Activity and Other Reason,"Burrows, Harborage",2030310010,2,3031,10,40.856079673678,-73.89514820922,"{'latitude': '40.856079673678', 'longitude': '-73.89514820922', 'human_address': '{""address"": """", ""city"": """", ""state"": """", ""zip"": """"}'}",6,15,38304,2000000,Belmont,,,
PC8723737,2026-09-16T10:22:34.000,Compliance,1239,HALSEY STREET,11237,Brooklyn,Failed for Rat Activity,Burrows,3034060054,3,3406,54,40.693444424966,-73.90764768447,"{'latitude': '40.693444424966', 'longitude': '-73.90764768447', 'human_address': '{""address"": """", ""city"": """", ""state"": """", ""zip"": """"}'}",4,37,437,3078691,Bushwick (East),Summons Issued,,
PC8759227,2026-09-16T10:22:55.000,Treatments,1211,BEDFORD AVENUE,11216,Brooklyn,Bait applied,,3018370006,3,1837,6,40.681872818528,-73.953604747314,"{'latitude': '40.681872818528', 'longitude': '-73.953604747314', 'human_address': '{""address"": """", ""city"": """", ""state"": """", ""zip"": """"}'}",3,36,245,3000000,Bedford-Stuyvesant (West),,,
PC8729981,2026-09-16T10:26:54.000,Treatments,1199,DEAN STREET,11216,Brooklyn,Bait applied,,3012070071,3,1207,71,40.67685083212,-73.949372141081,"{'latitude': '40.67685083212', 'longitude': '-73.949372141081', 'human_address': '{""address"": """", ""city"": """", ""state"": """", ""zip"": """"}'}",8,36,315,3030087,Crown Heights (North),,,
PC8775317,2026-09-16T10:27:00.000,Initial,314,WEST 142 STREET,10030,Manhattan,Failed for Rat Activity,Gnawing,1020430023,1,2043,23,40.821041434034,-73.943647346842,"{'latitude': '40.821041434034', 'longitude': '-73.943647346842', 'human_address': '{""address"": """", ""city"": """", ""state"": """", ""zip"": """"}'}",10,9,259,1060756,Harlem (North),,,
PC8775704,2026-09-16T10:30:16.000,Initial,1366,FRANKLIN AVENUE,10456,Bronx,Failed for Other Reason,Harborage,2029330027,2,2933,27,40.833242995593,-73.900803658905,"{'latitude': '40.833242995593', 'longitude': '-73.900803658905', 'human_address': '{""address"": """", ""city"": """", ""state"": """", ""zip"": """"}'}",3,17,149,2009733,Morrisania,,1011700,242868
PC8701626,2026-09-16T10:30:31.000,Treatments,2215,NEWKIRK AVENUE,11226,Brooklyn,Bait applied,,3052080025,3,5208,25,40.638756269823,-73.956625444238,"{'latitude': '40.638756269823', 'longitude': '-73.956625444238', 'human_address': '{""address"": """", ""city"": """", ""state"": """", ""zip"": """"}'}",14,40,51601,3120283,Flatbush,,996288,171998
PC8723677,2026-09-16T10:30:34.000,Compliance,1235,HALSEY STREET,11237,Brooklyn,Failed for Rat Activity,Burrows,3034060055,3,3406,55,40.693406030115,-73.907687404989,"{'latitude': '40.693406030115', 'longitude': '-73.907687404989', 'human_address': '{""address"": """", ""city"": """", ""state"": """", ""zip"": """"}'}",4,37,437,3078692,Bushwick (East),Summons Issued,,
PC8725546,2026-09-16T10:30:36.000,Treatments,1550,JESUP AVENUE,10452,Bronx,Bait applied,,2028720273,2,2872,273,40.844606365226,-73.918446269448,"{'latitude': '40.844606365226', 'longitude': '-73.918446269448', 'human_address': '{""address"": """", ""city"": """", ""state"": """", ""zip"": """"}'}",4,16,21302,2130659,Mount Eden-Claremont (West),,1006814,247003
PC8527044,2026-09-16T10:30:57.000,Treatments,1561,WESTCHESTER AVENUE,10472,Bronx,Bait applied,,2037750007,2,3775,7,40.828779163752,-73.877167412725,"{'latitude': '40.828779163752', 'longitude': '-73.877167412725', 'human_address': '{""address"": """", ""city"": """", ""state"": """", ""zip"": """"}'}",9,17,54,2090512,Soundview-Bruckner-Bronx River,,,
PC8775443,2026-09-16T10:31:00.000,Initial,316,WEST 142 STREET,10030,Manhattan,Failed for Rat Activity,"Droppings, Gnawing",1020430024,1,2043,24,40.82104967712,-73.943665405061,"{'latitude': '40.82104967712', 'longitude': '-73.943665405061', 'human_address': '{""address"": """", ""city"": """", ""state"": """", ""zip"": """"}'}",10,9,259,1060757,Harlem (North),,,
PC8749691,2026-09-16T10:31:34.000,Treatments,350,WEST   71 STREET,10023,Manhattan,Bait applied,,1011827502,1,1182,7502,40.779498907981,-73.985907120418,"{'latitude': '40.779498907981', 'longitude': '-73.985907120418', 'human_address': '{""address"": """", ""city"": """", ""state"": """", ""zip"": """"}'}",7,6,159,1030944,Upper West Side-Lincoln Square,,988153,223272
PC8361882,2026-09-16T10:31:54.000,Treatments,265,WEST   37 STREET,10018,Manhattan,Bait applied,,1007870001,1,787,1,40.753621849183,-73.990958519981,"{'latitude': '40.753621849183', 'longitude': '-73.990958519981', 'human_address': '{""address"": """", ""city"": """", ""state"": """", ""zip"": """"}'}",5,3,109,1014453,Midtown-Times Square,,986755,213844
PC8750778,2026-09-16T10:33:30.000,Compliance,1683,GATES AVENUE,11385,Queens,Failed for Rat Activity,Burrows,4034470042,4,3447,42,40.701708074186,-73.910012911597,"{'latitude': '40.701708074186', 'longitude': '-73.910012911597', 'human_address': '{""address"": """", ""city"": """", ""state"": """", ""zip"": """"}'}",5,34,547,4082360,Ridgewood,,,
PC8712204,2026-09-16T10:33:37.000,Treatments,261,EAST 164 STREET,10456,Bronx,Bait applied,,2024470062,2,2447,62,40.828559810798,-73.917309707373,"{'latitude': '40.828559810798', 'longitude': '-73.917309707373', 'human_address': '{""address"": """", ""city"": """", ""state"": """", ""zip"": """"}'}",4,16,18302,2002525,Concourse-Concourse Village,,,
PC8700395,2026-09-16T10:34:04.000,Compliance,411,EAST 114 STREET,10029,Manhattan,Failed for Rat Activity and Other Reason,"Burrows, Garbage",1017080007,1,1708,7,40.794457171507,-73.93576776346,"{'latitude': '40.794457171507', 'longitude': '-73.93576776346', 'human_address': '{""address"": """", ""city"": """", ""state"": """", ""zip"": """"}'}",11,8,178,1053007,East Harlem (North),Summons Issued,,
PC8723600,2026-09-16T10:38:26.000,Compliance,1229,HALSEY STREET,11237,Brooklyn,Failed for Rat Activity,"Droppings, Runways",3034060057,3,3406,57,40.693348436362,-73.907745182634,"{'latitude': '40.693348436362', 'longitude': '-73.907745182634', 'human_address': '{""address"": """", ""city"": """", ""state"": """", ""zip"": """"}'}",4,37,437,3078694,Bushwick (East),Summons Issued,,
PC8686738,2026-09-16T10:38:28.000,Treatments,1153,SAINT JOHNS PLACE,11213,Brooklyn,Bait applied,,3012510046,3,1251,46,40.67107955724,-73.940047083797,"{'latitude': '40.67107955724', 'longitude': '-73.940047083797', 'human_address': '{""address"": """", ""city"": """", ""state"": """", ""zip"": """"}'}",8,35,339,3032086,Crown Heights (North),,1000881,183777
PC8776950,2026-09-16T10:40:00.000,Initial,2323,CAMBRELENG AVENUE,10458,Bronx,Failed for Other Reason,Harborage,2030880036,2,3088,36,40.853317851442,-73.885855296134,"{'latitude': '40.853317851442', 'longitude': '-73.885855296134', 'human_address': '{""address"": """", ""city"": """", ""state"": """", ""zip"": """"}'}",6,15,391,2012492,Belmont,,,
PC8752823,2026-09-16T10:40:08.000,Compliance,1814,HARMAN STREET,11385,Queens,Failed for Rat Activity,Burrows,4034310019,4,3431,19,40.706178526174,-73.912549645073,"{'latitude': '40.706178526174', 'longitude': '-73.912549645073', 'human_address': '{""address"": """", ""city"": """", ""state"": """", ""zip"": """"}'}",5,34,545,4081910,Ridgewood,,,
PC8745453,2026-09-16T10:40:28.000,Treatments,1092,BEDFORD AVENUE,11216,Brooklyn,Bait applied,,3019680036,3,1968,36,40.687458887875,-73.954736665867,"{'latitude': '40.687458887875', 'longitude': '-73.954736665867', 'human_address': '{""address"": """", ""city"": """", ""state"": """", ""zip"": """"}'}",3,36,233,3056357,Bedford-Stuyvesant (West),,,
PC8664084,2026-09-16T10:41:00.000,Treatments,547,HALSEY STREET,11233,Brooklyn,Bait applied,,3016610071,3,1661,71,40.683999483223,-73.930772659201,"{'latitude': '40.683999483223', 'longitude': '-73.930772659201', 'human_address': '{""address"": """", ""city"": """", ""state"": """", ""zip"": """"}'}",3,36,295,3046187,Bedford-Stuyvesant (East),,,
PC8767663,2026-09-16T10:43:15.000,Compliance,60,MENAHAN STREET,11221,Brooklyn,Failed for Other Reason,Harborage,3033140024,3,3314,24,40.693989729048,-73.921137474891,"{'latitude': '40.693989729048', 'longitude': '-73.921137474891', 'human_address': '{""address"": """", ""city"": """", ""state"": """", ""zip"": """"}'}",4,37,419,3000000,Bushwick (East),,1006119,192128
PC8700398,2026-09-16T10:43:34.000,Compliance,414,EAST 115 STREET,10029,Manhattan,Failed for Rat Activity and Other Reason,"Droppings, Garbage",1017080142,1,1708,142,40.795063527891,-73.935351838732,"{'latitude': '40.795063527891', 'longitude': '-73.935351838732', 'human_address': '{""address"": """", ""city"": """", ""state"": """", ""zip"": """"}'}",11,8,178,1053039,East Harlem (North),Summons Issued,,
PC8678338,2026-09-16T10:43:51.000,Compliance,1,EAST 170 STREET,10452,Bronx,Failed for Rat Activity,Burrows,2028437501,2,2843,7501,40.840175713853,-73.91754097148,"{'latitude': '40.840175713853', 'longitude': '-73.91754097148', 'human_address': '{""address"": """", ""city"": """", ""state"": """", ""zip"": """"}'}",4,16,223,2008091,Mount Eden-Claremont (West),Summons Issued,,
PC8710255,2026-09-16T10:44:15.000,Treatments,1285,DEAN STREET,11216,Brooklyn,Bait applied,,3012080074,3,1208,74,40.676679227664,-73.946235753383,"{'latitude': '40.676679227664', 'longitude': '-73.946235753383', 'human_address': '{""address"": """", ""city"": """", ""state"": """", ""zip"": """"}'}",8,36,313,3030129,Crown Heights (North),,,
PC8526938,2026-09-16T10:45:25.000,Treatments,1584,EAST 172 STREET,10472,Bronx,Bait applied,,2037760040,2,3776,40,40.831537136357,-73.876706985387,"{'latitude': '40.831537136357', 'longitude': '-73.876706985387', 'human_address': '{""address"": """", ""city"": """", ""state"": """", ""zip"": """"}'}",9,17,54,2025347,Soundview-Bruckner-Bronx River,,,
PC8725626,2026-09-16T10:45:36.000,Treatments,NELSON,AVENUE,10452,Bronx,Bait applied,,,2,2873,185,,,,,,,,,,,
PC8586907,2026-09-16T10:46:34.000,Treatments,2161,BROADWAY,10024,Manhattan,Bait applied,,1011680010,1,1168,10,40.781853204912,-73.981035503216,"{'latitude': '40.781853204912', 'longitude': '-73.981035503216', 'human_address': '{""address"": """", ""city"": """", ""state"": """", ""zip"": """"}'}",7,6,163,1030859,Upper West Side (Central),,989502,224130
PC8768556,2026-09-16T10:47:32.000,Initial,,STATEN ISLAND FERRY TERMINAL,10004,Manhattan,Failed for Rat Activity,Droppings,1000020001,1,2,1,,,,1,1,9,1000000,Financial District-Battery Park City,,980601,194645
PC8776795,2026-09-16T10:48:00.000,Initial,2317,CAMBRELENG AVENUE,10458,Bronx,Failed for Other Reason,Harborage,2030880039,2,3088,39,40.853175193686,-73.885924223087,"{'latitude': '40.853175193686', 'longitude': '-73.885924223087', 'human_address': '{""address"": """", ""city"": """", ""state"": """", ""zip"": """"}'}",6,15,391,2129513,Belmont,,,
PC8761970,2026-09-16T10:48:06.000,Compliance,14,DITMARS STREET,11221,Brooklyn,Failed for Rat Activity,Droppings,3031940012,3,3194,12,40.696555674496,-73.933464276117,"{'latitude': '40.696555674496', 'longitude': '-73.933464276117', 'human_address': '{""address"": """", ""city"": """", ""state"": """", ""zip"": """"}'}",4,34,393,3072669,Bushwick (West),,,
PC8763417,2026-09-16T10:48:51.000,Compliance,340,EAST   18 STREET,10003,Manhattan,Failed for Rat Activity,Droppings,1009230043,1,923,43,40.734385513036,-73.982088263439,"{'latitude': '40.734385513036', 'longitude': '-73.982088263439', 'human_address': '{""address"": """", ""city"": """", ""state"": """", ""zip"": """"}'}",6,2,48,1020444,Gramercy,,989214,206836
PC8567857,2026-09-16T10:48:57.000,Treatments,1020,CARROLL PLACE,10456,Bronx,Bait applied,,2024550048,2,2455,48,40.83015878364,-73.919468611068,"{'latitude': '40.83015878364', 'longitude': '-73.919468611068', 'human_address': '{""address"": """", ""city"": """", ""state"": """", ""zip"": """"}'}",4,16,18301,2002721,Concourse-Concourse Village,,,
PC8605038,2026-09-16T10:50:31.000,Treatments,961,OCEAN AVENUE,11226,Brooklyn,Bait applied,,3052060062,3,5206,62,40.638883360354,-73.958877326025,"{'latitude': '40.638883360354', 'longitude': '-73.958877326025', 'human_address': '{""address"": """", ""city"": """", ""state"": """", ""zip"": """"}'}",14,40,51601,3120264,Flatbush,,,
PC8774838,2026-09-16T10:52:00.000,Initial,2348,WEBSTER AVENUE,10458,Bronx,Failed for Rat Activity and Other Reason,"Burrows, Garbage",2030310021,2,3031,21,40.857597099004,-73.894697542754,"{'latitude': '40.857597099004', 'longitude': '-73.894697542754', 'human_address': '{""address"": """", ""city"": """", ""state"": """", ""zip"": """"}'}",6,15,38304,2115299,Belmont,,,
PC8749571,2026-09-16T10:52:44.000,Compliance,1669,PALMETTO STREET,11385,Queens,Failed for Rat Activity,"Droppings, Burrows",4034480054,4,3448,54,40.701048920649,-73.909494466184,"{'latitude': '40.701048920649', 'longitude': '-73.909494466184', 'human_address': '{""address"": """", ""city"": """", ""state"": """", ""zip"": """"}'}",5,34,549,4082389,Ridgewood,,,
PC8775187,2026-09-16T10:53:00.000,Initial,575,HANCOCK STREET,11233,Brooklyn,Failed for Other Reason,Harborage,3016560001,3,1656,1,40.684628667403,-73.931824846156,"{'latitude': '40.684628667403', 'longitude': '-73.931824846156', 'human_address': '{""address"": """", ""city"": """", ""state"": """", ""zip"": """"}'}",3,36,295,3045800,Bedford-Stuyvesant (East),,1003158,188715
PC8678336,2026-09-16T10:53:51.000,Compliance,1425,TOWNSEND AVENUE,10452,Bronx,Failed for Rat Activity and Other Reason,"Droppings, Burrows, Harborage",2028430018,2,2843,18,40.840427409449,-73.916405830058,"{'latitude': '40.840427409449', 'longitude': '-73.916405830058', 'human_address': '{""address"": """", ""city"": """", ""state"": """", ""zip"": """"}'}",4,16,223,2008094,Mount Eden-Claremont (West),Summons Issued,,
PC8769393,2026-09-16T10:54:00.000,Initial,595,EAST  170 STREET,10456,Bronx,Failed for Rat Activity and Other Reason,"Burrows, Mice",2029320004,2,2932,4,40.834379400708,-73.900899529927,"{'latitude': '40.834379400708', 'longitude': '-73.900899529927', 'human_address': '{""address"": """", ""city"": """", ""state"": """", ""zip"": """"}'}",3,15,149,2009719,Morrisania,,1011673,243282
PC8613632,2026-09-16T10:55:20.000,Compliance,1,CONVENT AVENUE,10027,Manhattan,Failed for Rat Activity and Other Reason,"Droppings, Burrows, Runways, Garbage",1019540001,1,1954,1,40.812805966902,-73.9531121231,"{'latitude': '40.812805966902', 'longitude': '-73.9531121231', 'human_address': '{""address"": """", ""city"": """", ""state"": """", ""zip"": """"}'}",9,9,21303,1059368,Manhattanville-West Harlem,Summons Issued,997229,235410
PC8775352,2026-09-16T10:56:00.000,Initial,128,EDGECOMBE AVENUE,10030,Manhattan,Failed for Rat Activity,"Droppings, Burrows",1020430001,1,2043,1,40.820954291865,-73.945070958725,"{'latitude': '40.820954291865', 'longitude': '-73.945070958725', 'human_address': '{""address"": """", ""city"": """", ""state"": """", ""zip"": """"}'}",10,9,259,1060736,Harlem (North),,,
PC8745117,2026-09-16T10:57:04.000,Treatments,1088,BEDFORD AVENUE,11216,Brooklyn,Bait applied,,3019680034,3,1968,34,40.687574178329,-73.954761827799,"{'latitude': '40.687574178329', 'longitude': '-73.954761827799', 'human_address': '{""address"": """", ""city"": """", ""state"": """", ""zip"": """"}'}",3,36,233,3056356,Bedford-Stuyvesant (West),,,
PC8717732,2026-09-16T11:00:35.000,Treatments,1434,FTELEY AVENUE,10472,Bronx,Bait applied,,2038920020,2,3892,20,40.834961128383,-73.872862753033,"{'latitude': '40.834961128383', 'longitude': '-73.872862753033', 'human_address': '{""address"": """", ""city"": """", ""state"": """", ""zip"": """"}'}",9,18,64,2028082,Soundview-Bruckner-Bronx River,,1019431,243504
PC8773166,2026-09-16T11:00:36.000,Initial,1312,WHEELER AVENUE,10472,Bronx,Failed for Rat Activity,"Droppings, Burrows, Gnawing",2038620011,2,3862,11,40.831321829639,-73.880754626887,"{'latitude': '40.831321829639', 'longitude': '-73.880754626887', 'human_address': '{""address"": """", ""city"": """", ""state"": """", ""zip"": """"}'}",9,17,56,2027370,Soundview-Bruckner-Bronx River,,1017249,242175
PC8704658,2026-09-16T11:00:47.000,Treatments,1415,DEAN STREET,11216,Brooklyn,Bait applied,,3012090047,3,1209,47,40.67646041975,-73.942187311226,"{'latitude': '40.67646041975', 'longitude': '-73.942187311226', 'human_address': '{""address"": """", ""city"": """", ""state"": """", ""zip"": """"}'}",8,36,313,3030159,Crown Heights (North),,,
PC8765483,2026-09-16T11:00:52.000,Compliance,453,WEST 148 STREET,10031,Manhattan,Failed for Rat Activity,Burrows,1020630011,1,2063,11,40.826754015263,-73.945246820359,"{'latitude': '40.826754015263', 'longitude': '-73.945246820359', 'human_address': '{""address"": """", ""city"": """", ""state"": """", ""zip"": """"}'}",9,7,231,1061492,Hamilton Heights-Sugar Hill,,,
PC8736679,2026-09-16T11:00:54.000,Treatments,1372,BROADWAY,10018,Manhattan,Bait applied,,1008130023,1,813,23,40.752262863231,-73.98745407546,"{'latitude': '40.752262863231', 'longitude': '-73.98745407546', 'human_address': '{""address"": """", ""city"": """", ""state"": """", ""zip"": """"}'}",5,4,109,1080609,Midtown-Times Square,,,
PC8469607,2026-09-16T11:03:34.000,Treatments,340,AMSTERDAM AVENUE,10024,Manhattan,Bait applied,,1011680029,1,1168,29,40.781240900337,-73.979721319327,"{'latitude': '40.781240900337', 'longitude': '-73.979721319327', 'human_address': '{""address"": """", ""city"": """", ""state"": """", ""zip"": """"}'}",7,6,163,1077359,Upper West Side (Central),,,
PC8678247,2026-09-16T11:04:46.000,Compliance,174,DELANCEY STREET,10002,Manhattan,Failed for Rat Activity and Other Reason,"Droppings, Burrows, Animal Nuisance",1003480072,1,348,72,40.717557800735,-73.985249289385,"{'latitude': '40.717557800735', 'longitude': '-73.985249289385', 'human_address': '{""address"": """", ""city"": """", ""state"": """", ""zip"": """"}'}",3,1,1402,1076937,Lower East Side,Summons Issued,988341,200704
PC8718037,2026-09-16T11:05:28.000,Treatments,781,EASTERN PARKWAY,11213,Brooklyn,Bait applied,,3012640040,3,1264,40,40.669434073875,-73.942752169083,"{'latitude': '40.669434073875', 'longitude': '-73.942752169083', 'human_address': '{""address"": """", ""city"": """", ""state"": """", ""zip"": """"}'}",8,35,33701,3337852,Crown Heights (North),,,
PC8741673,2026-09-16T11:05:31.000,Treatments,1220,SHAKESPEARE AVENUE,10452,Bronx,Bait applied,,2025060024,2,2506,24,40.837437695959,-73.923279700196,"{'latitude': '40.837437695959', 'longitude': '-73.923279700196', 'human_address': '{""address"": """", ""city"": """", ""state"": """", ""zip"": """"}'}",4,16,199,2003078,Highbridge,,,
PC8761609,2026-09-16T11:06:04.000,Compliance,428,EAST 116 STREET,10029,Manhattan,Failed for Rat Activity,Runways,1017090036,1,1709,36,40.795513059777,-73.934282350836,"{'latitude': '40.795513059777', 'longitude': '-73.934282350836', 'human_address': '{""address"": """", ""city"": """", ""state"": """", ""zip"": """"}'}",11,8,178,1053057,East Harlem (North),,,
PC8678826,2026-09-16T11:06:51.000,Compliance,104,ELLIOT PLACE,10452,Bronx,Failed for Rat Activity and Other Reason,"Droppings, Burrows, Garbage",2028410045,2,2841,45,40.838840789251,-73.916183762388,"{'latitude': '40.838840789251', 'longitude': '-73.916183762388', 'human_address': '{""address"": """", ""city"": """", ""state"": """", ""zip"": """"}'}",4,16,22102,2008061,Mount Eden-Claremont (West),Summons Issued,,
PC8701481,2026-09-16T11:09:20.000,Compliance,2355,FREDRICK DOUGLASS BL,10027,Manhattan,Failed for Rat Activity,Burrows,1019530031,1,1953,31,40.811061969162,-73.950526805867,"{'latitude': '40.811061969162', 'longitude': '-73.950526805867', 'human_address': '{""address"": """", ""city"": """", ""state"": """", ""zip"": """"}'}",10,9,215,1059341,Harlem (North),Summons Issued,,
PC8775623,2026-09-16T11:09:39.000,Initial,675,LINCOLN AVENUE,11208,Brooklyn,Failed for Rat Activity,Burrows,3042710005,3,4271,5,40.672667021292,-73.86643561352,"{'latitude': '40.672667021292', 'longitude': '-73.86643561352', 'human_address': '{""address"": """", ""city"": """", ""state"": """", ""zip"": """"}'}",5,42,120802,3095889,East New York-City Line,COTA,1021300,184378
PC8746278,2026-09-16T11:10:00.000,Compliance,412,MACON STREET,11233,Brooklyn,Failed for Rat Activity,"Droppings, Burrows",3016700014,3,1670,14,40.682843195766,-73.934181088734,"{'latitude': '40.682843195766', 'longitude': '-73.934181088734', 'human_address': '{""address"": """", ""city"": """", ""state"": """", ""zip"": """"}'}",3,36,297,3046800,Bedford-Stuyvesant (East),,1002505,188064
PC8759360,2026-09-16T11:11:04.000,Compliance,416,EAST  116 STREET,10029,Manhattan,Failed for Rat Activity and Other Reason,"Burrows, Runways, Rats, Garbage",1017090040,1,1709,40,40.795628495989,-73.934556722644,"{'latitude': '40.795628495989', 'longitude': '-73.934556722644', 'human_address': '{""address"": """", ""city"": """", ""state"": """", ""zip"": """"}'}",11,8,178,1053060,East Harlem (North),,1002370,229155
PC8749530,2026-09-16T11:11:44.000,Compliance,1673,PALMETTO STREET,11385,Queens,Failed for Rat Activity,"Droppings, Burrows",4034480050,4,3448,50,40.701111999096,-73.909429462836,"{'latitude': '40.701111999096', 'longitude': '-73.909429462836', 'human_address': '{""address"": """", ""city"": """", ""state"": """", ""zip"": """"}'}",5,34,549,4082387,Ridgewood,,,
PC8774675,2026-09-16T11:12:23.000,Initial,2372,WEBSTER AVENUE,10458,Bronx,Failed for Rat Activity,Droppings,2030310033,2,3031,33,40.858014049032,-73.894425750322,"{'latitude': '40.858014049032', 'longitude': '-73.894425750322', 'human_address': '{""address"": """", ""city"": """", ""state"": """", ""zip"": """"}'}",6,15,38304,2011193,Belmont,,,
PC8632123,2026-09-16T11:13:07.000,Treatments,1377,DEAN STREET,11216,Brooklyn,Bait applied,,3012097501,3,1209,7501,40.67651029647,-73.943128221006,"{'latitude': '40.67651029647', 'longitude': '-73.943128221006', 'human_address': '{""address"": """", ""city"": """", ""state"": """", ""zip"": """"}'}",8,36,313,3425461,Crown Heights (North),,1000025,185755
PC8765261,2026-09-16T11:14:00.000,Compliance,426,CONVENT AVENUE,10031,Manhattan,Failed for Rat Activity,"Droppings, Burrows",1020630113,1,2063,113,40.826808626085,-73.944654184339,"{'latitude': '40.826808626085', 'longitude': '-73.944654184339', 'human_address': '{""address"": """", ""city"": """", ""state"": """", ""zip"": """"}'}",9,7,231,1061534,Hamilton Heights-Sugar Hill,,,
PC8698306,2026-09-16T11:14:18.000,Treatments,1058,BEDFORD AVENUE,11205,Brooklyn,Bait applied,,3019500040,3,1950,40,40.688814913845,-73.955009786579,"{'latitude': '40.688814913845', 'longitude': '-73.955009786579', 'human_address': '{""address"": """", ""city"": """", ""state"": """", ""zip"": """"}'}",3,36,233,3055691,Bedford-Stuyvesant (West),,,
PC8775139,2026-09-16T11:15:00.000,Stoppage,16,WEST 125 STREET,10027,Manhattan,Stoppage done,,1017220044,1,1722,44,40.806655843738,-73.942872100396,"{'latitude': '40.806655843738', 'longitude': '-73.942872100396', 'human_address': '{""address"": """", ""city"": """", ""state"": """", ""zip"": """"}'}",10,9,200,1053469,Harlem (South),,,
PC8651746,2026-09-16T11:15:12.000,Compliance,65,WEST 182 STREET,10453,Bronx,Failed for Rat Activity,"Droppings, Burrows",2032080026,2,3208,26,40.85787669263,-73.9069955163,"{'latitude': '40.85787669263', 'longitude': '-73.9069955163', 'human_address': '{""address"": """", ""city"": """", ""state"": """", ""zip"": """"}'}",5,14,251,2014520,University Heights (South)-Morris Heights,Summons Issued,,
PC8703984,2026-09-16T11:15:23.000,Treatments,1960,CROSS BRONX EXPWY,10472,Bronx,Bait applied,,2037940042,2,3794,42,40.832289837153,-73.858228934019,"{'latitude': '40.832289837153', 'longitude': '-73.858228934019', 'human_address': '{""address"": """", ""city"": """", ""state"": """", ""zip"": """"}'}",9,18,72,2025921,Castle Hill-Unionport,,,
PC8749840,2026-09-16T11:15:36.000,Treatments,1234,SHAKESPEARE AVENUE,10452,Bronx,Bait applied,,2025060033,2,2506,33,40.83802778282,-73.923232035455,"{'latitude': '40.83802778282', 'longitude': '-73.923232035455', 'human_address': '{""address"": """", ""city"": """", ""state"": """", ""zip"": """"}'}",4,16,199,2003081,Highbridge,,,
PC8778889,2026-09-16T11:16:51.000,Initial,1387,GRAND CONCOURSE,10452,Bronx,Failed for Rat Activity and Other Reason,"Droppings, Burrows, Rats, Garbage, Harborage",2028420065,2,2842,65,40.838271105093,-73.914120897353,"{'latitude': '40.838271105093', 'longitude': '-73.914120897353', 'human_address': '{""address"": """", ""city"": """", ""state"": """", ""zip"": """"}'}",4,16,22102,2008088,Mount Eden-Claremont (West),,,
PC8662733,2026-09-16T11:17:00.000,Treatments,465,HALSEY STREET,11233,Brooklyn,Bait applied,,3016600069,3,1660,69,40.683636311009,-73.933963968596,"{'latitude': '40.683636311009', 'longitude': '-73.933963968596', 'human_address': '{""address"": """", ""city"": """", ""state"": """", ""zip"": """"}'}",3,36,295,3046110,Bedford-Stuyvesant (East),,,
PC8776647,2026-09-16T11:18:00.000,Initial,22,4 PLACE,11231,Brooklyn,Failed for Other Reason,Harborage,3003730018,3,373,18,40.678687284641,-74.001070774686,"{'latitude': '40.678687284641', 'longitude': '-74.001070774686', 'human_address': '{""address"": """", ""city"": """", ""state"": """", ""zip"": """"}'}",6,39,65,3005461,Carroll Gardens-Cobble Hill-Gowanus-Red Hook,,983953,186543
PC8775138,2026-09-16T11:19:00.000,Stoppage,20,WEST 125 STREET,10027,Manhattan,Stoppage done,,1017220046,1,1722,46,40.806699811731,-73.942976818151,"{'latitude': '40.806699811731', 'longitude': '-73.942976818151', 'human_address': '{""address"": """", ""city"": """", ""state"": """", ""zip"": """"}'}",10,9,200,1053470,Harlem (South),,,
PC8740036,2026-09-16T11:20:00.000,Treatments,9,West 84 street,10024,Manhattan,Bait applied,,1011980026,1,1198,26,40.784225289366,-73.970880583967,"{'latitude': '40.784225289366', 'longitude': '-73.970880583967', 'human_address': '{""address"": """", ""city"": """", ""state"": """", ""zip"": """"}'}",7,6,169,1031309,Upper West Side (Central),,,
PC8713458,2026-09-16T11:21:40.000,Compliance,344,WEST 48 STREET,10036,Manhattan,Failed for Rat Activity,Droppings,1010380054,1,1038,54,40.76167201394,-73.988564118156,"{'latitude': '40.76167201394', 'longitude': '-73.988564118156', 'human_address': '{""address"": """", ""city"": """", ""state"": """", ""zip"": """"}'}",4,3,127,1025112,Hell's Kitchen,Summons Issued,,
PC8744959,2026-09-16T11:22:00.000,Compliance,670,GREENE AVENUE,11221,Brooklyn,Failed for Rat Activity,Burrows,3018010010,3,1801,10,40.689478624166,-73.941663944249,"{'latitude': '40.689478624166', 'longitude': '-73.941663944249', 'human_address': '{""address"": """", ""city"": """", ""state"": """", ""zip"": """"}'}",3,36,279,3050506,Bedford-Stuyvesant (East),Summons Issued,,
PC8764189,2026-09-16T11:22:37.000,Compliance,403,EAST 69 STREET,10021,Manhattan,Failed for Rat Activity,Droppings,1014647503,1,1464,7503,40.765737785515,-73.957098373309,"{'latitude': '40.765737785515', 'longitude': '-73.957098373309', 'human_address': '{""address"": """", ""city"": """", ""state"": """", ""zip"": """"}'}",8,5,124,1078422,Upper East Side-Lenox Hill-Roosevelt Island,,996134,218261
PC8775509,2026-09-16T11:22:51.000,Initial,324,EAST   19 STREET,10003,Manhattan,Failed for Rat Activity,Droppings,1009240052,1,924,52,40.734978313705,-73.981655100326,"{'latitude': '40.734978313705', 'longitude': '-73.981655100326', 'human_address': '{""address"": """", ""city"": """", ""state"": """", ""zip"": """"}'}",6,2,48,1020502,Gramercy,,989334,207052
PC8773820,2026-09-16T11:23:00.000,Initial,227,MACDONOUGH STREET,11233,Brooklyn,Failed for Other Reason,Harborage,3016690069,3,1669,69,40.681809887087,-73.936796080051,"{'latitude': '40.681809887087', 'longitude': '-73.936796080051', 'human_address': '{""address"": """", ""city"": """", ""state"": """", ""zip"": """"}'}",3,36,273,3046779,Bedford-Stuyvesant (East),,1001780,187687
PC8719234,2026-09-16T11:25:31.000,Treatments,580,EAST   21 STREET,11226,Brooklyn,Bait applied,,3051840041,3,5184,41,40.640153909489,-73.958091039697,"{'latitude': '40.640153909489', 'longitude': '-73.958091039697', 'human_address': '{""address"": """", ""city"": """", ""state"": """", ""zip"": """"}'}",14,40,51602,3119501,Flatbush,,995881,172507
PC8720500,2026-09-16T11:25:54.000,Treatments,224,MADISON AVENUE,10016,Manhattan,Bait applied,,1008660064,1,866,64,40.749355405094,-73.981806319047,"{'latitude': '40.749355405094', 'longitude': '-73.981806319047', 'human_address': '{""address"": """", ""city"": """", ""state"": """", ""zip"": """"}'}",5,4,82,1017187,Midtown-Times Square,,989291,212290
PC8703986,2026-09-16T11:26:35.000,Treatments,1962,CROSS BRONX EXPWY,10472,Bronx,Bait applied,,2037940043,2,3794,43,40.832278813614,-73.858192820983,"{'latitude': '40.832278813614', 'longitude': '-73.858192820983', 'human_address': '{""address"": """", ""city"": """", ""state"": """", ""zip"": """"}'}",9,18,72,2025922,Castle Hill-Unionport,,,
PC8764451,2026-09-16T11:27:00.000,Compliance,901,DREW STREET,11208,Brooklyn,Failed for Rat Activity and Other Reason,"Burrows, Garbage",3045167501,3,4516,7501,40.667406267159,-73.8603578599,"{'latitude': '40.667406267159', 'longitude': '-73.8603578599', 'human_address': '{""address"": """", ""city"": """", ""state"": """", ""zip"": """"}'}",5,42,1220,3323063,East New York-City Line,Summons Issued,1022989,182464
PC8722525,2026-09-16T11:27:34.000,Compliance,307,PLEASANT AVENUE,10035,Manhattan,Failed for Rat Activity and Other Reason,"Burrows, Runways, Garbage",1017100026,1,1710,26,40.795309192643,-73.932975138021,"{'latitude': '40.795309192643', 'longitude': '-73.932975138021', 'human_address': '{""address"": """", ""city"": """", ""state"": """", ""zip"": """"}'}",11,8,178,1053086,East Harlem (North),Summons Issued,1002831,229081
PC8774757,2026-09-16T11:28:29.000,Initial,2384,WEBSTER AVENUE,10458,Bronx,Failed for Other Reason,"Garbage, Harborage",2030310039,2,3031,39,40.85822252546,-73.894291660358,"{'latitude': '40.85822252546', 'longitude': '-73.894291660358', 'human_address': '{""address"": """", ""city"": """", ""state"": """", ""zip"": """"}'}",6,15,38304,2011199,Belmont,,,
PC8765477,2026-09-16T11:28:52.000,Compliance,429,CONVENT AVENUE,10031,Manhattan,Failed for Rat Activity,Burrows,1020630016,1,2063,16,40.826874465001,-73.944581862109,"{'latitude': '40.826874465001', 'longitude': '-73.944581862109', 'human_address': '{""address"": """", ""city"": """", ""state"": """", ""zip"": """"}'}",9,9,231,1061497,Hamilton Heights-Sugar Hill,,,
PC8744200,2026-09-16T11:31:31.000,Treatments,1004,BEDFORD AVENUE,11205,Brooklyn,Bait applied,,3019420029,3,1942,29,40.690585429284,-73.955358364305,"{'latitude': '40.690585429284', 'longitude': '-73.955358364305', 'human_address': '{""address"": """", ""city"": """", ""state"": """", ""zip"": """"}'}",3,36,233,3055437,Bedford-Stuyvesant (West),,,
PC8683335,2026-09-16T11:33:00.000,Treatments,357,HALSEY STREET,11216,Brooklyn,Bait applied,,3018410046,3,1841,46,40.683098185344,-73.938633680858,"{'latitude': '40.683098185344', 'longitude': '-73.938633680858', 'human_address': '{""address"": """", ""city"": """", ""state"": """", ""zip"": """"}'}",3,36,275,3052906,Bedford-Stuyvesant (East),,,
PC8718340,2026-09-16T11:33:17.000,Treatments,97,KINGSTON AVENUE,11213,Brooklyn,Bait applied,,3012100003,3,1210,3,40.676630248258,-73.941502177122,"{'latitude': '40.676630248258', 'longitude': '-73.941502177122', 'human_address': '{""address"": """", ""city"": """", ""state"": """", ""zip"": """"}'}",8,36,311,3030186,Crown Heights (North),,1000476,185799
PC8766530,2026-09-16T11:33:48.000,Initial,302,TOMPKINS AVENUE,11216,Brooklyn,Failed for Rat Activity,Droppings,3018090038,3,1809,38,40.687599994109,-73.944773782087,"{'latitude': '40.687599994109', 'longitude': '-73.944773782087', 'human_address': '{""address"": """", ""city"": """", ""state"": """", ""zip"": """"}'}",3,36,265,3050958,Bedford-Stuyvesant (West),,999566,189795
PC8743380,2026-09-16T11:34:27.000,Compliance,2257,GRAND AVENUE,10453,Bronx,Failed for Rat Activity and Other Reason,"Droppings, Burrows, Harborage",2032080046,2,3208,46,40.858589489727,-73.90597144411,"{'latitude': '40.858589489727', 'longitude': '-73.90597144411', 'human_address': '{""address"": """", ""city"": """", ""state"": """", ""zip"": """"}'}",5,14,251,2000000,University Heights (South)-Morris Heights,,,
PC8534761,2026-09-16T11:35:00.000,Compliance,140,32 st,11232,Brooklyn,Failed for Rat Activity,"Droppings, Burrows",3006800026,3,680,26,40.657096830847,-74.003031073875,"{'latitude': '40.657096830847', 'longitude': '-74.003031073875', 'human_address': '{""address"": """", ""city"": """", ""state"": """", ""zip"": """"}'}",7,38,101,3010079,Sunset Park (West),Summons Issued,,
PC8730322,2026-09-16T11:35:22.000,Treatments,120,WEST 169 STREET,10452,Bronx,Bait applied,,2025180036,2,2518,36,40.839933270033,-73.924194786295,"{'latitude': '40.839933270033', 'longitude': '-73.924194786295', 'human_address': '{""address"": """", ""city"": """", ""state"": """", ""zip"": """"}'}",4,16,211,2128510,Highbridge,,,
PC8778568,2026-09-16T11:35:22.000,Initial,2185,2 AVENUE,10029,Manhattan,Failed for Rat Activity,Burrows,1016620016,1,1662,16,40.79458548495,-73.939552599834,"{'latitude': '40.79458548495', 'longitude': '-73.939552599834', 'human_address': '{""address"": """", ""city"": """", ""state"": """", ""zip"": """"}'}",11,8,180,1052513,East Harlem (North),City Agency Referral,,
PC8645716,2026-09-16T11:35:31.000,Treatments,569,EAST 21 STREET,11226,Brooklyn,Bait applied,,3051850042,3,5185,42,40.640340558575,-73.958101731687,"{'latitude': '40.640340558575', 'longitude': '-73.958101731687', 'human_address': '{""address"": """", ""city"": """", ""state"": """", ""zip"": """"}'}",14,40,51602,3119523,Flatbush,,995876,172589
PC8737934,2026-09-16T11:35:36.000,Treatments,1195,ANDERSON AVENUE,10452,Bronx,Bait applied,,2025100040,2,2510,40,40.836995976508,-73.923554869106,"{'latitude': '40.836995976508', 'longitude': '-73.923554869106', 'human_address': '{""address"": """", ""city"": """", ""state"": """", ""zip"": """"}'}",4,16,199,2097864,Highbridge,,1005405,244232
PC8751487,2026-09-16T11:35:39.000,Compliance,334,WEST   47 STREET,10036,Manhattan,Failed for Rat Activity and Other Reason,"Droppings, Mice",1010370052,1,1037,52,40.760862313156,-73.98859313585,"{'latitude': '40.760862313156', 'longitude': '-73.98859313585', 'human_address': '{""address"": """", ""city"": """", ""state"": """", ""zip"": """"}'}",4,3,127,1025067,Hell's Kitchen,,987410,216482
PC8678393,2026-09-16T11:35:51.000,Compliance,1375,GRAND CONCOURSE,10452,Bronx,Failed for Rat Activity,"Droppings, Burrows, Runways",2028410063,2,2841,63,40.83793919705,-73.914395988953,"{'latitude': '40.83793919705', 'longitude': '-73.914395988953', 'human_address': '{""address"": """", ""city"": """", ""state"": """", ""zip"": """"}'}",4,16,22102,2008065,Mount Eden-Claremont (West),Summons Issued,,
PC8774847,2026-09-16T11:36:31.000,Initial,410,EAST 187 STREET,10458,Bronx,Failed for Rat Activity,Droppings,2030310045,2,3031,45,40.85862537344,-73.893611379466,"{'latitude': '40.85862537344', 'longitude': '-73.893611379466', 'human_address': '{""address"": """", ""city"": """", ""state"": """", ""zip"": """"}'}",6,15,38304,2112733,Belmont,,,
PC8733570,2026-09-16T11:39:34.000,Compliance,320,PLEASANT AVENUE,10035,Manhattan,Failed for Rat Activity and Other Reason,"Droppings, Burrows, Harborage",1017160001,1,1716,1,40.795816740643,-73.932580952915,"{'latitude': '40.795816740643', 'longitude': '-73.932580952915', 'human_address': '{""address"": """", ""city"": """", ""state"": """", ""zip"": """"}'}",11,8,178,1053170,East Harlem (North),Summons Issued,,
PC8707692,2026-09-16T11:40:57.000,Treatments,2070,POWELL AVENUE,10472,Bronx,Bait applied,,2038010036,2,3801,36,40.830720529049,-73.854387445166,"{'latitude': '40.830720529049', 'longitude': '-73.854387445166', 'human_address': '{""address"": """", ""city"": """", ""state"": """", ""zip"": """"}'}",9,18,78,2026162,Castle Hill-Unionport,,1024546,241967
PC8778279,2026-09-16T11:41:15.000,Initial,,,11221,Brooklyn,Failed for Rat Activity and Other Reason,"Droppings, Burrows, Runways, Rats, Animal Nuisance",,3,3252,32,,,,,,,,,,,
PC8777367,2026-09-16T11:42:00.000,Stoppage,,,10024,Manhattan,Stoppage done,,,1,1245,70,,,,,,,,,,,
PC8701582,2026-09-16T11:43:20.000,Compliance,327,WEST 126 STREET,10027,Manhattan,Failed for Rat Activity and Other Reason,"Burrows, Harborage",1019530021,1,1953,21,40.811161163926,-73.951426245908,"{'latitude': '40.811161163926', 'longitude': '-73.951426245908', 'human_address': '{""address"": """", ""city"": """", ""state"": """", ""zip"": """"}'}",10,9,215,1059333,Harlem (North),Summons Issued,,
PC8776894,2026-09-16T11:44:00.000,Initial,670,GARDEN STREET,10457,Bronx,Failed for Other Reason,Harborage,2030840008,2,3084,8,40.851177456282,-73.886357810664,"{'latitude': '40.851177456282', 'longitude': '-73.886357810664', 'human_address': '{""address"": """", ""city"": """", ""state"": """", ""zip"": """"}'}",6,15,391,2012407,Belmont,,,
PC8778886,2026-09-16T11:44:16.000,Initial,1591,Boston Road,10460,Bronx,Failed for Other Reason,"Garbage, Harborage",2029390118,2,2939,118,40.835784102145,-73.891132805697,"{'latitude': '40.835784102145', 'longitude': '-73.891132805697', 'human_address': '{""address"": """", ""city"": """", ""state"": """", ""zip"": """"}'}",3,15,155,2009869,Crotona Park East,,,
PC8774818,2026-09-16T11:44:34.000,Initial,412,EAST 187 STREET,10458,Bronx,Failed for Rat Activity and Other Reason,"Burrows, Harborage",2030310145,2,3031,145,40.858608868253,-73.893571639919,"{'latitude': '40.858608868253', 'longitude': '-73.893571639919', 'human_address': '{""address"": """", ""city"": """", ""state"": """", ""zip"": """"}'}",6,15,38304,2112732,Belmont,,,
PC8772636,2026-09-16T11:45:01.000,Initial,1893,ANDREWS AVENUE SOUTH,10453,Bronx,Failed for Rat Activity,Burrows,2028790204,2,2879,204,40.853614003951,-73.913887736159,"{'latitude': '40.853614003951', 'longitude': '-73.913887736159', 'human_address': '{""address"": """", ""city"": """", ""state"": """", ""zip"": """"}'}",5,14,24501,2009122,University Heights (South)-Morris Heights,,,
PC8774317,2026-09-16T11:45:26.000,Initial,852,EAST  220 STREET,10467,Bronx,Failed for Other Reason,Harborage,2046780067,2,4678,67,40.882814442904,-73.857853163063,"{'latitude': '40.882814442904', 'longitude': '-73.857853163063', 'human_address': '{""address"": """", ""city"": """", ""state"": """", ""zip"": """"}'}",12,12,396,2058550,Williamsbridge-Olinville,,1023556,260945
PC8687485,2026-09-16T11:45:31.000,Treatments,430,EAST   22 STREET,11226,Brooklyn,Bait applied,,3051850016,3,5185,16,40.641144492173,-73.957322919465,"{'latitude': '40.641144492173', 'longitude': '-73.957322919465', 'human_address': '{""address"": """", ""city"": """", ""state"": """", ""zip"": """"}'}",14,40,51602,3345437,Flatbush,,996094,172868
PC8778897,2026-09-16T11:46:00.000,Initial,,,11205,Brooklyn,Failed for Rat Activity and Other Reason,"Burrows, Runways, Harborage",,3,1942,22,,,,,,,,,,,
PC8768253,2026-09-16T11:46:22.000,Compliance,1421,ST MARKS AVENUE,11233,Brooklyn,Failed for Rat Activity,"Droppings, Burrows",3014510064,3,1451,64,40.673620618528,-73.920948956512,"{'latitude': '40.673620618528', 'longitude': '-73.920948956512', 'human_address': '{""address"": """", ""city"": """", ""state"": """", ""zip"": """"}'}",16,41,303,3039011,Ocean Hill,,1006178,184707
PC8745093,2026-09-16T11:46:39.000,Treatments,971,BEDFORD AVENUE,11205,Brooklyn,Bait applied,,3017780009,3,1778,9,40.690791295683,-73.955379861699,"{'latitude': '40.690791295683', 'longitude': '-73.955379861699', 'human_address': '{""address"": """", ""city"": """", ""state"": """", ""zip"": """"}'}",3,36,241,3049599,Bedford-Stuyvesant (West),,,
PC8767325,2026-09-16T11:48:01.000,Initial,162,MADISON STREET,11216,Brooklyn,Failed for Other Reason,Harborage,3018220026,3,1822,26,40.684477173917,-73.952539271397,"{'latitude': '40.684477173917', 'longitude': '-73.952539271397', 'human_address': '{""address"": """", ""city"": """", ""state"": """", ""zip"": """"}'}",3,36,245,3051557,Bedford-Stuyvesant (West),,997413,188656
PC8679914,2026-09-16T11:49:00.000,Treatments,297,HALSEY STREET,11216,Brooklyn,Bait applied,,3018400050,3,1840,50,40.682778493925,-73.941399413759,"{'latitude': '40.682778493925', 'longitude': '-73.941399413759', 'human_address': '{""address"": """", ""city"": """", ""state"": """", ""zip"": """"}'}",3,36,267,3052835,Bedford-Stuyvesant (West),,,
PC8777258,2026-09-16T11:50:00.000,Initial,166,ROMA AVENUE,10306,Staten Island,Failed for Other Reason,Harborage,5040880013,5,4088,13,40.561904877294,-74.10343457625,"{'latitude': '40.561904877294', 'longitude': '-74.10343457625', 'human_address': '{""address"": """", ""city"": """", ""state"": """", ""zip"": """"}'}",2,50,12804,5056986,New Dorp-Midland Beach,,955510,144013
PC8596776,2026-09-16T11:51:20.000,Compliance,363,WEST  126 STREET,10027,Manhattan,Failed for Rat Activity and Other Reason,"Burrows, Garbage",1019530009,1,1953,9,40.811641969851,-73.952563841368,"{'latitude': '40.811641969851', 'longitude': '-73.952563841368', 'human_address': '{""address"": """", ""city"": """", ""state"": """", ""zip"": """"}'}",9,9,21303,1059329,Manhattanville-West Harlem,Summons Issued,997381,234986
PC8620884,2026-09-16T11:51:34.000,Compliance,329,PLEASANT AVENUE,10035,Manhattan,Failed for Rat Activity,"Droppings, Runways",1017110026,1,1711,26,40.796019779857,-73.93245794931,"{'latitude': '40.796019779857', 'longitude': '-73.93245794931', 'human_address': '{""address"": """", ""city"": """", ""state"": """", ""zip"": """"}'}",11,8,178,1090455,East Harlem (North),Summons Issued,,
PC8698063,2026-09-16T11:51:43.000,Treatments,1481,DEAN STREET,11213,Brooklyn,Bait applied,,3012100048,3,1210,48,40.67630799847,-73.939364592868,"{'latitude': '40.67630799847', 'longitude': '-73.939364592868', 'human_address': '{""address"": """", ""city"": """", ""state"": """", ""zip"": """"}'}",8,36,311,3030213,Crown Heights (North),,,
PC8774567,2026-09-16T11:52:38.000,Initial,414,EAST 187 STREET,10458,Bronx,Failed for Rat Activity,Droppings,2030310046,2,3031,46,40.858595107779,-73.893531895981,"{'latitude': '40.858595107779', 'longitude': '-73.893531895981', 'human_address': '{""address"": """", ""city"": """", ""state"": """", ""zip"": """"}'}",6,15,38304,2011202,Belmont,,,
PC8775418,2026-09-16T11:53:00.000,Initial,310,WEST 144 STREET,10030,Manhattan,Failed for Rat Activity,Gnawing,1020440020,1,2044,20,40.822256866302,-73.942659934249,"{'latitude': '40.822256866302', 'longitude': '-73.942659934249', 'human_address': '{""address"": """", ""city"": """", ""state"": """", ""zip"": """"}'}",10,9,259,1060779,Harlem (North),,,
PC8772214,2026-09-16T11:55:01.000,Initial,1863,ANDREWS AVENUE SOUTH,10453,Bronx,Failed for Rat Activity,Burrows,2028790217,2,2879,217,40.852793812434,-73.914535847265,"{'latitude': '40.852793812434', 'longitude': '-73.914535847265', 'human_address': '{""address"": """", ""city"": """", ""state"": """", ""zip"": """"}'}",5,14,24501,2009130,University Heights (South)-Morris Heights,,,
PC8725936,2026-09-16T11:55:04.000,Compliance,630,LENOX AVENUE,10037,Manhattan,Failed for Rat Activity,Burrows,1017370069,1,1737,69,40.818087892135,-73.937937887936,"{'latitude': '40.818087892135', 'longitude': '-73.937937887936', 'human_address': '{""address"": """", ""city"": """", ""state"": """", ""zip"": """"}'}",10,9,214,1053940,Harlem (North),,1001428,237337
PC8656014,2026-09-16T11:55:17.000,Treatments,1410,PARK CHESTER ROAD,10462,Bronx,Bait applied,,2039387501,2,3938,7501,40.835670583101,-73.859833477639,"{'latitude': '40.835670583101', 'longitude': '-73.859833477639', 'human_address': '{""address"": """", ""city"": """", ""state"": """", ""zip"": """"}'}",9,18,212,2096666,Parkchester,,1023036,243768
PC8682965,2026-09-16T11:55:27.000,Compliance,55,EVELYN PLACE,10468,Bronx,Failed for Rat Activity,Burrows,2032090065,2,3209,65,40.85979150026,-73.905749213389,"{'latitude': '40.85979150026', 'longitude': '-73.905749213389', 'human_address': '{""address"": """", ""city"": """", ""state"": """", ""zip"": """"}'}",7,14,253,2014566,University Heights (North)-Fordham,Summons Issued,,
PC8604172,2026-09-16T11:55:36.000,Treatments,903,SUMMIT AVENUE,10452,Bronx,Bait applied,,2025230043,2,2523,43,40.83095980289,-73.931475584478,"{'latitude': '40.83095980289', 'longitude': '-73.931475584478', 'human_address': '{""address"": """", ""city"": """", ""state"": """", ""zip"": """"}'}",4,16,189,2003406,Highbridge,,,
PC8776208,2026-09-16T11:56:00.000,Initial,20,KOSCIUSZKO STREET,11205,Brooklyn,Failed for Rat Activity,Droppings,3017830016,3,1783,16,40.690242028131,-73.954583320233,"{'latitude': '40.690242028131', 'longitude': '-73.954583320233', 'human_address': '{""address"": """", ""city"": """", ""state"": """", ""zip"": """"}'}",3,36,241,3049716,Bedford-Stuyvesant (West),,996845,190756
PC8777227,2026-09-16T11:58:16.000,Initial,1550,MINFORD PLACE,10460,Bronx,Failed for Rat Activity,"Droppings, Burrows",2029770139,2,2977,139,40.834861118308,-73.890342899549,"{'latitude': '40.834861118308', 'longitude': '-73.890342899549', 'human_address': '{""address"": """", ""city"": """", ""state"": """", ""zip"": """"}'}",3,17,155,2010511,Crotona Park East,,1014594,243461
PC8748379,2026-09-16T11:59:34.000,Compliance,351,PLEASANT AVENUE,10035,Manhattan,Failed for Rat Activity,Burrows,1018060025,1,1806,25,40.796670003773,-73.931980540355,"{'latitude': '40.796670003773', 'longitude': '-73.931980540355', 'human_address': '{""address"": """", ""city"": """", ""state"": """", ""zip"": """"}'}",11,8,178,1054826,East Harlem (North),Summons Issued,,
PC8772865,2026-09-16T11:59:59.000,Initial,1841,ANDREWS AVENUE SOUTH,10453,Bronx,Failed for Other Reason,Harborage,2028790302,2,2879,302,40.852483883231,-73.914839886906,"{'latitude': '40.852483883231', 'longitude': '-73.914839886906', 'human_address': '{""address"": """", ""city"": """", ""state"": """", ""zip"": """"}'}",5,14,24501,2009162,University Heights (South)-Morris Heights,,,
PC8774491,2026-09-16T12:00:20.000,Initial,416,EAST 187 STREET,10458,Bronx,Failed for Rat Activity and Other Reason,"Droppings, Garbage, Harborage",2030310047,2,3031,47,40.858578605914,-73.893495771561,"{'latitude': '40.858578605914', 'longitude': '-73.893495771561', 'human_address': '{""address"": """", ""city"": """", ""state"": """", ""zip"": """"}'}",6,15,38304,2011203,Belmont,,,
PC8769129,2026-09-16T12:00:36.000,Initial,1101,HOE AVENUE,10459,Bronx,Failed for Rat Activity,Droppings,2027440042,2,2744,42,40.825861648087,-73.890907010706,"{'latitude': '40.825861648087', 'longitude': '-73.890907010706', 'human_address': '{""address"": """", ""city"": """", ""state"": """", ""zip"": """"}'}",2,17,12701,2006045,Longwood,,1014442,240182
PC8775689,2026-09-16T12:01:00.000,Initial,461,4 AVENUE,11215,Brooklyn,Failed for Rat Activity,"Droppings, Burrows, Runways",3010160001,3,1016,1,40.669387507008,-73.989506434894,"{'latitude': '40.669387507008', 'longitude': '-73.989506434894', 'human_address': '{""address"": """", ""city"": """", ""state"": """", ""zip"": """"}'}",6,38,139,3022519,Park Slope,,987161,183155
PC8753024,2026-09-16T12:02:38.000,Compliance,343,EAST   66 STREET,10065,Manhattan,Failed for Rat Activity and Other Reason,"Burrows, Mice, Animal Nuisance",1014410023,1,1441,23,40.764539401387,-73.960077371482,"{'latitude': '40.764539401387', 'longitude': '-73.960077371482', 'human_address': '{""address"": """", ""city"": """", ""state"": """", ""zip"": """"}'}",8,5,118,1044741,Upper East Side-Lenox Hill-Roosevelt Island,,,
PC8772533,2026-09-16T12:02:59.000,Initial,1825,ANDREWS AVENUE SOUTH,10453,Bronx,Failed for Other Reason,Harborage,2028790307,2,2879,307,40.852258981132,-73.91506429035,"{'latitude': '40.852258981132', 'longitude': '-73.91506429035', 'human_address': '{""address"": """", ""city"": """", ""state"": """", ""zip"": """"}'}",5,14,24501,2009167,University Heights (South)-Morris Heights,,,
PC8716153,2026-09-16T12:03:32.000,Compliance,412,WEST 46 STREET,10036,Manhattan,Failed for Rat Activity,Burrows,1010550041,1,1055,41,40.761244079061,-73.99139787543,"{'latitude': '40.761244079061', 'longitude': '-73.99139787543', 'human_address': '{""address"": """", ""city"": """", ""state"": """", ""zip"": """"}'}",4,3,12102,1026462,Hell's Kitchen,Summons Issued,,
PC8678392,2026-09-16T12:04:51.000,Compliance,103,EAST 169 STREET,10452,Bronx,Failed for Rat Activity,Burrows,2028390087,2,2839,87,40.837032978647,-73.917526812143,"{'latitude': '40.837032978647', 'longitude': '-73.917526812143', 'human_address': '{""address"": """", ""city"": """", ""state"": """", ""zip"": """"}'}",4,16,22102,2008043,Mount Eden-Claremont (West),Summons Issued,,
PC8771732,2026-09-16T12:04:59.000,Initial,1821,ANDREWS AVENUE SOUTH,10453,Bronx,Failed for Other Reason,Harborage,2028790308,2,2879,308,40.852201381838,-73.91511858536,"{'latitude': '40.852201381838', 'longitude': '-73.91511858536', 'human_address': '{""address"": """", ""city"": """", ""state"": """", ""zip"": """"}'}",5,14,24501,2009168,University Heights (South)-Morris Heights,,,
PC8650890,2026-09-16T12:06:00.000,Compliance,1038,BEDFORD AVENUE,11205,Brooklyn,Failed for Rat Activity and Other Reason,"Droppings, Burrows, Runways, Harborage",3019420046,3,1942,46,40.689545080052,-73.955153527681,"{'latitude': '40.689545080052', 'longitude': '-73.955153527681', 'human_address': '{""address"": """", ""city"": """", ""state"": """", ""zip"": """"}'}",3,36,233,3055451,Bedford-Stuyvesant (West),Summons Issued,,
PC8637490,2026-09-16T12:07:15.000,Compliance,368,EVERGREEN AVENUE,11221,Brooklyn,Failed for Rat Activity,"Droppings, Runways",3032840025,3,3284,25,40.694186443577,-73.923852668297,"{'latitude': '40.694186443577', 'longitude': '-73.923852668297', 'human_address': '{""address"": """", ""city"": """", ""state"": """", ""zip"": """"}'}",4,37,395,3390291,Bushwick (East),Summons Issued,,
PC8771107,2026-09-16T12:07:59.000,Initial,181,WEST TREMONT AVENUE,10453,Bronx,Failed for Rat Activity,Droppings,2028790050,2,2879,50,40.851672079721,-73.915704847431,"{'latitude': '40.851672079721', 'longitude': '-73.915704847431', 'human_address': '{""address"": """", ""city"": """", ""state"": """", ""zip"": """"}'}",5,14,24501,2009060,University Heights (South)-Morris Heights,,,
PC8774815,2026-09-16T12:08:14.000,Initial,4633,PARK AVENUE,10458,Bronx,Failed for Rat Activity,Burrows,2030310048,2,3031,48,40.857982563365,-73.893026771748,"{'latitude': '40.857982563365', 'longitude': '-73.893026771748', 'human_address': '{""address"": """", ""city"": """", ""state"": """", ""zip"": """"}'}",6,15,38304,2011204,Belmont,,,
PC8694926,2026-09-16T12:09:00.000,Treatments,637,NOSTRAND AVENUE,11216,Brooklyn,Bait applied,,3012200001,3,1220,1,40.675423810067,-73.949968074248,"{'latitude': '40.675423810067', 'longitude': '-73.949968074248', 'human_address': '{""address"": """", ""city"": """", ""state"": """", ""zip"": """"}'}",8,36,315,3030702,Crown Heights (North),,,
PC8622558,2026-09-16T12:10:38.000,Treatments,1935,MCGRAW AVENUE,10462,Bronx,Bait applied,,2039387501,2,3938,7501,40.834748519827,-73.859972751952,"{'latitude': '40.834748519827', 'longitude': '-73.859972751952', 'human_address': '{""address"": """", ""city"": """", ""state"": """", ""zip"": """"}'}",9,18,212,2096669,Parkchester,,1022992,243419
PC8568980,2026-09-16T12:10:54.000,Treatments,10,UNION SQUARE EAST,10003,Manhattan,Bait applied,,1008707501,1,870,7501,40.734693881702,-73.989914678479,"{'latitude': '40.734693881702', 'longitude': '-73.989914678479', 'human_address': '{""address"": """", ""city"": """", ""state"": """", ""zip"": """"}'}",5,2,50,1083247,Gramercy,,,
PC8775482,2026-09-16T12:12:00.000,Initial,307,WEST 143 STREET,10030,Manhattan,Failed for Rat Activity,Droppings,1020440007,1,2044,7,40.821639511555,-73.943086811405,"{'latitude': '40.821639511555', 'longitude': '-73.943086811405', 'human_address': '{""address"": """", ""city"": """", ""state"": """", ""zip"": """"}'}",10,9,259,1060769,Harlem (North),,,
PC8778023,2026-09-16T12:14:00.000,Initial,1026,BEDFORD AVENUE,11205,Brooklyn,Failed for Rat Activity,Droppings,3019420040,3,1942,40,40.689852518612,-73.95521462055,"{'latitude': '40.689852518612', 'longitude': '-73.95521462055', 'human_address': '{""address"": """", ""city"": """", ""state"": """", ""zip"": """"}'}",3,36,233,3055445,Bedford-Stuyvesant (West),,996670,190614
PC8771514,2026-09-16T12:15:00.000,Initial,1840,LORING PLACE SOUTH,10453,Bronx,Failed for Other Reason,Harborage,2028790060,2,2879,60,40.852780921969,-73.915663674188,"{'latitude': '40.852780921969', 'longitude': '-73.915663674188', 'human_address': '{""address"": """", ""city"": """", ""state"": """", ""zip"": """"}'}",5,14,24501,2009062,University Heights (South)-Morris Heights,,,
PC8764395,2026-09-16T12:15:09.000,Initial,149,JEFFERSON AVENUE,11216,Brooklyn,Failed for Rat Activity,"Droppings, Burrows",3018270177,3,1827,177,40.683101662239,-73.951631657539,"{'latitude': '40.683101662239', 'longitude': '-73.951631657539', 'human_address': '{""address"": """", ""city"": """", ""state"": """", ""zip"": """"}'}",3,36,245,3388044,Bedford-Stuyvesant (West),,997665,188155
PC8776203,2026-09-16T12:15:26.000,Initial,725,EAST  223 STREET,10466,Bronx,Failed for Other Reason,"Garbage, Harborage",2048370031,2,4837,31,40.886072587336,-73.86021865712,"{'latitude': '40.886072587336', 'longitude': '-73.86021865712', 'human_address': '{""address"": """", ""city"": """", ""state"": """", ""zip"": """"}'}",12,12,396,2063364,Williamsbridge-Olinville,,1022900,262131
PC8676434,2026-09-16T12:15:36.000,Treatments,223,WEST 167 STREET,10452,Bronx,Bait applied,,2025300001,2,2530,1,40.838953240377,-73.928221927751,"{'latitude': '40.838953240377', 'longitude': '-73.928221927751', 'human_address': '{""address"": """", ""city"": """", ""state"": """", ""zip"": """"}'}",4,16,201,2000000,Highbridge,,,
PC8773122,2026-09-16T12:15:39.000,Initial,762,MILLER AVENUE,11207,Brooklyn,Failed for Other Reason,Mice,3043030034,3,4303,34,40.662114389197,-73.887899437925,"{'latitude': '40.662114389197', 'longitude': '-73.887899437925', 'human_address': '{""address"": """", ""city"": """", ""state"": """", ""zip"": """"}'}",5,42,1122,3096717,East New York-New Lots,COTA,1015351,180525
PC8682718,2026-09-16T12:15:41.000,Compliance,2321,GRAND AVENUE,10468,Bronx,Failed for Rat Activity,"Droppings, Burrows",2032090050,2,3209,50,40.860594886091,-73.904753889526,"{'latitude': '40.860594886091', 'longitude': '-73.904753889526', 'human_address': '{""address"": """", ""city"": """", ""state"": """", ""zip"": """"}'}",7,14,253,2014561,University Heights (North)-Fordham,Summons Issued,,
PC8656050,2026-09-16T12:20:31.000,Treatments,531,EAST   22 STREET,11226,Brooklyn,Bait applied,,3052080046,3,5208,46,40.639365739064,-73.956963744501,"{'latitude': '40.639365739064', 'longitude': '-73.956963744501', 'human_address': '{""address"": """", ""city"": """", ""state"": """", ""zip"": """"}'}",14,40,51601,3120284,Flatbush,,996194,172220
PC8757383,2026-09-16T12:20:32.000,Initial,96,WATER STREET,10005,Manhattan,Failed for Rat Activity and Other Reason,"Burrows, Garbage",1000317501,1,31,7501,40.704575691845,-74.008270180262,"{'latitude': '40.704575691845', 'longitude': '-74.008270180262', 'human_address': '{""address"": """", ""city"": """", ""state"": """", ""zip"": """"}'}",1,1,7,1090087,Financial District-Battery Park City,,981957,195975
PC8774380,2026-09-16T12:20:36.000,Initial,943,EAST  156 STREET,10455,Bronx,Failed for Other Reason,"Garbage, Harborage",2027010012,2,2701,12,40.816433630614,-73.900156830822,"{'latitude': '40.816433630614', 'longitude': '-73.900156830822', 'human_address': '{""address"": """", ""city"": """", ""state"": """", ""zip"": """"}'}",2,17,85,2005416,Longwood,,1011886,236744
PC8741790,2026-09-16T12:22:00.000,Compliance,645,9 AVENUE,10036,Manhattan,Failed for Rat Activity,"Droppings, Runways",1010550029,1,1055,29,40.760527675145,-73.991109188394,"{'latitude': '40.760527675145', 'longitude': '-73.991109188394', 'human_address': '{""address"": """", ""city"": """", ""state"": """", ""zip"": """"}'}",4,3,12102,1026453,Hell's Kitchen,,986713,216360
PC8778176,2026-09-16T12:22:00.000,Initial,2919,SURF AVENUE,11224,Brooklyn,Failed for Rat Activity,"Droppings, Burrows",3070510054,3,7051,54,40.572856577253,-73.995126185302,"{'latitude': '40.572856577253', 'longitude': '-73.995126185302', 'human_address': '{""address"": """", ""city"": """", ""state"": """", ""zip"": """"}'}",13,47,342,3189523,Coney Island-Sea Gate,,985604,147986
PC8765454,2026-09-16T12:22:52.000,Compliance,1881,AMSTERDAM AVENUE,10032,Manhattan,Failed for Rat Activity,Burrows,1020680001,1,2068,1,40.830351693465,-73.943845403611,"{'latitude': '40.830351693465', 'longitude': '-73.943845403611', 'human_address': '{""address"": """", ""city"": """", ""state"": """", ""zip"": """"}'}",9,7,23501,1061650,Hamilton Heights-Sugar Hill,,,
PC8753162,2026-09-16T12:23:08.000,Compliance,508,SENECA AVENUE,11385,Queens,Failed for Rat Activity,Droppings,4034360034,4,3436,34,40.705310718193,-73.911948460768,"{'latitude': '40.705310718193', 'longitude': '-73.911948460768', 'human_address': '{""address"": """", ""city"": """", ""state"": """", ""zip"": """"}'}",5,34,545,4082057,Ridgewood,,,
PC8685907,2026-09-16T12:23:55.000,Treatments,1368,METROPOLITAN AVENUE,10462,Bronx,Bait applied,,2039387501,2,3938,7501,40.834972142064,-73.861041966704,"{'latitude': '40.834972142064', 'longitude': '-73.861041966704', 'human_address': '{""address"": """", ""city"": """", ""state"": """", ""zip"": """"}'}",9,18,212,2096674,Parkchester,,1022702,243513
PC8778455,2026-09-16T12:25:51.000,Initial,310,EAST 115 STREET,10029,Manhattan,Failed for Rat Activity and Other Reason,"Droppings, Burrows, Harborage",1016840001,1,1684,1,40.796113415512,-73.937875384392,"{'latitude': '40.796113415512', 'longitude': '-73.937875384392', 'human_address': '{""address"": """", ""city"": """", ""state"": """", ""zip"": """"}'}",11,8,180,1081086,East Harlem (North),City Agency Referral,,
PC8731802,2026-09-16T12:26:00.000,Compliance,293,FRANKLIN AVENUE,11205,Brooklyn,Failed for Rat Activity and Other Reason,"Droppings, Burrows, Runways, Harborage",3019410002,3,1941,2,40.689501889985,-73.957050254683,"{'latitude': '40.689501889985', 'longitude': '-73.957050254683', 'human_address': '{""address"": """", ""city"": """", ""state"": """", ""zip"": """"}'}",3,36,233,3055382,Bedford-Stuyvesant (West),Summons Issued,,
PC8778914,2026-09-16T12:26:00.000,Initial,,,11216,Brooklyn,Failed for Other Reason,Harborage,,3,1829,70,,,,,,,,,,,
PC8771535,2026-09-16T12:28:00.000,Initial,1864,LORING PLACE SOUTH,10453,Bronx,Failed for Rat Activity,Burrows,2028790067,2,2879,67,40.853132024305,-73.915359584444,"{'latitude': '40.853132024305', 'longitude': '-73.915359584444', 'human_address': '{""address"": """", ""city"": """", ""state"": """", ""zip"": """"}'}",5,14,24501,2009069,University Heights (South)-Morris Heights,,,
PC8778983,2026-09-16T12:32:09.000,Initial,100,EAST 184 STREET,10468,Bronx,Failed for Rat Activity,Burrows,2031720046,2,3172,46,40.859913458393,-73.900644425115,"{'latitude': '40.859913458393', 'longitude': '-73.900644425115', 'human_address': '{""address"": """", ""city"": """", ""state"": """", ""zip"": """"}'}",5,14,23703,2013899,Fordham Heights,,,
PC8771440,2026-09-16T12:32:11.000,Initial,1874,LORING PLACE SOUTH,10453,Bronx,Failed for Rat Activity,Burrows,2028790200,2,2879,200,40.853277401793,-73.915232880603,"{'latitude': '40.853277401793', 'longitude': '-73.915232880603', 'human_address': '{""address"": """", ""city"": """", ""state"": """", ""zip"": """"}'}",5,14,24501,2009121,University Heights (South)-Morris Heights,,,
PC8775268,2026-09-16T12:35:00.000,Initial,470,PROSPECT AVENUE,11215,Brooklyn,Failed for Rat Activity,Droppings,3008700032,3,870,32,40.65921998213,-73.982425697366,"{'latitude': '40.65921998213', 'longitude': '-73.982425697366', 'human_address': '{""address"": """", ""city"": """", ""state"": """", ""zip"": """"}'}",7,39,169,3016579,Windsor Terrace-South Slope,,989126,179451
PC8725764,2026-09-16T12:35:36.000,Treatments,1400,UNIVERSITY AVENUE,10452,Bronx,Bait applied,,2025340018,2,2534,18,40.843161637805,-73.925044056638,"{'latitude': '40.843161637805', 'longitude': '-73.925044056638', 'human_address': '{""address"": """", ""city"": """", ""state"": """", ""zip"": """"}'}",4,16,201,2000000,Highbridge,,,
PC8776689,2026-09-16T12:36:16.000,Initial,801,CROTONA PARK NORTH,10460,Bronx,Failed for Other Reason,Harborage,2029520009,2,2952,9,40.840452916614,-73.891146820517,"{'latitude': '40.840452916614', 'longitude': '-73.891146820517', 'human_address': '{""address"": """", ""city"": """", ""state"": """", ""zip"": """"}'}",6,15,367,2010002,Tremont,,1014369,245498
PC8753285,2026-09-16T12:36:38.000,Compliance,512,SENECA AVENUE,11385,Queens,Failed for Rat Activity,Burrows,4034360040,4,3436,40,40.705285984797,-73.911908819336,"{'latitude': '40.705285984797', 'longitude': '-73.911908819336', 'human_address': '{""address"": """", ""city"": """", ""state"": """", ""zip"": """"}'}",5,34,545,4082059,Ridgewood,,,
PC8733152,2026-09-16T12:36:42.000,Treatments,1565,TOWNSEND AVENUE,10452,Bronx,Bait applied,,2028460041,2,2846,41,40.843420338205,-73.914262409114,"{'latitude': '40.843420338205', 'longitude': '-73.914262409114', 'human_address': '{""address"": """", ""city"": """", ""state"": """", ""zip"": """"}'}",4,16,209,2008141,Mount Eden-Claremont (West),,,
PC8765275,2026-09-16T12:36:52.000,Compliance,1893,AMSTERDAM AVENUE,10032,Manhattan,Failed for Rat Activity,Burrows,1020680043,1,2068,43,40.830642533131,-73.943635570245,"{'latitude': '40.830642533131', 'longitude': '-73.943635570245', 'human_address': '{""address"": """", ""city"": """", ""state"": """", ""zip"": """"}'}",9,7,23501,1061679,Hamilton Heights-Sugar Hill,,,
PC8776110,2026-09-16T12:38:26.000,Initial,2904,RADCLIFF AVENUE,10469,Bronx,Failed for Other Reason,"Garbage, Harborage",2045530008,2,4553,8,40.868081184207,-73.860455480488,"{'latitude': '40.868081184207', 'longitude': '-73.860455480488', 'human_address': '{""address"": """", ""city"": """", ""state"": """", ""zip"": """"}'}",11,12,342,2054941,Allerton,,1022845,255576
PC8687935,2026-09-16T12:40:54.000,Treatments,110,EAST   17 STREET,10003,Manhattan,Bait applied,,1008720071,1,872,71,40.736228048427,-73.988269002461,"{'latitude': '40.736228048427', 'longitude': '-73.988269002461', 'human_address': '{""address"": """", ""city"": """", ""state"": """", ""zip"": """"}'}",5,2,50,1017835,Gramercy,,987501,207507
PC8775723,2026-09-16T12:42:39.000,Initial,631,HEGEMAN AVENUE,11207,Brooklyn,Failed for Other Reason,Mice,3043020038,3,4302,38,40.661264155475,-73.888564074423,"{'latitude': '40.661264155475', 'longitude': '-73.888564074423', 'human_address': '{""address"": """", ""city"": """", ""state"": """", ""zip"": """"}'}",5,42,1128,3096668,East New York-New Lots,COTA,1015167,180215
PC8772239,2026-09-16T12:42:59.000,Initial,1810,LORING PLACE SOUTH,10453,Bronx,Failed for Other Reason,Harborage,2028790051,2,2879,51,40.852344787629,-73.916043778358,"{'latitude': '40.852344787629', 'longitude': '-73.916043778358', 'human_address': '{""address"": """", ""city"": """", ""state"": """", ""zip"": """"}'}",5,14,24501,2128736,University Heights (South)-Morris Heights,,,
PC8774323,2026-09-16T12:45:55.000,Initial,351,WEST   44 STREET,10036,Manhattan,Failed for Rat Activity,"Droppings, Burrows, Rats",1010350006,1,1035,6,40.759141504768,-73.990279149222,"{'latitude': '40.759141504768', 'longitude': '-73.990279149222', 'human_address': '{""address"": """", ""city"": """", ""state"": """", ""zip"": """"}'}",4,3,12101,1024984,Hell's Kitchen,,986943,215855
PC8751567,2026-09-16T12:46:04.000,Compliance,106,WEST  144 STREET,10030,Manhattan,Failed for Rat Activity,Droppings,1020120041,1,2012,41,40.819929179808,-73.93713769455,"{'latitude': '40.819929179808', 'longitude': '-73.93713769455', 'human_address': '{""address"": """", ""city"": """", ""state"": """", ""zip"": """"}'}",10,9,232,1060145,Harlem (North),,1001649,238008
PC8704528,2026-09-16T12:49:16.000,Treatments,124,KINGSTON AVENUE,11213,Brooklyn,Bait applied,,3012220042,3,1222,42,40.675397913952,-73.941640256926,"{'latitude': '40.675397913952', 'longitude': '-73.941640256926', 'human_address': '{""address"": """", ""city"": """", ""state"": """", ""zip"": """"}'}",8,36,313,3030776,Crown Heights (North),,,
PC8753647,2026-09-16T12:50:08.000,Compliance,514,SENECA AVENUE,11385,Queens,Failed for Rat Activity,Burrows,4034360042,4,3436,42,40.705272244324,-73.911887197081,"{'latitude': '40.705272244324', 'longitude': '-73.911887197081', 'human_address': '{""address"": """", ""city"": """", ""state"": """", ""zip"": """"}'}",5,34,545,4082060,Ridgewood,,,
PC8675508,2026-09-16T12:50:36.000,Treatments,1314,SEDGWICK AVENUE,10452,Bronx,Bait applied,,2025300039,2,2530,39,40.840666034284,-73.928346566634,"{'latitude': '40.840666034284', 'longitude': '-73.928346566634', 'human_address': '{""address"": """", ""city"": """", ""state"": """", ""zip"": """"}'}",4,16,201,2003524,Highbridge,,,
PC8765233,2026-09-16T12:51:52.000,Compliance,66,ST NICHOLAS PLACE,10032,Manhattan,Failed for Rat Activity and Other Reason,"Droppings, Garbage, Harborage",1020540082,1,2054,82,40.829230390587,-73.940955560555,"{'latitude': '40.829230390587', 'longitude': '-73.940955560555', 'human_address': '{""address"": """", ""city"": """", ""state"": """", ""zip"": """"}'}",9,9,23501,1061189,Hamilton Heights-Sugar Hill,,,
PC8774865,2026-09-16T12:54:04.000,Initial,PARK,AVENUE,10458,Bronx,Failed for Other Reason,"Garbage, Harborage",,2,3031,75,,,,,,,,,,,
PC8674900,2026-09-16T12:56:51.000,Compliance,1025,GERARD AVENUE,10452,Bronx,Failed for Rat Activity,"Droppings, Burrows, Runways",2024860025,2,2486,25,40.830968101494,-73.922914989463,"{'latitude': '40.830968101494', 'longitude': '-73.922914989463', 'human_address': '{""address"": """", ""city"": """", ""state"": """", ""zip"": """"}'}",4,16,195,2002993,Concourse-Concourse Village,Summons Issued,,
PC8715302,2026-09-16T12:58:14.000,Compliance,738,ST JOHNS PLACE,11216,Brooklyn,Failed for Rat Activity,Burrows,3012530017,3,1253,17,40.671813309626,-73.953842487395,"{'latitude': '40.671813309626', 'longitude': '-73.953842487395', 'human_address': '{""address"": """", ""city"": """", ""state"": """", ""zip"": """"}'}",8,35,219,3032190,Crown Heights (North),Summons Issued,,
PC8753036,2026-09-16T12:59:04.000,Compliance,113,WEST  144 STREET,10030,Manhattan,Failed for Rat Activity,Droppings,1020130024,1,2013,24,40.820058326708,-73.93740132046,"{'latitude': '40.820058326708', 'longitude': '-73.93740132046', 'human_address': '{""address"": """", ""city"": """", ""state"": """", ""zip"": """"}'}",10,9,232,1060168,Harlem (North),,1001576,238055
PC8767086,2026-09-16T13:00:58.000,Initial,20,MACDONOUGH STREET,11216,Brooklyn,Failed for Other Reason,Animal Nuisance,3018540010,3,1854,10,40.680812441046,-73.945349080856,"{'latitude': '40.680812441046', 'longitude': '-73.945349080856', 'human_address': '{""address"": """", ""city"": """", ""state"": """", ""zip"": """"}'}",3,36,269,3053452,Bedford-Stuyvesant (West),,999408,187322
PC8745818,2026-09-16T13:01:40.000,Treatments,996,BEDFORD AVENUE,11205,Brooklyn,Bait applied,,3019420025,3,1942,25,40.690791304102,-73.95540149745,"{'latitude': '40.690791304102', 'longitude': '-73.95540149745', 'human_address': '{""address"": """", ""city"": """", ""state"": """", ""zip"": """"}'}",3,36,233,3055433,Bedford-Stuyvesant (West),,,
PC8773153,2026-09-16T13:02:55.000,Initial,670,10 AVENUE,10036,Manhattan,Failed for Rat Activity,Burrows,1010570001,1,1057,1,40.762891048046,-73.993087084577,"{'latitude': '40.762891048046', 'longitude': '-73.993087084577', 'human_address': '{""address"": """", ""city"": """", ""state"": """", ""zip"": """"}'}",4,3,127,1026548,Hell's Kitchen,City Agency Referral,986165,217221
PC8775866,2026-09-16T13:07:16.000,Initial,2052,MAPES AVENUE,10460,Bronx,Failed for Rat Activity and Other Reason,"Tracks, Mice",2031080004,2,3108,4,40.845792153822,-73.886226084817,"{'latitude': '40.845792153822', 'longitude': '-73.886226084817', 'human_address': '{""address"": """", ""city"": """", ""state"": """", ""zip"": """"}'}",6,15,36501,2012954,Tremont,,1015728,247445
PC8674687,2026-09-16T13:11:51.000,Compliance,1014,GERARD AVENUE,10452,Bronx,Failed for Rat Activity,Burrows,2024770007,2,2477,7,40.830959855155,-73.922896931122,"{'latitude': '40.830959855155', 'longitude': '-73.922896931122', 'human_address': '{""address"": """", ""city"": """", ""state"": """", ""zip"": """"}'}",4,16,195,2002936,Concourse-Concourse Village,Summons Issued,,
PC8776618,2026-09-16T13:13:39.000,Initial,739,SNEDIKER AVENUE,11207,Brooklyn,Failed for Other Reason,Harborage,3038740005,3,3874,5,40.656524203103,-73.897697609658,"{'latitude': '40.656524203103', 'longitude': '-73.897697609658', 'human_address': '{""address"": """", ""city"": """", ""state"": """", ""zip"": """"}'}",5,42,1098,3086025,East New York-New Lots,,1012635,178485
PC8744681,2026-09-16T13:15:43.000,Treatments,970,BEDFORD AVENUE,11205,Brooklyn,Bait applied,,3019280058,3,1928,58,40.691741068318,-73.955588372291,"{'latitude': '40.691741068318', 'longitude': '-73.955588372291', 'human_address': '{""address"": """", ""city"": """", ""state"": """", ""zip"": """"}'}",3,33,235,3055252,Bedford-Stuyvesant (West),,,
PC8676798,2026-09-16T13:18:04.000,Compliance,148,WEST 144 STREET,10030,Manhattan,Failed for Rat Activity,Droppings,1020120052,1,2012,52,40.820572277515,-73.938669004964,"{'latitude': '40.820572277515', 'longitude': '-73.938669004964', 'human_address': '{""address"": """", ""city"": """", ""state"": """", ""zip"": """"}'}",10,9,232,1060150,Harlem (North),Summons Issued,,
PC8753302,2026-09-16T13:18:52.000,Compliance,1732,BLEECKER STREET,11385,Queens,Failed for Other Reason,Harborage,4034370021,4,3437,21,40.704289783016,-73.912104902291,"{'latitude': '40.704289783016', 'longitude': '-73.912104902291', 'human_address': '{""address"": """", ""city"": """", ""state"": """", ""zip"": """"}'}",5,34,545,4082079,Ridgewood,,,
PC8679595,2026-09-16T13:19:00.000,Treatments,257,HALSEY STREET,11216,Brooklyn,Bait applied,,3018400076,3,1840,76,40.682641862736,-73.942600171582,"{'latitude': '40.682641862736', 'longitude': '-73.942600171582', 'human_address': '{""address"": """", ""city"": """", ""state"": """", ""zip"": """"}'}",3,36,267,3052857,Bedford-Stuyvesant (West),,,
PC8704584,2026-09-16T13:27:17.000,Compliance,540,ST JOHNS PLACE,11238,Brooklyn,Failed for Rat Activity,Burrows,3011780015,3,1178,15,40.672968448956,-73.960053086231,"{'latitude': '40.672968448956', 'longitude': '-73.960053086231', 'human_address': '{""address"": """", ""city"": """", ""state"": """", ""zip"": """"}'}",8,35,217,3029579,Crown Heights (North),Summons Issued,,
PC8745332,2026-09-16T13:29:48.000,Treatments,964,BEDFORD AVENUE,11205,Brooklyn,Bait applied,,3019280055,3,1928,55,40.691875573357,-73.9556171305,"{'latitude': '40.691875573357', 'longitude': '-73.9556171305', 'human_address': '{""address"": """", ""city"": """", ""state"": """", ""zip"": """"}'}",3,33,235,3055249,Bedford-Stuyvesant (West),,,
PC8750502,2026-09-16T13:31:56.000,Compliance,1816,BLEECKER STREET,11385,Queens,Failed for Rat Activity,"Droppings, Burrows",4034350020,4,3435,20,40.705326488053,-73.91104314558,"{'latitude': '40.705326488053', 'longitude': '-73.91104314558', 'human_address': '{""address"": """", ""city"": """", ""state"": """", ""zip"": """"}'}",5,34,545,4082022,Ridgewood,,,
PC8744777,2026-09-16T13:43:05.000,Treatments,962,BEDFORD AVENUE,11205,Brooklyn,Bait applied,,3019287507,3,1928,7507,40.691919492513,-73.955624313194,"{'latitude': '40.691919492513', 'longitude': '-73.955624313194', 'human_address': '{""address"": """", ""city"": """", ""state"": """", ""zip"": """"}'}",3,33,235,3055248,Bedford-Stuyvesant (West),,,
PC8676459,2026-09-16T13:48:04.000,Compliance,147,WEST 144 STREET,10030,Manhattan,Failed for Rat Activity,"Droppings, Burrows",1020130006,1,2013,6,40.820550267454,-73.938571473835,"{'latitude': '40.820550267454', 'longitude': '-73.938571473835', 'human_address': '{""address"": """", ""city"": """", ""state"": """", ""zip"": """"}'}",10,9,232,1060160,Harlem (North),Summons Issued,,
PC8776701,2026-09-16T13:48:15.000,Initial,327,WILSON AVENUE,11237,Brooklyn,Failed for Rat Activity,Burrows,3033160001,3,3316,1,40.696348075149,-73.918058532893,"{'latitude': '40.696348075149', 'longitude': '-73.918058532893', 'human_address': '{""address"": """", ""city"": """", ""state"": """", ""zip"": """"}'}",4,37,433,3075907,Bushwick (East),,1006972,192988
PC8759011,2026-09-16T13:53:00.000,Treatments,33,HALSEY STREET,11216,Brooklyn,Bait applied,,3018370089,3,1837,89,40.681526432208,-73.952278181209,"{'latitude': '40.681526432208', 'longitude': '-73.952278181209', 'human_address': '{""address"": """", ""city"": """", ""state"": """", ""zip"": """"}'}",3,36,245,3052640,Bedford-Stuyvesant (West),,,
PC8778031,2026-09-16T13:55:00.000,Initial,10,OCEAN PARKWAY,11218,Brooklyn,Failed for Rat Activity and Other Reason,"Droppings, Burrows, Runways, Harborage",3052870001,3,5287,1,40.651373599417,-73.973129915581,"{'latitude': '40.651373599417', 'longitude': '-73.973129915581', 'human_address': '{""address"": """", ""city"": """", ""state"": """", ""zip"": """"}'}",7,39,50401,3122868,Windsor Terrace-South Slope,,991706,176593
PC8674259,2026-09-16T13:57:07.000,Treatments,871,BEDFORD AVENUE,11205,Brooklyn,Bait applied,,3017500015,3,1750,15,40.693980966815,-73.956012398182,"{'latitude': '40.693980966815', 'longitude': '-73.956012398182', 'human_address': '{""address"": """", ""city"": """", ""state"": """", ""zip"": """"}'}",3,33,241,3000000,Bedford-Stuyvesant (West),,,
PC8730455,2026-09-16T13:59:04.000,Compliance,2474,ADAM C POWELL BLVD,10030,Manhattan,Failed for Rat Activity and Other Reason,"Burrows, Garbage",1020290036,1,2029,36,40.820833557972,-73.939669573557,"{'latitude': '40.820833557972', 'longitude': '-73.939669573557', 'human_address': '{""address"": """", ""city"": """", ""state"": """", ""zip"": """"}'}",10,9,232,1060436,Harlem (North),,,
PC8761455,2026-09-16T14:16:15.000,Compliance,260,IRVING AVENUE,11237,Brooklyn,Failed for Rat Activity,"Droppings, Burrows",3033090025,3,3309,25,40.699873551812,-73.915908343039,"{'latitude': '40.699873551812', 'longitude': '-73.915908343039', 'human_address': '{""address"": """", ""city"": """", ""state"": """", ""zip"": """"}'}",4,37,433,3075715,Bushwick (East),,1007567,194273
PC8730313,2026-09-16T14:26:15.000,Compliance,283,IRVING AVENUE,11237,Brooklyn,Failed for Rat Activity,"Droppings, Burrows, Runways, Rats",3033190008,3,3319,8,40.69962892775,-73.9154470284,"{'latitude': '40.69962892775', 'longitude': '-73.9154470284', 'human_address': '{""address"": """", ""city"": """", ""state"": """", ""zip"": """"}'}",4,37,441,3075943,Bushwick (West),Summons Issued,,
PC8720005,2026-09-16T16:29:57.000,Treatments,EAST,8 STREET,10009,Manhattan,Monitoring visit,,,1,377,22,,,,,,,,,,,
PC8738138,2026-09-16T18:04:01.000,Treatments,1651,Madison Avenue,10029,Manhattan,Bait applied,,1016160023,1,1616,23,40.796288409049,-73.947532896309,"{'latitude': '40.796288409049', 'longitude': '-73.947532896309', 'human_address': '{""address"": """", ""city"": """", ""state"": """", ""zip"": """"}'}",11,8,17402,1000000,East Harlem (South),,,
PC8768483,2026-09-17T08:31:00.000,Stoppage,675,RIVERSIDE DRIVE,10031,Manhattan,Stoppage done,,1021010055,1,2101,55,40.826757136508,-73.952242275587,"{'latitude': '40.826757136508', 'longitude': '-73.952242275587', 'human_address': '{""address"": """", ""city"": """", ""state"": """", ""zip"": """"}'}",9,7,229,1000000,Hamilton Heights-Sugar Hill,,,
PC8505883,2026-09-17T08:52:01.000,Treatments,1417,PROSPECT PLACE,11213,Brooklyn,Bait applied,,3013610076,3,1361,76,40.673209170966,-73.929792525841,"{'latitude': '40.673209170966', 'longitude': '-73.929792525841', 'human_address': '{""address"": """", ""city"": """", ""state"": """", ""zip"": """"}'}",8,36,347,3036104,Crown Heights (North),,1003725,184555
PC8633665,2026-09-17T09:00:47.000,Treatments,2594,BRIGGS AVENUE,10458,Bronx,Bait applied,,2032930038,2,3293,38,40.864051481993,-73.89336766489,"{'latitude': '40.864051481993', 'longitude': '-73.89336766489', 'human_address': '{""address"": """", ""city"": """", ""state"": """", ""zip"": """"}'}",7,15,39901,2016793,University Heights (North)-Fordham,,,
PC8662316,2026-09-17T09:00:50.000,Treatments,299,EAST  158 STREET,10451,Bronx,Bait applied,,2024180001,2,2418,1,40.823158373875,-73.917609111422,"{'latitude': '40.823158373875', 'longitude': '-73.917609111422', 'human_address': '{""address"": """", ""city"": """", ""state"": """", ""zip"": """"}'}",1,17,69,2001887,Melrose,,1007053,239189
PC8716753,2026-09-17T09:05:00.000,Compliance,227,CHERRY STREET,10002,Manhattan,Failed for Other Reason,Mice,1002487501,1,248,7501,40.711056029934,-73.990884960691,"{'latitude': '40.711056029934', 'longitude': '-73.990884960691', 'human_address': '{""address"": """", ""city"": """", ""state"": """", ""zip"": """"}'}",3,1,6,1089772,Chinatown-Two Bridges,Summons Issued,986777,198336
PC8755900,2026-09-17T09:05:00.000,Stoppage,1880,1 AVENUE,10029,Manhattan,Stoppage done,,1016910003,1,1691,3,40.784226299577,-73.943992786188,"{'latitude': '40.784226299577', 'longitude': '-73.943992786188', 'human_address': '{""address"": """", ""city"": """", ""state"": """", ""zip"": """"}'}",11,8,162,1000000,East Harlem (South),,,
PC8673109,2026-09-17T09:08:49.000,Treatments,1429,PROSPECT AVENUE,10459,Bronx,Bait applied,,2029620030,2,2962,30,40.832882396126,-73.896514746134,"{'latitude': '40.832882396126', 'longitude': '-73.896514746134', 'human_address': '{""address"": """", ""city"": """", ""state"": """", ""zip"": """"}'}",3,17,151,2010197,Morrisania,,,
PC8718918,2026-09-17T09:11:12.000,Treatments,2596,BRIGGS AVENUE,10458,Bronx,Bait applied,,2032930173,2,3293,173,40.864081657215,-73.893349539348,"{'latitude': '40.864081657215', 'longitude': '-73.893349539348', 'human_address': '{""address"": """", ""city"": """", ""state"": """", ""zip"": """"}'}",7,15,39901,2016831,University Heights (North)-Fordham,,,
PC8622395,2026-09-17T09:13:14.000,Treatments,1322,PROSPECT PLACE,11213,Brooklyn,Bait applied,,3013660020,3,1366,20,40.673345340284,-73.932582662173,"{'latitude': '40.673345340284', 'longitude': '-73.932582662173', 'human_address': '{""address"": """", ""city"": """", ""state"": """", ""zip"": """"}'}",8,36,345,3036216,Crown Heights (North),,1002951,184604
PC8749017,2026-09-17T09:15:00.000,Stoppage,210,East 95 street,10128,Manhattan,Stoppage done,,1015400042,1,1540,42,40.78413804092,-73.9489652553,"{'latitude': '40.78413804092', 'longitude': '-73.9489652553', 'human_address': '{""address"": """", ""city"": """", ""state"": """", ""zip"": """"}'}",8,5,15601,1049236,Upper East Side-Yorkville,,,
PC8648241,2026-09-17T09:15:50.000,Treatments,345,EAST 146 STREET,10451,Bronx,Bait applied,,2023290093,2,2329,93,40.81504448442,-73.920906769318,"{'latitude': '40.81504448442', 'longitude': '-73.920906769318', 'human_address': '{""address"": """", ""city"": """", ""state"": """", ""zip"": """"}'}",1,8,65,2000881,Melrose,,,
PC8493444,2026-09-17T09:19:00.000,Treatments,1154,INTERVALE AVENUE,10459,Bronx,Bait applied,,2027060048,2,2706,48,40.827546009366,-73.895840144773,"{'latitude': '40.827546009366', 'longitude': '-73.895840144773', 'human_address': '{""address"": """", ""city"": """", ""state"": """", ""zip"": """"}'}",2,17,131,2005500,Longwood,,,
PC8558785,2026-09-17T09:20:53.000,Treatments,3543,Broadway,10031,Manhattan,Bait applied,,1020920026,1,2092,26,40.826569692997,-73.950352630669,"{'latitude': '40.826569692997', 'longitude': '-73.950352630669', 'human_address': '{""address"": """", ""city"": """", ""state"": """", ""zip"": """"}'}",9,7,229,1062380,Hamilton Heights-Sugar Hill,,,
PC8768463,2026-09-17T09:23:00.000,Initial,215,WILLOUGHBY AVENUE,11205,Brooklyn,Failed for Rat Activity,Burrows,3019050120,3,1905,120,40.692171903909,-73.963059787326,"{'latitude': '40.692171903909', 'longitude': '-73.963059787326', 'human_address': '{""address"": """", ""city"": """", ""state"": """", ""zip"": """"}'}",2,35,193,3054897,Clinton Hill,,994494,191458
PC8675291,2026-09-17T09:23:45.000,Treatments,670,EAST  170 STREET,10456,Bronx,Bait applied,,2029370008,2,2937,8,40.833600007513,-73.897894070994,"{'latitude': '40.833600007513', 'longitude': '-73.897894070994', 'human_address': '{""address"": """", ""city"": """", ""state"": """", ""zip"": """"}'}",3,17,151,2009816,Morrisania,,1012505,242999
PC8718719,2026-09-17T09:23:48.000,Treatments,2616,BRIGGS AVENUE,10458,Bronx,Bait applied,,2032930047,2,3293,47,40.864394368006,-73.893146572879,"{'latitude': '40.864394368006', 'longitude': '-73.893146572879', 'human_address': '{""address"": """", ""city"": """", ""state"": """", ""zip"": """"}'}",7,15,39901,2016796,University Heights (North)-Fordham,,,
PC8558788,2026-09-17T09:25:53.000,Treatments,675,Riverside Drive,10031,Manhattan,Bait applied,,1021010055,1,2101,55,40.826809268533,-73.952198877717,"{'latitude': '40.826809268533', 'longitude': '-73.952198877717', 'human_address': '{""address"": """", ""city"": """", ""state"": """", ""zip"": """"}'}",9,7,229,1000000,Hamilton Heights-Sugar Hill,,,
PC8558789,2026-09-17T09:28:53.000,Treatments,675,Riverside Drive,10031,Manhattan,Bait applied,,1021010055,1,2101,55,40.826809268533,-73.952198877717,"{'latitude': '40.826809268533', 'longitude': '-73.952198877717', 'human_address': '{""address"": """", ""city"": """", ""state"": """", ""zip"": """"}'}",9,7,229,1000000,Hamilton Heights-Sugar Hill,,,
PC8770737,2026-09-17T09:29:55.000,Initial,227,HAVEN AVENUE,10033,Manhattan,Failed for Rat Activity,"Droppings, Burrows",1021390500,1,2139,500,40.847843062612,-73.94214983511,"{'latitude': '40.847843062612', 'longitude': '-73.94214983511', 'human_address': '{""address"": """", ""city"": """", ""state"": """", ""zip"": """"}'}",12,10,255,1063446,Washington Heights (South),,1000253,248171
PC8752474,2026-09-17T09:30:24.000,Compliance,459,SENECA AVENUE,11385,Queens,Failed for Rat Activity,Burrows,4034300006,4,3430,8,40.706137935245,-73.913314338882,"{'latitude': '40.706137935245', 'longitude': '-73.913314338882', 'human_address': '{""address"": """", ""city"": """", ""state"": """", ""zip"": """"}'}",5,34,545,4000000,Ridgewood,,,
PC8732174,2026-09-17T09:30:31.000,Treatments,4120,14 AVENUE,11219,Brooklyn,Bait applied,,3055940045,3,5594,45,40.637789187037,-73.98566332944,"{'latitude': '40.637789187037', 'longitude': '-73.98566332944', 'human_address': '{""address"": """", ""city"": """", ""state"": """", ""zip"": """"}'}",12,39,232,3135753,Borough Park,,988229,171643
PC8590028,2026-09-17T09:30:50.000,Treatments,237,WILLIS AVENUE,10454,Bronx,Bait applied,,2023010028,2,2301,28,40.809204967755,-73.922821082937,"{'latitude': '40.809204967755', 'longitude': '-73.922821082937', 'human_address': '{""address"": """", ""city"": """", ""state"": """", ""zip"": """"}'}",1,8,39,2000594,Mott Haven-Port Morris,,1005615,234104
PC8558790,2026-09-17T09:31:53.000,Treatments,675,Riverside Drive,10031,Manhattan,Bait applied,,1021010055,1,2101,55,40.826809268533,-73.952198877717,"{'latitude': '40.826809268533', 'longitude': '-73.952198877717', 'human_address': '{""address"": """", ""city"": """", ""state"": """", ""zip"": """"}'}",9,7,229,1000000,Hamilton Heights-Sugar Hill,,,
PC8773870,2026-09-17T09:32:00.000,Stoppage,218,EAST 84 STREET,10028,Manhattan,Stoppage done,,1015290037,1,1529,37,40.777229010258,-73.954328787791,"{'latitude': '40.777229010258', 'longitude': '-73.954328787791', 'human_address': '{""address"": """", ""city"": """", ""state"": """", ""zip"": """"}'}",8,5,138,1048718,Upper East Side-Yorkville,,,
PC8682495,2026-09-17T09:32:43.000,Treatments,940,PROSPECT PLACE,11213,Brooklyn,Bait applied,,3012350031,3,1235,31,40.674049426422,-73.945588972355,"{'latitude': '40.674049426422', 'longitude': '-73.945588972355', 'human_address': '{""address"": """", ""city"": """", ""state"": """", ""zip"": """"}'}",8,36,341,3031295,Crown Heights (North),,999343,184858
PC8718816,2026-09-17T09:35:41.000,Treatments,260,EAST 194 STREET,10458,Bronx,Bait applied,,2032930050,2,3293,50,40.864893379132,-73.892578144131,"{'latitude': '40.864893379132', 'longitude': '-73.892578144131', 'human_address': '{""address"": """", ""city"": """", ""state"": """", ""zip"": """"}'}",7,15,39901,2016797,University Heights (North)-Fordham,,,
PC8557894,2026-09-17T09:37:53.000,Treatments,537,West 144 St,10031,Manhattan,Bait applied,,1020760018,1,2076,18,40.825032139322,-73.94921199141,"{'latitude': '40.825032139322', 'longitude': '-73.94921199141', 'human_address': '{""address"": """", ""city"": """", ""state"": """", ""zip"": """"}'}",9,7,229,1061904,Hamilton Heights-Sugar Hill,,,
PC8751727,2026-09-17T09:39:25.000,Initial,8507,COVENTRY ROAD,11236,Brooklyn,Failed for Other Reason,Harborage,3079080196,3,7908,196,40.646388809003,-73.91972730892,"{'latitude': '40.646388809003', 'longitude': '-73.91972730892', 'human_address': '{""address"": """", ""city"": """", ""state"": """", ""zip"": """"}'}",17,42,934,3221790,East Flatbush-Remsen Village,,1006526,174786
PC8722027,2026-09-17T09:39:46.000,Compliance,920,MELROSE AVENUE,10451,Bronx,Failed for Rat Activity and Other Reason,"Droppings, Burrows, Harborage",2023840007,2,2384,7,40.825057355044,-73.913361165014,"{'latitude': '40.825057355044', 'longitude': '-73.913361165014', 'human_address': '{""address"": """", ""city"": """", ""state"": """", ""zip"": """"}'}",3,17,141,2001520,Morrisania,Summons Issued,,
PC8699899,2026-09-17T09:40:06.000,Treatments,669,JEFFERSON PLACE,10456,Bronx,Bait applied,,2029350063,2,2935,63,40.832955666364,-73.898653939824,"{'latitude': '40.832955666364', 'longitude': '-73.898653939824', 'human_address': '{""address"": """", ""city"": """", ""state"": """", ""zip"": """"}'}",3,17,151,2009791,Morrisania,,,
PC8777287,2026-09-17T09:42:00.000,Stoppage,402,EAST 78 STREET,10075,Manhattan,Stoppage done,,1014720046,1,1472,46,40.771489118159,-73.952823614811,"{'latitude': '40.771489118159', 'longitude': '-73.952823614811', 'human_address': '{""address"": """", ""city"": """", ""state"": """", ""zip"": """"}'}",8,5,13203,1046005,Upper East Side-Lenox Hill-Roosevelt Island,,,
PC8749898,2026-09-17T09:42:53.000,Treatments,275,EAST 194 STREET,10458,Bronx,Bait applied,,2032940001,2,3294,1,40.864821877618,-73.892430027255,"{'latitude': '40.864821877618', 'longitude': '-73.892430027255', 'human_address': '{""address"": """", ""city"": """", ""state"": """", ""zip"": """"}'}",7,15,40501,2016832,Bedford Park,,,
PC8724954,2026-09-17T09:43:02.000,Treatments,458,WEST 52 STREET,10019,Manhattan,Bait applied,,1010610060,1,1061,60,40.765396752497,-73.989642870277,"{'latitude': '40.765396752497', 'longitude': '-73.989642870277', 'human_address': '{""address"": """", ""city"": """", ""state"": """", ""zip"": """"}'}",4,3,133,1085438,Hell's Kitchen,,,
PC8766026,2026-09-17T09:43:14.000,Compliance,600,HYLAN BOULEVARD,10305,Staten Island,Failed for Rat Activity and Other Reason,"Burrows, Garbage",5030340022,5,3034,22,40.604846539256,-74.076185492456,"{'latitude': '40.604846539256', 'longitude': '-74.076185492456', 'human_address': '{""address"": """", ""city"": """", ""state"": """", ""zip"": """"}'}",2,50,2002,5160021,Grasmere-Arrochar-South Beach-Dongan Hills,,963095,159650
PC8554035,2026-09-17T09:44:53.000,Treatments,1734,Amsterdam Ave,10031,Manhattan,Bait applied,,1020770036,1,2077,36,40.82574213954,-73.947242198366,"{'latitude': '40.82574213954', 'longitude': '-73.947242198366', 'human_address': '{""address"": """", ""city"": """", ""state"": """", ""zip"": """"}'}",9,7,229,1061946,Hamilton Heights-Sugar Hill,,,
PC8554036,2026-09-17T09:47:53.000,Treatments,1734,Amsterdam Ave,10031,Manhattan,Bait applied,,1020770036,1,2077,36,40.82574213954,-73.947242198366,"{'latitude': '40.82574213954', 'longitude': '-73.947242198366', 'human_address': '{""address"": """", ""city"": """", ""state"": """", ""zip"": """"}'}",9,7,229,1061946,Hamilton Heights-Sugar Hill,,,
PC8747441,2026-09-17T09:50:31.000,Treatments,1114,47 STREET,11219,Brooklyn,Bait applied,,3056270012,3,5627,12,40.638588707852,-73.995027684529,"{'latitude': '40.638588707852', 'longitude': '-73.995027684529', 'human_address': '{""address"": """", ""city"": """", ""state"": """", ""zip"": """"}'}",12,44,222,3137154,Borough Park,,985630,171934
PC8767015,2026-09-17T09:50:47.000,Initial,3479,BEDFORD AVENUE,11210,Brooklyn,Failed for Other Reason,Harborage,3076610017,3,7661,17,40.617580292024,-73.949964771282,"{'latitude': '40.617580292024', 'longitude': '-73.949964771282', 'human_address': '{""address"": """", ""city"": """", ""state"": """", ""zip"": """"}'}",14,44,756,3210134,Midwood,,998141,164284
PC8742260,2026-09-17T09:51:58.000,Treatments,786,PROSPECT PLACE,11216,Brooklyn,Bait applied,,3012330041,3,1233,41,40.674339996532,-73.950830501363,"{'latitude': '40.674339996532', 'longitude': '-73.950830501363', 'human_address': '{""address"": """", ""city"": """", ""state"": """", ""zip"": """"}'}",8,36,31701,3031209,Crown Heights (North),,,
PC8763224,2026-09-17T09:52:00.000,Initial,69,GRAND AVENUE,11205,Brooklyn,Failed for Rat Activity,"Droppings, Burrows",3018930020,3,1893,20,40.69518332925,-73.96435273739,"{'latitude': '40.69518332925', 'longitude': '-73.96435273739', 'human_address': '{""address"": """", ""city"": """", ""state"": """", ""zip"": """"}'}",2,35,191,3054575,Clinton Hill,,994135,192555
PC8774648,2026-09-17T09:55:00.000,Initial,504,EAST 188 STREET,10458,Bronx,Failed for Other Reason,Harborage,2030570060,2,3057,60,40.858018029568,-73.889892454503,"{'latitude': '40.858018029568', 'longitude': '-73.889892454503', 'human_address': '{""address"": """", ""city"": """", ""state"": """", ""zip"": """"}'}",6,15,387,2011771,Belmont,,,
PC8724942,2026-09-17T09:55:02.000,Treatments,434,WEST 52 STREET,10019,Manhattan,Bait applied,,1010610050,1,1061,50,40.765193595451,-73.989155551613,"{'latitude': '40.765193595451', 'longitude': '-73.989155551613', 'human_address': '{""address"": """", ""city"": """", ""state"": """", ""zip"": """"}'}",4,3,133,1026729,Hell's Kitchen,,,
PC8699623,2026-09-17T09:55:23.000,Treatments,650,EAST 170 STREET,10456,Bronx,Bait applied,,2029350036,2,2935,36,40.833858926634,-73.898927203264,"{'latitude': '40.833858926634', 'longitude': '-73.898927203264', 'human_address': '{""address"": """", ""city"": """", ""state"": """", ""zip"": """"}'}",3,17,151,2088296,Morrisania,,,
PC8573358,2026-09-17T09:56:00.000,Compliance,933,GATES AVENUE,11221,Brooklyn,Failed for Rat Activity,Droppings,3016320056,3,1632,56,40.688757545886,-73.928528467561,"{'latitude': '40.688757545886', 'longitude': '-73.928528467561', 'human_address': '{""address"": """", ""city"": """", ""state"": """", ""zip"": """"}'}",3,36,387,3378308,Bedford-Stuyvesant (East),Summons Issued,,
PC8750388,2026-09-17T09:57:00.000,Treatments,2775,WEBSTER AVENUE,10458,Bronx,Bait applied,,2032790023,2,3279,23,40.866020397648,-73.885779176121,"{'latitude': '40.866020397648', 'longitude': '-73.885779176121', 'human_address': '{""address"": """", ""city"": """", ""state"": """", ""zip"": """"}'}",7,15,40702,2016412,Bedford Park,,,
PC8618285,2026-09-17T09:57:46.000,Treatments,2605,Marion Ave.,10458,Bronx,Bait applied,,2032870016,2,3287,16,40.863833008504,-73.891614556919,"{'latitude': '40.863833008504', 'longitude': '-73.891614556919', 'human_address': '{""address"": """", ""city"": """", ""state"": """", ""zip"": """"}'}",7,15,39901,2016609,University Heights (North)-Fordham,,,
PC8767624,2026-09-17T09:58:00.000,Stoppage,40,MORNINGSIDE AVENUE,10026,Manhattan,Stoppage done,,1019450001,1,1945,1,40.806999676481,-73.957187268034,"{'latitude': '40.806999676481', 'longitude': '-73.957187268034', 'human_address': '{""address"": """", ""city"": """", ""state"": """", ""zip"": """"}'}",10,9,257,1059090,Harlem (South),,,
PC8746217,2026-09-17T10:00:50.000,Treatments,333,CYPRESS AVENUE,10454,Bronx,Bait applied,,2025540054,2,2554,54,40.808119363682,-73.913134046552,"{'latitude': '40.808119363682', 'longitude': '-73.913134046552', 'human_address': '{""address"": """", ""city"": """", ""state"": """", ""zip"": """"}'}",1,8,33,2116430,Mott Haven-Port Morris,,1008297,233711
PC8654366,2026-09-17T10:02:00.000,Compliance,334,EAST 13 STREET,10003,Manhattan,Failed for Rat Activity,Burrows,1004540024,1,454,24,40.731251345155,-73.98451739877,"{'latitude': '40.731251345155', 'longitude': '-73.98451739877', 'human_address': '{""address"": """", ""city"": """", ""state"": """", ""zip"": """"}'}",3,2,4001,1006483,East Village,Summons Issued,,
PC8774623,2026-09-17T10:03:13.000,Initial,506,EAST 188 STREET,10458,Bronx,Failed for Other Reason,Harborage,2030570024,2,3057,24,40.857996030172,-73.889849110317,"{'latitude': '40.857996030172', 'longitude': '-73.889849110317', 'human_address': '{""address"": """", ""city"": """", ""state"": """", ""zip"": """"}'}",6,15,387,2011754,Belmont,,,
PC8779053,2026-09-17T10:04:00.000,Initial,0000,PARK AVENUE,,Bronx,Failed for Other Reason,Harborage,,2,2895,11,0.00000000000000000000,0.00000000000000000000,"{'latitude': '0.0', 'longitude': '0.0', 'human_address': '{""address"": """", ""city"": """", ""state"": """", ""zip"": """"}'}",,,,,,,,
PC8749860,2026-09-17T10:06:00.000,Initial,89,PATCHEN AVENUE,11221,Brooklyn,Failed for Rat Activity,Burrows,3016330060,3,1633,60,40.689003781641,-73.927266150501,"{'latitude': '40.689003781641', 'longitude': '-73.927266150501', 'human_address': '{""address"": """", ""city"": """", ""state"": """", ""zip"": """"}'}",3,41,387,3325014,Bedford-Stuyvesant (East),,1004409,190390
PC8767623,2026-09-17T10:07:00.000,Stoppage,352,WEST 117TH STREET,10026,Manhattan,Stoppage done,,1019437501,1,1943,7501,40.805797248538,-73.956577580284,"{'latitude': '40.805797248538', 'longitude': '-73.956577580284', 'human_address': '{""address"": """", ""city"": """", ""state"": """", ""zip"": """"}'}",10,9,20102,1059036,Harlem (South),,,
PC8724552,2026-09-17T10:07:02.000,Treatments,406,WEST 52 STREET,10019,Manhattan,Bait applied,,1010610136,1,1061,136,40.764952001502,-73.988585212734,"{'latitude': '40.764952001502', 'longitude': '-73.988585212734', 'human_address': '{""address"": """", ""city"": """", ""state"": """", ""zip"": """"}'}",4,3,133,1026738,Hell's Kitchen,,,
PC8742456,2026-09-17T10:07:04.000,Treatments,784,PROSPECT PLACE,11216,Brooklyn,Bait applied,,3012330040,3,1233,40,40.674342761404,-73.950877365185,"{'latitude': '40.674342761404', 'longitude': '-73.950877365185', 'human_address': '{""address"": """", ""city"": """", ""state"": """", ""zip"": """"}'}",8,36,31701,3031208,Crown Heights (North),,,
PC8768314,2026-09-17T10:08:00.000,Initial,138,EAST  117 STREET,10035,Manhattan,Failed for Rat Activity and Other Reason,"Runways, Harborage",1016440058,1,1644,58,40.799472183869,-73.941570792341,"{'latitude': '40.799472183869', 'longitude': '-73.941570792341', 'human_address': '{""address"": """", ""city"": """", ""state"": """", ""zip"": """"}'}",11,8,182,1052314,East Harlem (North),,1000427,230554
PC8776523,2026-09-17T10:08:53.000,Initial,1612,LEXINGTON AVENUE,10029,Manhattan,Failed for Rat Activity,Burrows,1016290059,1,1629,59,40.789550371808,-73.948249658638,"{'latitude': '40.789550371808', 'longitude': '-73.948249658638', 'human_address': '{""address"": """", ""city"": """", ""state"": """", ""zip"": """"}'}",11,8,166,1000000,East Harlem (South),,,
PC8558793,2026-09-17T10:08:53.000,Treatments,675,Riverside Drive,10031,Manhattan,Bait applied,,1021010055,1,2101,55,40.826809268533,-73.952198877717,"{'latitude': '40.826809268533', 'longitude': '-73.952198877717', 'human_address': '{""address"": """", ""city"": """", ""state"": """", ""zip"": """"}'}",9,7,229,1000000,Hamilton Heights-Sugar Hill,,,
PC8614889,2026-09-17T10:10:00.000,Compliance,901,WOODYCREST AVENUE,10452,Bronx,Failed for Rat Activity and Other Reason,"Droppings, Burrows, Runways, Harborage",2025110044,2,2511,44,40.830511300937,-73.929640358929,"{'latitude': '40.830511300937', 'longitude': '-73.929640358929', 'human_address': '{""address"": """", ""city"": """", ""state"": """", ""zip"": """"}'}",4,16,189,2003181,Highbridge,Summons Issued,,
PC8469723,2026-09-17T10:10:00.000,Compliance,345,EAST 33 STREET,10016,Manhattan,Failed for Rat Activity,Burrows,1009390024,1,939,24,40.743546219325,-73.975052190377,"{'latitude': '40.743546219325', 'longitude': '-73.975052190377', 'human_address': '{""address"": """", ""city"": """", ""state"": """", ""zip"": """"}'}",6,4,7001,1021886,Murray Hill-Kips Bay,Summons Issued,,
PC8718650,2026-09-17T10:10:29.000,Treatments,2605,BAINBRIDGE AVENUE,10458,Bronx,Bait applied,,2032930056,2,3293,56,40.86422345279,-73.892351460125,"{'latitude': '40.86422345279', 'longitude': '-73.892351460125', 'human_address': '{""address"": """", ""city"": """", ""state"": """", ""zip"": """"}'}",7,15,39901,2016800,University Heights (North)-Fordham,,,
PC8749932,2026-09-17T10:11:00.000,Treatments,382,EAST 199 STREET,10458,Bronx,Bait applied,,2032790031,2,3279,31,40.867350716704,-73.884901913621,"{'latitude': '40.867350716704', 'longitude': '-73.884901913621', 'human_address': '{""address"": """", ""city"": """", ""state"": """", ""zip"": """"}'}",7,15,40702,2016413,Bedford Park,,,
PC8774934,2026-09-17T10:11:09.000,Initial,508,EAST 188 STREET,10458,Bronx,Failed for Other Reason,Harborage,2030570025,2,3057,25,40.857974034225,-73.889809381215,"{'latitude': '40.857974034225', 'longitude': '-73.889809381215', 'human_address': '{""address"": """", ""city"": """", ""state"": """", ""zip"": """"}'}",6,15,387,2011755,Belmont,,,
PC8778793,2026-09-17T10:12:42.000,Initial,210,EAST   95 STREET,10128,Manhattan,Failed for Rat Activity,"Droppings, Burrows, Runways, Rats",1015400042,1,1540,42,40.78413804092,-73.9489652553,"{'latitude': '40.78413804092', 'longitude': '-73.9489652553', 'human_address': '{""address"": """", ""city"": """", ""state"": """", ""zip"": """"}'}",8,5,15601,1049236,Upper East Side-Yorkville,,998367,224974
PC8776253,2026-09-17T10:12:53.000,Initial,1610,LEXINGTON AVENUE,10029,Manhattan,Failed for Other Reason,Harborage,1016290159,1,1629,159,40.78951470307,-73.948278577088,"{'latitude': '40.78951470307', 'longitude': '-73.948278577088', 'human_address': '{""address"": """", ""city"": """", ""state"": """", ""zip"": """"}'}",11,8,166,1051872,East Harlem (South),,,
PC8683714,2026-09-17T10:14:45.000,Compliance,2211,8 AVENUE,10026,Manhattan,Failed for Rat Activity and Other Reason,"Burrows, Garbage, Harborage",1019460029,1,1946,29,40.806542745697,-73.953824554099,"{'latitude': '40.806542745697', 'longitude': '-73.953824554099', 'human_address': '{""address"": """", ""city"": """", ""state"": """", ""zip"": """"}'}",10,9,257,1077815,Harlem (South),Summons Issued,,
PC8558792,2026-09-17T10:14:53.000,Treatments,675,Riverside Drive,10031,Manhattan,Bait applied,,1021010055,1,2101,55,40.826809268533,-73.952198877717,"{'latitude': '40.826809268533', 'longitude': '-73.952198877717', 'human_address': '{""address"": """", ""city"": """", ""state"": """", ""zip"": """"}'}",9,7,229,1000000,Hamilton Heights-Sugar Hill,,,
PC8767619,2026-09-17T10:15:00.000,Stoppage,235,CENTRAL PARK NORTH,10026,Manhattan,Stoppage done,,1018260008,1,1826,8,40.799934429371,-73.956476674485,"{'latitude': '40.799934429371', 'longitude': '-73.956476674485', 'human_address': '{""address"": """", ""city"": """", ""state"": """", ""zip"": """"}'}",10,9,216,1085302,Harlem (South),,,
PC8767354,2026-09-17T10:15:27.000,Initial,2071,LAFAYETTE AVENUE,10473,Bronx,Failed for Other Reason,Animal Nuisance,2036780041,2,3678,41,40.822704297613,-73.853147681454,"{'latitude': '40.822704297613', 'longitude': '-73.853147681454', 'human_address': '{""address"": """", ""city"": """", ""state"": """", ""zip"": """"}'}",9,18,98,2022676,Castle Hill-Unionport,,1024894,239047
PC8645672,2026-09-17T10:15:50.000,Treatments,540,EAST  142 STREET,10454,Bronx,Bait applied,,2022680022,2,2268,22,40.809878297286,-73.916223988564,"{'latitude': '40.809878297286', 'longitude': '-73.916223988564', 'human_address': '{""address"": """", ""city"": """", ""state"": """", ""zip"": """"}'}",1,8,41,2128984,Mott Haven-Port Morris,,1007352,234390
PC8703223,2026-09-17T10:16:00.000,Stoppage,319,west 35th street.,10001,Manhattan,Stoppage done,,1007590029,1,759,29,40.753295422707,-73.994012079222,"{'latitude': '40.753295422707', 'longitude': '-73.994012079222', 'human_address': '{""address"": """", ""city"": """", ""state"": """", ""zip"": """"}'}",4,3,111,1013572,Chelsea-Hudson Yards,,,
PC8724632,2026-09-17T10:19:02.000,Treatments,459,WEST 49 STREET,10019,Manhattan,Bait applied,,1010590006,1,1059,6,40.763533176981,-73.991004098186,"{'latitude': '40.763533176981', 'longitude': '-73.991004098186', 'human_address': '{""address"": """", ""city"": """", ""state"": """", ""zip"": """"}'}",4,3,127,1026643,Hell's Kitchen,,,
PC8774582,2026-09-17T10:19:05.000,Initial,510,EAST 188 STREET,10458,Bronx,Failed for Other Reason,Garbage,2030570026,2,3057,26,40.857952034797,-73.889766037086,"{'latitude': '40.857952034797', 'longitude': '-73.889766037086', 'human_address': '{""address"": """", ""city"": """", ""state"": """", ""zip"": """"}'}",6,15,387,2011756,Belmont,,,
PC8733556,2026-09-17T10:20:00.000,Compliance,127,EAST 119 STREET,10035,Manhattan,Failed for Rat Activity,Burrows,1017680111,1,1768,111,40.800819471984,-73.940821932955,"{'latitude': '40.800819471984', 'longitude': '-73.940821932955', 'human_address': '{""address"": """", ""city"": """", ""state"": """", ""zip"": """"}'}",11,9,196,1089076,East Harlem (North),Summons Issued,,
PC8773809,2026-09-17T10:20:00.000,Initial,1731,LINDEN STREET,11385,Queens,Failed for Rat Activity,"Droppings, Burrows, Rats",4034410040,4,3441,40,40.702967847002,-73.909913825744,"{'latitude': '40.702967847002', 'longitude': '-73.909913825744', 'human_address': '{""address"": """", ""city"": """", ""state"": """", ""zip"": """"}'}",5,34,547,4082224,Ridgewood,,1009228,195402
PC8720338,2026-09-17T10:21:00.000,Compliance,338,EAST 14 STREET,10003,Manhattan,Failed for Rat Activity and Other Reason,"Burrows, Mice",1004550027,1,455,27,40.731673879413,-73.983377115368,"{'latitude': '40.731673879413', 'longitude': '-73.983377115368', 'human_address': '{""address"": """", ""city"": """", ""state"": """", ""zip"": """"}'}",3,2,4001,1006519,East Village,Summons Issued,,
PC8750489,2026-09-17T10:21:00.000,Treatments,2820,DECATUR AVENUE,10458,Bronx,Bait applied,,2032790006,2,3279,6,40.866953747946,-73.885922188841,"{'latitude': '40.866953747946', 'longitude': '-73.885922188841', 'human_address': '{""address"": """", ""city"": """", ""state"": """", ""zip"": """"}'}",7,15,40702,2016407,Bedford Park,,,
PC8612880,2026-09-17T10:22:03.000,Treatments,2675,DECATUR AVENUE,10458,Bronx,Bait applied,,2032820044,2,3282,44,40.864278263364,-73.889372277285,"{'latitude': '40.864278263364', 'longitude': '-73.889372277285', 'human_address': '{""address"": """", ""city"": """", ""state"": """", ""zip"": """"}'}",7,15,40502,2000000,Bedford Park,,,
PC8554030,2026-09-17T10:23:53.000,Treatments,319,West 145 St,10039,Manhattan,Bait applied,,1020520001,1,2052,1,40.823319278776,-73.943056463838,"{'latitude': '40.823319278776', 'longitude': '-73.943056463838', 'human_address': '{""address"": """", ""city"": """", ""state"": """", ""zip"": """"}'}",10,9,231,1084164,Hamilton Heights-Sugar Hill,,,
PC8742656,2026-09-17T10:24:14.000,Treatments,746,PROSPECT PLACE,11216,Brooklyn,Bait applied,,3012330024,3,1233,24,40.67438980382,-73.951774992665,"{'latitude': '40.67438980382', 'longitude': '-73.951774992665', 'human_address': '{""address"": """", ""city"": """", ""state"": """", ""zip"": """"}'}",8,36,31701,3031204,Crown Heights (North),,,
PC8751331,2026-09-17T10:26:00.000,Compliance,248,EAST   33 STREET,10016,Manhattan,Failed for Rat Activity,Droppings,1009130039,1,913,39,40.744570522986,-73.977505844501,"{'latitude': '40.744570522986', 'longitude': '-73.977505844501', 'human_address': '{""address"": """", ""city"": """", ""state"": """", ""zip"": """"}'}",6,4,7002,1020098,Murray Hill-Kips Bay,,990483,210547
PC8761448,2026-09-17T10:28:00.000,Compliance,1751,2 AVENUE,10128,Manhattan,Failed for Rat Activity and Other Reason,"Burrows, Animal Nuisance",1015370022,1,1537,22,40.781215034895,-73.949317759192,"{'latitude': '40.781215034895', 'longitude': '-73.949317759192', 'human_address': '{""address"": """", ""city"": """", ""state"": """", ""zip"": """"}'}",8,5,15403,1048914,Upper East Side-Yorkville,,998286,223901
PC8554031,2026-09-17T10:28:53.000,Treatments,319,West 145 St,10039,Manhattan,Bait applied,,1020520001,1,2052,1,40.823319278776,-73.943056463838,"{'latitude': '40.823319278776', 'longitude': '-73.943056463838', 'human_address': '{""address"": """", ""city"": """", ""state"": """", ""zip"": """"}'}",10,9,231,1084164,Hamilton Heights-Sugar Hill,,,
PC8656155,2026-09-17T10:29:00.000,Stoppage,294,10 AVENUE,10001,Manhattan,Stoppage done,,1007240100,1,724,100,40.750290044061,-74.002255745024,"{'latitude': '40.750290044061', 'longitude': '-74.002255745024', 'human_address': '{""address"": """", ""city"": """", ""state"": """", ""zip"": """"}'}",4,3,97,1000000,Chelsea-Hudson Yards,,,
PC8697174,2026-09-17T10:30:00.000,Compliance,77,VARET STREET,11206,Brooklyn,Failed for Rat Activity and Other Reason,"Droppings, Burrows, Runways, Gnawing, Garbage, Harborage",3031060001,3,3106,1,40.703087465304,-73.942171344024,"{'latitude': '40.703087465304', 'longitude': '-73.942171344024', 'human_address': '{""address"": """", ""city"": """", ""state"": """", ""zip"": """"}'}",1,34,491,3071509,East Williamsburg,Summons Issued,,
PC8776732,2026-09-17T10:30:09.000,Initial,2311,CROTONA AVENUE,10458,Bronx,Failed for Other Reason,Harborage,2031030054,2,3103,54,40.852363992196,-73.884418266775,"{'latitude': '40.852363992196', 'longitude': '-73.884418266775', 'human_address': '{""address"": """", ""city"": """", ""state"": """", ""zip"": """"}'}",6,15,391,2012881,Belmont,,,
PC8736978,2026-09-17T10:30:50.000,Treatments,654,SAINT ANNS AVENUE,10455,Bronx,Bait applied,,2026170012,2,2617,12,40.816791600094,-73.911612526837,"{'latitude': '40.816791600094', 'longitude': '-73.911612526837', 'human_address': '{""address"": """", ""city"": """", ""state"": """", ""zip"": """"}'}",1,17,75,2004320,Melrose,,1008715,236871
PC8613178,2026-09-17T10:31:00.000,Clean Ups,95-35,115 STREET,11419,Queens,Cleanup done,,4094170076,4,9417,76,40.69105045744,-73.830331649386,"{'latitude': '40.69105045744', 'longitude': '-73.830331649386', 'human_address': '{""address"": """", ""city"": """", ""state"": """", ""zip"": """"}'}",9,29,120,4198296,South Richmond Hill,,1031302,191093
PC8753140,2026-09-17T10:31:45.000,Compliance,304,WEST  120 STREET,10027,Manhattan,Failed for Rat Activity,"Droppings, Burrows, Runways, Rats",1019460038,1,1946,38,40.807209821762,-73.954080562188,"{'latitude': '40.807209821762', 'longitude': '-73.954080562188', 'human_address': '{""address"": """", ""city"": """", ""state"": """", ""zip"": """"}'}",10,9,257,1059118,Harlem (South),,996962,233371
PC8720184,2026-09-17T10:32:10.000,Compliance,326,EAST 14 STREET,10003,Manhattan,Failed for Rat Activity,Burrows,1004550020,1,455,20,40.731920990972,-73.983957972613,"{'latitude': '40.731920990972', 'longitude': '-73.983957972613', 'human_address': '{""address"": """", ""city"": """", ""state"": """", ""zip"": """"}'}",3,2,4001,1000000,East Village,Summons Issued,,
PC8685149,2026-09-17T10:32:39.000,Treatments,3463,3 AVENUE,10456,Bronx,Bait applied,,2023720041,2,2372,41,40.829830494319,-73.906406116961,"{'latitude': '40.829830494319', 'longitude': '-73.906406116961', 'human_address': '{""address"": """", ""city"": """", ""state"": """", ""zip"": """"}'}",3,16,145,2098317,Claremont Village-Claremont (East),,1010151,241623
PC8554032,2026-09-17T10:33:53.000,Treatments,319,West 145 St,10039,Manhattan,Bait applied,,1020520001,1,2052,1,40.823319278776,-73.943056463838,"{'latitude': '40.823319278776', 'longitude': '-73.943056463838', 'human_address': '{""address"": """", ""city"": """", ""state"": """", ""zip"": """"}'}",10,9,231,1084164,Hamilton Heights-Sugar Hill,,,
PC8765563,2026-09-17T10:34:00.000,Initial,123,WASHINGTON AVENUE,11205,Brooklyn,Failed for Rat Activity,"Droppings, Burrows",3018900025,3,1890,25,40.694739512087,-73.967151366319,"{'latitude': '40.694739512087', 'longitude': '-73.967151366319', 'human_address': '{""address"": """", ""city"": """", ""state"": """", ""zip"": """"}'}",2,35,191,3054430,Clinton Hill,,993359,192393
PC8731149,2026-09-17T10:34:46.000,Compliance,1170,WALTON AVENUE,10452,Bronx,Failed for Rat Activity,"Droppings, Burrows, Runways, Gnawing",2024630001,2,2463,1,40.834067693872,-73.920042062362,"{'latitude': '40.834067693872', 'longitude': '-73.920042062362', 'human_address': '{""address"": """", ""city"": """", ""state"": """", ""zip"": """"}'}",4,16,197,2002834,Concourse-Concourse Village,Summons Issued,,
PC8353891,2026-09-17T10:35:00.000,Treatments,1011,45 STREET,11219,Brooklyn,Bait applied,,3056080051,3,5608,51,40.641009642802,-73.995982366905,"{'latitude': '40.641009642802', 'longitude': '-73.995982366905', 'human_address': '{""address"": """", ""city"": """", ""state"": """", ""zip"": """"}'}",12,38,112,3341108,Sunset Park (East)-Borough Park (West),,985365,172816
PC8775683,2026-09-17T10:35:00.000,Initial,221,EAST   33 STREET,10016,Manhattan,Failed for Rat Activity and Other Reason,"Droppings, Burrows, Mice",1009140011,1,914,11,40.744776464921,-73.97794245067,"{'latitude': '40.744776464921', 'longitude': '-73.97794245067', 'human_address': '{""address"": """", ""city"": """", ""state"": """", ""zip"": """"}'}",6,4,7002,1020111,Murray Hill-Kips Bay,,990362,210622
PC8751702,2026-09-17T10:35:00.000,Stoppage,69,East 125 St,10035,Manhattan,Stoppage done,,1017500028,1,1750,28,40.805452163638,-73.939968932313,"{'latitude': '40.805452163638', 'longitude': '-73.939968932313', 'human_address': '{""address"": """", ""city"": """", ""state"": """", ""zip"": """"}'}",11,9,198,1089917,East Harlem (North),,,
PC8724608,2026-09-17T10:35:02.000,Treatments,449,WEST 48 STREET,10036,Manhattan,Bait applied,,1010580006,1,1058,6,40.762825049022,-73.991256885373,"{'latitude': '40.762825049022', 'longitude': '-73.991256885373', 'human_address': '{""address"": """", ""city"": """", ""state"": """", ""zip"": """"}'}",4,3,127,1026584,Hell's Kitchen,,,
PC8776820,2026-09-17T10:36:00.000,Initial,437,EAST 116 STREET,10029,Manhattan,Failed for Rat Activity,Burrows,1017100017,1,1710,17,40.795444320979,-73.934072943223,"{'latitude': '40.795444320979', 'longitude': '-73.934072943223', 'human_address': '{""address"": """", ""city"": """", ""state"": """", ""zip"": """"}'}",11,8,178,1053080,East Harlem (North),,,
PC8778322,2026-09-17T10:36:25.000,Initial,3412,GLENWOOD ROAD,11210,Brooklyn,Failed for Rat Activity,"Droppings, Burrows",3075620043,3,7562,43,40.634235475705,-73.943694012373,"{'latitude': '40.634235475705', 'longitude': '-73.943694012373', 'human_address': '{""address"": """", ""city"": """", ""state"": """", ""zip"": """"}'}",17,45,784,3390734,East Flatbush-Farragut,,999878,170353
PC8778236,2026-09-17T10:39:55.000,Initial,570,WEST  204 STREET,10034,Manhattan,Failed for Rat Activity and Other Reason,"Droppings, Garbage, Harborage",1022210022,1,2221,22,40.864554499196,-73.921549049143,"{'latitude': '40.864554499196', 'longitude': '-73.921549049143', 'human_address': '{""address"": """", ""city"": """", ""state"": """", ""zip"": """"}'}",12,10,291,1064770,Inwood,,,
PC8557860,2026-09-17T10:40:00.000,Treatments,475,West 143rd St,10031,Manhattan,Bait applied,,1020597503,1,2059,7503,40.823796554286,-73.948201243515,"{'latitude': '40.823796554286', 'longitude': '-73.948201243515', 'human_address': '{""address"": """", ""city"": """", ""state"": """", ""zip"": """"}'}",9,7,227,1061270,Hamilton Heights-Sugar Hill,,,
PC8777086,2026-09-17T10:40:00.000,Initial,439,EAST 116 STREET,10029,Manhattan,Failed for Rat Activity,Droppings,1017100018,1,1710,18,40.795425082846,-73.934029622554,"{'latitude': '40.795425082846', 'longitude': '-73.934029622554', 'human_address': '{""address"": """", ""city"": """", ""state"": """", ""zip"": """"}'}",11,8,178,1053081,East Harlem (North),,,
PC8776889,2026-09-17T10:40:09.000,Initial,2323,CROTONA AVENUE,10458,Bronx,Failed for Rat Activity and Other Reason,"Droppings, Burrows, Gnawing, Rats, Harborage",2031030049,2,3103,49,40.852616380045,-73.884291309588,"{'latitude': '40.852616380045', 'longitude': '-73.884291309588', 'human_address': '{""address"": """", ""city"": """", ""state"": """", ""zip"": """"}'}",6,15,391,2012878,Belmont,,,
PC8675588,2026-09-17T10:40:14.000,Treatments,717,PROSPECT PLACE,11216,Brooklyn,Bait applied,,3012267501,3,1226,7501,40.674436701767,-73.952340954904,"{'latitude': '40.674436701767', 'longitude': '-73.952340954904', 'human_address': '{""address"": """", ""city"": """", ""state"": """", ""zip"": """"}'}",8,36,31701,3030984,Crown Heights (North),,,
PC8776552,2026-09-17T10:40:26.000,Initial,85-15,101 AVENUE,11416,Queens,Failed for Rat Activity,"Droppings, Runways",4090570043,4,9057,43,40.681910362441,-73.854288188935,"{'latitude': '40.681910362441', 'longitude': '-73.854288188935', 'human_address': '{""address"": """", ""city"": """", ""state"": """", ""zip"": """"}'}",9,32,42,4188311,Ozone Park (North),,,
PC8730544,2026-09-17T10:41:45.000,Compliance,315,WEST 121 STREET,10027,Manhattan,Failed for Rat Activity and Other Reason,"Droppings, Burrows, Runways, Garbage",1019480022,1,1948,22,40.807953553694,-73.953845245559,"{'latitude': '40.807953553694', 'longitude': '-73.953845245559', 'human_address': '{""address"": """", ""city"": """", ""state"": """", ""zip"": """"}'}",10,9,257,1059193,Harlem (South),Summons Issued,,
PC8720355,2026-09-17T10:44:03.000,Compliance,324,EAST 14 STREET,10003,Manhattan,Failed for Rat Activity,"Droppings, Burrows",1004550019,1,455,19,40.731945701916,-73.984015697756,"{'latitude': '40.731945701916', 'longitude': '-73.984015697756', 'human_address': '{""address"": """", ""city"": """", ""state"": """", ""zip"": """"}'}",3,2,4001,1006515,East Village,Summons Issued,,
PC8777193,2026-09-17T10:45:00.000,Initial,2327,CROTONA AVENUE,10458,Bronx,Failed for Rat Activity,Burrows,2031030047,2,3103,47,40.852701422991,-73.884247783789,"{'latitude': '40.852701422991', 'longitude': '-73.884247783789', 'human_address': '{""address"": """", ""city"": """", ""state"": """", ""zip"": """"}'}",6,15,391,2012877,Belmont,,,
PC8642674,2026-09-17T10:45:50.000,Treatments,786,CAULDWELL AVENUE,10456,Bronx,Bait applied,,2026290046,2,2629,46,40.819703955742,-73.908342516,"{'latitude': '40.819703955742', 'longitude': '-73.908342516', 'human_address': '{""address"": """", ""city"": """", ""state"": """", ""zip"": """"}'}",1,17,75,2004490,Melrose,,1009619,237933
PC8728590,2026-09-17T10:47:39.000,Treatments,335,EAST 165 STREET,10456,Bronx,Bait applied,,2024330079,2,2433,79,40.82855751843,-73.914184071215,"{'latitude': '40.82855751843', 'longitude': '-73.914184071215', 'human_address': '{""address"": """", ""city"": """", ""state"": """", ""zip"": """"}'}",4,16,175,2000000,Concourse-Concourse Village,,,
PC8767727,2026-09-17T10:48:00.000,Stoppage,438,EAST 116 STREET,10029,Manhattan,Stoppage done,,1017090016,1,1709,16,40.7954141163,-73.934051303357,"{'latitude': '40.7954141163', 'longitude': '-73.934051303357', 'human_address': '{""address"": """", ""city"": """", ""state"": """", ""zip"": """"}'}",11,8,178,1081443,East Harlem (North),,,
PC8505084,2026-09-17T10:48:00.000,Treatments,365,EAST  184 STREET,10458,Bronx,Bait applied,,2030240008,2,3024,8,40.857795458562,-73.895506998924,"{'latitude': '40.857795458562', 'longitude': '-73.895506998924', 'human_address': '{""address"": """", ""city"": """", ""state"": """", ""zip"": """"}'}",5,15,38303,2011053,Fordham Heights,,1013155,251815
PC8776939,2026-09-17T10:49:09.000,Initial,2335,CROTONA AVENUE,10458,Bronx,Failed for Other Reason,Harborage,2031030043,2,3103,43,40.853033367706,-73.884080923456,"{'latitude': '40.853033367706', 'longitude': '-73.884080923456', 'human_address': '{""address"": """", ""city"": """", ""state"": """", ""zip"": """"}'}",6,15,391,2012876,Belmont,,,
PC8776725,2026-09-17T10:50:00.000,Initial,749,EAST 183 STREET,10458,Bronx,Failed for Other Reason,Harborage,2031020060,2,3102,60,40.851600695152,-73.88415933888,"{'latitude': '40.851600695152', 'longitude': '-73.88415933888', 'human_address': '{""address"": """", ""city"": """", ""state"": """", ""zip"": """"}'}",6,15,393,2012851,Belmont,,,
PC8730876,2026-09-17T10:51:45.000,Compliance,361,WEST 121 STREET,10027,Manhattan,Failed for Rat Activity and Other Reason,"Droppings, Burrows, Runways, Harborage",1019480001,1,1948,1,40.808577199394,-73.955333105967,"{'latitude': '40.808577199394', 'longitude': '-73.955333105967', 'human_address': '{""address"": """", ""city"": """", ""state"": """", ""zip"": """"}'}",10,9,257,1059174,Harlem (South),Summons Issued,,
PC8705623,2026-09-17T10:52:00.000,Compliance,857,HALSEY STREET,11233,Brooklyn,Failed for Rat Activity,"Burrows, Runways",3014910044,3,1491,44,40.685394095408,-73.918641740874,"{'latitude': '40.685394095408', 'longitude': '-73.918641740874', 'human_address': '{""address"": """", ""city"": """", ""state"": """", ""zip"": """"}'}",3,41,377,3039962,Bedford-Stuyvesant (East),Summons Issued,,
PC8777173,2026-09-17T10:53:00.000,Initial,747,EAST 183 STREET,10458,Bronx,Failed for Other Reason,Harborage,2031020061,2,3102,61,40.851611717789,-73.884202696181,"{'latitude': '40.851611717789', 'longitude': '-73.884202696181', 'human_address': '{""address"": """", ""city"": """", ""state"": """", ""zip"": """"}'}",6,15,393,2012852,Belmont,,,
PC8710835,2026-09-17T10:54:02.000,Treatments,328,WEST   49 STREET,10019,Manhattan,Bait applied,,1010390050,1,1039,50,40.762209918779,-73.987903424636,"{'latitude': '40.762209918779', 'longitude': '-73.987903424636', 'human_address': '{""address"": """", ""city"": """", ""state"": """", ""zip"": """"}'}",4,3,127,1025154,Hell's Kitchen,,987601,216973
PC8776983,2026-09-17T10:54:09.000,Initial,2345,CROTONA AVENUE,10458,Bronx,Failed for Other Reason,Harborage,2031030040,2,3103,40,40.853250088275,-73.883968485384,"{'latitude': '40.853250088275', 'longitude': '-73.883968485384', 'human_address': '{""address"": """", ""city"": """", ""state"": """", ""zip"": """"}'}",6,15,391,2012875,Belmont,,,
PC8776113,2026-09-17T10:55:00.000,Initial,172,HALL STREET,11205,Brooklyn,Failed for Rat Activity,Droppings,3019040040,3,1904,40,40.692762876084,-73.965785644779,"{'latitude': '40.692762876084', 'longitude': '-73.965785644779', 'human_address': '{""address"": """", ""city"": """", ""state"": """", ""zip"": """"}'}",2,35,195,3054874,Clinton Hill,,993734,191677
PC8756574,2026-09-17T10:56:49.000,Compliance,514,EAST 119 STREET,10035,Manhattan,Failed for Other Reason,Harborage,1018150044,1,1815,44,40.796765637619,-73.93125448602,"{'latitude': '40.796765637619', 'longitude': '-73.93125448602', 'human_address': '{""address"": """", ""city"": """", ""state"": """", ""zip"": """"}'}",11,8,178,1054905,East Harlem (North),,,
PC8776836,2026-09-17T10:57:00.000,Initial,311,PLEASANT AVENUE,10035,Manhattan,Failed for Rat Activity,"Droppings, Runways",1017100027,1,1710,27,40.795506730118,-73.932830472211,"{'latitude': '40.795506730118', 'longitude': '-73.932830472211', 'human_address': '{""address"": """", ""city"": """", ""state"": """", ""zip"": """"}'}",11,8,178,1053087,East Harlem (North),,,
PC8767620,2026-09-17T11:00:00.000,Stoppage,215,WEST 116TH STREET,10026,Manhattan,Stoppage done,,1019220020,1,1922,20,40.803624938968,-73.95347621274,"{'latitude': '40.803624938968', 'longitude': '-73.95347621274', 'human_address': '{""address"": """", ""city"": """", ""state"": """", ""zip"": """"}'}",10,9,218,1058376,Harlem (South),,,
PC8751792,2026-09-17T11:00:02.000,Compliance,55,EAST 196 STREET,10468,Bronx,Failed for Other Reason,Garbage,2033180069,2,3318,69,40.868611658588,-73.894647492531,"{'latitude': '40.868611658588', 'longitude': '-73.894647492531', 'human_address': '{""address"": """", ""city"": """", ""state"": """", ""zip"": """"}'}",7,14,40303,2017519,Bedford Park,,,
PC8446244,2026-09-17T11:00:50.000,Treatments,680,UNION AVENUE,10455,Bronx,Bait applied,,2026750011,2,2675,11,40.815978674692,-73.904167691238,"{'latitude': '40.815978674692', 'longitude': '-73.904167691238', 'human_address': '{""address"": """", ""city"": """", ""state"": """", ""zip"": """"}'}",1,8,79,2004925,Melrose,,1010776,236577
PC8704564,2026-09-17T11:01:15.000,Treatments,326,ST JOHNS PLACE,11238,Brooklyn,Bait applied,,3011760005,3,1176,5,40.674282458201,-73.966296265727,"{'latitude': '40.674282458201', 'longitude': '-73.966296265727', 'human_address': '{""address"": """", ""city"": """", ""state"": """", ""zip"": """"}'}",8,35,215,3029516,Prospect Heights,,,
PC8693549,2026-09-17T11:02:43.000,Treatments,283,EAST 164 STREET,10456,Bronx,Bait applied,,2024320019,2,2432,19,40.828246348754,-73.916533209152,"{'latitude': '40.828246348754', 'longitude': '-73.916533209152', 'human_address': '{""address"": """", ""city"": """", ""state"": """", ""zip"": """"}'}",4,16,173,2129536,Concourse-Concourse Village,,,
PC8741787,2026-09-17T11:03:19.000,Compliance,144,BRUCKNER BOULEVARD,10454,Bronx,Failed for Rat Activity and Other Reason,"Droppings, Harborage",2022600017,2,2260,17,40.803771352324,-73.920244752692,"{'latitude': '40.803771352324', 'longitude': '-73.920244752692', 'human_address': '{""address"": """", ""city"": """", ""state"": """", ""zip"": """"}'}",1,8,1902,2000004,Mott Haven-Port Morris,,1006330,232125
PC8551032,2026-09-17T11:04:00.000,Compliance,828,HALSEY STREET,11233,Brooklyn,Failed for Rat Activity,"Droppings, Burrows",3014930029,3,1493,29,40.685085709542,-73.921180496721,"{'latitude': '40.685085709542', 'longitude': '-73.921180496721', 'human_address': '{""address"": """", ""city"": """", ""state"": """", ""zip"": """"}'}",3,41,377,3040016,Bedford-Stuyvesant (East),Summons Issued,,
PC8754250,2026-09-17T11:05:00.000,Compliance,606,EAST 13 STREET,10009,Manhattan,Failed for Rat Activity,Burrows,,1,395,9,40.728629085313,-73.978294185477,"{'latitude': '40.728629085313', 'longitude': '-73.978294185477', 'human_address': '{""address"": """", ""city"": """", ""state"": """", ""zip"": """"}'}",3,2,28,,East Village,,,
PC8774405,2026-09-17T11:07:28.000,Initial,EAST,187 STREET,10458,Bronx,Failed for Other Reason,Harborage,,2,3057,37,,,,,,,,,,,
PC8777006,2026-09-17T11:10:00.000,Initial,2304,CROTONA AVENUE,10458,Bronx,Failed for Other Reason,Harborage,2031020005,2,3102,5,40.85216644795,-73.884494521008,"{'latitude': '40.85216644795', 'longitude': '-73.884494521008', 'human_address': '{""address"": """", ""city"": """", ""state"": """", ""zip"": """"}'}",6,15,393,2012823,Belmont,,,
PC8768036,2026-09-17T11:10:00.000,Initial,21,ST JAMES PLACE,11205,Brooklyn,Failed for Rat Activity,"Droppings, Burrows",3019330001,3,1933,1,40.689095621923,-73.965001454736,"{'latitude': '40.689095621923', 'longitude': '-73.965001454736', 'human_address': '{""address"": """", ""city"": """", ""state"": """", ""zip"": """"}'}",2,35,193,3055374,Clinton Hill,,993956,190337
PC8751881,2026-09-17T11:10:55.000,Compliance,51,EAST 196 STREET,10468,Bronx,Failed for Rat Activity,Runways,2033180072,2,3318,72,40.868628156758,-73.894680007073,"{'latitude': '40.868628156758', 'longitude': '-73.894680007073', 'human_address': '{""address"": """", ""city"": """", ""state"": """", ""zip"": """"}'}",7,14,40303,2017520,Bedford Park,,,
PC8728382,2026-09-17T11:12:00.000,Stoppage,3381,Broadway,10031,Manhattan,Stoppage done,,1020860029,1,2086,29,40.821474254568,-73.954070681061,"{'latitude': '40.821474254568', 'longitude': '-73.954070681061', 'human_address': '{""address"": """", ""city"": """", ""state"": """", ""zip"": """"}'}",9,7,22301,1062268,Manhattanville-West Harlem,,,
PC8777089,2026-09-17T11:12:00.000,Initial,2314,CROTONA AVENUE,10458,Bronx,Failed for Rat Activity,Droppings,2031020009,2,3102,9,40.852331048164,-73.884411094736,"{'latitude': '40.852331048164', 'longitude': '-73.884411094736', 'human_address': '{""address"": """", ""city"": """", ""state"": """", ""zip"": """"}'}",6,15,393,2012825,Belmont,,,
PC8776849,2026-09-17T11:15:00.000,Initial,2322,CROTONA AVENUE,10458,Bronx,Failed for Other Reason,Harborage,2031020013,2,3102,13,40.852459985014,-73.884345804113,"{'latitude': '40.852459985014', 'longitude': '-73.884345804113', 'human_address': '{""address"": """", ""city"": """", ""state"": """", ""zip"": """"}'}",6,15,393,2012826,Belmont,,,
PC8776731,2026-09-17T11:15:09.000,Initial,2350,BEAUMONT AVENUE,10458,Bronx,Failed for Other Reason,Harborage,2031030026,2,3103,26,40.853347037337,-73.884846714176,"{'latitude': '40.853347037337', 'longitude': '-73.884846714176', 'human_address': '{""address"": """", ""city"": """", ""state"": """", ""zip"": """"}'}",6,15,391,2012868,Belmont,,,
PC8763370,2026-09-17T11:15:31.000,Treatments,1033,40 STREET,11219,Brooklyn,Bait applied,,3055840062,3,5584,62,40.643540163748,-73.992616642489,"{'latitude': '40.643540163748', 'longitude': '-73.992616642489', 'human_address': '{""address"": """", ""city"": """", ""state"": """", ""zip"": """"}'}",12,38,110,3135263,Sunset Park (East)-Borough Park (West),,986299,173738
PC8654825,2026-09-17T11:15:50.000,Treatments,773,PROSPECT AVENUE,10455,Bronx,Bait applied,,2026760075,2,2676,75,40.817890247402,-73.902369329217,"{'latitude': '40.817890247402', 'longitude': '-73.902369329217', 'human_address': '{""address"": """", ""city"": """", ""state"": """", ""zip"": """"}'}",1,17,79,2128731,Melrose,,1011273,237274
PC8696086,2026-09-17T11:17:13.000,Treatments,316,EAST 165 STREET,10456,Bronx,Bait applied,,2024320080,2,2432,80,40.828675851855,-73.91459946614,"{'latitude': '40.828675851855', 'longitude': '-73.91459946614', 'human_address': '{""address"": """", ""city"": """", ""state"": """", ""zip"": """"}'}",4,16,173,2129110,Concourse-Concourse Village,,,
PC8740988,2026-09-17T11:18:00.000,Compliance,706,MAC DONOUGH STREET,11233,Brooklyn,Failed for Rat Activity,"Droppings, Burrows",3015010026,3,1501,26,40.68391989569,-73.918282987665,"{'latitude': '40.68391989569', 'longitude': '-73.918282987665', 'human_address': '{""address"": """", ""city"": """", ""state"": """", ""zip"": """"}'}",3,41,377,3040340,Bedford-Stuyvesant (East),,1006914,188460
PC8767310,2026-09-17T11:18:40.000,Initial,912,BRYANT AVENUE,10474,Bronx,Failed for Rat Activity and Other Reason,"Droppings, Harborage, Animal Nuisance",2027610161,2,2761,161,40.820168024328,-73.887007115161,"{'latitude': '40.820168024328', 'longitude': '-73.887007115161', 'human_address': '{""address"": """", ""city"": """", ""state"": """", ""zip"": """"}'}",2,17,11502,2006393,Hunts Point,,1015524,238109
PC8751801,2026-09-17T11:19:37.000,Compliance,2758,MORRIS AVENUE,10468,Bronx,Failed for Other Reason,Harborage,2033180073,2,3318,73,40.869160524038,-73.894559843485,"{'latitude': '40.869160524038', 'longitude': '-73.894559843485', 'human_address': '{""address"": """", ""city"": """", ""state"": """", ""zip"": """"}'}",7,14,40303,2017521,Bedford Park,,,
PC8738970,2026-09-17T11:20:45.000,Compliance,540,MANHATTAN AVENUE,10027,Manhattan,Failed for Rat Activity and Other Reason,"Droppings, Runways, Garbage, Harborage",1019490047,1,1949,47,40.809240794183,-73.953732365021,"{'latitude': '40.809240794183', 'longitude': '-73.953732365021', 'human_address': '{""address"": """", ""city"": """", ""state"": """", ""zip"": """"}'}",10,9,257,1059241,Harlem (South),Summons Issued,997058,234111
PC8779069,2026-09-17T11:20:53.000,Initial,,,10305,Staten Island,Failed for Other Reason,Harborage,,5,3839,24,,,,,,,,,,,
PC8776902,2026-09-17T11:21:00.000,Initial,2346,CROTONA AVENUE,10458,Bronx,Failed for Rat Activity,Droppings,2031020020,2,3102,20,40.853167764628,-73.883986703547,"{'latitude': '40.853167764628', 'longitude': '-73.883986703547', 'human_address': '{""address"": """", ""city"": """", ""state"": """", ""zip"": """"}'}",6,15,393,2012831,Belmont,,,
PC8700097,2026-09-17T11:21:39.000,Treatments,341,SAINT JOHNS PLACE,11238,Brooklyn,Bait applied,,3011730090,3,1173,90,40.674230213723,-73.965979046917,"{'latitude': '40.674230213723', 'longitude': '-73.965979046917', 'human_address': '{""address"": """", ""city"": """", ""state"": """", ""zip"": """"}'}",8,35,207,3029422,Prospect Heights,,993687,184921
PC8768668,2026-09-17T11:24:00.000,Stoppage,16,CONVENT AVENUE,10027,Manhattan,Stoppage done,,1019670078,1,1967,78,40.813242387101,-73.953126264928,"{'latitude': '40.813242387101', 'longitude': '-73.953126264928', 'human_address': '{""address"": """", ""city"": """", ""state"": """", ""zip"": """"}'}",9,7,21303,1000000,Manhattanville-West Harlem,,,
PC8768666,2026-09-17T11:26:00.000,Stoppage,433,WEST 126 STREET,10027,Manhattan,Stoppage done,,1019670006,1,1967,6,40.812916367501,-73.954632950395,"{'latitude': '40.812916367501', 'longitude': '-73.954632950395', 'human_address': '{""address"": """", ""city"": """", ""state"": """", ""zip"": """"}'}",9,7,21303,1059564,Manhattanville-West Harlem,,,
PC8776237,2026-09-17T11:26:53.000,Initial,120,EAST 102 STREET,10029,Manhattan,Failed for Rat Activity,"Droppings, Gnawing",1016290062,1,1629,62,40.790022796979,-73.948982395052,"{'latitude': '40.790022796979', 'longitude': '-73.948982395052', 'human_address': '{""address"": """", ""city"": """", ""state"": """", ""zip"": """"}'}",11,8,166,1051858,East Harlem (South),,,
PC8779128,2026-09-17T11:27:54.000,Initial,2760,MORRIS AVENUE,10468,Bronx,Failed for Other Reason,Harborage,2033180075,2,3318,75,40.869196175609,-73.894527245676,"{'latitude': '40.869196175609', 'longitude': '-73.894527245676', 'human_address': '{""address"": """", ""city"": """", ""state"": """", ""zip"": """"}'}",7,14,40303,2017522,Bedford Park,,,
PC8775691,2026-09-17T11:30:00.000,Initial,253,DEKALB AVENUE,11205,Brooklyn,Failed for Rat Activity,Droppings,3019150068,3,1915,68,40.689467282283,-73.968870376037,"{'latitude': '40.689467282283', 'longitude': '-73.968870376037', 'human_address': '{""address"": """", ""city"": """", ""state"": """", ""zip"": """"}'}",2,35,195,3055030,Clinton Hill,,992883,190472
PC8774389,2026-09-17T11:31:01.000,Initial,519,EAST 187 STREET,10458,Bronx,Failed for Rat Activity,"Droppings, Burrows",2030570042,2,3057,42,40.857049610322,-73.890385705377,"{'latitude': '40.857049610322', 'longitude': '-73.890385705377', 'human_address': '{""address"": """", ""city"": """", ""state"": """", ""zip"": """"}'}",6,15,387,2011769,Belmont,,,
PC8779129,2026-09-17T11:32:00.000,Initial,2762,MORRIS AVENUE,10468,Bronx,Failed for Other Reason,Harborage,2033180076,2,3318,76,40.869231827171,-73.894494647833,"{'latitude': '40.869231827171', 'longitude': '-73.894494647833', 'human_address': '{""address"": """", ""city"": """", ""state"": """", ""zip"": """"}'}",7,14,40303,2017523,Bedford Park,,,
PC8754251,2026-09-17T11:32:20.000,Compliance,205,AVENUE C,10009,Manhattan,Failed for Rat Activity,Burrows,1003950022,1,395,22,40.72735515178,-73.976458157898,"{'latitude': '40.72735515178', 'longitude': '-73.976458157898', 'human_address': '{""address"": """", ""city"": """", ""state"": """", ""zip"": """"}'}",3,2,28,1082803,East Village,,,
PC8776452,2026-09-17T11:33:53.000,Initial,1634,LEXINGTON AVENUE,10029,Manhattan,Failed for Rat Activity,Burrows,1016310016,1,1631,16,40.790406452253,-73.947627833993,"{'latitude': '40.790406452253', 'longitude': '-73.947627833993', 'human_address': '{""address"": """", ""city"": """", ""state"": """", ""zip"": """"}'}",11,8,166,1051912,East Harlem (South),,,
PC8632229,2026-09-17T11:34:00.000,Treatments,1234,FULTON AVENUE,10456,Bronx,Bait applied,,2026120004,2,2612,4,40.831044599155,-73.904203725267,"{'latitude': '40.831044599155', 'longitude': '-73.904203725267', 'human_address': '{""address"": """", ""city"": """", ""state"": """", ""zip"": """"}'}",3,17,149,2004243,Morrisania,,1010760,242066
PC8554034,2026-09-17T11:35:53.000,Treatments,1734,Amsterdam Ave,10031,Manhattan,Bait applied,,1020770036,1,2077,36,40.82574213954,-73.947242198366,"{'latitude': '40.82574213954', 'longitude': '-73.947242198366', 'human_address': '{""address"": """", ""city"": """", ""state"": """", ""zip"": """"}'}",9,7,229,1061946,Hamilton Heights-Sugar Hill,,,
PC8751885,2026-09-17T11:36:07.000,Compliance,2778,MORRIS AVENUE,10468,Bronx,Failed for Rat Activity,"Droppings, Burrows",2033180080,2,3318,80,40.869519777397,-73.894226628069,"{'latitude': '40.869519777397', 'longitude': '-73.894226628069', 'human_address': '{""address"": """", ""city"": """", ""state"": """", ""zip"": """"}'}",7,14,40303,2017525,Bedford Park,,,
PC8768662,2026-09-17T11:38:00.000,Initial,115,EAST   35 STREET,10016,Manhattan,Failed for Rat Activity,Burrows,1008910011,1,891,11,40.747439279648,-73.980106987886,"{'latitude': '40.747439279648', 'longitude': '-73.980106987886', 'human_address': '{""address"": """", ""city"": """", ""state"": """", ""zip"": """"}'}",6,4,80,1018891,Murray Hill-Kips Bay,,989762,211592
PC8704990,2026-09-17T11:39:02.000,Treatments,555,WEST 42 STREET,10036,Manhattan,Bait applied,,1010710001,1,1071,1,40.760363300205,-73.997213280737,"{'latitude': '40.760363300205', 'longitude': '-73.997213280737', 'human_address': '{""address"": """", ""city"": """", ""state"": """", ""zip"": """"}'}",4,3,12901,1026911,Hell's Kitchen,,984989,216318
PC8597905,2026-09-17T11:39:33.000,Treatments,372,ST JOHNS PLACE,11238,Brooklyn,Bait applied,,3011760020,3,1176,20,40.674076310711,-73.965326611309,"{'latitude': '40.674076310711', 'longitude': '-73.965326611309', 'human_address': '{""address"": """", ""city"": """", ""state"": """", ""zip"": """"}'}",8,35,215,3029518,Prospect Heights,,993868,184865
PC8427713,2026-09-17T11:40:00.000,Compliance,368,THROOP AVENUE,11221,Brooklyn,Failed for Rat Activity and Other Reason,"Droppings, Burrows, Runways, Harborage",3017810048,3,1781,48,40.691691566063,-73.94296376976,"{'latitude': '40.691691566063', 'longitude': '-73.94296376976', 'human_address': '{""address"": """", ""city"": """", ""state"": """", ""zip"": """"}'}",3,36,261,3049669,Bedford-Stuyvesant (West),Summons Issued,,
PC8639751,2026-09-17T11:40:45.000,Compliance,109,MORNINGSIDE AVENUE,10027,Manhattan,Failed for Rat Activity and Other Reason,"Droppings, Burrows, Runways, Garbage",1019500063,1,1950,63,40.81045434315,-73.954663534811,"{'latitude': '40.81045434315', 'longitude': '-73.954663534811', 'human_address': '{""address"": """", ""city"": """", ""state"": """", ""zip"": """"}'}",9,9,20901,1059284,Morningside Heights,Summons Issued,,
PC8667747,2026-09-17T11:40:46.000,Compliance,1355,MORRIS AVENUE,10456,Bronx,Failed for Rat Activity,Burrows,2028160045,2,2816,45,40.83677090735,-73.912044846861,"{'latitude': '40.83677090735', 'longitude': '-73.912044846861', 'human_address': '{""address"": """", ""city"": """", ""state"": """", ""zip"": """"}'}",4,16,17902,2007793,Mount Eden-Claremont (West),Summons Issued,,
PC8778775,2026-09-17T11:41:25.000,Initial,730,ROGERS AVENUE,11226,Brooklyn,Failed for Rat Activity and Other Reason,"Droppings, Burrows, Mice",3050840061,3,5084,61,40.65332953204,-73.952766939057,"{'latitude': '40.65332953204', 'longitude': '-73.952766939057', 'human_address': '{""address"": """", ""city"": """", ""state"": """", ""zip"": """"}'}",17,40,822,3116659,East Flatbush-Erasmus,,997356,177308
PC8778635,2026-09-17T11:43:00.000,Stoppage,346,MANHATTAN AVENUE,10026,Manhattan,Stoppage done,,1018480031,1,1848,31,40.804032735891,-73.957539559135,"{'latitude': '40.804032735891', 'longitude': '-73.957539559135', 'human_address': '{""address"": """", ""city"": """", ""state"": """", ""zip"": """"}'}",10,9,20102,1055849,Harlem (South),,,
PC8774563,2026-09-17T11:43:23.000,Initial,3,AVENUE,,Bronx,Failed for Other Reason,Harborage,,2,3042,1,0.00000000000000000000,0.00000000000000000000,"{'latitude': '0.0', 'longitude': '0.0', 'human_address': '{""address"": """", ""city"": """", ""state"": """", ""zip"": """"}'}",1,49,20702,,Port Richmond,,,
PC8778633,2026-09-17T11:47:00.000,Stoppage,340,MANHATTAN AVENUE,10026,Manhattan,Stoppage done,,1018480002,1,1848,2,40.803922975379,-73.95761909588,"{'latitude': '40.803922975379', 'longitude': '-73.95761909588', 'human_address': '{""address"": """", ""city"": """", ""state"": """", ""zip"": """"}'}",10,9,20102,1055823,Harlem (South),,,
PC8776825,2026-09-17T11:47:09.000,Initial,2302,BEAUMONT AVENUE,10458,Bronx,Failed for Other Reason,Harborage,2031030003,2,3103,3,40.852164654807,-73.88544520191,"{'latitude': '40.852164654807', 'longitude': '-73.88544520191', 'human_address': '{""address"": """", ""city"": """", ""state"": """", ""zip"": """"}'}",6,15,391,2012861,Belmont,,,
PC8719163,2026-09-17T11:48:45.000,Compliance,113,MORNINGSIDE AVENUE,10027,Manhattan,Failed for Rat Activity and Other Reason,"Droppings, Burrows, Runways, Harborage",1019500061,1,1950,61,40.810531173173,-73.954605682725,"{'latitude': '40.810531173173', 'longitude': '-73.954605682725', 'human_address': '{""address"": """", ""city"": """", ""state"": """", ""zip"": """"}'}",9,9,20901,1059282,Morningside Heights,Summons Issued,,
PC8699516,2026-09-17T11:49:51.000,Treatments,572,EAST 170 STREET,10456,Bronx,Bait applied,,2029310139,2,2931,139,40.834569485997,-73.901712347081,"{'latitude': '40.834569485997', 'longitude': '-73.901712347081', 'human_address': '{""address"": """", ""city"": """", ""state"": """", ""zip"": """"}'}",3,16,149,2103616,Morrisania,,,
PC8751300,2026-09-17T11:50:00.000,Treatments,201,EAST 202 STREET,10458,Bronx,Bait applied,,2033080044,2,3308,44,40.873261861266,-73.88665619913,"{'latitude': '40.873261861266', 'longitude': '-73.88665619913', 'human_address': '{""address"": """", ""city"": """", ""state"": """", ""zip"": """"}'}",7,14,413,2017247,Bedford Park,,,
PC8778632,2026-09-17T11:54:00.000,Stoppage,2111,FREDRICK DOUGLASS BL,10026,Manhattan,Stoppage done,,1018480012,1,1848,12,40.803208831954,-73.956261412923,"{'latitude': '40.803208831954', 'longitude': '-73.956261412923', 'human_address': '{""address"": """", ""city"": """", ""state"": """", ""zip"": """"}'}",10,9,20102,1055833,Harlem (South),,,
PC8669057,2026-09-17T11:55:31.000,Treatments,4123,9 AVENUE,11232,Brooklyn,Bait applied,,3055900001,3,5590,1,40.644641003472,-73.996436182767,"{'latitude': '40.644641003472', 'longitude': '-73.996436182767', 'human_address': '{""address"": """", ""city"": """", ""state"": """", ""zip"": """"}'}",12,38,112,3135532,Sunset Park (East)-Borough Park (West),,985239,174139
PC8764240,2026-09-17T11:55:49.000,Compliance,410,EAST 120 STREET,10035,Manhattan,Failed for Rat Activity,"Droppings, Burrows",1018070143,1,1807,143,40.798375122693,-73.933051498989,"{'latitude': '40.798375122693', 'longitude': '-73.933051498989', 'human_address': '{""address"": """", ""city"": """", ""state"": """", ""zip"": """"}'}",11,8,192,1054887,East Harlem (North),,,
PC8742865,2026-09-17T11:55:50.000,Treatments,828,EAST  149 STREET,10455,Bronx,Bait applied,,2025827503,2,2582,7503,40.812433378535,-73.905271039307,"{'latitude': '40.812433378535', 'longitude': '-73.905271039307', 'human_address': '{""address"": """", ""city"": """", ""state"": """", ""zip"": """"}'}",1,8,31,2128608,Mott Haven-Port Morris,,1010472,235285
PC8776264,2026-09-17T11:55:53.000,Initial,EAST,103 STREET,10029,Manhattan,Failed for Rat Activity,Burrows,,1,1631,102,,,,,,,,,,,
PC8653344,2026-09-17T11:56:26.000,Compliance,2775,MORRIS AVENUE,10468,Bronx,Failed for Rat Activity,Burrows,2033180052,2,3318,52,40.869371711855,-73.894389570229,"{'latitude': '40.869371711855', 'longitude': '-73.894389570229', 'human_address': '{""address"": """", ""city"": """", ""state"": """", ""zip"": """"}'}",7,14,40303,2017513,Bedford Park,Summons Issued,1013459,256033
PC8693326,2026-09-17T11:57:00.000,Compliance,285,KOSCIUSZKO STREET,11221,Brooklyn,Failed for Rat Activity,"Droppings, Burrows, Runways",3017810056,3,1781,56,40.691513487577,-73.943634638483,"{'latitude': '40.691513487577', 'longitude': '-73.943634638483', 'human_address': '{""address"": """", ""city"": """", ""state"": """", ""zip"": """"}'}",3,36,261,3049676,Bedford-Stuyvesant (West),Summons Issued,,
PC8763524,2026-09-17T11:58:26.000,Initial,139,STOCKHOLM STREET,11221,Brooklyn,Failed for Rat Activity,"Droppings, Burrows, Rats",3032450041,3,3245,41,40.698838561798,-73.923443417792,"{'latitude': '40.698838561798', 'longitude': '-73.923443417792', 'human_address': '{""address"": """", ""city"": """", ""state"": """", ""zip"": """"}'}",4,37,421,3326322,Bushwick (West),,,
PC8397268,2026-09-17T11:58:55.000,Compliance,261,SEAMAN AVENUE,10034,Manhattan,Failed for Rat Activity,Burrows,1022430372,1,2243,372,40.871880442383,-73.91799325438,"{'latitude': '40.871880442383', 'longitude': '-73.91799325438', 'human_address': '{""address"": """", ""city"": """", ""state"": """", ""zip"": """"}'}",12,10,307,1065037,Inwood,Summons Issued,,
PC8726603,2026-09-17T11:59:02.000,Treatments,204,WEST 23 STREET,10011,Manhattan,Bait applied,,1007720047,1,772,47,40.744298187463,-73.996156557509,"{'latitude': '40.744298187463', 'longitude': '-73.996156557509', 'human_address': '{""address"": """", ""city"": """", ""state"": """", ""zip"": """"}'}",4,3,91,1014127,Chelsea-Hudson Yards,,,
PC8774462,2026-09-17T12:01:43.000,Initial,444,CYRUS PLACE,10458,Bronx,Failed for Rat Activity,"Droppings, Burrows",2030410007,2,3041,7,40.85868965476,-73.891904949044,"{'latitude': '40.85868965476', 'longitude': '-73.891904949044', 'human_address': '{""address"": """", ""city"": """", ""state"": """", ""zip"": """"}'}",6,15,385,2011407,Belmont,,,
PC8728350,2026-09-17T12:02:01.000,Compliance,82,BOUNDARY AVENUE,10306,Staten Island,Failed for Other Reason,Harborage,5036690005,5,3669,5,40.580360239168,-74.097894105177,"{'latitude': '40.580360239168', 'longitude': '-74.097894105177', 'human_address': '{""address"": """", ""city"": """", ""state"": """", ""zip"": """"}'}",2,50,11201,5053178,New Dorp-Midland Beach,,957057,150735
PC8702686,2026-09-17T12:04:07.000,Treatments,3738,3 AVENUE,10456,Bronx,Bait applied,,2029270001,2,2927,1,40.8360470825,-73.902801542817,"{'latitude': '40.8360470825', 'longitude': '-73.902801542817', 'human_address': '{""address"": """", ""city"": """", ""state"": """", ""zip"": """"}'}",3,16,169,2090452,Claremont Village-Claremont (East),,,
PC8764210,2026-09-17T12:04:49.000,Compliance,412,EAST 120 STREET,10035,Manhattan,Failed for Rat Activity,Burrows,1018070043,1,1807,43,40.798350388363,-73.932997346827,"{'latitude': '40.798350388363', 'longitude': '-73.932997346827', 'human_address': '{""address"": """", ""city"": """", ""state"": """", ""zip"": """"}'}",11,8,192,1054877,East Harlem (North),,,
PC8775191,2026-09-17T12:06:00.000,Initial,133,EAST   36 STREET,10016,Manhattan,Failed for Rat Activity,"Droppings, Burrows",1008920018,1,892,18,40.747806893412,-73.979071078306,"{'latitude': '40.747806893412', 'longitude': '-73.979071078306', 'human_address': '{""address"": """", ""city"": """", ""state"": """", ""zip"": """"}'}",6,4,80,1018950,Murray Hill-Kips Bay,,990049,211726
PC8774788,2026-09-17T12:09:45.000,Initial,446,CYRUS PLACE,10458,Bronx,Failed for Rat Activity,Droppings,2030410008,2,3041,8,40.858659391322,-73.891829081355,"{'latitude': '40.858659391322', 'longitude': '-73.891829081355', 'human_address': '{""address"": """", ""city"": """", ""state"": """", ""zip"": """"}'}",6,15,385,2011408,Belmont,,,
PC8778067,2026-09-17T12:11:00.000,Initial,2,EAST  181 STREET,10453,Bronx,Failed for Rat Activity,"Burrows, Rats",2031790031,2,3179,31,40.855712583347,-73.905451361142,"{'latitude': '40.855712583347', 'longitude': '-73.905451361142', 'human_address': '{""address"": """", ""city"": """", ""state"": """", ""zip"": """"}'}",5,14,241,2013962,Mount Hope,,1010405,251053
PC8778221,2026-09-17T12:11:00.000,Initial,257,ADELPHI STREET,11205,Brooklyn,Failed for Rat Activity and Other Reason,"Droppings, Burrows, Harborage, Mice",3020910001,3,2091,1,40.690069005589,-73.971235577533,"{'latitude': '40.690069005589', 'longitude': '-73.971235577533', 'human_address': '{""address"": """", ""city"": """", ""state"": """", ""zip"": """"}'}",2,35,183,3322058,Fort Greene,,992227,190691
PC8755064,2026-09-17T12:11:13.000,Compliance,329,WYCKOFF AVENUE,11385,Queens,Failed for Rat Activity,Burrows,4034440033,4,3444,33,40.699754901555,-73.911432892008,"{'latitude': '40.699754901555', 'longitude': '-73.911432892008', 'human_address': '{""address"": """", ""city"": """", ""state"": """", ""zip"": """"}'}",5,34,549,4082321,Ridgewood,,,
PC8776735,2026-09-17T12:12:00.000,Initial,2268,1 AVENUE,10035,Manhattan,Failed for Other Reason,Animal Nuisance,1017100050,1,1710,50,40.796391849674,-73.935108559749,"{'latitude': '40.796391849674', 'longitude': '-73.935108559749', 'human_address': '{""address"": """", ""city"": """", ""state"": """", ""zip"": """"}'}",11,8,178,1053098,East Harlem (North),,,
PC8726589,2026-09-17T12:12:02.000,Treatments,262,WEST 22 STREET,10011,Manhattan,Bait applied,,1007710072,1,771,72,40.744309217537,-73.998249699608,"{'latitude': '40.744309217537', 'longitude': '-73.998249699608', 'human_address': '{""address"": """", ""city"": """", ""state"": """", ""zip"": """"}'}",4,3,87,1014096,Chelsea-Hudson Yards,,,
PC8734816,2026-09-17T12:15:00.000,Compliance,158,MANHATTAN AVENUE,11206,Brooklyn,Failed for Rat Activity,Burrows,3030437501,3,3043,7501,40.708224347027,-73.945048788692,"{'latitude': '40.708224347027', 'longitude': '-73.945048788692', 'human_address': '{""address"": """", ""city"": """", ""state"": """", ""zip"": """"}'}",1,34,505,3391038,East Williamsburg,,,
PC8739463,2026-09-17T12:15:39.000,Initial,254,MARTENSE STREET,11226,Brooklyn,Failed for Rat Activity,"Droppings, Burrows",3050910036,3,5091,36,40.651626903536,-73.950713963408,"{'latitude': '40.651626903536', 'longitude': '-73.950713963408', 'human_address': '{""address"": """", ""city"": """", ""state"": """", ""zip"": """"}'}",17,40,820,3116966,East Flatbush-Erasmus,,997926,176688
PC8654837,2026-09-17T12:15:50.000,Treatments,540,JACKSON AVENUE,10455,Bronx,Bait applied,,2025790019,2,2579,19,40.812785149789,-73.90921910436,"{'latitude': '40.812785149789', 'longitude': '-73.90921910436', 'human_address': '{""address"": """", ""city"": """", ""state"": """", ""zip"": """"}'}",1,8,35,2003924,Mott Haven-Port Morris,,1009379,235412
PC8685039,2026-09-17T12:17:32.000,Compliance,216,WEST 16 STREET,10011,Manhattan,Failed for Rat Activity and Other Reason,"Droppings, Burrows, Garbage",1007650053,1,765,53,40.740183851349,-73.999469529556,"{'latitude': '40.740183851349', 'longitude': '-73.999469529556', 'human_address': '{""address"": """", ""city"": """", ""state"": """", ""zip"": """"}'}",4,3,81,1013779,Chelsea-Hudson Yards,,,
PC8774429,2026-09-17T12:17:59.000,Initial,448,CYRUS PLACE,10458,Bronx,Failed for Rat Activity and Other Reason,"Burrows, Harborage",2030410009,2,3041,9,40.858626379701,-73.891749603129,"{'latitude': '40.858626379701', 'longitude': '-73.891749603129', 'human_address': '{""address"": """", ""city"": """", ""state"": """", ""zip"": """"}'}",6,15,385,2011409,Belmont,,,
PC8707774,2026-09-17T12:18:00.000,Compliance,280,TOMPKINS AVENUE,11216,Brooklyn,Failed for Rat Activity,"Droppings, Burrows, Runways",3017990044,3,1799,44,40.688319192379,-73.94491381132,"{'latitude': '40.688319192379', 'longitude': '-73.94491381132', 'human_address': '{""address"": """", ""city"": """", ""state"": """", ""zip"": """"}'}",3,36,263,3322175,Bedford-Stuyvesant (West),Summons Issued,999527,190057
PC8776858,2026-09-17T12:20:00.000,Initial,2266,1 AVENUE,10035,Manhattan,Failed for Other Reason,Animal Nuisance,1017100004,1,1710,4,40.796334234444,-73.935151956516,"{'latitude': '40.796334234444', 'longitude': '-73.935151956516', 'human_address': '{""address"": """", ""city"": """", ""state"": """", ""zip"": """"}'}",11,8,178,1053073,East Harlem (North),,,
PC8774673,2026-09-17T12:25:16.000,Initial,452,CYRUS PLACE,10458,Bronx,Failed for Rat Activity,Burrows,2030410011,2,3041,11,40.85856584916,-73.891594253019,"{'latitude': '40.85856584916', 'longitude': '-73.891594253019', 'human_address': '{""address"": """", ""city"": """", ""state"": """", ""zip"": """"}'}",6,15,385,2011411,Belmont,,,
PC8758196,2026-09-17T12:26:26.000,Compliance,863,HART STREET,11237,Brooklyn,Failed for Rat Activity,"Droppings, Burrows, Gnawing",3032200042,3,3220,42,40.702523931288,-73.922166040384,"{'latitude': '40.702523931288', 'longitude': '-73.922166040384', 'human_address': '{""address"": """", ""city"": """", ""state"": """", ""zip"": """"}'}",4,34,429,3073236,Bushwick (West),,1005831,195237
PC8776995,2026-09-17T12:27:00.000,Initial,2262,1 AVENUE,10035,Manhattan,Failed for Rat Activity,"Burrows, Runways",1017100102,1,1710,102,40.796216259186,-73.935238752503,"{'latitude': '40.796216259186', 'longitude': '-73.935238752503', 'human_address': '{""address"": """", ""city"": """", ""state"": """", ""zip"": """"}'}",11,8,178,1053099,East Harlem (North),,,
PC8778099,2026-09-17T12:35:00.000,Initial,200,EAST   38 STREET,10016,Manhattan,Failed for Rat Activity,Burrows,1009180057,1,918,57,40.748176869456,-73.976165654456,"{'latitude': '40.748176869456', 'longitude': '-73.976165654456', 'human_address': '{""address"": """", ""city"": """", ""state"": """", ""zip"": """"}'}",6,4,78,1020345,Murray Hill-Kips Bay,,990854,211861
PC8774769,2026-09-17T12:37:00.000,Initial,4689,3 AVENUE,10458,Bronx,Failed for Rat Activity,Burrows,2030410016,2,3041,16,40.858299162842,-73.891121114069,"{'latitude': '40.858299162842', 'longitude': '-73.891121114069', 'human_address': '{""address"": """", ""city"": """", ""state"": """", ""zip"": """"}'}",6,15,385,2011412,Belmont,,,
PC8768329,2026-09-17T12:40:00.000,Initial,202,SCHOLES STREET,11206,Brooklyn,Failed for Rat Activity,"Droppings, Burrows",3030450009,3,3045,9,40.709001843308,-73.940986721089,"{'latitude': '40.709001843308', 'longitude': '-73.940986721089', 'human_address': '{""address"": """", ""city"": """", ""state"": """", ""zip"": """"}'}",1,34,49302,3338406,East Williamsburg,,1000611,197593
PC8737937,2026-09-17T12:40:50.000,Treatments,3023,3 AVENUE,10455,Bronx,Bait applied,,2023770056,2,2377,56,40.819663989278,-73.91343324731,"{'latitude': '40.819663989278', 'longitude': '-73.91343324731', 'human_address': '{""address"": """", ""city"": """", ""state"": """", ""zip"": """"}'}",1,17,69,2001415,Melrose,,1008210,237917
PC8754894,2026-09-17T12:40:59.000,Compliance,54-13,MYRTLE AVENUE,11385,Queens,Failed for Rat Activity,Burrows,4034450009,4,3445,9,40.69962795337,-73.910545876905,"{'latitude': '40.69962795337', 'longitude': '-73.910545876905', 'human_address': '{""address"": """", ""city"": """", ""state"": """", ""zip"": """"}'}",5,34,549,4082329,Ridgewood,,,
PC8769087,2026-09-17T12:44:00.000,Initial,3821,18 AVENUE,11218,Brooklyn,Failed for Rat Activity and Other Reason,"Droppings, Burrows, Mice",3054170029,3,5417,29,40.633902407187,-73.970456439591,"{'latitude': '40.633902407187', 'longitude': '-73.970456439591', 'human_address': '{""address"": """", ""city"": """", ""state"": """", ""zip"": """"}'}",14,40,482,3127735,Flatbush (West)-Ditmas Park-Parkville,,992450,170228
PC8691440,2026-09-17T12:44:14.000,Compliance,832,KENT AVENUE,11205,Brooklyn,Failed for Rat Activity,Burrows,3018970031,3,1897,31,40.69587345959,-73.959667867392,"{'latitude': '40.69587345959', 'longitude': '-73.959667867392', 'human_address': '{""address"": """", ""city"": """", ""state"": """", ""zip"": """"}'}",3,33,1237,3000000,Bedford-Stuyvesant (West),Summons Issued,,
PC8749053,2026-09-17T12:45:58.000,Compliance,419,EAST  142 STREET,10454,Bronx,Failed for Rat Activity and Other Reason,"Droppings, Burrows, Harborage",2022870083,2,2287,83,40.811366139004,-73.920347604599,"{'latitude': '40.811366139004', 'longitude': '-73.920347604599', 'human_address': '{""address"": """", ""city"": """", ""state"": """", ""zip"": """"}'}",1,8,41,2000431,Mott Haven-Port Morris,,1006299,234892
PC8696191,2026-09-17T12:47:00.000,Compliance,550,GREENE AVENUE,11216,Brooklyn,Failed for Rat Activity,"Burrows, Runways",3017980040,3,1798,40,40.688658590197,-73.948775388628,"{'latitude': '40.688658590197', 'longitude': '-73.948775388628', 'human_address': '{""address"": """", ""city"": """", ""state"": """", ""zip"": """"}'}",3,36,251,3050417,Bedford-Stuyvesant (West),Summons Issued,,
PC8778948,2026-09-17T12:49:00.000,Initial,225,SUYDAM STREET,11237,Brooklyn,Failed for Rat Activity,"Droppings, Burrows",3032090044,3,3209,44,40.701142250713,-73.92468861889,"{'latitude': '40.701142250713', 'longitude': '-73.92468861889', 'human_address': '{""address"": """", ""city"": """", ""state"": """", ""zip"": """"}'}",4,34,429,3072958,Bushwick (West),,1005132,194733
PC8691018,2026-09-17T12:52:14.000,Compliance,838,KENT AVENUE,11205,Brooklyn,Failed for Rat Activity and Other Reason,"Droppings, Harborage",3018977506,3,1897,7506,40.695719740929,-73.959635504697,"{'latitude': '40.695719740929', 'longitude': '-73.959635504697', 'human_address': '{""address"": """", ""city"": """", ""state"": """", ""zip"": """"}'}",3,33,1237,3390201,Bedford-Stuyvesant (West),Summons Issued,,
PC8774431,2026-09-17T12:57:33.000,Initial,457,EAST 187 STREET,10458,Bronx,Failed for Rat Activity,Droppings,2030410028,2,3041,28,40.857992697532,-73.892122989891,"{'latitude': '40.857992697532', 'longitude': '-73.892122989891', 'human_address': '{""address"": """", ""city"": """", ""state"": """", ""zip"": """"}'}",6,15,385,2011415,Belmont,,,
PC8750764,2026-09-17T12:59:36.000,Compliance,54-55,MYRTLE AVENUE,11385,Queens,Failed for Rat Activity,Burrows,4034460035,4,3446,35,40.699767004782,-73.909359168135,"{'latitude': '40.699767004782', 'longitude': '-73.909359168135', 'human_address': '{""address"": """", ""city"": """", ""state"": """", ""zip"": """"}'}",5,34,549,4082333,Ridgewood,,,
PC8772137,2026-09-17T13:00:32.000,Initial,1872,ANDREWS AVENUE SOUTH,10453,Bronx,Failed for Other Reason,Harborage,2028790021,2,2879,21,40.852889789245,-73.914416435643,"{'latitude': '40.852889789245', 'longitude': '-73.914416435643', 'human_address': '{""address"": """", ""city"": """", ""state"": """", ""zip"": """"}'}",5,14,24501,2009048,University Heights (South)-Morris Heights,,,
PC8691068,2026-09-17T13:02:14.000,Compliance,843,KENT AVENUE,11205,Brooklyn,Failed for Rat Activity and Other Reason,"Burrows, Runways, Garbage",3018980012,3,1898,12,40.695283282742,-73.959523977654,"{'latitude': '40.695283282742', 'longitude': '-73.959523977654', 'human_address': '{""address"": """", ""city"": """", ""state"": """", ""zip"": """"}'}",3,33,1237,3322319,Bedford-Stuyvesant (West),Summons Issued,,
PC8774973,2026-09-17T13:05:14.000,Initial,455,EAST 187 STREET,10458,Bronx,Failed for Rat Activity,"Droppings, Burrows",2030410032,2,3041,32,40.858006451709,-73.89215550306,"{'latitude': '40.858006451709', 'longitude': '-73.89215550306', 'human_address': '{""address"": """", ""city"": """", ""state"": """", ""zip"": """"}'}",6,15,385,2011416,Belmont,,,
PC8771810,2026-09-17T13:05:32.000,Initial,1870,ANDREWS AVENUE SOUTH,10453,Bronx,Failed for Other Reason,Harborage,2028790020,2,2879,20,40.852856876697,-73.914449011182,"{'latitude': '40.852856876697', 'longitude': '-73.914449011182', 'human_address': '{""address"": """", ""city"": """", ""state"": """", ""zip"": """"}'}",5,14,24501,2009047,University Heights (South)-Morris Heights,,,
PC8767107,2026-09-17T13:09:26.000,Compliance,1121,WILLOUGHBY AVENUE,11237,Brooklyn,Failed for Rat Activity,"Droppings, Burrows, Runways",3031970048,3,3197,48,40.701568185083,-73.925445510415,"{'latitude': '40.701568185083', 'longitude': '-73.925445510415', 'human_address': '{""address"": """", ""city"": """", ""state"": """", ""zip"": """"}'}",4,34,429,3072747,Bushwick (West),,1004922,194888
PC8731694,2026-09-17T13:10:31.000,Treatments,838,42 STREET,11232,Brooklyn,Bait applied,,3009250021,3,925,21,40.645022568139,-73.998126192518,"{'latitude': '40.645022568139', 'longitude': '-73.998126192518', 'human_address': '{""address"": """", ""city"": """", ""state"": """", ""zip"": """"}'}",12,38,9202,3018345,Sunset Park (East)-Borough Park (West),,984770,174278
PC8779094,2026-09-17T13:16:39.000,Initial,,,11203,Brooklyn,Failed for Rat Activity and Other Reason,"Droppings, Burrows, Harborage",,3,4698,16,,,,,,,,,,,
PC8774840,2026-09-17T13:17:08.000,Initial,443,CYRUS PLACE,10458,Bronx,Failed for Rat Activity,"Droppings, Burrows",2030410034,2,3041,34,40.858766643065,-73.892049427601,"{'latitude': '40.858766643065', 'longitude': '-73.892049427601', 'human_address': '{""address"": """", ""city"": """", ""state"": """", ""zip"": """"}'}",6,15,385,2011417,Belmont,,,
PC8691174,2026-09-17T13:17:14.000,Compliance,444,PARK AVENUE,11205,Brooklyn,Failed for Rat Activity,"Droppings, Runways",3018980035,3,1898,35,40.696504477895,-73.958881317427,"{'latitude': '40.696504477895', 'longitude': '-73.958881317427', 'human_address': '{""address"": """", ""city"": """", ""state"": """", ""zip"": """"}'}",3,33,1237,3054700,Bedford-Stuyvesant (West),Summons Issued,,
PC8671708,2026-09-17T13:24:26.000,Compliance,92,STARR STREET,11237,Brooklyn,Failed for Rat Activity,"Droppings, Burrows",3031970019,3,3197,19,40.702150445485,-73.926014695918,"{'latitude': '40.702150445485', 'longitude': '-73.926014695918', 'human_address': '{""address"": """", ""city"": """", ""state"": """", ""zip"": """"}'}",4,34,429,3072730,Bushwick (West),Summons Issued,1004764,195100
PC8764608,2026-09-17T13:25:00.000,Initial,230,POWERS STREET,11211,Brooklyn,Failed for Rat Activity,Burrows,3027840010,3,2784,10,40.712581403698,-73.941730218324,"{'latitude': '40.712581403698', 'longitude': '-73.941730218324', 'human_address': '{""address"": """", ""city"": """", ""state"": """", ""zip"": """"}'}",1,34,495,3323028,East Williamsburg,,1000404,198897
PC8607696,2026-09-17T13:30:00.000,Treatments,874,43 STREET,11232,Brooklyn,Bait applied,,3007330038,3,733,38,40.644122280311,-73.998147838461,"{'latitude': '40.644122280311', 'longitude': '-73.998147838461', 'human_address': '{""address"": """", ""city"": """", ""state"": """", ""zip"": """"}'}",12,38,9202,3011061,Sunset Park (East)-Borough Park (West),,984764,173950
PC8777641,2026-09-17T13:30:39.000,Initial,5509,CHURCH AVENUE,11203,Brooklyn,Failed for Other Reason,Mice,3046810047,3,4681,47,40.65246674319,-73.925244717247,"{'latitude': '40.65246674319', 'longitude': '-73.925244717247', 'human_address': '{""address"": """", ""city"": """", ""state"": """", ""zip"": """"}'}",17,41,864,3102340,East Flatbush-Rugby,,1004993,176999
PC8774533,2026-09-17T13:30:46.000,Initial,450,EAST 184 STREET,10458,Bronx,Failed for Rat Activity,"Droppings, Burrows",2030380055,2,3038,55,40.856185249274,-73.893550228377,"{'latitude': '40.856185249274', 'longitude': '-73.893550228377', 'human_address': '{""address"": """", ""city"": """", ""state"": """", ""zip"": """"}'}",6,15,385,2011347,Belmont,,,
PC8439075,2026-09-17T13:30:52.000,Treatments,392,SAINT JOHNS PLACE,11238,Brooklyn,Bait applied,,3011760027,3,1176,27,40.673985604718,-73.964904868134,"{'latitude': '40.673985604718', 'longitude': '-73.964904868134', 'human_address': '{""address"": """", ""city"": """", ""state"": """", ""zip"": """"}'}",8,35,215,3029523,Prospect Heights,,993985,184832
PC8769313,2026-09-17T13:31:58.000,Initial,1825,TOPPING AVENUE,10457,Bronx,Failed for Rat Activity,"Droppings, Burrows",2028000042,2,2800,42,40.847083231755,-73.905564879044,"{'latitude': '40.847083231755', 'longitude': '-73.905564879044', 'human_address': '{""address"": """", ""city"": """", ""state"": """", ""zip"": """"}'}",5,14,22901,2007520,Mount Hope,,1010377,247909
PC8733826,2026-09-17T13:40:57.000,Compliance,100,COLFAX AVENUE,10306,Staten Island,Failed for Rat Activity,Burrows,5035857501,5,3585,7501,40.579898466777,-74.107778891754,"{'latitude': '40.579898466777', 'longitude': '-74.107778891754', 'human_address': '{""address"": """", ""city"": """", ""state"": """", ""zip"": """"}'}",2,50,11402,5095450,New Dorp-Midland Beach,,954311,150570
PC8704637,2026-09-17T13:49:55.000,Treatments,408,ST JOHNS PLACE,11238,Brooklyn,Bait applied,,3011760032,3,1176,32,40.673914136269,-73.964566031821,"{'latitude': '40.673914136269', 'longitude': '-73.964566031821', 'human_address': '{""address"": """", ""city"": """", ""state"": """", ""zip"": """"}'}",8,35,215,3029524,Prospect Heights,,,
PC8728437,2026-09-17T14:05:48.000,Compliance,140,LINCOLN AVENUE,10306,Staten Island,Failed for Other Reason,Harborage,5036030050,5,3603,50,40.578973303985,-74.107957388124,"{'latitude': '40.578973303985', 'longitude': '-74.107957388124', 'human_address': '{""address"": """", ""city"": """", ""state"": """", ""zip"": """"}'}",2,50,122,5051952,New Dorp-Midland Beach,,954261,150233
PC8732937,2026-09-17T14:13:46.000,Compliance,485,WASHINGTON AVENUE,,Bronx,Failed for Rat Activity and Other Reason,"Droppings, Burrows, Harborage",,2,3047,1,0.00000000000000000000,0.00000000000000000000,"{'latitude': '0.0', 'longitude': '0.0', 'human_address': '{""address"": """", ""city"": """", ""state"": """", ""zip"": """"}'}",2,35,201,,Clinton Hill,Summons Issued,,
PC8704926,2026-09-17T14:35:46.000,Compliance,2105,MONTEREY AVENUE,10457,Bronx,Failed for Rat Activity and Other Reason,"Burrows, Harborage",2030620015,2,3062,15,40.850333048397,-73.893089726441,"{'latitude': '40.850333048397', 'longitude': '-73.893089726441', 'human_address': '{""address"": """", ""city"": """", ""state"": """", ""zip"": """"}'}",6,15,37504,2011853,Tremont,Summons Issued,1013827,249097
PC8760913,2026-09-17T14:39:26.000,Compliance,20,DITMARS STREET,11221,Brooklyn,Failed for Rat Activity,"Droppings, Burrows, Runways, Gnawing",3031940015,3,3194,15,40.696665404613,-73.933359584098,"{'latitude': '40.696665404613', 'longitude': '-73.933359584098', 'human_address': '{""address"": """", ""city"": """", ""state"": """", ""zip"": """"}'}",4,34,393,3072672,Bushwick (West),,1002729,193100
PC8778274,2026-09-17T14:40:00.000,Initial,247,LEXINGTON AVENUE,11216,Brooklyn,Failed for Rat Activity,"Burrows, Runways, Rats",3017970082,3,1797,82,40.687469062293,-73.952742663076,"{'latitude': '40.687469062293', 'longitude': '-73.952742663076', 'human_address': '{""address"": """", ""city"": """", ""state"": """", ""zip"": """"}'}",3,36,243,3050382,Bedford-Stuyvesant (West),,997356,189746
PC8746846,2026-09-17T14:50:00.000,Compliance,365,SOUTH    4 STREET,11211,Brooklyn,Failed for Rat Activity,"Droppings, Runways",3024370025,3,2437,25,40.708433918278,-73.953438305721,"{'latitude': '40.708433918278', 'longitude': '-73.953438305721', 'human_address': '{""address"": """", ""city"": """", ""state"": """", ""zip"": """"}'}",1,34,527,3063356,Williamsburg,,,
PC8778312,2026-09-17T15:15:00.000,Initial,121,SOUTH    2 STREET,11249,Brooklyn,Failed for Rat Activity,Burrows,3024050037,3,2405,37,40.713545365172,-73.962835071807,"{'latitude': '40.713545365172', 'longitude': '-73.962835071807', 'human_address': '{""address"": """", ""city"": """", ""state"": """", ""zip"": """"}'}",1,34,551,3062948,Williamsburg,,994553,199245
PC8777757,2026-09-17T15:40:00.000,Initial,355,WYTHE AVENUE,11249,Brooklyn,Failed for Rat Activity and Other Reason,"Burrows, Harborage",3024420007,3,2442,7,40.712676211116,-73.965851133845,"{'latitude': '40.712676211116', 'longitude': '-73.965851133845', 'human_address': '{""address"": """", ""city"": """", ""state"": """", ""zip"": """"}'}",1,34,549,3321311,Williamsburg,,993717,198928
PC8760883,2026-09-18T08:41:20.000,Treatments,101,GREENE AVENUE,11238,Brooklyn,Bait applied,,3019430044,3,1943,44,40.686420438329,-73.96834176279,"{'latitude': '40.686420438329', 'longitude': '-73.96834176279', 'human_address': '{""address"": """", ""city"": """", ""state"": """", ""zip"": """"}'}",2,35,197,3055466,Clinton Hill,,,
PC8748312,2026-09-18T08:50:00.000,Treatments,518,39 STREET,11232,Brooklyn,Bait applied,,3009130013,3,913,13,40.650882642344,-74.00330107499,"{'latitude': '40.650882642344', 'longitude': '-74.00330107499', 'human_address': '{""address"": """", ""city"": """", ""state"": """", ""zip"": """"}'}",7,38,88,3017795,Sunset Park (Central),,983325,176420
PC8758674,2026-09-18T08:53:22.000,Treatments,101,GREENE AVENUE,11238,Brooklyn,Bait applied,,3019430044,3,1943,44,40.686420438329,-73.96834176279,"{'latitude': '40.686420438329', 'longitude': '-73.96834176279', 'human_address': '{""address"": """", ""city"": """", ""state"": """", ""zip"": """"}'}",2,35,197,3055466,Clinton Hill,,993030,189362
PC8765197,2026-09-18T09:01:00.000,Treatments,502,39 STREET,11232,Brooklyn,Bait applied,,3009130010,3,913,10,40.651033597702,-74.003553348617,"{'latitude': '40.651033597702', 'longitude': '-74.003553348617', 'human_address': '{""address"": """", ""city"": """", ""state"": """", ""zip"": """"}'}",7,38,88,3017793,Sunset Park (Central),,983264,176468
PC8721759,2026-09-18T09:23:00.000,Treatments,4509,6 AVENUE,11220,Brooklyn,Bait applied,,3007490005,3,749,5,40.64644974621,-74.005315241124,"{'latitude': '40.64644974621', 'longitude': '-74.005315241124', 'human_address': '{""address"": """", ""city"": """", ""state"": """", ""zip"": """"}'}",7,38,96,3324376,Sunset Park (Central),,982775,174798
PC8711233,2026-09-18T09:31:58.000,Treatments,770A,GREENE AVENUE,11221,Brooklyn,Bait applied,,3016190031,3,1619,31,40.689940376261,-73.937646550909,"{'latitude': '40.689940376261', 'longitude': '-73.937646550909', 'human_address': '{""address"": """", ""city"": """", ""state"": """", ""zip"": """"}'}",3,36,279,3043969,Bedford-Stuyvesant (East),,,
PC8758193,2026-09-18T09:44:00.000,Treatments,471,45 STREET,11220,Brooklyn,Bait applied,,3007380046,3,738,46,40.648368180144,-74.008165887491,"{'latitude': '40.648368180144', 'longitude': '-74.008165887491', 'human_address': '{""address"": """", ""city"": """", ""state"": """", ""zip"": """"}'}",7,38,80,3011211,Sunset Park (West),,981984,175497
PC8711690,2026-09-18T09:50:16.000,Treatments,824,GREENE AVENUE,11221,Brooklyn,Bait applied,,3016200023,3,1620,23,40.690224452313,-73.935158193112,"{'latitude': '40.690224452313', 'longitude': '-73.935158193112', 'human_address': '{""address"": """", ""city"": """", ""state"": """", ""zip"": """"}'}",3,36,291,3044036,Bedford-Stuyvesant (East),,,
PC8712069,2026-09-18T10:08:20.000,Treatments,903,GREENE AVENUE,11221,Brooklyn,Bait applied,,3016160065,3,1616,65,40.690650572814,-73.931605914022,"{'latitude': '40.690650572814', 'longitude': '-73.931605914022', 'human_address': '{""address"": """", ""city"": """", ""state"": """", ""zip"": """"}'}",3,36,291,3043831,Bedford-Stuyvesant (East),,,
PC8775629,2026-09-18T10:25:00.000,Treatments,404,49 STREET,11220,Brooklyn,Bait applied,,3007830010,3,783,10,40.646742978885,-74.01154943932,"{'latitude': '40.646742978885', 'longitude': '-74.01154943932', 'human_address': '{""address"": """", ""city"": """", ""state"": """", ""zip"": """"}'}",7,38,78,3012913,Sunset Park (West),,,
PC8588685,2026-09-18T10:41:00.000,Treatments,247,53 STREET,11220,Brooklyn,Bait applied,,3008050064,3,805,64,40.646772397866,-74.017625064879,"{'latitude': '40.646772397866', 'longitude': '-74.017625064879', 'human_address': '{""address"": """", ""city"": """", ""state"": """", ""zip"": """"}'}",7,38,20,3013814,Sunset Park (West),,979359,174916
PC8719866,2026-09-18T10:42:16.000,Treatments,979,GREENE AVENUE,11221,Brooklyn,Bait applied,,3016170047,3,1617,47,40.691027348991,-73.928327696638,"{'latitude': '40.691027348991', 'longitude': '-73.928327696638', 'human_address': '{""address"": """", ""city"": """", ""state"": """", ""zip"": """"}'}",3,36,387,3043894,Bedford-Stuyvesant (East),,1004126,191047
PC8673417,2026-09-18T11:01:00.000,Treatments,275,57 STREET,11220,Brooklyn,Bait applied,,3008370045,3,837,45,40.644293550417,-74.019537832342,"{'latitude': '40.644293550417', 'longitude': '-74.019537832342', 'human_address': '{""address"": """", ""city"": """", ""state"": """", ""zip"": """"}'}",7,38,22,3015232,Sunset Park (West),,978828,174013
PC8697256,2026-09-18T11:14:29.000,Treatments,990,GREENE AVENUE,11221,Brooklyn,Bait applied,,3016220039,3,1622,39,40.691005426869,-73.928385415842,"{'latitude': '40.691005426869', 'longitude': '-73.928385415842', 'human_address': '{""address"": """", ""city"": """", ""state"": """", ""zip"": """"}'}",3,36,387,3044154,Bedford-Stuyvesant (East),,,
PC8738849,2026-09-18T11:23:00.000,Treatments,6018,4 AVENUE,11220,Brooklyn,Bait applied,,3057810040,3,5781,40,40.640676084061,-74.018603529803,"{'latitude': '40.640676084061', 'longitude': '-74.018603529803', 'human_address': '{""address"": """", ""city"": """", ""state"": """", ""zip"": """"}'}",7,38,72,3143387,Sunset Park (West),,,
PC8763570,2026-09-18T11:33:22.000,Treatments,1049,GREENE AVENUE,11221,Brooklyn,Bait applied,,3032830057,3,3283,57,40.691774733361,-73.92529062667,"{'latitude': '40.691774733361', 'longitude': '-73.92529062667', 'human_address': '{""address"": """", ""city"": """", ""state"": """", ""zip"": """"}'}",4,37,395,3388259,Bushwick (East),,,
PC8736079,2026-09-18T11:44:00.000,Treatments,349,62 STREET,11220,Brooklyn,Bait applied,,3057900054,3,5790,54,40.640209159303,-74.020433832384,"{'latitude': '40.640209159303', 'longitude': '-74.020433832384', 'human_address': '{""address"": """", ""city"": """", ""state"": """", ""zip"": """"}'}",7,38,72,3143706,Sunset Park (West),,978579,172525
PC8763890,2026-09-18T12:53:28.000,Treatments,1059,GREENE AVENUE,11221,Brooklyn,Bait applied,,3032830051,3,3283,51,40.691999663472,-73.925074012113,"{'latitude': '40.691999663472', 'longitude': '-73.925074012113', 'human_address': '{""address"": """", ""city"": """", ""state"": """", ""zip"": """"}'}",4,37,395,3074972,Bushwick (East),,,
PC8738836,2026-09-18T12:57:00.000,Treatments,335,61 STREET,11220,Brooklyn,Bait applied,,3057810058,3,5781,58,40.640928347558,-74.020120570365,"{'latitude': '40.640928347558', 'longitude': '-74.020120570365', 'human_address': '{""address"": """", ""city"": """", ""state"": """", ""zip"": """"}'}",7,38,72,3143403,Sunset Park (West),,,
PC8729741,2026-09-18T13:11:48.000,Treatments,1115,GREENE AVENUE,11221,Brooklyn,Bait applied,,3032840032,3,3284,32,40.693697840669,-73.92380274282,"{'latitude': '40.693697840669', 'longitude': '-73.92380274282', 'human_address': '{""address"": """", ""city"": """", ""state"": """", ""zip"": """"}'}",4,37,395,3074998,Bushwick (East),,,
PC8760824,2026-09-18T13:15:00.000,Treatments,505,59 STREET,11220,Brooklyn,Bait applied,,3008560001,3,856,1,40.639828453695,-74.015162241906,"{'latitude': '40.639828453695', 'longitude': '-74.015162241906', 'human_address': '{""address"": """", ""city"": """", ""state"": """", ""zip"": """"}'}",7,38,102,3016040,Sunset Park (Central),,980042,172386
PC8746781,2026-09-18T13:30:59.000,Treatments,1130,GREENE AVENUE,11221,Brooklyn,Bait applied,,3032950007,3,3295,7,40.693568903462,-73.923903861854,"{'latitude': '40.693568903462', 'longitude': '-73.923903861854', 'human_address': '{""address"": """", ""city"": """", ""state"": """", ""zip"": """"}'}",4,37,395,3075326,Bushwick (East),,,
PC8569854,2026-09-18T13:34:00.000,Treatments,5123,7 AVENUE,11220,Brooklyn,Bait applied,,3008020001,3,802,1,40.64170120424,-74.006666097364,"{'latitude': '40.64170120424', 'longitude': '-74.006666097364', 'human_address': '{""address"": """", ""city"": """", ""state"": """", ""zip"": """"}'}",7,43,10801,3013726,Sunset Park (Central),,982400,173068
PC8578740,2026-09-18T13:47:00.000,Treatments,5119,7 AVENUE,11220,Brooklyn,Bait applied,,3008020002,3,802,2,40.641717673767,-74.006651685828,"{'latitude': '40.641717673767', 'longitude': '-74.006651685828', 'human_address': '{""address"": """", ""city"": """", ""state"": """", ""zip"": """"}'}",7,43,10801,3013727,Sunset Park (Central),,982404,173074
PC8715273,2026-09-18T13:50:12.000,Treatments,436,EVERGREEN AVENUE,11221,Brooklyn,Bait applied,,3033220017,3,3322,17,40.692735293895,-73.921030782366,"{'latitude': '40.692735293895', 'longitude': '-73.921030782366', 'human_address': '{""address"": """", ""city"": """", ""state"": """", ""zip"": """"}'}",4,37,399,3076067,Bushwick (East),,,
