job_id,inspection_date,inspection_type,house_number,street_name,zip_code,borough,result,letter_type,observations,bbl,boro_code,block,lot,latitude,longitude,location,community_board,council_district,census_tract,bin,nta,x_coord,y_coord
PC8758917,2026-08-31T08:00:19.000,Compliance,673,STERLING PLACE,11216,Brooklyn,Failed for Rat Activity,Summons Issued,Burrows,3012380068,3,1238,68,40.673082228974,-73.955957739828,"{'latitude': '40.673082228974', 'longitude': '-73.955957739828', 'human_address': '{""address"": """", ""city"": """", ""state"": """", ""zip"": """"}'}",8,35,219,3031449,Crown Heights (North),,
PC8620590,2026-08-31T08:02:00.000,Compliance,385,GRAND STREET,10002,Manhattan,Failed for Rat Activity and Other Reason,Summons Issued,"Droppings, Burrows, Runways, Harborage, Animal Nuisance",1003110013,1,311,13,40.716336705158,-73.988052468824,"{'latitude': '40.716336705158', 'longitude': '-73.988052468824', 'human_address': '{""address"": """", ""city"": """", ""state"": """", ""zip"": """"}'}",3,1,1401,1077605,Lower East Side,987562,200260
PC8737507,2026-08-31T08:06:00.000,Stoppage,654A,LAFAYETTE AVENUE,11216,Brooklyn,Stoppage done,,,3017890043,3,1789,43,40.690176381958,-73.948622769198,"{'latitude': '40.690176381958', 'longitude': '-73.948622769198', 'human_address': '{""address"": """", ""city"": """", ""state"": """", ""zip"": """"}'}",3,36,251,3049962,Bedford-Stuyvesant (West),,
PC8758999,2026-08-31T08:13:19.000,Compliance,642,PARK PLACE,11216,Brooklyn,Failed for Rat Activity,Summons Issued,Runways,3012380013,3,1238,13,40.674075969007,-73.956299561025,"{'latitude': '40.674075969007', 'longitude': '-73.956299561025', 'human_address': '{""address"": """", ""city"": """", ""state"": """", ""zip"": """"}'}",8,35,219,3031401,Crown Heights (North),,
PC8758943,2026-08-31T08:25:00.000,Compliance,644,PARK PLACE,11216,Brooklyn,Failed for Rat Activity,Summons Issued,Burrows,3012380113,3,1238,113,40.674064972024,-73.956252702588,"{'latitude': '40.674064972024', 'longitude': '-73.956252702588', 'human_address': '{""address"": """", ""city"": """", ""state"": """", ""zip"": """"}'}",8,35,219,3031451,Crown Heights (North),,
PC8769140,2026-08-31T08:31:29.000,Initial,766,EAST 175 STREET,10460,Bronx,Failed for Other Reason,COTA,Harborage,2029520031,2,2952,31,40.841446469205,-73.891101818605,"{'latitude': '40.841446469205', 'longitude': '-73.891101818605', 'human_address': '{""address"": """", ""city"": """", ""state"": """", ""zip"": """"}'}",6,15,367,2010007,Tremont,,
PC8624141,2026-08-31T08:31:41.000,Treatments,167,STOCKHOLM STREET,11237,Brooklyn,Bait applied,,,3032460050,3,3246,50,40.69963127773,-73.922663512869,"{'latitude': '40.69963127773', 'longitude': '-73.922663512869', 'human_address': '{""address"": """", ""city"": """", ""state"": """", ""zip"": """"}'}",4,37,429,3073849,Bushwick (West),1005694,194183
PC8769217,2026-08-31T08:36:25.000,Initial,768,EAST 175 STREET,10460,Bronx,Failed for Other Reason,COTA,Harborage,2029520032,2,2952,32,40.841424477076,-73.891065713162,"{'latitude': '40.841424477076', 'longitude': '-73.891065713162', 'human_address': '{""address"": """", ""city"": """", ""state"": """", ""zip"": """"}'}",6,15,367,2000000,Tremont,,
PC8758786,2026-08-31T08:39:19.000,Compliance,648,PARK PLACE,11216,Brooklyn,Failed for Rat Activity,Summons Issued,Droppings,3012380015,3,1238,15,40.674045722776,-73.956158983948,"{'latitude': '40.674045722776', 'longitude': '-73.956158983948', 'human_address': '{""address"": """", ""city"": """", ""state"": """", ""zip"": """"}'}",8,35,219,3031403,Crown Heights (North),,
PC8769237,2026-08-31T08:40:00.000,Initial,EAST,175 STREET,10460,Bronx,Failed for Other Reason,City Agency Referral,Harborage,,2,2952,68,,,,,,,,,,
PC8769167,2026-08-31T08:42:46.000,Initial,770,EAST 175 STREET,10460,Bronx,Failed for Rat Activity and Other Reason,COTA,"Burrows, Harborage",2029520033,2,2952,33,40.841402484935,-73.891029607742,"{'latitude': '40.841402484935', 'longitude': '-73.891029607742', 'human_address': '{""address"": """", ""city"": """", ""state"": """", ""zip"": """"}'}",6,15,367,2000000,Tremont,,
PC8697727,2026-08-31T08:47:15.000,Treatments,232,STOCKHOLM STREET,11237,Brooklyn,Bait applied,,,3032580016,3,3258,16,40.701178276687,-73.921118118904,"{'latitude': '40.701178276687', 'longitude': '-73.921118118904', 'human_address': '{""address"": """", ""city"": """", ""state"": """", ""zip"": """"}'}",4,37,431,3074183,Bushwick (West),,
PC8672562,2026-08-31T08:48:06.000,Compliance,46,TOMPKINS AVENUE,11206,Brooklyn,Failed for Rat Activity and Other Reason,Summons Issued,"Droppings, Harborage",3017300042,3,1730,42,40.698198555621,-73.946871084157,"{'latitude': '40.698198555621', 'longitude': '-73.946871084157', 'human_address': '{""address"": """", ""city"": """", ""state"": """", ""zip"": """"}'}",3,36,257,3048370,Bedford-Stuyvesant (West),,
PC8753287,2026-08-31T08:48:55.000,Compliance,276,MALCOLM X BOULEVARD,11233,Brooklyn,Failed for Rat Activity,Summons Issued,"Droppings, Runways",3016660048,3,1666,48,40.683537396598,-73.92919390269,"{'latitude': '40.683537396598', 'longitude': '-73.92919390269', 'human_address': '{""address"": """", ""city"": """", ""state"": """", ""zip"": """"}'}",3,36,295,3338010,Bedford-Stuyvesant (East),,
PC8401947,2026-08-31T08:53:00.000,Treatments,1918,PACIFIC STREET,11233,Brooklyn,Bait applied,,,3013440217,3,1344,217,40.67618575352,-73.923173897894,"{'latitude': '40.67618575352', 'longitude': '-73.923173897894', 'human_address': '{""address"": """", ""city"": """", ""state"": """", ""zip"": """"}'}",8,41,307,3378317,Crown Heights (North),1005572,185640
PC8757473,2026-08-31T08:56:06.000,Compliance,570,WILLOUGHBY AVENUE,11206,Brooklyn,Failed for Rat Activity,Summons Issued,Droppings,3017670035,3,1767,35,40.694130780377,-73.946823852092,"{'latitude': '40.694130780377', 'longitude': '-73.946823852092', 'human_address': '{""address"": """", ""city"": """", ""state"": """", ""zip"": """"}'}",3,36,261,3049130,Bedford-Stuyvesant (West),,
PC8753844,2026-08-31T08:57:24.000,Compliance,688,JEFFERSON AVENUE,11221,Brooklyn,Failed for Rat Activity and Other Reason,Summons Issued,"Burrows, Runways, Harborage",3016560037,3,1656,37,40.685539012771,-73.93029510565,"{'latitude': '40.685539012771', 'longitude': '-73.93029510565', 'human_address': '{""address"": """", ""city"": """", ""state"": """", ""zip"": """"}'}",3,36,295,3000000,Bedford-Stuyvesant (East),,
PC8746081,2026-08-31T09:01:26.000,Treatments,251,STOCKHOLM STREET,11237,Brooklyn,Bait applied,,,3032470045,3,3247,45,40.701532128274,-73.920793109669,"{'latitude': '40.701532128274', 'longitude': '-73.920793109669', 'human_address': '{""address"": """", ""city"": """", ""state"": """", ""zip"": """"}'}",4,37,429,3073891,Bushwick (West),,
PC8741218,2026-08-31T09:02:31.000,Treatments,271,EAST 161 STREET,10451,Bronx,Bait applied,,,2024210001,2,2421,1,40.825491810855,-73.918177110577,"{'latitude': '40.825491810855', 'longitude': '-73.918177110577', 'human_address': '{""address"": """", ""city"": """", ""state"": """", ""zip"": """"}'}",4,16,173,2001921,Concourse-Concourse Village,,
PC8757616,2026-08-31T09:06:06.000,Compliance,154,TOMPKINS AVENUE,11206,Brooklyn,Failed for Rat Activity,Summons Issued,Burrows,3017670040,3,1767,40,40.693891611071,-73.946023483168,"{'latitude': '40.693891611071', 'longitude': '-73.946023483168', 'human_address': '{""address"": """", ""city"": """", ""state"": """", ""zip"": """"}'}",3,36,261,3000000,Bedford-Stuyvesant (West),,
PC8671007,2026-08-31T09:07:52.000,Treatments,239,EAST 73 STREET,10021,Manhattan,Bait applied,,,1014280120,1,1428,120,40.770034082359,-73.959160667468,"{'latitude': '40.770034082359', 'longitude': '-73.959160667468', 'human_address': '{""address"": """", ""city"": """", ""state"": """", ""zip"": """"}'}",8,5,12602,1044013,Upper East Side-Lenox Hill-Roosevelt Island,995562,219826
PC8775515,2026-08-31T09:08:43.000,Treatments,830,REV. JAMES POLITE AVE.,10459,Bronx,Bait applied,,,2026960075,2,2696,75,40.818743593437,-73.898885216397,"{'latitude': '40.818743593437', 'longitude': '-73.898885216397', 'human_address': '{""address"": """", ""city"": """", ""state"": """", ""zip"": """"}'}",2,17,87,2005347,Longwood,,
PC8607194,2026-08-31T09:11:00.000,Treatments,1919,PACIFIC STREET,11233,Brooklyn,Bait applied,,,3013380053,3,1338,53,40.676327241658,-73.925452205039,,8,41,307,3035590,Crown Heights (North),0,0
PC8678336,2026-08-31T09:12:00.000,Treatments,1425,TOWNSEND AVENUE,10452,Bronx,Bait applied,,,2028430018,2,2843,18,40.840427409449,-73.916405830058,"{'latitude': '40.840427409449', 'longitude': '-73.916405830058', 'human_address': '{""address"": """", ""city"": """", ""state"": """", ""zip"": """"}'}",4,16,223,2008094,Mount Eden-Claremont (West),,
PC8758018,2026-08-31T09:14:06.000,Compliance,115,HART STREET,11206,Brooklyn,Failed for Rat Activity,Summons Issued,Droppings,3017670053,3,1767,53,40.693376048156,-73.946997549149,"{'latitude': '40.693376048156', 'longitude': '-73.946997549149', 'human_address': '{""address"": """", ""city"": """", ""state"": """", ""zip"": """"}'}",3,36,261,3390087,Bedford-Stuyvesant (West),,
PC8741723,2026-08-31T09:16:32.000,Treatments,890,MORRIS AVENUE,10451,Bronx,Bait applied,,,2024210010,2,2421,10,40.826054482451,-73.918176416007,"{'latitude': '40.826054482451', 'longitude': '-73.918176416007', 'human_address': '{""address"": """", ""city"": """", ""state"": """", ""zip"": """"}'}",4,16,173,2001925,Concourse-Concourse Village,,
PC8745040,2026-08-31T09:16:42.000,Treatments,253,STOCKHOLM STREET,11237,Brooklyn,Bait applied,,,3032470044,3,3247,44,40.701567787859,-73.920760608228,"{'latitude': '40.701567787859', 'longitude': '-73.920760608228', 'human_address': '{""address"": """", ""city"": """", ""state"": """", ""zip"": """"}'}",4,37,429,3073890,Bushwick (West),,
PC8757662,2026-08-31T09:18:00.000,Compliance,20,HART STREET,11206,Brooklyn,Failed for Rat Activity,Summons Issued,Burrows,3017700017,3,1770,17,40.692900236901,-73.950997065012,"{'latitude': '40.692900236901', 'longitude': '-73.950997065012', 'human_address': '{""address"": """", ""city"": """", ""state"": """", ""zip"": """"}'}",3,36,253,3049247,Bedford-Stuyvesant (West),,
PC8680081,2026-08-31T09:19:19.000,Compliance,420,PROSPECT PLACE,11238,Brooklyn,Failed for Rat Activity,Summons Issued,"Droppings, Burrows",3011620016,3,1162,16,40.676235437319,-73.962127699331,"{'latitude': '40.676235437319', 'longitude': '-73.962127699331', 'human_address': '{""address"": """", ""city"": """", ""state"": """", ""zip"": """"}'}",8,35,305,3028922,Crown Heights (North),994755,185652
PC8702355,2026-08-31T09:20:46.000,Treatments,49,MACKAY PLACE,11209,Brooklyn,Bait applied,,,3058820075,3,5882,75,40.636599356846,-74.033781910015,"{'latitude': '40.636599356846', 'longitude': '-74.033781910015', 'human_address': '{""address"": """", ""city"": """", ""state"": """", ""zip"": """"}'}",10,47,34,3146141,Bay Ridge,974874,171211
PC8733982,2026-08-31T09:21:02.000,Treatments,330,EAST   75 STREET,10021,Manhattan,Bait applied,,,1014497501,1,1449,7501,40.769909004663,-73.954980063603,"{'latitude': '40.769909004663', 'longitude': '-73.954980063603', 'human_address': '{""address"": """", ""city"": """", ""state"": """", ""zip"": """"}'}",8,5,134,1044935,Upper East Side-Lenox Hill-Roosevelt Island,996720,219781
PC8757668,2026-08-31T09:22:06.000,Compliance,109A,HART STREET,11206,Brooklyn,Failed for Rat Activity,,"Droppings, Runways",3017670156,3,1767,156,40.693351443371,-73.947210328603,"{'latitude': '40.693351443371', 'longitude': '-73.947210328603', 'human_address': '{""address"": """", ""city"": """", ""state"": """", ""zip"": """"}'}",3,36,261,3388864,Bedford-Stuyvesant (West),,
PC8753530,2026-08-31T09:26:00.000,Compliance,781,PUTNAM AVENUE,11221,Brooklyn,Failed for Rat Activity,Summons Issued,Burrows,3016460047,3,1646,47,40.686288423511,-73.930438547867,"{'latitude': '40.686288423511', 'longitude': '-73.930438547867', 'human_address': '{""address"": """", ""city"": """", ""state"": """", ""zip"": """"}'}",3,36,293,3045220,Bedford-Stuyvesant (East),,
PC8748166,2026-08-31T09:30:00.000,Treatments,600,WEST  175 STREET,10033,Manhattan,Bait applied,,,1021430055,1,2143,55,40.845496220687,-73.93676284578,"{'latitude': '40.845496220687', 'longitude': '-73.93676284578', 'human_address': '{""address"": """", ""city"": """", ""state"": """", ""zip"": """"}'}",12,10,263,1063534,Washington Heights (South),1001746,247323
PC8758157,2026-08-31T09:30:06.000,Compliance,109,HART STREET,11206,Brooklyn,Failed for Rat Activity,,Droppings,3017670157,3,1767,157,40.693351443371,-73.947210328603,"{'latitude': '40.693351443371', 'longitude': '-73.947210328603', 'human_address': '{""address"": """", ""city"": """", ""state"": """", ""zip"": """"}'}",3,36,261,3388865,Bedford-Stuyvesant (West),,
PC8722543,2026-08-31T09:30:52.000,Treatments,1413,PROSPECT AVENUE,10459,Bronx,Bait applied,,,2029620042,2,2962,42,40.832448805816,-73.896602151175,"{'latitude': '40.832448805816', 'longitude': '-73.896602151175', 'human_address': '{""address"": """", ""city"": """", ""state"": """", ""zip"": """"}'}",3,17,151,2010201,Morrisania,1012863,242580
PC8769523,2026-08-31T09:31:00.000,Initial,823,ELSMERE PLACE,10460,Bronx,Failed for Rat Activity,COTA,Burrows,2029560035,2,2956,35,40.843076738598,-73.888135455861,"{'latitude': '40.843076738598', 'longitude': '-73.888135455861', 'human_address': '{""address"": """", ""city"": """", ""state"": """", ""zip"": """"}'}",6,15,36502,2010073,Tremont,,
PC8763137,2026-08-31T09:31:00.000,Compliance,146,PULASKI STREET,11206,Brooklyn,Failed for Rat Activity,Summons Issued,Burrows,3017760007,3,1776,7,40.692798877366,-73.945360854563,"{'latitude': '40.692798877366', 'longitude': '-73.945360854563', 'human_address': '{""address"": """", ""city"": """", ""state"": """", ""zip"": """"}'}",3,36,261,3332496,Bedford-Stuyvesant (West),,
PC8490614,2026-08-31T09:32:00.000,Treatments,1474,PACIFIC STREET,11213,Brooklyn,Bait applied,,,3012100013,3,1210,13,40.677143111803,-73.940704972131,"{'latitude': '40.677143111803', 'longitude': '-73.940704972131', 'human_address': '{""address"": """", ""city"": """", ""state"": """", ""zip"": """"}'}",8,36,311,3030194,Crown Heights (North),1000697,185986
PC8753169,2026-08-31T09:32:18.000,Compliance,797,PUTNAM AVENUE,11221,Brooklyn,Failed for Rat Activity,Summons Issued,"Droppings, Runways",3016470084,3,1647,84,40.686438584307,-73.929129512858,"{'latitude': '40.686438584307', 'longitude': '-73.929129512858', 'human_address': '{""address"": """", ""city"": """", ""state"": """", ""zip"": """"}'}",3,36,385,3325054,Bedford-Stuyvesant (East),,
PC8741336,2026-08-31T09:32:20.000,Treatments,904,MORRIS AVENUE,10451,Bronx,Bait applied,,,2024210011,2,2421,11,40.82629592421,-73.918042424676,"{'latitude': '40.82629592421', 'longitude': '-73.918042424676', 'human_address': '{""address"": """", ""city"": """", ""state"": """", ""zip"": """"}'}",4,16,173,2001926,Concourse-Concourse Village,,
PC8745424,2026-08-31T09:32:56.000,Treatments,259,STOCKHOLM STREET,11237,Brooklyn,Bait applied,,,3032470041,3,3247,41,40.701672016795,-73.920655893876,"{'latitude': '40.701672016795', 'longitude': '-73.920655893876', 'human_address': '{""address"": """", ""city"": """", ""state"": """", ""zip"": """"}'}",4,37,429,3073887,Bushwick (West),,
PC8769767,2026-08-31T09:36:00.000,Initial,50,GRANITE STREET,11207,Brooklyn,Failed for Other Reason,COTA,Harborage,3034610029,3,3461,29,40.68292624526,-73.907399103347,"{'latitude': '40.68292624526', 'longitude': '-73.907399103347', 'human_address': '{""address"": """", ""city"": """", ""state"": """", ""zip"": """"}'}",4,37,405,3080375,Bushwick (East),1009933,188101
PC8677225,2026-08-31T09:36:19.000,Compliance,269,PROSPECT PLACE,11238,Brooklyn,Failed for Rat Activity,Summons Issued,"Droppings, Burrows",3011520078,3,1152,78,40.677381659926,-73.967506051171,"{'latitude': '40.677381659926', 'longitude': '-73.967506051171', 'human_address': '{""address"": """", ""city"": """", ""state"": """", ""zip"": """"}'}",8,35,205,3028527,Prospect Heights,993263,186069
PC8762306,2026-08-31T09:39:45.000,Compliance,180,PULASKI STREET,11206,Brooklyn,Failed for Rat Activity and Other Reason,Summons Issued,"Droppings, Runways, Harborage",3017760025,3,1776,25,40.692908203586,-73.944394336627,"{'latitude': '40.692908203586', 'longitude': '-73.944394336627', 'human_address': '{""address"": """", ""city"": """", ""state"": """", ""zip"": """"}'}",3,36,261,3049537,Bedford-Stuyvesant (West),,
PC8586491,2026-08-31T09:40:00.000,Compliance,1104,CLAY AVENUE,10456,Bronx,Failed for Rat Activity and Other Reason,Summons Issued,"Droppings, Burrows, Runways, Garbage, Harborage",2024260003,2,2426,3,40.829755359464,-73.912054156514,"{'latitude': '40.829755359464', 'longitude': '-73.912054156514', 'human_address': '{""address"": """", ""city"": """", ""state"": """", ""zip"": """"}'}",4,16,143,2002067,Concourse-Concourse Village,1008588,241594
PC8726603,2026-08-31T09:40:00.000,Treatments,204,WEST 23 STREET,10011,Manhattan,Bait applied,,,1007720047,1,772,47,40.744298187463,-73.996156557509,"{'latitude': '40.744298187463', 'longitude': '-73.996156557509', 'human_address': '{""address"": """", ""city"": """", ""state"": """", ""zip"": """"}'}",4,3,91,1014127,Chelsea-Hudson Yards,,
PC8746901,2026-08-31T09:40:21.000,Treatments,412,EAST   83 STREET,10028,Manhattan,Bait applied,,,1015620040,1,1562,40,40.774691172622,-73.950275920878,"{'latitude': '40.774691172622', 'longitude': '-73.950275920878', 'human_address': '{""address"": """", ""city"": """", ""state"": """", ""zip"": """"}'}",8,5,13604,1050438,Upper East Side-Yorkville,998022,221524
PC8605178,2026-08-31T09:43:00.000,Treatments,1015,GERARD AVENUE,10452,Bronx,Bait applied,,,2024860030,2,2486,30,40.830767813144,-73.923030856826,"{'latitude': '40.830767813144', 'longitude': '-73.923030856826', 'human_address': '{""address"": """", ""city"": """", ""state"": """", ""zip"": """"}'}",4,16,195,2002994,Concourse-Concourse Village,,
PC8757642,2026-08-31T09:44:06.000,Compliance,89,HART STREET,11206,Brooklyn,Failed for Rat Activity,Summons Issued,Burrows,3017670068,3,1767,68,40.693272169888,-73.94792079219,"{'latitude': '40.693272169888', 'longitude': '-73.94792079219', 'human_address': '{""address"": """", ""city"": """", ""state"": """", ""zip"": """"}'}",3,36,261,3049144,Bedford-Stuyvesant (West),,
PC8722636,2026-08-31T09:45:46.000,Treatments,518,BAY RIDGE AVENUE,11220,Brooklyn,Bait applied,,,3058740017,3,5874,17,40.633193494345,-74.020442484454,"{'latitude': '40.633193494345', 'longitude': '-74.020442484454', 'human_address': '{""address"": """", ""city"": """", ""state"": """", ""zip"": """"}'}",10,47,130,3000000,Bay Ridge,,
PC8672954,2026-08-31T09:45:52.000,Treatments,805,EAST 170 STREET,10459,Bronx,Bait applied,,,2029630098,2,2963,98,40.833155970338,-73.895520549526,"{'latitude': '40.833155970338', 'longitude': '-73.895520549526', 'human_address': '{""address"": """", ""city"": """", ""state"": """", ""zip"": """"}'}",3,17,153,2010240,Crotona Park East,,
PC8721326,2026-08-31T09:45:57.000,Compliance,3336,3 AVENUE,10456,Bronx,Failed for Other Reason,Summons Issued,"Garbage, Harborage",2026070017,2,2607,17,40.826436331426,-73.907744232084,"{'latitude': '40.826436331426', 'longitude': '-73.907744232084', 'human_address': '{""address"": """", ""city"": """", ""state"": """", ""zip"": """"}'}",3,17,18502,2000000,Morrisania,,
PC8744787,2026-08-31T09:46:03.000,Treatments,263,STOCKHOLM STREET,11237,Brooklyn,Bait applied,,,3032470039,3,3247,39,40.701740591107,-73.920590893956,"{'latitude': '40.701740591107', 'longitude': '-73.920590893956', 'human_address': '{""address"": """", ""city"": """", ""state"": """", ""zip"": """"}'}",4,37,429,3073885,Bushwick (West),,
PC8769372,2026-08-31T09:46:52.000,Initial,1037,OGDEN AVENUE,10452,Bronx,Failed for Rat Activity and Other Reason,COTA,"Droppings, Harborage, Animal Nuisance",2025250028,2,2525,28,40.833925253985,-73.928823641447,"{'latitude': '40.833925253985', 'longitude': '-73.928823641447', 'human_address': '{""address"": """", ""city"": """", ""state"": """", ""zip"": """"}'}",4,16,189,2003468,Highbridge,1003946,243109
PC8626768,2026-08-31T09:47:32.000,Treatments,635A,LEXINGTON AVENUE,11221,Brooklyn,Bait applied,,,3016200077,3,1620,77,40.689447885012,-73.935519539905,"{'latitude': '40.689447885012', 'longitude': '-73.935519539905', 'human_address': '{""address"": """", ""city"": """", ""state"": """", ""zip"": """"}'}",3,36,291,3044060,Bedford-Stuyvesant (East),,
PC8706556,2026-08-31T09:49:00.000,Treatments,1509,PACIFIC STREET,11213,Brooklyn,Bait applied,,,3012040077,3,1204,77,40.677173423465,-73.940935679198,"{'latitude': '40.677173423465', 'longitude': '-73.940935679198', 'human_address': '{""address"": """", ""city"": """", ""state"": """", ""zip"": """"}'}",8,36,311,3029950,Crown Heights (North),1000633,185997
PC8750947,2026-08-31T09:49:08.000,Treatments,4151,BROADWAY,10033,Manhattan,Bait applied,,,1021420217,1,2142,217,40.846573016652,-73.938344941647,"{'latitude': '40.846573016652', 'longitude': '-73.938344941647', 'human_address': '{""address"": """", ""city"": """", ""state"": """", ""zip"": """"}'}",12,10,263,1063513,Washington Heights (South),,
PC8599996,2026-08-31T09:50:29.000,Treatments,1139,Wyatt Street,10460,Bronx,Bait applied,,,2039060088,2,3906,88,40.839093372618,-73.876674857469,"{'latitude': '40.839093372618', 'longitude': '-73.876674857469', 'human_address': '{""address"": """", ""city"": """", ""state"": """", ""zip"": """"}'}",6,15,60,2087051,West Farms,,
PC8745979,2026-08-31T09:50:45.000,Compliance,702,DEKALB AVENUE,11216,Brooklyn,Failed for Rat Activity,Summons Issued,Burrows,3017800010,3,1780,10,40.691757057089,-73.947925586188,"{'latitude': '40.691757057089', 'longitude': '-73.947925586188', 'human_address': '{""address"": """", ""city"": """", ""state"": """", ""zip"": """"}'}",3,36,261,3049625,Bedford-Stuyvesant (West),,
PC8539947,2026-08-31T09:54:19.000,Compliance,768,DEAN STREET,11238,Brooklyn,Failed for Rat Activity and Other Reason,Summons Issued,"Burrows, Runways, Harborage",3011390013,3,1139,13,40.679491559327,-73.964689244014,"{'latitude': '40.679491559327', 'longitude': '-73.964689244014', 'human_address': '{""address"": """", ""city"": """", ""state"": """", ""zip"": """"}'}",8,35,203,3027944,Prospect Heights,,
PC8738213,2026-08-31T09:54:54.000,Treatments,223,EAST 89 STREET,10128,Manhattan,Bait applied,,,1015350015,1,1535,15,40.780464075868,-73.951882025445,"{'latitude': '40.780464075868', 'longitude': '-73.951882025445', 'human_address': '{""address"": """", ""city"": """", ""state"": """", ""zip"": """"}'}",8,5,15401,1048885,Upper East Side-Yorkville,,
PC8755946,2026-08-31T09:56:52.000,Compliance,320,EASTERN PARKWAY,11225,Brooklyn,Failed for Rat Activity and Other Reason,Summons Issued,"Droppings, Harborage",3011850039,3,1185,39,40.670736364905,-73.958421421718,"{'latitude': '40.670736364905', 'longitude': '-73.958421421718', 'human_address': '{""address"": """", ""city"": """", ""state"": """", ""zip"": """"}'}",9,35,213,3029674,Crown Heights (South),995805,183643
PC8731801,2026-08-31T10:00:32.000,Treatments,613,LEXINGTON AVENUE,11221,Brooklyn,Bait applied,,,3016190155,3,1619,155,40.689303118957,-73.936788949899,"{'latitude': '40.689303118957', 'longitude': '-73.936788949899', 'human_address': '{""address"": """", ""city"": """", ""state"": """", ""zip"": """"}'}",3,36,279,3043991,Bedford-Stuyvesant (East),,
PC8673001,2026-08-31T10:00:52.000,Treatments,1440,BOSTON ROAD,10460,Bronx,Bait applied,,,2029630053,2,2963,53,40.833699811877,-73.895942499413,"{'latitude': '40.833699811877', 'longitude': '-73.895942499413', 'human_address': '{""address"": """", ""city"": """", ""state"": """", ""zip"": """"}'}",3,17,153,2010233,Crotona Park East,,
PC8761386,2026-08-31T10:00:53.000,Initial,3145,ROCHAMBEAU AVENUE,10467,Bronx,Failed for Rat Activity and Other Reason,COTA,"Droppings, Burrows, Harborage",2033350012,2,3335,12,40.874422000463,-73.880369676899,"{'latitude': '40.874422000463', 'longitude': '-73.880369676899', 'human_address': '{""address"": """", ""city"": """", ""state"": """", ""zip"": """"}'}",7,11,419,2017986,Norwood,1017334,257878
PC8768531,2026-08-31T10:00:53.000,Initial,322,UNION AVENUE,11211,Brooklyn,Failed for Rat Activity,COTA,Burrows,3027910006,3,2791,6,40.710060533549,-73.950959152036,"{'latitude': '40.710060533549', 'longitude': '-73.950959152036', 'human_address': '{""address"": """", ""city"": """", ""state"": """", ""zip"": """"}'}",1,34,513,3323057,Williamsburg,997846,197977
PC8721644,2026-08-31T10:00:57.000,Compliance,1048,FRANKLIN AVENUE,10456,Bronx,Failed for Rat Activity,Summons Issued,Burrows,2026070026,2,2607,26,40.826781988395,-73.907519722728,"{'latitude': '40.826781988395', 'longitude': '-73.907519722728', 'human_address': '{""address"": """", ""city"": """", ""state"": """", ""zip"": """"}'}",3,17,18502,2004177,Morrisania,,
PC8706397,2026-08-31T10:01:18.000,Treatments,326,STOCKHOLM STREET,11237,Brooklyn,Bait applied,,,3032590027,3,3259,27,40.7033643594,-73.918965962853,"{'latitude': '40.7033643594', 'longitude': '-73.918965962853', 'human_address': '{""address"": """", ""city"": """", ""state"": """", ""zip"": """"}'}",4,37,443,3074240,Bushwick (West),1006718,195544
PC8749443,2026-08-31T10:03:00.000,Compliance,963,WOODYCREST AVENUE,10452,Bronx,Failed for Rat Activity,Summons Issued,Runways,2025110068,2,2511,68,40.831663545348,-73.92875379778,"{'latitude': '40.831663545348', 'longitude': '-73.92875379778', 'human_address': '{""address"": """", ""city"": """", ""state"": """", ""zip"": """"}'}",4,16,189,2003187,Highbridge,1003966,242285
PC8757647,2026-08-31T10:03:06.000,Compliance,621,MARCY AVENUE,11206,Brooklyn,Failed for Rat Activity,Summons Issued,Droppings,3017670104,3,1767,104,40.693497647214,-73.948822142025,"{'latitude': '40.693497647214', 'longitude': '-73.948822142025', 'human_address': '{""address"": """", ""city"": """", ""state"": """", ""zip"": """"}'}",3,36,261,3393751,Bedford-Stuyvesant (West),,
PC8767176,2026-08-31T10:04:00.000,Initial,210,EAST   83 STREET,10028,Manhattan,Failed for Other Reason,COTA,Garbage,1015280042,1,1528,42,40.776644610332,-73.95491772226,"{'latitude': '40.776644610332', 'longitude': '-73.95491772226', 'human_address': '{""address"": """", ""city"": """", ""state"": """", ""zip"": """"}'}",8,5,138,1048676,Upper East Side-Yorkville,996736,222235
PC8676204,2026-08-31T10:04:52.000,Compliance,1131,OGDEN AVENUE,10452,Bronx,Failed for Rat Activity and Other Reason,Summons Issued,"Burrows, Harborage",2025260090,2,2526,90,40.836279408974,-73.927494820655,"{'latitude': '40.836279408974', 'longitude': '-73.927494820655', 'human_address': '{""address"": """", ""city"": """", ""state"": """", ""zip"": """"}'}",4,16,199,2088158,Highbridge,,
PC8712376,2026-08-31T10:05:00.000,Treatments,562,OVINGTON AVENUE,11209,Brooklyn,Bait applied,,,3058930038,3,5893,38,40.631818480212,-74.0197467289,"{'latitude': '40.631818480212', 'longitude': '-74.0197467289', 'human_address': '{""address"": """", ""city"": """", ""state"": """", ""zip"": """"}'}",10,47,130,3146670,Bay Ridge,978769,169468
PC8759385,2026-08-31T10:05:00.000,Initial,173,WEST TREMONT AVENUE,10453,Bronx,Failed for Other Reason,COTA,Harborage,2028790103,2,2879,103,40.85095310307,-73.915900954658,"{'latitude': '40.85095310307', 'longitude': '-73.915900954658', 'human_address': '{""address"": """", ""city"": """", ""state"": """", ""zip"": """"}'}",5,14,24501,2009091,University Heights (South)-Morris Heights,1007516,249316
PC8596214,2026-08-31T10:05:49.000,Treatments,1141,WYATT STREET,10460,Bronx,Bait applied,,,2039060087,2,3906,87,40.839076853776,-73.876627905806,"{'latitude': '40.839076853776', 'longitude': '-73.876627905806', 'human_address': '{""address"": """", ""city"": """", ""state"": """", ""zip"": """"}'}",6,15,60,2028367,West Farms,1018387,245002
PC8702359,2026-08-31T10:05:56.000,Compliance,1046,CLAY AVENUE,10456,Bronx,Failed for Rat Activity and Other Reason,Summons Issued,"Droppings, Burrows, Runways, Garbage, Harborage",2024250005,2,2425,5,40.828493314357,-73.912756840759,"{'latitude': '40.828493314357', 'longitude': '-73.912756840759', 'human_address': '{""address"": """", ""city"": """", ""state"": """", ""zip"": """"}'}",4,16,143,2002052,Concourse-Concourse Village,,
PC8704703,2026-08-31T10:07:00.000,Treatments,1406,PACIFIC STREET,11216,Brooklyn,Bait applied,,,3012090014,3,1209,14,40.677292700168,-73.943415969387,"{'latitude': '40.677292700168', 'longitude': '-73.943415969387', 'human_address': '{""address"": """", ""city"": """", ""state"": """", ""zip"": """"}'}",8,36,313,3030134,Crown Heights (North),,
PC8678338,2026-08-31T10:09:00.000,Treatments,1,EAST 170 STREET,10452,Bronx,Bait applied,,,2028437501,2,2843,7501,40.840175713853,-73.91754097148,"{'latitude': '40.840175713853', 'longitude': '-73.91754097148', 'human_address': '{""address"": """", ""city"": """", ""state"": """", ""zip"": """"}'}",4,16,223,2008091,Mount Eden-Claremont (West),,
PC8739228,2026-08-31T10:09:48.000,Compliance,226,EAST 83 STREET,10028,Manhattan,Failed for Rat Activity,Summons Issued,"Droppings, Burrows",1015280036,1,1528,36,40.776537463959,-73.954661441016,"{'latitude': '40.776537463959', 'longitude': '-73.954661441016', 'human_address': '{""address"": """", ""city"": """", ""state"": """", ""zip"": """"}'}",8,5,138,1048671,Upper East Side-Yorkville,,
PC8768188,2026-08-31T10:10:00.000,Initial,19,MAUJER STREET,11206,Brooklyn,Failed for Rat Activity and Other Reason,COTA,"Droppings, Burrows, Harborage",3027850001,3,2785,1,40.710279876179,-73.950403509285,"{'latitude': '40.710279876179', 'longitude': '-73.950403509285', 'human_address': '{""address"": """", ""city"": """", ""state"": """", ""zip"": """"}'}",1,34,513,3251771,Williamsburg,998000,198057
PC8762940,2026-08-31T10:10:19.000,Compliance,463,CLASSON AVENUE,11238,Brooklyn,Failed for Other Reason,Summons Issued,Harborage,3019850005,3,1985,5,40.684817341169,-73.959187819558,"{'latitude': '40.684817341169', 'longitude': '-73.959187819558', 'human_address': '{""address"": """", ""city"": """", ""state"": """", ""zip"": """"}'}",3,36,229,3056956,Bedford-Stuyvesant (West),,
PC8728979,2026-08-31T10:10:45.000,Compliance,279,NOSTRAND AVENUE,11216,Brooklyn,Failed for Rat Activity,Summons Issued,"Droppings, Burrows, Runways",3017890001,3,1789,1,40.68922237953,-73.951324307032,"{'latitude': '40.68922237953', 'longitude': '-73.951324307032', 'human_address': '{""address"": """", ""city"": """", ""state"": """", ""zip"": """"}'}",3,36,251,3338668,Bedford-Stuyvesant (West),,
PC8758153,2026-08-31T10:11:06.000,Compliance,619,MARCY AVENUE,11206,Brooklyn,Failed for Rat Activity,,Droppings,3017670105,3,1767,105,40.693569019343,-73.948840117582,"{'latitude': '40.693569019343', 'longitude': '-73.948840117582', 'human_address': '{""address"": """", ""city"": """", ""state"": """", ""zip"": """"}'}",3,36,261,3393750,Bedford-Stuyvesant (West),,
PC8591611,2026-08-31T10:13:44.000,Compliance,125,WEST 72 STREET,10023,Manhattan,Failed for Rat Activity,Summons Issued,Burrows,1011440023,1,1144,23,40.777914304095,-73.979978695654,"{'latitude': '40.777914304095', 'longitude': '-73.979978695654', 'human_address': '{""address"": """", ""city"": """", ""state"": """", ""zip"": """"}'}",7,6,157,1029932,Upper West Side-Lincoln Square,,
PC8719887,2026-08-31T10:15:32.000,Treatments,281,MARCUS GARVEY BLVD,11221,Brooklyn,Bait applied,,,3016290001,3,1629,1,40.687918213743,-73.939015048838,"{'latitude': '40.687918213743', 'longitude': '-73.939015048838', 'human_address': '{""address"": """", ""city"": """", ""state"": """", ""zip"": """"}'}",3,36,277,3325012,Bedford-Stuyvesant (East),,
PC8710861,2026-08-31T10:17:27.000,Treatments,330,EAST 91 STREET,10128,Manhattan,Bait applied,,,1015530035,1,1553,35,40.78068496195,-73.948563497293,"{'latitude': '40.78068496195', 'longitude': '-73.948563497293', 'human_address': '{""address"": """", ""city"": """", ""state"": """", ""zip"": """"}'}",8,5,15401,1078662,Upper East Side-Yorkville,998495,223708
PC8769147,2026-08-31T10:18:32.000,Initial,775,CROTONA PARK NORTH,10460,Bronx,Failed for Other Reason,COTA,Harborage,2029527501,2,2952,7501,40.84072783076,-73.89161259046,"{'latitude': '40.84072783076', 'longitude': '-73.89161259046', 'human_address': '{""address"": """", ""city"": """", ""state"": """", ""zip"": """"}'}",6,15,367,2128766,Tremont,,
PC8766439,2026-08-31T10:18:51.000,Initial,1805,PHELAN PLACE,10453,Bronx,Failed for Other Reason,COTA,Harborage,2028790139,2,2879,139,40.852403258403,-73.917189581898,"{'latitude': '40.852403258403', 'longitude': '-73.917189581898', 'human_address': '{""address"": """", ""city"": """", ""state"": """", ""zip"": """"}'}",5,14,24501,2009100,University Heights (South)-Morris Heights,1007159,249844
PC8594629,2026-08-31T10:19:02.000,Compliance,2112,BROADWAY,10023,Manhattan,Failed for Rat Activity,Summons Issued,Burrows,1011657505,1,1165,7505,40.78005822339,-73.981570416568,"{'latitude': '40.78005822339', 'longitude': '-73.981570416568', 'human_address': '{""address"": """", ""city"": """", ""state"": """", ""zip"": """"}'}",7,6,159,1030545,Upper West Side-Lincoln Square,,
PC8759829,2026-08-31T10:19:52.000,Compliance,426,EASTERN PARKWAY,11225,Brooklyn,Failed for Rat Activity,Summons Issued,Burrows,3012670016,3,1267,16,40.670056856262,-73.954351989233,"{'latitude': '40.670056856262', 'longitude': '-73.954351989233', 'human_address': '{""address"": """", ""city"": """", ""state"": """", ""zip"": """"}'}",9,35,323,3032889,Crown Heights (South),996913,183402
PC8762369,2026-08-31T10:21:19.000,Compliance,461,CLASSON AVENUE,11238,Brooklyn,Failed for Rat Activity,Summons Issued,Burrows,3019850006,3,1985,6,40.684874985277,-73.959198601056,"{'latitude': '40.684874985277', 'longitude': '-73.959198601056', 'human_address': '{""address"": """", ""city"": """", ""state"": """", ""zip"": """"}'}",3,36,229,3056957,Bedford-Stuyvesant (West),,
PC8731580,2026-08-31T10:21:41.000,Treatments,316,EAST 166 STREET,10456,Bronx,Bait applied,,,2024330022,2,2433,22,40.830023195193,-73.914164105878,"{'latitude': '40.830023195193', 'longitude': '-73.914164105878', 'human_address': '{""address"": """", ""city"": """", ""state"": """", ""zip"": """"}'}",4,16,175,2116218,Concourse-Concourse Village,,
PC8705306,2026-08-31T10:23:00.000,Treatments,1374,PACIFIC STREET,11216,Brooklyn,Bait applied,,,3012080036,3,1208,36,40.677384086208,-73.945077903497,"{'latitude': '40.677384086208', 'longitude': '-73.945077903497', 'human_address': '{""address"": """", ""city"": """", ""state"": """", ""zip"": """"}'}",8,36,313,3030109,Crown Heights (North),999484,186073
PC8757845,2026-08-31T10:23:06.000,Compliance,540,WILLOUGHBY AVENUE,11206,Brooklyn,Failed for Other Reason,,Harborage,3017670018,3,1767,18,40.694018685626,-73.94778317371,"{'latitude': '40.694018685626', 'longitude': '-73.94778317371', 'human_address': '{""address"": """", ""city"": """", ""state"": """", ""zip"": """"}'}",3,36,261,3049116,Bedford-Stuyvesant (West),,
PC8723530,2026-08-31T10:23:48.000,Treatments,165,NAGLE AVENUE,10040,Manhattan,Bait applied,,,1021730029,1,2173,29,40.86127448281,-73.925580310292,"{'latitude': '40.86127448281', 'longitude': '-73.925580310292', 'human_address': '{""address"": """", ""city"": """", ""state"": """", ""zip"": """"}'}",12,10,283,1079935,Washington Heights (North),1004835,253074
PC8758292,2026-08-31T10:24:12.000,Compliance,2109,BROADWAY,10023,Manhattan,Failed for Rat Activity,Summons Issued,"Droppings, Burrows",1011657503,1,1165,7503,40.780401397603,-73.982075837493,"{'latitude': '40.780401397603', 'longitude': '-73.982075837493', 'human_address': '{""address"": """", ""city"": """", ""state"": """", ""zip"": """"}'}",7,6,159,1030544,Upper West Side-Lincoln Square,989214,223601
PC8744017,2026-08-31T10:24:53.000,Compliance,436,UNION AVENUE,11211,Brooklyn,Failed for Rat Activity,Summons Issued,"Droppings, Burrows",3027610004,3,2761,4,40.713406642981,-73.951512187552,"{'latitude': '40.713406642981', 'longitude': '-73.951512187552', 'human_address': '{""address"": """", ""city"": """", ""state"": """", ""zip"": """"}'}",1,34,513,3068768,Williamsburg,997692,199196
PC8768435,2026-08-31T10:25:53.000,Initial,3210,PERRY AVENUE,10467,Bronx,Failed for Rat Activity and Other Reason,COTA,"Droppings, Garbage, Harborage",2033460010,2,3346,10,40.87491513818,-73.876904671314,"{'latitude': '40.87491513818', 'longitude': '-73.876904671314', 'human_address': '{""address"": """", ""city"": """", ""state"": """", ""zip"": """"}'}",7,11,42901,2018333,Norwood,1018292,258059
PC8767272,2026-08-31T10:30:00.000,Stoppage,,,11222,Brooklyn,Stoppage done,,,,3,2540,1,,,,,,,,,,
PC8753093,2026-08-31T10:30:00.000,Initial,1125,HANCOCK STREET,11221,Brooklyn,Failed for Rat Activity and Other Reason,COTA,"Droppings, Runways, Harborage",3033890054,3,3389,54,40.69007002636,-73.913306461473,"{'latitude': '40.69007002636', 'longitude': '-73.913306461473', 'human_address': '{""address"": """", ""city"": """", ""state"": """", ""zip"": """"}'}",4,37,415,3077914,Bushwick (East),1008292,190702
PC8766884,2026-08-31T10:30:14.000,Initial,1701,MONTGOMERY AVENUE,10453,Bronx,Failed for Other Reason,COTA,Harborage,2028770482,2,2877,482,40.849706691443,-73.919307498085,"{'latitude': '40.849706691443', 'longitude': '-73.919307498085', 'human_address': '{""address"": """", ""city"": """", ""state"": """", ""zip"": """"}'}",5,14,20502,2008956,University Heights (South)-Morris Heights,,
PC8735573,2026-08-31T10:30:38.000,Treatments,2405,CROTONA AVENUE,10458,Bronx,Bait applied,,,2031050058,2,3105,58,40.854314501949,-73.883431621788,"{'latitude': '40.854314501949', 'longitude': '-73.883431621788', 'human_address': '{""address"": """", ""city"": """", ""state"": """", ""zip"": """"}'}",6,15,389,2012928,Belmont,,
PC8723024,2026-08-31T10:30:52.000,Treatments,1385,BRISTOW STREET,10459,Bronx,Bait applied,,,2029630030,2,2963,30,40.832664227706,-73.895044318895,"{'latitude': '40.832664227706', 'longitude': '-73.895044318895', 'human_address': '{""address"": """", ""city"": """", ""state"": """", ""zip"": """"}'}",3,17,153,2010223,Crotona Park East,1013294,242659
PC8761306,2026-08-31T10:31:00.000,Compliance,1415,5 AVENUE,10029,Manhattan,Failed for Rat Activity and Other Reason,Summons Issued,"Burrows, Harborage",1016210069,1,1621,69,40.800487432208,-73.946572413814,"{'latitude': '40.800487432208', 'longitude': '-73.946572413814', 'human_address': '{""address"": """", ""city"": """", ""state"": """", ""zip"": """"}'}",11,8,184,1051660,East Harlem (North),,
PC8757534,2026-08-31T10:31:06.000,Compliance,548,WILLOUGHBY AVENUE,11206,Brooklyn,Failed for Rat Activity,,Droppings,3017670123,3,1767,123,40.694048761219,-73.947527114375,"{'latitude': '40.694048761219', 'longitude': '-73.947527114375', 'human_address': '{""address"": """", ""city"": """", ""state"": """", ""zip"": """"}'}",3,36,261,3391878,Bedford-Stuyvesant (West),,
PC8769353,2026-08-31T10:33:52.000,Initial,1187,ANDERSON AVENUE,10452,Bronx,Failed for Other Reason,COTA,"Harborage, Animal Nuisance",2025100040,2,2510,40,40.836724386887,-73.923764788605,"{'latitude': '40.836724386887', 'longitude': '-73.923764788605', 'human_address': '{""address"": """", ""city"": """", ""state"": """", ""zip"": """"}'}",4,16,199,2003170,Highbridge,1005335,244111
PC8710431,2026-08-31T10:34:00.000,Treatments,1366,PACIFIC STREET,11216,Brooklyn,Bait applied,,,3012080032,3,1208,32,40.677395168759,-73.945294208288,"{'latitude': '40.677395168759', 'longitude': '-73.945294208288', 'human_address': '{""address"": """", ""city"": """", ""state"": """", ""zip"": """"}'}",8,36,313,3030105,Crown Heights (North),,
PC8764151,2026-08-31T10:34:34.000,Compliance,232,West 74 street,10023,Manhattan,Failed for Rat Activity,Summons Issued,"Droppings, Burrows",1011650052,1,1165,52,40.780692411036,-73.982527114651,"{'latitude': '40.780692411036', 'longitude': '-73.982527114651', 'human_address': '{""address"": """", ""city"": """", ""state"": """", ""zip"": """"}'}",7,6,159,1030546,Upper West Side-Lincoln Square,,
PC8684515,2026-08-31T10:35:00.000,Treatments,776,HART STREET,11237,Brooklyn,Bait applied,,,3032350018,3,3235,18,40.700820531191,-73.923808996532,"{'latitude': '40.700820531191', 'longitude': '-73.923808996532', 'human_address': '{""address"": """", ""city"": """", ""state"": """", ""zip"": """"}'}",4,37,429,3073563,Bushwick (West),,
PC8561133,2026-08-31T10:35:46.000,Treatments,326,BAY RIDGE AVENUE,11220,Brooklyn,Monitoring visit,,,3058720019,3,5872,19,40.635349945794,-74.025199043875,"{'latitude': '40.635349945794', 'longitude': '-74.025199043875', 'human_address': '{""address"": """", ""city"": """", ""state"": """", ""zip"": """"}'}",10,47,68,3145677,Bay Ridge,977256,170755
PC8766820,2026-08-31T10:36:00.000,Initial,1707-13,MONTGOMERY AVENUE,10453,Bronx,Failed for Other Reason,COTA,Harborage,,2,2877,477,40.849813672508,-73.91921700244,"{'latitude': '40.849813672508', 'longitude': '-73.91921700244', 'human_address': '{""address"": """", ""city"": """", ""state"": """", ""zip"": """"}'}",5,14,20502,,University Heights (South)-Morris Heights,,
PC8741760,2026-08-31T10:36:48.000,Compliance,228,EAST 80 STREET,10075,Manhattan,Failed for Rat Activity and Other Reason,Summons Issued,"Droppings, Runways, Harborage",1015250035,1,1525,35,40.774622152293,-73.956016693691,"{'latitude': '40.774622152293', 'longitude': '-73.956016693691', 'human_address': '{""address"": """", ""city"": """", ""state"": """", ""zip"": """"}'}",8,5,138,1048521,Upper East Side-Yorkville,996432,221498
PC8728229,2026-08-31T10:37:15.000,Treatments,1328,LEXINGTON AVENUE,10128,Manhattan,Bait applied,,,1015170058,1,1517,58,40.781088175022,-73.954430845767,"{'latitude': '40.781088175022', 'longitude': '-73.954430845767', 'human_address': '{""address"": """", ""city"": """", ""state"": """", ""zip"": """"}'}",8,4,14802,1048099,Upper East Side-Carnegie Hill,,
PC8693052,2026-08-31T10:37:27.000,Treatments,60,THAYER STREET,10040,Manhattan,Bait applied,,,1021750080,1,2175,80,40.863603035905,-73.927175686542,"{'latitude': '40.863603035905', 'longitude': '-73.927175686542', 'human_address': '{""address"": """", ""city"": """", ""state"": """", ""zip"": """"}'}",12,10,287,1064235,Washington Heights (North),1004393,253922
PC8676748,2026-08-31T10:38:00.000,Treatments,1222,JEROME AVENUE,10452,Bronx,Bait applied,,,2024890006,2,2489,6,40.836582960909,-73.921618298955,"{'latitude': '40.836582960909', 'longitude': '-73.921618298955', 'human_address': '{""address"": """", ""city"": """", ""state"": """", ""zip"": """"}'}",4,16,197,2003007,Concourse-Concourse Village,,
PC8766649,2026-08-31T10:38:14.000,Initial,1715,MONTGOMERY AVENUE,10453,Bronx,Failed for Other Reason,COTA,Harborage,2028770476,2,2877,476,40.849959059394,-73.919097542647,"{'latitude': '40.849959059394', 'longitude': '-73.919097542647', 'human_address': '{""address"": """", ""city"": """", ""state"": """", ""zip"": """"}'}",5,14,20502,2000000,University Heights (South)-Morris Heights,,
PC8636194,2026-08-31T10:38:35.000,Treatments,1069,TELLER AVENUE,10456,Bronx,Bait applied,,,2024330066,2,2433,66,40.829232149275,-73.913417137376,"{'latitude': '40.829232149275', 'longitude': '-73.913417137376', 'human_address': '{""address"": """", ""city"": """", ""state"": """", ""zip"": """"}'}",4,16,175,2002237,Concourse-Concourse Village,,
PC8741815,2026-08-31T10:39:00.000,Compliance,152,SARATOGA AVENUE,11233,Brooklyn,Failed for Rat Activity,Summons Issued,Droppings,3015140134,3,1514,134,40.68134978438,-73.916890840793,"{'latitude': '40.68134978438', 'longitude': '-73.916890840793', 'human_address': '{""address"": """", ""city"": """", ""state"": """", ""zip"": """"}'}",3,41,379,3343023,Bedford-Stuyvesant (East),1007301,187524
PC8758242,2026-08-31T10:39:06.000,Compliance,564,WILLOUGHBY AVENUE,11206,Brooklyn,Failed for Rat Activity,Summons Issued,Droppings,0,3,1767,7501,40.69410891069,-73.947014995009,"{'latitude': '40.69410891069', 'longitude': '-73.947014995009', 'human_address': '{""address"": """", ""city"": """", ""state"": """", ""zip"": """"}'}",3,36,261,3049127,Bedford-Stuyvesant (West),,
PC8758126,2026-08-31T10:39:45.000,Compliance,226,MONROE STREET,11216,Brooklyn,Failed for Rat Activity,Summons Issued,Burrows,3018180006,3,1818,6,40.685530047099,-73.949906377162,"{'latitude': '40.685530047099', 'longitude': '-73.949906377162', 'human_address': '{""address"": """", ""city"": """", ""state"": """", ""zip"": """"}'}",3,36,249,3051370,Bedford-Stuyvesant (West),,
PC8669117,2026-08-31T10:40:02.000,Compliance,1997,HUGHES AVENUE,10457,Bronx,Failed for Rat Activity and Other Reason,Summons Issued,"Burrows, Rats, Harborage",2030680081,2,3068,81,40.847059919655,-73.89159138967,"{'latitude': '40.847059919655', 'longitude': '-73.89159138967', 'human_address': '{""address"": """", ""city"": """", ""state"": """", ""zip"": """"}'}",6,15,373,2011983,Tremont,,
PC8766718,2026-08-31T10:40:14.000,Initial,1725,MONTGOMERY AVENUE,10453,Bronx,Failed for Rat Activity,COTA,Burrows,2028770474,2,2877,474,40.850356739346,-73.918663299785,"{'latitude': '40.850356739346', 'longitude': '-73.918663299785', 'human_address': '{""address"": """", ""city"": """", ""state"": """", ""zip"": """"}'}",5,14,20502,2008952,University Heights (South)-Morris Heights,,
PC8766672,2026-08-31T10:42:14.000,Initial,1737,MONTGOMERY AVENUE,10453,Bronx,Failed for Rat Activity,COTA,Droppings,2028770469,2,2877,469,40.850592545296,-73.91832323256,"{'latitude': '40.850592545296', 'longitude': '-73.91832323256', 'human_address': '{""address"": """", ""city"": """", ""state"": """", ""zip"": """"}'}",5,14,20502,2120516,University Heights (South)-Morris Heights,,
PC8761083,2026-08-31T10:42:57.000,Compliance,11,EAST 115 STREET,10029,Manhattan,Failed for Rat Activity and Other Reason,Summons Issued,"Burrows, Harborage",1016210007,1,1621,7,40.799471511663,-73.945796680391,"{'latitude': '40.799471511663', 'longitude': '-73.945796680391', 'human_address': '{""address"": """", ""city"": """", ""state"": """", ""zip"": """"}'}",11,8,184,1000000,East Harlem (North),,
PC8769647,2026-08-31T10:45:00.000,Initial,2319,3 AVENUE,10035,Manhattan,Failed for Other Reason,COTA,"Garbage, Animal Nuisance",1017907501,1,1790,7501,40.804255709424,-73.935382609923,"{'latitude': '40.804255709424', 'longitude': '-73.935382609923', 'human_address': '{""address"": """", ""city"": """", ""state"": """", ""zip"": """"}'}",11,8,242,1054682,East Harlem (North),1002139,232298
PC8735552,2026-08-31T10:45:20.000,Treatments,2411,CROTONA AVENUE,10458,Bronx,Bait applied,,,2031050056,2,3105,56,40.854435207693,-73.883369956661,"{'latitude': '40.854435207693', 'longitude': '-73.883369956661', 'human_address': '{""address"": """", ""city"": """", ""state"": """", ""zip"": """"}'}",6,15,389,2012926,Belmont,,
PC8659211,2026-08-31T10:45:52.000,Treatments,1166,SIMPSON STREET,10459,Bronx,Bait applied,,,2027280016,2,2728,16,40.827699761617,-73.892905814473,"{'latitude': '40.827699761617', 'longitude': '-73.892905814473', 'human_address': '{""address"": """", ""city"": """", ""state"": """", ""zip"": """"}'}",3,17,125,2005809,Crotona Park East,,
PC8764780,2026-08-31T10:46:00.000,Initial,RIVERSIDE,DRIVE,10027,Manhattan,Failed for Rat Activity,City Agency Referral,Burrows,,1,1994,1,,,,,,,,,,
PC8676951,2026-08-31T10:48:00.000,Treatments,1221,RIVER AVENUE,10452,Bronx,Bait applied,,,2024890026,2,2489,26,40.836080310501,-73.921087655207,"{'latitude': '40.836080310501', 'longitude': '-73.921087655207', 'human_address': '{""address"": """", ""city"": """", ""state"": """", ""zip"": """"}'}",4,16,197,2003011,Concourse-Concourse Village,,
PC8746170,2026-08-31T10:49:00.000,Compliance,347,EAST 78 STREET,10075,Manhattan,Failed for Other Reason,Summons Issued,Garbage,1014530019,1,1453,19,40.772156716949,-73.954364773258,"{'latitude': '40.772156716949', 'longitude': '-73.954364773258', 'human_address': '{""address"": """", ""city"": """", ""state"": """", ""zip"": """"}'}",8,5,134,1045249,Upper East Side-Lenox Hill-Roosevelt Island,996890,220600
PC8749009,2026-08-31T10:49:44.000,Compliance,195,PALMETTO STREET,11221,Brooklyn,Failed for Rat Activity,,Runways,3033420047,3,3342,47,40.694326544185,-73.916153372237,"{'latitude': '40.694326544185', 'longitude': '-73.916153372237', 'human_address': '{""address"": """", ""city"": """", ""state"": """", ""zip"": """"}'}",4,37,417,3076452,Bushwick (East),1007501,192252
PC8694412,2026-08-31T10:49:57.000,Treatments,774,HART STREET,11237,Brooklyn,Bait applied,,,3032350017,3,3235,17,40.70079310026,-73.923834273527,"{'latitude': '40.70079310026', 'longitude': '-73.923834273527', 'human_address': '{""address"": """", ""city"": """", ""state"": """", ""zip"": """"}'}",4,37,429,3073562,Bushwick (West),,
PC8547403,2026-08-31T10:49:57.000,Treatments,1055,TELLER AVENUE,10456,Bronx,Bait applied,,,2024330073,2,2433,73,40.828875499204,-73.913638025111,"{'latitude': '40.828875499204', 'longitude': '-73.913638025111', 'human_address': '{""address"": """", ""city"": """", ""state"": """", ""zip"": """"}'}",4,16,175,2002244,Concourse-Concourse Village,,
PC8350109,2026-08-31T10:50:00.000,Treatments,589,QUINCY STREET,11221,Brooklyn,Bait applied,,,3016250079,3,1625,79,40.688720432874,-73.935365194639,"{'latitude': '40.688720432874', 'longitude': '-73.935365194639', 'human_address': '{""address"": """", ""city"": """", ""state"": """", ""zip"": """"}'}",3,36,291,3044293,Bedford-Stuyvesant (East),,
PC8728155,2026-08-31T10:50:16.000,Treatments,1378,LEXINGTON AVENUE,10128,Manhattan,Bait applied,,,1015190059,1,1519,59,40.782583627131,-73.953339311533,"{'latitude': '40.782583627131', 'longitude': '-73.953339311533', 'human_address': '{""address"": """", ""city"": """", ""state"": """", ""zip"": """"}'}",8,4,14802,1048276,Upper East Side-Carnegie Hill,,
PC8678767,2026-08-31T10:50:45.000,Compliance,360A,MADISON STREET,11221,Brooklyn,Failed for Other Reason,Summons Issued,Harborage,3018250009,3,1825,9,40.685505164882,-73.943610891413,"{'latitude': '40.685505164882', 'longitude': '-73.943610891413', 'human_address': '{""address"": """", ""city"": """", ""state"": """", ""zip"": """"}'}",3,36,267,3051715,Bedford-Stuyvesant (West),,
PC8766784,2026-08-31T10:52:14.000,Initial,1755,MONTGOMERY AVENUE,10453,Bronx,Failed for Other Reason,COTA,Harborage,2028770461,2,2877,461,40.850948994468,-73.917809509106,"{'latitude': '40.850948994468', 'longitude': '-73.917809509106', 'human_address': '{""address"": """", ""city"": """", ""state"": """", ""zip"": """"}'}",5,14,20502,2008944,University Heights (South)-Morris Heights,,
PC8738070,2026-08-31T10:53:00.000,Treatments,1407,PACIFIC STREET,11216,Brooklyn,Bait applied,,,3012020060,3,1202,60,40.677414416578,-73.945366297111,"{'latitude': '40.677414416578', 'longitude': '-73.945366297111', 'human_address': '{""address"": """", ""city"": """", ""state"": """", ""zip"": """"}'}",8,36,313,3029847,Crown Heights (North),999404,186084
PC8739080,2026-08-31T10:53:00.000,Compliance,966,GATES AVENUE,11221,Brooklyn,Failed for Rat Activity,Summons Issued,Droppings,3016380033,3,1638,33,40.689115023052,-73.925253953642,"{'latitude': '40.689115023052', 'longitude': '-73.925253953642', 'human_address': '{""address"": """", ""city"": """", ""state"": """", ""zip"": """"}'}",3,41,385,3044715,Bedford-Stuyvesant (East),1004979,190351
PC8766699,2026-08-31T10:54:14.000,Initial,1774,POPHAM AVENUE,10453,Bronx,Failed for Rat Activity,COTA,Burrows,2028770451,2,2877,451,40.851396890254,-73.918517434908,"{'latitude': '40.851396890254', 'longitude': '-73.918517434908', 'human_address': '{""address"": """", ""city"": """", ""state"": """", ""zip"": """"}'}",5,14,20502,2008940,University Heights (South)-Morris Heights,,
PC8688586,2026-08-31T10:57:00.000,Treatments,278,WEST 19 STREET,10011,Manhattan,Bait applied,,,1007680079,1,768,79,40.742527879304,-73.999577773919,"{'latitude': '40.742527879304', 'longitude': '-73.999577773919', 'human_address': '{""address"": """", ""city"": """", ""state"": """", ""zip"": """"}'}",4,3,87,1013889,Chelsea-Hudson Yards,,
PC8739697,2026-08-31T10:57:35.000,Treatments,12,SICKLES STREET,10040,Manhattan,Bait applied,,,1021740093,1,2174,93,40.86106168928,-73.927608692225,"{'latitude': '40.86106168928', 'longitude': '-73.927608692225', 'human_address': '{""address"": """", ""city"": """", ""state"": """", ""zip"": """"}'}",12,10,285,1064185,Washington Heights (North),1004274,252996
PC8762736,2026-08-31T10:59:19.000,Compliance,57,MONROE STREET,11238,Brooklyn,Failed for Rat Activity,Summons Issued,Runways,3019850049,3,1985,49,40.684731453047,-73.956999254653,"{'latitude': '40.684731453047', 'longitude': '-73.956999254653', 'human_address': '{""address"": """", ""city"": """", ""state"": """", ""zip"": """"}'}",3,36,229,3056981,Bedford-Stuyvesant (West),,
PC8768245,2026-08-31T11:00:00.000,Initial,205,SUMPTER STREET,11233,Brooklyn,Failed for Rat Activity,COTA,Runways,3015190048,3,1519,48,40.680277025738,-73.917512309928,"{'latitude': '40.680277025738', 'longitude': '-73.917512309928', 'human_address': '{""address"": """", ""city"": """", ""state"": """", ""zip"": """"}'}",3,41,379,3041292,Bedford-Stuyvesant (East),1007129,187133
PC8735379,2026-08-31T11:00:30.000,Treatments,707,EAST 187 STREET,10458,Bronx,Bait applied,,,2031050061,2,3105,61,40.85407923726,-73.884205613368,"{'latitude': '40.85407923726', 'longitude': '-73.884205613368', 'human_address': '{""address"": """", ""city"": """", ""state"": """", ""zip"": """"}'}",6,15,389,2012929,Belmont,,
PC8720165,2026-08-31T11:00:32.000,Treatments,188A,STUYVESANT AVENUE,11221,Brooklyn,Bait applied,,,3016300042,3,1630,42,40.688771355901,-73.933223269986,"{'latitude': '40.688771355901', 'longitude': '-73.933223269986', 'human_address': '{""address"": """", ""city"": """", ""state"": """", ""zip"": """"}'}",3,36,293,3394187,Bedford-Stuyvesant (East),,
PC8659426,2026-08-31T11:00:52.000,Treatments,1121,SOUTHERN BOULEVARD,10459,Bronx,Bait applied,,,2027280047,2,2728,47,40.827051076163,-73.89191679795,"{'latitude': '40.827051076163', 'longitude': '-73.89191679795', 'human_address': '{""address"": """", ""city"": """", ""state"": """", ""zip"": """"}'}",3,17,125,2005817,Crotona Park East,,
PC8686491,2026-08-31T11:01:45.000,Compliance,84,MAC DONOUGH STREET,11216,Brooklyn,Failed for Other Reason,Summons Issued,Harborage,3018550012,3,1855,12,40.68111309374,-73.942742104468,"{'latitude': '40.68111309374', 'longitude': '-73.942742104468', 'human_address': '{""address"": """", ""city"": """", ""state"": """", ""zip"": """"}'}",3,36,269,3053490,Bedford-Stuyvesant (West),,
PC8749510,2026-08-31T11:01:52.000,Compliance,436,EASTERN PARKWAY,11225,Brooklyn,Failed for Rat Activity,Summons Issued,"Droppings, Burrows",3012670021,3,1267,21,40.670040283927,-73.954092452624,"{'latitude': '40.670040283927', 'longitude': '-73.954092452624', 'human_address': '{""address"": """", ""city"": """", ""state"": """", ""zip"": """"}'}",9,35,323,3032890,Crown Heights (South),996985,183396
PC8752331,2026-08-31T11:02:00.000,Stoppage,333,MENAHAN STREET,11237,Brooklyn,Stoppage done,,,3033100048,3,3310,48,40.700561612769,-73.914720936199,"{'latitude': '40.700561612769', 'longitude': '-73.914720936199', 'human_address': '{""address"": """", ""city"": """", ""state"": """", ""zip"": """"}'}",4,37,441,3075761,Bushwick (West),,
PC8766667,2026-08-31T11:03:14.000,Initial,1764,POPHAM AVENUE,10453,Bronx,Failed for Other Reason,COTA,Harborage,2028770444,2,2877,444,40.851248828321,-73.918734498559,"{'latitude': '40.851248828321', 'longitude': '-73.918734498559', 'human_address': '{""address"": """", ""city"": """", ""state"": """", ""zip"": """"}'}",5,14,20502,2008935,University Heights (South)-Morris Heights,,
PC8729083,2026-08-31T11:03:22.000,Treatments,321,EAST 166 STREET,10456,Bronx,Bait applied,,,2024340045,2,2434,45,40.82994612346,-73.913871509654,"{'latitude': '40.82994612346', 'longitude': '-73.913871509654', 'human_address': '{""address"": """", ""city"": """", ""state"": """", ""zip"": """"}'}",4,16,175,2002268,Concourse-Concourse Village,,
PC8696066,2026-08-31T11:04:00.000,Treatments,754,HART STREET,11237,Brooklyn,Bait applied,,,3032350010,3,3235,10,40.700516060199,-73.924108684376,"{'latitude': '40.700516060199', 'longitude': '-73.924108684376', 'human_address': '{""address"": """", ""city"": """", ""state"": """", ""zip"": """"}'}",4,37,429,3073558,Bushwick (West),,
PC8407491,2026-08-31T11:04:00.000,Compliance,832,OCEAN AVENUE,11226,Brooklyn,Failed for Rat Activity,Summons Issued,Burrows,3051620026,3,5162,26,40.64233653643,-73.959552615822,"{'latitude': '40.64233653643', 'longitude': '-73.959552615822', 'human_address': '{""address"": """", ""city"": """", ""state"": """", ""zip"": """"}'}",14,40,514,3118801,Flatbush,995475,173302
PC8741306,2026-08-31T11:05:50.000,Compliance,283,EAST BURNSIDE AVENUE,10457,Bronx,Failed for Other Reason,Summons Issued,"Garbage, Animal Nuisance",2031560081,2,3156,81,40.851076404359,-73.901792687035,"{'latitude': '40.851076404359', 'longitude': '-73.901792687035', 'human_address': '{""address"": """", ""city"": """", ""state"": """", ""zip"": """"}'}",5,15,381,2013673,Mount Hope,,
PC8760965,2026-08-31T11:07:00.000,Compliance,1760,MADISON AVENUE,10029,Manhattan,Failed for Rat Activity and Other Reason,Summons Issued,"Burrows, Garbage, Harborage",1016210014,1,1621,14,40.799693489508,-73.945066898849,"{'latitude': '40.799693489508', 'longitude': '-73.945066898849', 'human_address': '{""address"": """", ""city"": """", ""state"": """", ""zip"": """"}'}",11,8,184,1074185,East Harlem (North),,
PC8765947,2026-08-31T11:08:31.000,Initial,3512,BROADWAY,10031,Manhattan,Failed for Rat Activity,COTA,"Droppings, Burrows, Runways",1020750061,1,2075,61,40.825510545646,-73.951104987931,"{'latitude': '40.825510545646', 'longitude': '-73.951104987931', 'human_address': '{""address"": """", ""city"": """", ""state"": """", ""zip"": """"}'}",9,7,229,1061895,Hamilton Heights-Sugar Hill,,
PC8766891,2026-08-31T11:11:14.000,Initial,1750,POPHAM AVENUE,10453,Bronx,Failed for Other Reason,COTA,Harborage,2028770440,2,2877,440,40.851040445576,-73.919042002061,"{'latitude': '40.851040445576', 'longitude': '-73.919042002061', 'human_address': '{""address"": """", ""city"": """", ""state"": """", ""zip"": """"}'}",5,14,20502,2008932,University Heights (South)-Morris Heights,,
PC8597581,2026-08-31T11:11:54.000,Compliance,161,WEST 75 STREET,10023,Manhattan,Failed for Rat Activity,Summons Issued,Burrows,1011477501,1,1147,7501,40.780376310095,-73.979761302771,"{'latitude': '40.780376310095', 'longitude': '-73.979761302771', 'human_address': '{""address"": """", ""city"": """", ""state"": """", ""zip"": """"}'}",7,6,161,1030112,Upper West Side (Central),,
PC8688120,2026-08-31T11:12:00.000,Treatments,222,WEST 20 STREET,10011,Manhattan,Bait applied,,,1007690051,1,769,51,40.742623929163,-73.997989912242,"{'latitude': '40.742623929163', 'longitude': '-73.997989912242', 'human_address': '{""address"": """", ""city"": """", ""state"": """", ""zip"": """"}'}",4,3,87,1013991,Chelsea-Hudson Yards,,
PC8711001,2026-08-31T11:12:32.000,Treatments,204,LEWIS AVENUE,11221,Brooklyn,Bait applied,,,3016190049,3,1619,49,40.689626780754,-73.93638838735,"{'latitude': '40.689626780754', 'longitude': '-73.93638838735', 'human_address': '{""address"": """", ""city"": """", ""state"": """", ""zip"": """"}'}",3,36,279,3043985,Bedford-Stuyvesant (East),,
PC8750638,2026-08-31T11:12:45.000,Compliance,40,MAC DONOUGH STREET,11216,Brooklyn,Failed for Rat Activity and Other Reason,Summons Issued,"Droppings, Harborage",3018540019,3,1854,19,40.680878042613,-73.944779370277,"{'latitude': '40.680878042613', 'longitude': '-73.944779370277', 'human_address': '{""address"": """", ""city"": """", ""state"": """", ""zip"": """"}'}",3,36,269,3053458,Bedford-Stuyvesant (West),,
PC8731433,2026-08-31T11:14:00.000,Treatments,1316,PACIFIC STREET,11216,Brooklyn,Bait applied,,,3012070034,3,1207,34,40.677508696749,-73.947413995155,"{'latitude': '40.677508696749', 'longitude': '-73.947413995155', 'human_address': '{""address"": """", ""city"": """", ""state"": """", ""zip"": """"}'}",8,36,315,3030053,Crown Heights (North),,
PC8766858,2026-08-31T11:14:14.000,Initial,1730,POPHAM AVENUE,10453,Bronx,Failed for Rat Activity,COTA,Burrows,2028770431,2,2877,431,40.85051394137,-73.919733044029,"{'latitude': '40.85051394137', 'longitude': '-73.919733044029', 'human_address': '{""address"": """", ""city"": """", ""state"": """", ""zip"": """"}'}",5,14,20502,2008928,University Heights (South)-Morris Heights,,
PC8623035,2026-08-31T11:14:22.000,Treatments,1815,RIVERSIDE DRIVE,10034,Manhattan,Bait applied,,,1022460115,1,2246,115,40.865770028739,-73.929422135912,"{'latitude': '40.865770028739', 'longitude': '-73.929422135912', 'human_address': '{""address"": """", ""city"": """", ""state"": """", ""zip"": """"}'}",12,10,287,1087603,Washington Heights (North),,
PC8768247,2026-08-31T11:15:00.000,Initial,885,GATES AVENUE,11221,Brooklyn,Failed for Rat Activity,City Agency Referral,Droppings,3016310031,3,1631,31,40.688470879788,-73.931034830765,"{'latitude': '40.688470879788', 'longitude': '-73.931034830765', 'human_address': '{""address"": """", ""city"": """", ""state"": """", ""zip"": """"}'}",3,36,293,3426339,Bedford-Stuyvesant (East),1003376,190115
PC8768319,2026-08-31T11:15:00.000,Initial,22-14,27 STREET,11105,Queens,Failed for Rat Activity and Other Reason,COTA,"Droppings, Runways, Garbage",4008560038,4,856,38,40.777422372364,-73.913542533547,"{'latitude': '40.777422372364', 'longitude': '-73.913542533547', 'human_address': '{""address"": """", ""city"": """", ""state"": """", ""zip"": """"}'}",1,22,101,4018251,Astoria (North)-Ditmars-Steinway,1008195,222527
PC8767091,2026-08-31T11:15:00.000,Initial,62-59,FOREST AVENUE,11385,Queens,Failed for Other Reason,COTA,Garbage,4034920021,4,3492,21,40.711961766629,-73.905634411496,"{'latitude': '40.711961766629', 'longitude': '-73.905634411496', 'human_address': '{""address"": """", ""city"": """", ""state"": """", ""zip"": """"}'}",5,30,59501,4083522,Ridgewood,1010411,198680
PC8759227,2026-08-31T11:15:19.000,Compliance,1211,BEDFORD AVENUE,11216,Brooklyn,Failed for Rat Activity,Summons Issued,Burrows,3018370006,3,1837,6,40.681872818528,-73.953604747314,"{'latitude': '40.681872818528', 'longitude': '-73.953604747314', 'human_address': '{""address"": """", ""city"": """", ""state"": """", ""zip"": """"}'}",3,36,245,3000000,Bedford-Stuyvesant (West),,
PC8741367,2026-08-31T11:15:20.000,Compliance,2031,RYER AVENUE,10457,Bronx,Failed for Other Reason,Summons Issued,"Garbage, Harborage, Animal Nuisance",2031560077,2,3156,77,40.851235227259,-73.901358688491,"{'latitude': '40.851235227259', 'longitude': '-73.901358688491', 'human_address': '{""address"": """", ""city"": """", ""state"": """", ""zip"": """"}'}",5,15,381,2013671,Mount Hope,,
PC8735672,2026-08-31T11:15:28.000,Treatments,2417,CAMBRELENG AVENUE,10458,Bronx,Bait applied,,,2030750022,2,3075,22,40.854961133721,-73.88503911329,"{'latitude': '40.854961133721', 'longitude': '-73.88503911329', 'human_address': '{""address"": """", ""city"": """", ""state"": """", ""zip"": """"}'}",6,15,389,2012189,Belmont,,
PC8523025,2026-08-31T11:15:52.000,Treatments,820,EAST  168 STREET,10459,Bronx,Bait applied,,,2026810022,2,2681,22,40.828640795715,-73.898497931565,"{'latitude': '40.828640795715', 'longitude': '-73.898497931565', 'human_address': '{""address"": """", ""city"": """", ""state"": """", ""zip"": """"}'}",3,17,135,2005049,Morrisania,1012340,241192
PC8760910,2026-08-31T11:16:22.000,Initial,176,JACKSON STREET,11211,Brooklyn,Failed for Rat Activity,COTA,Burrows,3027500014,3,2750,14,40.716707887099,-73.943927090871,"{'latitude': '40.716707887099', 'longitude': '-73.943927090871', 'human_address': '{""address"": """", ""city"": """", ""state"": """", ""zip"": """"}'}",1,34,497,3426549,East Williamsburg,999794,200400
PC8768032,2026-08-31T11:16:52.000,Initial,500,EASTERN PARKWAY,11225,Brooklyn,Failed for Rat Activity,COTA,Droppings,3012680021,3,1268,21,40.669932414225,-73.952081033448,"{'latitude': '40.669932414225', 'longitude': '-73.952081033448', 'human_address': '{""address"": """", ""city"": """", ""state"": """", ""zip"": """"}'}",9,35,321,3032899,Crown Heights (South),997543,183357
PC8730911,2026-08-31T11:17:00.000,Treatments,1118,FINDLAY AVENUE,10456,Bronx,Bait applied,,,2024340055,2,2434,55,40.83046199861,-73.913690161326,"{'latitude': '40.83046199861', 'longitude': '-73.913690161326', 'human_address': '{""address"": """", ""city"": """", ""state"": """", ""zip"": """"}'}",4,16,175,2002271,Concourse-Concourse Village,,
PC8694107,2026-08-31T11:18:04.000,Treatments,683,HART STREET,11221,Brooklyn,Bait applied,,,3032180056,3,3218,56,40.699037595679,-73.925585394749,"{'latitude': '40.699037595679', 'longitude': '-73.925585394749', 'human_address': '{""address"": """", ""city"": """", ""state"": """", ""zip"": """"}'}",4,34,423,3073150,Bushwick (West),,
PC8768241,2026-08-31T11:18:53.000,Initial,2766,BARNES AVENUE,10467,Bronx,Failed for Other Reason,COTA,Mice,2045130027,2,4513,27,40.86638857001,-73.863478006829,"{'latitude': '40.86638857001', 'longitude': '-73.863478006829', 'human_address': '{""address"": """", ""city"": """", ""state"": """", ""zip"": """"}'}",11,13,340,2053759,Allerton,1022010,254958
PC8632093,2026-08-31T11:19:00.000,Compliance,822,OCEAN AVENUE,11226,Brooklyn,Failed for Rat Activity,Summons Issued,"Droppings, Burrows",3051620022,3,5162,22,40.642523194259,-73.959588535647,"{'latitude': '40.642523194259', 'longitude': '-73.959588535647', 'human_address': '{""address"": """", ""city"": """", ""state"": """", ""zip"": """"}'}",14,40,514,3118800,Flatbush,,
PC8768161,2026-08-31T11:19:48.000,Initial,408,EAST   78 STREET,10075,Manhattan,Failed for Other Reason,COTA,"Garbage, Mice",1014720044,1,1472,44,40.771447906723,-73.952726164839,"{'latitude': '40.771447906723', 'longitude': '-73.952726164839', 'human_address': '{""address"": """", ""city"": """", ""state"": """", ""zip"": """"}'}",8,5,13203,1046004,Upper East Side-Lenox Hill-Roosevelt Island,997344,220342
PC8763338,2026-08-31T11:20:28.000,Compliance,103,WEST 82 STREET,10024,Manhattan,Failed for Rat Activity,Summons Issued,"Droppings, Burrows",1012130128,1,1213,128,40.784097151573,-73.974520560306,"{'latitude': '40.784097151573', 'longitude': '-73.974520560306', 'human_address': '{""address"": """", ""city"": """", ""state"": """", ""zip"": """"}'}",7,6,169,1000000,Upper West Side (Central),,
PC8766694,2026-08-31T11:21:14.000,Initial,1720,POPHAM AVENUE,10453,Bronx,Failed for Other Reason,COTA,Harborage,2028770429,2,2877,429,40.850316429129,-73.919888712897,"{'latitude': '40.850316429129', 'longitude': '-73.919888712897', 'human_address': '{""address"": """", ""city"": """", ""state"": """", ""zip"": """"}'}",5,14,20502,2008927,University Heights (South)-Morris Heights,,
PC8766906,2026-08-31T11:24:00.000,Initial,1704,POPHAM AVENUE,10453,Bronx,Failed for Other Reason,COTA,Harborage,2028770419,2,2877,419,40.850000963568,-73.920145732662,"{'latitude': '40.850000963568', 'longitude': '-73.920145732662', 'human_address': '{""address"": """", ""city"": """", ""state"": """", ""zip"": """"}'}",5,14,20502,2008923,University Heights (South)-Morris Heights,,
PC8751265,2026-08-31T11:24:22.000,Compliance,139,CONSELYEA STREET,11211,Brooklyn,Failed for Rat Activity,Summons Issued,"Droppings, Burrows",3027540038,3,2754,38,40.715135874458,-73.945461513245,"{'latitude': '40.715135874458', 'longitude': '-73.945461513245', 'human_address': '{""address"": """", ""city"": """", ""state"": """", ""zip"": """"}'}",1,34,497,3068613,East Williamsburg,999369,199827
PC8769068,2026-08-31T11:25:00.000,Stoppage,20,VAN BUREN STREET,11221,Brooklyn,Stoppage done,,,3017950014,3,1795,14,40.689924595442,-73.944313898396,"{'latitude': '40.689924595442', 'longitude': '-73.944313898396', 'human_address': '{""address"": """", ""city"": """", ""state"": """", ""zip"": """"}'}",3,36,263,3050213,Bedford-Stuyvesant (West),,
PC8732398,2026-08-31T11:25:32.000,Compliance,306,EAST  171 STREET,10457,Bronx,Failed for Other Reason,Summons Issued,Mice,2027840010,2,2784,10,40.838630018646,-73.909696890296,"{'latitude': '40.838630018646', 'longitude': '-73.909696890296', 'human_address': '{""address"": """", ""city"": """", ""state"": """", ""zip"": """"}'}",4,16,225,2007237,Mount Eden-Claremont (West),1009298,244801
PC8573292,2026-08-31T11:25:32.000,Treatments,714,QUINCY STREET,11221,Brooklyn,Bait applied,,,3016310019,3,1631,19,40.689140924179,-73.931567803905,"{'latitude': '40.689140924179', 'longitude': '-73.931567803905', 'human_address': '{""address"": """", ""city"": """", ""state"": """", ""zip"": """"}'}",3,36,293,3044508,Bedford-Stuyvesant (East),,
PC8761284,2026-08-31T11:25:57.000,Compliance,63,EAST 115 STREET,10029,Manhattan,Failed for Rat Activity and Other Reason,Summons Issued,"Droppings, Burrows, Garbage",1016210028,1,1621,28,40.798814759283,-73.944215234007,"{'latitude': '40.798814759283', 'longitude': '-73.944215234007', 'human_address': '{""address"": """", ""city"": """", ""state"": """", ""zip"": """"}'}",11,8,184,1051641,East Harlem (North),,
PC8731583,2026-08-31T11:26:00.000,Compliance,1217,SHAKESPEARE AVENUE,10452,Bronx,Failed for Other Reason,Summons Issued,Harborage,2025100038,2,2510,38,40.837522792429,-73.923294057462,"{'latitude': '40.837522792429', 'longitude': '-73.923294057462', 'human_address': '{""address"": """", ""city"": """", ""state"": """", ""zip"": """"}'}",4,16,199,2000000,Highbridge,,
PC8768460,2026-08-31T11:26:34.000,Initial,77,EAST  125 STREET,10035,Manhattan,Failed for Rat Activity,COTA,"Droppings, Runways",1017500031,1,1750,31,40.805388955075,-73.939817277473,"{'latitude': '40.805388955075', 'longitude': '-73.939817277473', 'human_address': '{""address"": """", ""city"": """", ""state"": """", ""zip"": """"}'}",11,9,198,1054042,East Harlem (North),1000911,232710
PC8773187,2026-08-31T11:28:00.000,Initial,,,11105,Queens,Failed for Rat Activity and Other Reason,COTA,"Droppings, Burrows, Runways, Rats, Garbage",,4,856,37,,,,,,,,,,
PC8765594,2026-08-31T11:29:52.000,Initial,524,EASTERN PARKWAY,11225,Brooklyn,Failed for Rat Activity and Other Reason,COTA,"Droppings, Burrows, Harborage",3012680034,3,1268,34,40.6698908883,-73.951241139123,"{'latitude': '40.6698908883', 'longitude': '-73.951241139123', 'human_address': '{""address"": """", ""city"": """", ""state"": """", ""zip"": """"}'}",9,35,321,3032906,Crown Heights (South),997776,183342
PC8430204,2026-08-31T11:30:00.000,Treatments,402,WEST 22 STREET,10011,Manhattan,Bait applied,,,1007190045,1,719,45,40.745914898167,-74.002060712792,"{'latitude': '40.745914898167', 'longitude': '-74.002060712792', 'human_address': '{""address"": """", ""city"": """", ""state"": """", ""zip"": """"}'}",4,3,89,1012643,Chelsea-Hudson Yards,,
PC8741561,2026-08-31T11:30:15.000,Compliance,2082,ANTHONY AVENUE,10457,Bronx,Failed for Rat Activity and Other Reason,Summons Issued,"Burrows, Harborage",2031560129,2,3156,129,40.853332427752,-73.901619447192,"{'latitude': '40.853332427752', 'longitude': '-73.901619447192', 'human_address': '{""address"": """", ""city"": """", ""state"": """", ""zip"": """"}'}",5,15,381,2013687,Mount Hope,,
PC8674071,2026-08-31T11:30:46.000,Treatments,901,73 STREET,11228,Brooklyn,Bait applied,,,3059130001,3,5913,1,40.626573962272,-74.014669282421,"{'latitude': '40.626573962272', 'longitude': '-74.014669282421', 'human_address': '{""address"": """", ""city"": """", ""state"": """", ""zip"": """"}'}",10,38,206,3147614,Dyker Heights,980178,167557
PC8623181,2026-08-31T11:31:09.000,Treatments,1793,RIVERSIDE DRIVE,10034,Manhattan,Bait applied,,,1022460130,1,2246,130,40.866503562347,-73.930556629193,"{'latitude': '40.866503562347', 'longitude': '-73.930556629193', 'human_address': '{""address"": """", ""city"": """", ""state"": """", ""zip"": """"}'}",12,10,287,1065055,Washington Heights (North),,
PC8729976,2026-08-31T11:33:00.000,Compliance,1244,WOODYCREST AVENUE,10452,Bronx,Failed for Rat Activity,Summons Issued,Burrows,2025100025,2,2510,25,40.837770301339,-73.924020176452,"{'latitude': '40.837770301339', 'longitude': '-73.924020176452', 'human_address': '{""address"": """", ""city"": """", ""state"": """", ""zip"": """"}'}",4,16,199,2003162,Highbridge,,
PC8765911,2026-08-31T11:34:31.000,Initial,144,HAMILTON PLACE,10031,Manhattan,Failed for Rat Activity,COTA,Burrows,1020750036,1,2075,36,40.824331916808,-73.948507949213,"{'latitude': '40.824331916808', 'longitude': '-73.948507949213', 'human_address': '{""address"": """", ""city"": """", ""state"": """", ""zip"": """"}'}",9,7,229,1061888,Hamilton Heights-Sugar Hill,,
PC8756013,2026-08-31T11:35:00.000,Compliance,680,MONROE STREET,11221,Brooklyn,Failed for Rat Activity and Other Reason,Summons Issued,"Droppings, Runways, Harborage",3016420008,3,1642,8,40.687896187931,-73.92933709425,"{'latitude': '40.687896187931', 'longitude': '-73.92933709425', 'human_address': '{""address"": """", ""city"": """", ""state"": """", ""zip"": """"}'}",3,36,385,3044979,Bedford-Stuyvesant (East),1003847,189906
PC8767652,2026-08-31T11:35:00.000,Initial,652,GRANDVIEW AVENUE,11385,Queens,Failed for Other Reason,COTA,Garbage,4034850031,4,3485,31,40.707912434273,-73.904673519217,"{'latitude': '40.707912434273', 'longitude': '-73.904673519217', 'human_address': '{""address"": """", ""city"": """", ""state"": """", ""zip"": """"}'}",5,30,589,4083404,Ridgewood,1010679,197205
PC8636492,2026-08-31T11:35:43.000,Treatments,336,EAST 167 STREET,10456,Bronx,Bait applied,,,2024340068,2,2434,68,40.831026718627,-73.912767960436,"{'latitude': '40.831026718627', 'longitude': '-73.912767960436', 'human_address': '{""address"": """", ""city"": """", ""state"": """", ""zip"": """"}'}",4,16,175,2002277,Concourse-Concourse Village,,
PC8702801,2026-08-31T11:35:52.000,Treatments,1315,PROSPECT AVENUE,10459,Bronx,Bait applied,,,2026810027,2,2681,27,40.828234196958,-73.89807216845,"{'latitude': '40.828234196958', 'longitude': '-73.89807216845', 'human_address': '{""address"": """", ""city"": """", ""state"": """", ""zip"": """"}'}",3,17,135,2005051,Morrisania,,
PC8651469,2026-08-31T11:35:52.000,Treatments,831,HOME STREET,10459,Bronx,Bait applied,,,2026810032,2,2681,32,40.827803982013,-73.898875008193,"{'latitude': '40.827803982013', 'longitude': '-73.898875008193', 'human_address': '{""address"": """", ""city"": """", ""state"": """", ""zip"": """"}'}",3,17,135,2005054,Morrisania,,
PC8618285,2026-08-31T11:35:56.000,Compliance,2605,Marion Ave.,10458,Bronx,Failed for Rat Activity and Other Reason,Summons Issued,"Droppings, Garbage",2032870016,2,3287,16,40.863833008504,-73.891614556919,"{'latitude': '40.863833008504', 'longitude': '-73.891614556919', 'human_address': '{""address"": """", ""city"": """", ""state"": """", ""zip"": """"}'}",7,15,39901,2016609,University Heights (North)-Fordham,,
PC8730754,2026-08-31T11:36:00.000,Treatments,1308,PACIFIC STREET,11216,Brooklyn,Bait applied,,,3012070030,3,1207,30,40.677522542717,-73.947680771912,"{'latitude': '40.677522542717', 'longitude': '-73.947680771912', 'human_address': '{""address"": """", ""city"": """", ""state"": """", ""zip"": """"}'}",8,36,315,3030049,Crown Heights (North),,
PC8749091,2026-08-31T11:36:00.000,Stoppage,326,THROOP AVENUE,11206,Brooklyn,Stoppage done,,,3017720051,3,1772,51,40.693239633862,-73.942994895205,"{'latitude': '40.693239633862', 'longitude': '-73.942994895205', 'human_address': '{""address"": """", ""city"": """", ""state"": """", ""zip"": """"}'}",3,36,261,3049387,Bedford-Stuyvesant (West),,
PC8769318,2026-08-31T11:36:22.000,Initial,194,POWERS STREET,11211,Brooklyn,Failed for Other Reason,COTA,Harborage,3027830012,3,2783,12,40.712436692547,-73.943248949262,"{'latitude': '40.712436692547', 'longitude': '-73.943248949262', 'human_address': '{""address"": """", ""city"": """", ""state"": """", ""zip"": """"}'}",1,34,495,3069440,East Williamsburg,,
PC8739140,2026-08-31T11:36:48.000,Compliance,60,EAST END AVENUE,10028,Manhattan,Failed for Rat Activity and Other Reason,Summons Issued,"Burrows, Harborage",1015790023,1,1579,23,40.772493697727,-73.946558855303,"{'latitude': '40.772493697727', 'longitude': '-73.946558855303', 'human_address': '{""address"": """", ""city"": """", ""state"": """", ""zip"": """"}'}",8,5,13604,1051164,Upper East Side-Yorkville,,
PC8461435,2026-08-31T11:36:54.000,Compliance,533,BUSHWICK AVENUE,11206,Brooklyn,Failed for Rat Activity,Summons Issued,"Burrows, Rats",3031510209,3,3151,209,40.699779432818,-73.935913430995,"{'latitude': '40.699779432818', 'longitude': '-73.935913430995', 'human_address': '{""address"": """", ""city"": """", ""state"": """", ""zip"": """"}'}",4,34,391,3427342,Bushwick (West),,
PC8613564,2026-08-31T11:37:19.000,Compliance,495,AMSTERDAM AVENUE,10024,Manhattan,Failed for Rat Activity,Summons Issued,Droppings,1012140061,1,1214,61,40.786164291482,-73.976108669702,"{'latitude': '40.786164291482', 'longitude': '-73.976108669702', 'human_address': '{""address"": """", ""city"": """", ""state"": """", ""zip"": """"}'}",7,6,169,1032123,Upper West Side (Central),,
PC8765820,2026-08-31T11:39:00.000,Initial,ALEX,HAMILTON SQUARE,10031,Manhattan,Failed for Rat Activity,City Agency Referral,Burrows,1020750029,1,2075,29,,,,9,7,229,1000000,Hamilton Heights-Sugar Hill,,
PC8709582,2026-08-31T11:39:32.000,Treatments,783,QUINCY STREET,11221,Brooklyn,Bait applied,,,3016280079,3,1628,79,40.689708850672,-73.926735310915,"{'latitude': '40.689708850672', 'longitude': '-73.926735310915', 'human_address': '{""address"": """", ""city"": """", ""state"": """", ""zip"": """"}'}",3,41,387,3044459,Bedford-Stuyvesant (East),,
PC8747209,2026-08-31T11:43:34.000,Compliance,28,EAST 125 STREET,10035,Manhattan,Failed for Rat Activity and Other Reason,Summons Issued,"Droppings, Burrows, Runways, Gnawing, Garbage",1017490056,1,1749,56,40.806004557665,-73.941323016781,"{'latitude': '40.806004557665', 'longitude': '-73.941323016781', 'human_address': '{""address"": """", ""city"": """", ""state"": """", ""zip"": """"}'}",11,9,198,1054010,East Harlem (North),,
PC8748854,2026-08-31T11:44:00.000,Stoppage,45,Vernon Avenue,11206,Brooklyn,Stoppage done,,,3017540065,3,1754,65,40.69448646257,-73.950408090578,"{'latitude': '40.69448646257', 'longitude': '-73.950408090578', 'human_address': '{""address"": """", ""city"": """", ""state"": """", ""zip"": """"}'}",3,36,253,3048614,Bedford-Stuyvesant (West),,
PC8715841,2026-08-31T11:45:00.000,Treatments,920,72 STREET,11228,Brooklyn,Bait applied,,,3059130012,3,5913,12,40.626873264558,-74.01369307305,"{'latitude': '40.626873264558', 'longitude': '-74.01369307305', 'human_address': '{""address"": """", ""city"": """", ""state"": """", ""zip"": """"}'}",10,38,206,3147616,Dyker Heights,980449,167666
PC8726589,2026-08-31T11:45:00.000,Treatments,262,WEST 22 STREET,10011,Manhattan,Bait applied,,,1007710072,1,771,72,40.744309217537,-73.998249699608,"{'latitude': '40.744309217537', 'longitude': '-73.998249699608', 'human_address': '{""address"": """", ""city"": """", ""state"": """", ""zip"": """"}'}",4,3,87,1014096,Chelsea-Hudson Yards,,
PC8735474,2026-08-31T11:45:09.000,Treatments,2420,BELMONT AVENUE,10458,Bronx,Bait applied,,,2030750010,2,3075,10,40.855250133838,-73.885844737375,"{'latitude': '40.855250133838', 'longitude': '-73.885844737375', 'human_address': '{""address"": """", ""city"": """", ""state"": """", ""zip"": """"}'}",6,15,389,2000000,Belmont,,
PC8741250,2026-08-31T11:45:34.000,Compliance,2081,ANTHONY AVENUE,10457,Bronx,Failed for Rat Activity and Other Reason,Summons Issued,"Droppings, Garbage",2031560127,2,3156,127,40.853337932684,-73.901637513056,"{'latitude': '40.853337932684', 'longitude': '-73.901637513056', 'human_address': '{""address"": """", ""city"": """", ""state"": """", ""zip"": """"}'}",5,15,23502,2129714,Mount Hope,,
PC8767772,2026-08-31T11:45:48.000,Initial,433,EAST   83 STREET,10028,Manhattan,Failed for Rat Activity,COTA,"Droppings, Burrows",1015630011,1,1563,11,40.774570259054,-73.949943844256,"{'latitude': '40.774570259054', 'longitude': '-73.949943844256', 'human_address': '{""address"": """", ""city"": """", ""state"": """", ""zip"": """"}'}",8,5,13604,1085243,Upper East Side-Yorkville,998114,221480
PC8711599,2026-08-31T11:46:52.000,Treatments,328,HART STREET,11206,Brooklyn,Bait applied,,,3015940130,3,1594,130,40.694343421879,-73.938439377027,"{'latitude': '40.694343421879', 'longitude': '-73.938439377027', 'human_address': '{""address"": """", ""city"": """", ""state"": """", ""zip"": """"}'}",3,36,281,3387687,Bedford-Stuyvesant (East),,
PC8428122,2026-08-31T11:49:00.000,Treatments,1302,PACIFIC STREET,11216,Brooklyn,Bait applied,,,3012070025,3,1207,25,40.677533613799,-73.947882656634,"{'latitude': '40.677533613799', 'longitude': '-73.947882656634', 'human_address': '{""address"": """", ""city"": """", ""state"": """", ""zip"": """"}'}",8,36,315,3030047,Crown Heights (North),998706,186127
PC8673195,2026-08-31T11:49:00.000,Compliance,948,EASTERN PARKWAY,11213,Brooklyn,Failed for Rat Activity,Summons Issued,"Droppings, Burrows, Runways",3013940037,3,1394,37,40.669115528864,-73.93722270574,"{'latitude': '40.669115528864', 'longitude': '-73.93722270574', 'human_address': '{""address"": """", ""city"": """", ""state"": """", ""zip"": """"}'}",9,35,33702,3037475,Crown Heights (South),,
PC8767782,2026-08-31T11:49:00.000,Initial,21-39,27 STREET,11105,Queens,Failed for Rat Activity,COTA,Burrows,4008570018,4,857,18,40.778735868032,-73.91190876634,"{'latitude': '40.778735868032', 'longitude': '-73.91190876634', 'human_address': '{""address"": """", ""city"": """", ""state"": """", ""zip"": """"}'}",1,22,103,4018294,Astoria (North)-Ditmars-Steinway,1008647,223006
PC8769475,2026-08-31T11:49:50.000,Initial,897,CROTONA PARK NORTH,10460,Bronx,Failed for Other Reason,COTA,Harborage,2029570037,2,2957,37,40.839673416497,-73.888292991259,"{'latitude': '40.839673416497', 'longitude': '-73.888292991259', 'human_address': '{""address"": """", ""city"": """", ""state"": """", ""zip"": """"}'}",6,15,367,2010104,Tremont,,
PC8702341,2026-08-31T11:50:00.000,Compliance,1382,SHAKESPEARE AVENUE,10452,Bronx,Failed for Other Reason,Summons Issued,Animal Nuisance,2028720007,2,2872,7,40.841526202517,-73.921572696418,"{'latitude': '40.841526202517', 'longitude': '-73.921572696418', 'human_address': '{""address"": """", ""city"": """", ""state"": """", ""zip"": """"}'}",4,16,21302,2120514,Mount Eden-Claremont (West),1005950,245880
PC8770819,2026-08-31T11:50:00.000,Initial,707,WOODWARD AVENUE,11385,Queens,Failed for Other Reason,COTA,Harborage,4034790008,4,3479,8,40.70474284463,-73.905424659908,"{'latitude': '40.70474284463', 'longitude': '-73.905424659908', 'human_address': '{""address"": """", ""city"": """", ""state"": """", ""zip"": """"}'}",5,30,589,4083272,Ridgewood,1010472,196050
PC8684434,2026-08-31T11:50:35.000,Treatments,125,SEAMAN AVENUE,10034,Manhattan,Bait applied,,,1022400009,1,2240,9,40.86878792082,-73.923102380513,"{'latitude': '40.86878792082', 'longitude': '-73.923102380513', 'human_address': '{""address"": """", ""city"": """", ""state"": """", ""zip"": """"}'}",12,10,295,1064972,Inwood,1005518,255812
PC8720483,2026-08-31T11:50:53.000,Compliance,2857,BARKER AVENUE,10467,Bronx,Failed for Rat Activity,Summons Issued,"Droppings, Burrows",2045060040,2,4506,40,40.867399819155,-73.869221074332,"{'latitude': '40.867399819155', 'longitude': '-73.869221074332', 'human_address': '{""address"": """", ""city"": """", ""state"": """", ""zip"": """"}'}",11,12,33601,2093463,Allerton,1020421,255324
PC8747127,2026-08-31T11:51:34.000,Compliance,25,EAST 124 STREET,10035,Manhattan,Failed for Rat Activity and Other Reason,Summons Issued,"Burrows, Garbage",1017490014,1,1749,16,40.805230655367,-73.941551269196,"{'latitude': '40.805230655367', 'longitude': '-73.941551269196', 'human_address': '{""address"": """", ""city"": """", ""state"": """", ""zip"": """"}'}",11,9,198,1054004,East Harlem (North),,
PC8730957,2026-08-31T11:51:54.000,Compliance,555,BUSHWICK AVENUE,11206,Brooklyn,Failed for Rat Activity,Summons Issued,Burrows,3031510012,3,3151,12,40.699364822926,-73.935646955601,"{'latitude': '40.699364822926', 'longitude': '-73.935646955601', 'human_address': '{""address"": """", ""city"": """", ""state"": """", ""zip"": """"}'}",4,34,391,3071908,Bushwick (West),,
PC8693657,2026-08-31T11:52:00.000,Treatments,955,WOODYCREST AVENUE,10452,Bronx,Bait applied,,,2025110072,2,2511,72,40.831474247972,-73.928898545825,"{'latitude': '40.831474247972', 'longitude': '-73.928898545825', 'human_address': '{""address"": """", ""city"": """", ""state"": """", ""zip"": """"}'}",4,16,189,2124807,Highbridge,,
PC8499355,2026-08-31T11:53:33.000,Treatments,590,GRAND CONCOURSE,10451,Bronx,Bait applied,,,2024430029,2,2443,29,40.819629365693,-73.926794050712,"{'latitude': '40.819629365693', 'longitude': '-73.926794050712', 'human_address': '{""address"": """", ""city"": """", ""state"": """", ""zip"": """"}'}",4,17,61,2002445,Concourse-Concourse Village,,
PC8768476,2026-08-31T11:53:48.000,Initial,445,EAST   85 STREET,10028,Manhattan,Failed for Rat Activity and Other Reason,COTA,"Droppings, Garbage",1015650022,1,1565,22,40.775675817606,-73.948635982283,"{'latitude': '40.775675817606', 'longitude': '-73.948635982283', 'human_address': '{""address"": """", ""city"": """", ""state"": """", ""zip"": """"}'}",8,5,14401,1050540,Upper East Side-Yorkville,998476,221883
PC8709692,2026-08-31T11:54:32.000,Treatments,819,QUINCY STREET,11221,Brooklyn,Bait applied,,,3016280061,3,1628,61,40.689845315601,-73.925534392724,"{'latitude': '40.689845315601', 'longitude': '-73.925534392724', 'human_address': '{""address"": """", ""city"": """", ""state"": """", ""zip"": """"}'}",3,41,387,3044444,Bedford-Stuyvesant (East),,
PC8773175,2026-08-31T11:56:33.000,Initial,68,CLINTON STREET,10002,Manhattan,Failed for Rat Activity,COTA,Burrows,1003440138,1,344,138,40.719330879019,-73.984927827141,"{'latitude': '40.719330879019', 'longitude': '-73.984927827141', 'human_address': '{""address"": """", ""city"": """", ""state"": """", ""zip"": """"}'}",3,1,2201,1004109,Lower East Side,,
PC8767675,2026-08-31T11:58:00.000,Initial,233,BAINBRIDGE STREET,11233,Brooklyn,Failed for Rat Activity,COTA,"Runways, Gnawing",3016820072,3,1682,72,40.68136255382,-73.927624245297,"{'latitude': '40.68136255382', 'longitude': '-73.927624245297', 'human_address': '{""address"": """", ""city"": """", ""state"": """", ""zip"": """"}'}",3,36,381,3047610,Bedford-Stuyvesant (East),1004324,187526
PC8652168,2026-08-31T11:58:57.000,Compliance,203,EAST 116 STREET,10029,Manhattan,Failed for Rat Activity,Summons Issued,Burrows,1016660104,1,1666,104,40.797697965037,-73.939426962392,"{'latitude': '40.797697965037', 'longitude': '-73.939426962392', 'human_address': '{""address"": """", ""city"": """", ""state"": """", ""zip"": """"}'}",11,8,188,1052600,East Harlem (North),,
PC8719866,2026-08-31T12:00:00.000,Compliance,979,GREENE AVENUE,11221,Brooklyn,Failed for Rat Activity,Summons Issued,"Droppings, Burrows, Runways",3016170047,3,1617,47,40.691027348991,-73.928327696638,"{'latitude': '40.691027348991', 'longitude': '-73.928327696638', 'human_address': '{""address"": """", ""city"": """", ""state"": """", ""zip"": """"}'}",3,36,387,3043894,Bedford-Stuyvesant (East),1004126,191047
PC8731931,2026-08-31T12:00:00.000,Compliance,240,WEST 167 STREET,10452,Bronx,Failed for Other Reason,Summons Issued,Harborage,2025270050,2,2527,50,40.839700058386,-73.928622279821,"{'latitude': '40.839700058386', 'longitude': '-73.928622279821', 'human_address': '{""address"": """", ""city"": """", ""state"": """", ""zip"": """"}'}",4,16,193,2127158,Highbridge,,
PC8741739,2026-08-31T12:00:10.000,Compliance,2077,ANTHONY AVENUE,10457,Bronx,Failed for Other Reason,Summons Issued,Harborage,2031560018,2,3156,18,40.852888025521,-73.901905674905,"{'latitude': '40.852888025521', 'longitude': '-73.901905674905', 'human_address': '{""address"": """", ""city"": """", ""state"": """", ""zip"": """"}'}",5,15,23502,2013632,Mount Hope,,
PC8735791,2026-08-31T12:00:13.000,Treatments,2447,BEAUMONT AVENUE,10458,Bronx,Bait applied,,,2030900060,2,3090,60,40.855536199414,-73.883718666622,"{'latitude': '40.855536199414', 'longitude': '-73.883718666622', 'human_address': '{""address"": """", ""city"": """", ""state"": """", ""zip"": """"}'}",6,15,389,2012557,Belmont,,
PC8686680,2026-08-31T12:00:46.000,Treatments,894,70 STREET,11228,Brooklyn,Bait applied,,,3058960045,3,5896,45,40.62849821462,-74.013369175499,"{'latitude': '40.62849821462', 'longitude': '-74.013369175499', 'human_address': '{""address"": """", ""city"": """", ""state"": """", ""zip"": """"}'}",10,38,132,3146781,Dyker Heights,980539,168258
PC8773768,2026-08-31T12:00:48.000,Initial,435,East 85 street,10028,Manhattan,Failed for Rat Activity,COTA,Droppings,1015650017,1,1565,17,40.775733518755,-73.94877313953,"{'latitude': '40.775733518755', 'longitude': '-73.94877313953', 'human_address': '{""address"": """", ""city"": """", ""state"": """", ""zip"": """"}'}",8,5,14401,1050539,Upper East Side-Yorkville,,
PC8701651,2026-08-31T12:00:57.000,Treatments,136,SEAMAN AVENUE,10034,Manhattan,Bait applied,,,1022480092,1,2248,92,40.8688865832,-73.922881711015,"{'latitude': '40.8688865832', 'longitude': '-73.922881711015', 'human_address': '{""address"": """", ""city"": """", ""state"": """", ""zip"": """"}'}",12,10,295,1080547,Inwood,1005579,255848
PC8747148,2026-08-31T12:01:43.000,Compliance,1,EAST 124 STREET,10035,Manhattan,Failed for Rat Activity and Other Reason,Summons Issued,"Burrows, Harborage",1017490104,1,1749,104,40.805546672027,-73.942284267348,"{'latitude': '40.805546672027', 'longitude': '-73.942284267348', 'human_address': '{""address"": """", ""city"": """", ""state"": """", ""zip"": """"}'}",11,9,198,1054021,East Harlem (North),,
PC8723080,2026-08-31T12:05:00.000,Compliance,50-12,64 STREET,11377,Queens,Failed for Rat Activity,Summons Issued,Burrows,4023390033,4,2339,33,40.736721902514,-73.90186445736,"{'latitude': '40.736721902514', 'longitude': '-73.90186445736', 'human_address': '{""address"": """", ""city"": """", ""state"": """", ""zip"": """"}'}",2,26,243,4054081,Woodside,,
PC8543665,2026-08-31T12:05:32.000,Treatments,823,QUINCY STREET,11221,Brooklyn,Bait applied,,,3016280058,3,1628,58,40.689861697493,-73.925400955694,"{'latitude': '40.689861697493', 'longitude': '-73.925400955694', 'human_address': '{""address"": """", ""city"": """", ""state"": """", ""zip"": """"}'}",3,41,387,3044441,Bedford-Stuyvesant (East),1004938,190623
PC8742895,2026-08-31T12:06:00.000,Stoppage,1,SOUTH OXFORD STREET,11217,Brooklyn,Stoppage done,,,3021010034,3,2101,34,40.689303880946,-73.974030464635,"{'latitude': '40.689303880946', 'longitude': '-73.974030464635', 'human_address': '{""address"": """", ""city"": """", ""state"": """", ""zip"": """"}'}",2,35,181,3058958,Fort Greene,,
PC8637749,2026-08-31T12:06:54.000,Compliance,591,BUSHWICK AVENUE,11206,Brooklyn,Failed for Rat Activity,Summons Issued,"Burrows, Runways, Rats",3031517502,3,3151,7502,40.698755039787,-73.934861352935,"{'latitude': '40.698755039787', 'longitude': '-73.934861352935', 'human_address': '{""address"": """", ""city"": """", ""state"": """", ""zip"": """"}'}",4,34,391,3400523,Bushwick (West),,
PC8754512,2026-08-31T12:07:16.000,Compliance,188,WEST   88 STREET,10024,Manhattan,Failed for Rat Activity and Other Reason,Summons Issued,"Burrows, Runways, Harborage",1012180001,1,1218,1,40.788710834395,-73.973439014223,"{'latitude': '40.788710834395', 'longitude': '-73.973439014223', 'human_address': '{""address"": """", ""city"": """", ""state"": """", ""zip"": """"}'}",7,6,173,1086838,Upper West Side (Central),991605,226629
PC8663048,2026-08-31T12:10:00.000,Compliance,1132,BROADWAY,11221,Brooklyn,Failed for Rat Activity and Other Reason,Summons Issued,"Burrows, Runways, Garbage",3016040029,3,1604,29,40.693553086083,-73.929204861963,"{'latitude': '40.693553086083', 'longitude': '-73.929204861963', 'human_address': '{""address"": """", ""city"": """", ""state"": """", ""zip"": """"}'}",3,36,289,3043310,Bedford-Stuyvesant (East),,
PC8741613,2026-08-31T12:10:53.000,Compliance,2080,GRAND CONCOURSE,10457,Bronx,Failed for Rat Activity,Summons Issued,Burrows,2031560096,2,3156,96,40.853572111923,-73.902667389193,"{'latitude': '40.853572111923', 'longitude': '-73.902667389193', 'human_address': '{""address"": """", ""city"": """", ""state"": """", ""zip"": """"}'}",5,15,23502,2013680,Mount Hope,,
PC8725626,2026-08-31T12:11:10.000,Compliance,NELSON,AVENUE,10452,Bronx,Failed for Rat Activity,Summons Issued,Burrows,,2,2873,185,,,,,,,,,,
PC8683020,2026-08-31T12:13:52.000,Compliance,1572,EASTERN PARKWAY,11233,Brooklyn,Failed for Rat Activity,Summons Issued,"Droppings, Burrows",3014680039,3,1468,39,40.671006964041,-73.91620443034,"{'latitude': '40.671006964041', 'longitude': '-73.91620443034', 'human_address': '{""address"": """", ""city"": """", ""state"": """", ""zip"": """"}'}",16,41,363,3039414,Ocean Hill,1007495,183756
PC8735855,2026-08-31T12:15:47.000,Treatments,2367,HUGHES AVENUE,10458,Bronx,Bait applied,,,2030730052,2,3073,52,40.854732789441,-73.887273508077,"{'latitude': '40.854732789441', 'longitude': '-73.887273508077', 'human_address': '{""address"": """", ""city"": """", ""state"": """", ""zip"": """"}'}",6,15,391,2012146,Belmont,,
PC8723079,2026-08-31T12:17:00.000,Compliance,50-10,64 STREET,11377,Queens,Failed for Rat Activity,Summons Issued,Burrows,4023390032,4,2339,32,40.736741112763,-73.9018608205,"{'latitude': '40.736741112763', 'longitude': '-73.9018608205', 'human_address': '{""address"": """", ""city"": """", ""state"": """", ""zip"": """"}'}",2,26,243,4054080,Woodside,,
PC8758259,2026-08-31T12:17:00.000,Compliance,773,HANCOCK STREET,11233,Brooklyn,Failed for Rat Activity,Summons Issued,Rats,3016580068,3,1658,68,40.685455818026,-73.92461265611,"{'latitude': '40.685455818026', 'longitude': '-73.92461265611', 'human_address': '{""address"": """", ""city"": """", ""state"": """", ""zip"": """"}'}",3,41,383,3045971,Bedford-Stuyvesant (East),1005158,189018
PC8768324,2026-08-31T12:17:48.000,Initial,405,EAST   92 STREET,10128,Manhattan,Failed for Rat Activity and Other Reason,City Agency Referral,"Burrows, Runways, Garbage",1015730020,1,1573,20,40.780618100062,-73.946404265084,"{'latitude': '40.780618100062', 'longitude': '-73.946404265084', 'human_address': '{""address"": """", ""city"": """", ""state"": """", ""zip"": """"}'}",8,8,152,1085246,Upper East Side-Yorkville,999093,223684
PC8674561,2026-08-31T12:19:00.000,Compliance,1255,FINDLAY AVENUE,10456,Bronx,Failed for Rat Activity and Other Reason,Summons Issued,"Burrows, Harborage",2024360120,2,2436,120,40.833916098712,-73.911680033161,"{'latitude': '40.833916098712', 'longitude': '-73.911680033161', 'human_address': '{""address"": """", ""city"": """", ""state"": """", ""zip"": """"}'}",4,16,17701,2002375,Concourse-Concourse Village,,
PC8648507,2026-08-31T12:19:57.000,Compliance,334,EAST  112 STREET,10029,Manhattan,Failed for Rat Activity and Other Reason,Summons Issued,"Burrows, Garbage, Harborage",1016830036,1,1683,36,40.793876649806,-73.93825669408,"{'latitude': '40.793876649806', 'longitude': '-73.93825669408', 'human_address': '{""address"": """", ""city"": """", ""state"": """", ""zip"": """"}'}",11,8,180,1052885,East Harlem (North),1001346,228516
PC8498488,2026-08-31T12:20:56.000,Treatments,780,CONCOURSE VILLAGE W,10451,Bronx,Bait applied,,,2024439080,2,2443,80,40.823914095267,-73.922883447336,"{'latitude': '40.823914095267', 'longitude': '-73.922883447336', 'human_address': '{""address"": """", ""city"": """", ""state"": """", ""zip"": """"}'}",4,16,61,2002455,Concourse-Concourse Village,,
PC8765670,2026-08-31T12:23:00.000,Stoppage,,,11215,Brooklyn,Stoppage done,,,,3,1012,15,,,,,,,,,,
PC8770827,2026-08-31T12:24:43.000,Initial,12,EAST  125 STREET,10035,Manhattan,Failed for Other Reason,COTA,Garbage,1017490066,1,1749,66,40.806185929716,-73.941752712292,"{'latitude': '40.806185929716', 'longitude': '-73.941752712292', 'human_address': '{""address"": """", ""city"": """", ""state"": """", ""zip"": """"}'}",11,9,198,1085293,East Harlem (North),1000375,233000
PC8654893,2026-08-31T12:25:00.000,Compliance,665,ALLERTON AVENUE,10467,Bronx,Failed for Rat Activity and Other Reason,Summons Issued,"Droppings, Burrows, Rats, Garbage, Harborage, Animal Nuisance",2045070001,2,4507,1,40.865403719814,-73.86862484732,"{'latitude': '40.865403719814', 'longitude': '-73.86862484732', 'human_address': '{""address"": """", ""city"": """", ""state"": """", ""zip"": """"}'}",11,12,33601,2053527,Allerton,1020587,254597
PC8764866,2026-08-31T12:25:00.000,Initial,637,WEST 125 STREET,10027,Manhattan,Failed for Rat Activity,COTA,Burrows,1019960014,1,1996,14,40.817169842669,-73.95963381408,"{'latitude': '40.817169842669', 'longitude': '-73.95963381408', 'human_address': '{""address"": """", ""city"": """", ""state"": """", ""zip"": """"}'}",9,7,219,1000000,Manhattanville-West Harlem,,
PC8709749,2026-08-31T12:25:32.000,Treatments,812,LEXINGTON AVENUE,11221,Brooklyn,Bait applied,,,3016280020,3,1628,20,40.690474492164,-73.926500080089,"{'latitude': '40.690474492164', 'longitude': '-73.926500080089', 'human_address': '{""address"": """", ""city"": """", ""state"": """", ""zip"": """"}'}",3,41,387,3413653,Bedford-Stuyvesant (East),,
PC8698736,2026-08-31T12:25:39.000,Compliance,2075,GRAND CONCOURSE,10453,Bronx,Failed for Rat Activity,Summons Issued,"Droppings, Burrows",2031600020,2,3160,20,40.853311555182,-73.902895504735,"{'latitude': '40.853311555182', 'longitude': '-73.902895504735', 'human_address': '{""address"": """", ""city"": """", ""state"": """", ""zip"": """"}'}",5,14,23501,2013742,Mount Hope,,
PC8730322,2026-08-31T12:26:00.000,Compliance,120,WEST 169 STREET,10452,Bronx,Failed for Rat Activity,Summons Issued,Burrows,2025180036,2,2518,36,40.839933270033,-73.924194786295,"{'latitude': '40.839933270033', 'longitude': '-73.924194786295', 'human_address': '{""address"": """", ""city"": """", ""state"": """", ""zip"": """"}'}",4,16,211,2128510,Highbridge,,
PC8768291,2026-08-31T12:29:36.000,Initial,42,WOLVERINE STREET,10306,Staten Island,Failed for Other Reason,COTA,Harborage,5043710038,5,4371,38,40.567134866281,-74.129285402628,"{'latitude': '40.567134866281', 'longitude': '-74.129285402628', 'human_address': '{""address"": """", ""city"": """", ""state"": """", ""zip"": """"}'}",3,50,138,5059904,Oakwood-Richmondtown,948330,145928
PC8723078,2026-08-31T12:30:00.000,Compliance,50-08,64 STREET,11377,Queens,Failed for Rat Activity,Summons Issued,"Droppings, Burrows, Runways",4023390031,4,2339,31,40.736763070861,-73.901860788033,"{'latitude': '40.736763070861', 'longitude': '-73.901860788033', 'human_address': '{""address"": """", ""city"": """", ""state"": """", ""zip"": """"}'}",2,26,243,4054079,Woodside,,
PC8733347,2026-08-31T12:30:46.000,Treatments,2391,WASHINGTON AVENUE,10458,Bronx,Bait applied,,,2030400020,2,3040,20,40.857470460093,-73.891339377953,"{'latitude': '40.857470460093', 'longitude': '-73.891339377953', 'human_address': '{""address"": """", ""city"": """", ""state"": """", ""zip"": """"}'}",6,15,385,2011399,Belmont,,
PC8731907,2026-08-31T12:32:00.000,Compliance,1285,SHAKESPEARE AVENUE,10452,Bronx,Failed for Rat Activity,Summons Issued,Burrows,2025190026,2,2519,26,40.839506727194,-73.922532810177,"{'latitude': '40.839506727194', 'longitude': '-73.922532810177', 'human_address': '{""address"": """", ""city"": """", ""state"": """", ""zip"": """"}'}",4,16,211,2003330,Highbridge,,
PC8741106,2026-08-31T12:32:00.000,Compliance,729,HALSEY STREET,11233,Brooklyn,Failed for Rat Activity,Summons Issued,"Droppings, Burrows, Runways",3016630056,3,1663,56,40.684818393435,-73.923650674679,"{'latitude': '40.684818393435', 'longitude': '-73.923650674679', 'human_address': '{""address"": """", ""city"": """", ""state"": """", ""zip"": """"}'}",3,41,383,3046321,Bedford-Stuyvesant (East),1005425,188786
PC8668825,2026-08-31T12:34:43.000,Compliance,104,EAST 123 STREET,10035,Manhattan,Failed for Rat Activity and Other Reason,Summons Issued,"Droppings, Burrows, Harborage",1017710070,1,1771,70,40.803604790443,-73.939667188853,"{'latitude': '40.803604790443', 'longitude': '-73.939667188853', 'human_address': '{""address"": """", ""city"": """", ""state"": """", ""zip"": """"}'}",11,9,196,1000000,East Harlem (North),,
PC8694330,2026-08-31T12:34:53.000,Treatments,961,GRANT AVENUE,10456,Bronx,Bait applied,,,2024460028,2,2446,28,40.828151439948,-73.91814130649,"{'latitude': '40.828151439948', 'longitude': '-73.91814130649', 'human_address': '{""address"": """", ""city"": """", ""state"": """", ""zip"": """"}'}",4,16,18302,2002487,Concourse-Concourse Village,,
PC8697249,2026-08-31T12:35:52.000,Treatments,462,EAST  160 STREET,10451,Bronx,Bait applied,,,2023810051,2,2381,51,40.822915464012,-73.912056004876,"{'latitude': '40.822915464012', 'longitude': '-73.912056004876', 'human_address': '{""address"": """", ""city"": """", ""state"": """", ""zip"": """"}'}",3,17,141,2001483,Morrisania,1008587,239104
PC8761370,2026-08-31T12:35:52.000,Initial,331,SARATOGA AVENUE,11233,Brooklyn,Failed for Rat Activity and Other Reason,COTA,"Burrows, Harborage",3014470001,3,1447,1,40.674487672955,-73.916657884829,"{'latitude': '40.674487672955', 'longitude': '-73.916657884829', 'human_address': '{""address"": """", ""city"": """", ""state"": """", ""zip"": """"}'}",16,41,303,3413938,Ocean Hill,1007368,185024
PC8732393,2026-08-31T12:36:21.000,Compliance,65,WEST  127 STREET,10027,Manhattan,Failed for Rat Activity and Other Reason,Summons Issued,"Droppings, Burrows, Garbage, Harborage",1017250009,1,1725,9,40.808516953099,-73.943217283606,"{'latitude': '40.808516953099', 'longitude': '-73.943217283606', 'human_address': '{""address"": """", ""city"": """", ""state"": """", ""zip"": """"}'}",10,9,208,1053615,Harlem (North),999969,233849
PC8709295,2026-08-31T12:36:32.000,Treatments,61,PATCHEN AVENUE,11221,Brooklyn,Bait applied,,,3016280009,3,1628,9,40.690178692789,-73.927499249185,"{'latitude': '40.690178692789', 'longitude': '-73.927499249185', 'human_address': '{""address"": """", ""city"": """", ""state"": """", ""zip"": """"}'}",3,41,387,3044418,Bedford-Stuyvesant (East),,
PC8668874,2026-08-31T12:39:43.000,Compliance,120,EAST 123RD STREET,10035,Manhattan,Failed for Rat Activity,Summons Issued,Burrows,1017710059,1,1771,59,40.803393183909,-73.939172525972,"{'latitude': '40.803393183909', 'longitude': '-73.939172525972', 'human_address': '{""address"": """", ""city"": """", ""state"": """", ""zip"": """"}'}",11,9,196,1054420,East Harlem (North),,
PC8731981,2026-08-31T12:40:00.000,Compliance,1287,SHAKESPEARE AVENUE,10452,Bronx,Failed for Other Reason,Summons Issued,Harborage,2025190025,2,2519,25,40.839550638088,-73.922525530738,"{'latitude': '40.839550638088', 'longitude': '-73.922525530738', 'human_address': '{""address"": """", ""city"": """", ""state"": """", ""zip"": """"}'}",4,16,211,2003329,Highbridge,,
PC8743407,2026-08-31T12:40:28.000,Compliance,2084,CRESTON AVENUE,10453,Bronx,Failed for Rat Activity,Summons Issued,Burrows,2031610001,2,3161,1,40.854066955539,-73.903606522544,"{'latitude': '40.854066955539', 'longitude': '-73.903606522544', 'human_address': '{""address"": """", ""city"": """", ""state"": """", ""zip"": """"}'}",5,14,23501,2013745,Mount Hope,,
PC8751015,2026-08-31T12:44:00.000,Compliance,119,RALPH AVENUE,11221,Brooklyn,Failed for Rat Activity and Other Reason,Summons Issued,"Droppings, Harborage",3014870005,3,1487,5,40.68594626659,-73.923306837061,"{'latitude': '40.68594626659', 'longitude': '-73.923306837061', 'human_address': '{""address"": """", ""city"": """", ""state"": """", ""zip"": """"}'}",3,41,375,3039839,Bedford-Stuyvesant (East),1005520,189197
PC8637506,2026-08-31T12:44:54.000,Compliance,699,BUSHWICK AVENUE,11221,Brooklyn,Failed for Rat Activity,Summons Issued,"Droppings, Burrows",3032050003,3,3205,3,40.696779467448,-73.931296674523,"{'latitude': '40.696779467448', 'longitude': '-73.931296674523', 'human_address': '{""address"": """", ""city"": """", ""state"": """", ""zip"": """"}'}",4,34,393,3072857,Bushwick (West),,
PC8732575,2026-08-31T12:45:32.000,Treatments,2412,WEBSTER AVENUE,10458,Bronx,Bait applied,,,2030320004,2,3032,4,40.859174372634,-73.893668339888,"{'latitude': '40.859174372634', 'longitude': '-73.893668339888', 'human_address': '{""address"": """", ""city"": """", ""state"": """", ""zip"": """"}'}",6,15,38304,2011217,Belmont,,
PC8674686,2026-08-31T12:45:34.000,Compliance,1135,CLAY AVENUE,10456,Bronx,Failed for Rat Activity and Other Reason,Summons Issued,"Droppings, Burrows, Harborage",2024290026,2,2429,26,40.830556498519,-73.911630306436,"{'latitude': '40.830556498519', 'longitude': '-73.911630306436', 'human_address': '{""address"": """", ""city"": """", ""state"": """", ""zip"": """"}'}",4,16,175,2098990,Concourse-Concourse Village,,
PC8769128,2026-08-31T12:47:07.000,Initial,73,PARADE PLACE,11226,Brooklyn,Failed for Rat Activity,COTA,Burrows,3050600001,3,5060,1,40.651272565657,-73.964913258165,"{'latitude': '40.651272565657', 'longitude': '-73.964913258165', 'human_address': '{""address"": """", ""city"": """", ""state"": """", ""zip"": """"}'}",14,40,50804,3116110,Flatbush,993986,176557
PC8767358,2026-08-31T12:49:00.000,Initial,38-18,23 AVENUE,11105,Queens,Failed for Rat Activity and Other Reason,COTA,"Droppings, Burrows, Garbage",4008030043,4,803,43,40.771503780298,-73.908835132443,"{'latitude': '40.771503780298', 'longitude': '-73.908835132443', 'human_address': '{""address"": """", ""city"": """", ""state"": """", ""zip"": """"}'}",1,22,117,4015710,Astoria (North)-Ditmars-Steinway,1009501,220372
PC8747549,2026-08-31T12:49:25.000,Compliance,5,WEST 91 STREET,10024,Manhattan,Failed for Other Reason,Summons Issued,Animal Nuisance,1012050022,1,1205,22,40.788577485446,-73.967242118355,"{'latitude': '40.788577485446', 'longitude': '-73.967242118355', 'human_address': '{""address"": """", ""city"": """", ""state"": """", ""zip"": """"}'}",7,6,177,1031624,Upper West Side (Central),993321,226581
PC8723592,2026-08-31T12:50:21.000,Compliance,106,WEST  128 STREET,10027,Manhattan,Failed for Other Reason,Summons Issued,Garbage,1019120037,1,1912,37,40.809920223115,-73.944661057324,"{'latitude': '40.809920223115', 'longitude': '-73.944661057324', 'human_address': '{""address"": """", ""city"": """", ""state"": """", ""zip"": """"}'}",10,9,224,1089823,Harlem (North),999569,234360
PC8613164,2026-08-31T12:50:53.000,Compliance,2515,OLINVILLE AVENUE,10467,Bronx,Failed for Rat Activity,Summons Issued,Burrows,2044280056,2,4428,56,40.863657851148,-73.868433079464,"{'latitude': '40.863657851148', 'longitude': '-73.868433079464', 'human_address': '{""address"": """", ""city"": """", ""state"": """", ""zip"": """"}'}",11,15,33202,2051297,Allerton,1020641,253961
PC8773172,2026-08-31T12:52:00.000,Initial,363,KOSCIUSZKO STREET,11221,Brooklyn,Failed for Rat Activity and Other Reason,COTA,"Burrows, Runways, Harborage",3017820046,3,1782,46,40.691866011501,-73.940562011889,"{'latitude': '40.691866011501', 'longitude': '-73.940562011889', 'human_address': '{""address"": """", ""city"": """", ""state"": """", ""zip"": """"}'}",3,36,281,3049703,Bedford-Stuyvesant (East),,
PC8672834,2026-08-31T12:53:34.000,Compliance,372,EAST  167 STREET,10456,Bronx,Failed for Rat Activity,Summons Issued,"Droppings, Burrows",2024290019,2,2429,19,40.8309600111,-73.911676745067,"{'latitude': '40.8309600111', 'longitude': '-73.911676745067', 'human_address': '{""address"": """", ""city"": """", ""state"": """", ""zip"": """"}'}",4,16,175,2091237,Concourse-Concourse Village,1008692,242033
PC8751297,2026-08-31T12:54:00.000,Compliance,880,JEFFERSON AVENUE,11221,Brooklyn,Failed for Other Reason,Summons Issued,Harborage,3014870020,3,1487,20,40.686458837247,-73.922264190676,"{'latitude': '40.686458837247', 'longitude': '-73.922264190676', 'human_address': '{""address"": """", ""city"": """", ""state"": """", ""zip"": """"}'}",3,41,375,3039852,Bedford-Stuyvesant (East),1005809,189384
PC8768981,2026-08-31T12:55:00.000,Initial,2042,PACIFIC STREET,11233,Brooklyn,Failed for Rat Activity,COTA,"Burrows, Runways",3014390023,3,1439,23,40.675904985429,-73.918054906055,"{'latitude': '40.675904985429', 'longitude': '-73.918054906055', 'human_address': '{""address"": """", ""city"": """", ""state"": """", ""zip"": """"}'}",16,41,303,3038680,Ocean Hill,1006980,185540
PC8758706,2026-08-31T12:57:34.000,Compliance,70,NEW YORK AVENUE,11216,Brooklyn,Failed for Rat Activity,Summons Issued,Droppings,3012010038,3,1201,38,40.677714358918,-73.946988412882,"{'latitude': '40.677714358918', 'longitude': '-73.946988412882', 'human_address': '{""address"": """", ""city"": """", ""state"": """", ""zip"": """"}'}",8,36,315,3029797,Crown Heights (North),998954,186193
PC8731234,2026-08-31T12:58:54.000,Compliance,703,BUSHWICK AVENUE,11221,Brooklyn,Failed for Rat Activity,Summons Issued,"Droppings, Burrows, Runways, Rats",3032050001,3,3205,1,40.696721762367,-73.931188545753,"{'latitude': '40.696721762367', 'longitude': '-73.931188545753', 'human_address': '{""address"": """", ""city"": """", ""state"": """", ""zip"": """"}'}",4,34,393,3072856,Bushwick (West),,
PC8751711,2026-08-31T13:00:00.000,Compliance,860,DEKALB AVENUE,11221,Brooklyn,Failed for Rat Activity and Other Reason,Summons Issued,"Burrows, Runways, Harborage",3017820018,3,1782,18,40.692475906768,-73.941643281475,"{'latitude': '40.692475906768', 'longitude': '-73.941643281475', 'human_address': '{""address"": """", ""city"": """", ""state"": """", ""zip"": """"}'}",3,36,281,3049691,Bedford-Stuyvesant (East),1000433,191572
PC8736751,2026-08-31T13:00:10.000,Compliance,1560,GRAND CONCOURSE,10457,Bronx,Failed for Rat Activity and Other Reason,Summons Issued,"Droppings, Mice",2028210032,2,2821,32,40.842452614058,-73.912174645875,"{'latitude': '40.842452614058', 'longitude': '-73.912174645875', 'human_address': '{""address"": """", ""city"": """", ""state"": """", ""zip"": """"}'}",4,16,225,2007852,Mount Eden-Claremont (West),1008550,246220
PC8729818,2026-08-31T13:00:29.000,Treatments,247,HART STREET,11206,Brooklyn,Bait applied,,,3017690057,3,1769,57,40.694034753284,-73.941281298233,"{'latitude': '40.694034753284', 'longitude': '-73.941281298233', 'human_address': '{""address"": """", ""city"": """", ""state"": """", ""zip"": """"}'}",3,36,283,3049228,Bedford-Stuyvesant (East),,
PC8675170,2026-08-31T13:03:34.000,Compliance,373,EAST 167 STREET,10456,Bronx,Failed for Rat Activity,Summons Issued,Burrows,2024300055,2,2430,55,40.830976479526,-73.911676723121,"{'latitude': '40.830976479526', 'longitude': '-73.911676723121', 'human_address': '{""address"": """", ""city"": """", ""state"": """", ""zip"": """"}'}",4,16,17701,2000000,Concourse-Concourse Village,,
PC8758738,2026-08-31T13:03:40.000,Compliance,60,NEW YORK AVENUE,11216,Brooklyn,Failed for Rat Activity and Other Reason,Summons Issued,"Droppings, Burrows, Harborage",3012010035,3,1201,35,40.677994312642,-73.94695934737,"{'latitude': '40.677994312642', 'longitude': '-73.94695934737', 'human_address': '{""address"": """", ""city"": """", ""state"": """", ""zip"": """"}'}",8,36,315,3029795,Crown Heights (North),,
PC8742532,2026-08-31T13:04:00.000,Treatments,1236,PACIFIC STREET,11216,Brooklyn,Bait applied,,,3012060031,3,1206,31,40.677702334211,-73.950799170819,"{'latitude': '40.677702334211', 'longitude': '-73.950799170819', 'human_address': '{""address"": """", ""city"": """", ""state"": """", ""zip"": """"}'}",8,36,315,3029996,Crown Heights (North),,
PC8732117,2026-08-31T13:05:00.000,Compliance,22-73,41 STREET,11105,Queens,Failed for Rat Activity,Summons Issued,"Droppings, Gnawing",4007940033,4,794,33,40.771153531839,-73.906763284843,"{'latitude': '40.771153531839', 'longitude': '-73.906763284843', 'human_address': '{""address"": """", ""city"": """", ""state"": """", ""zip"": """"}'}",1,22,119,4015338,Astoria (North)-Ditmars-Steinway,1010075,220245
PC8758764,2026-08-31T13:10:07.000,Compliance,1327,PACIFIC STREET,11216,Brooklyn,Failed for Rat Activity,,Burrows,3012010057,3,1201,57,40.677574987835,-73.948329674215,"{'latitude': '40.677574987835', 'longitude': '-73.948329674215', 'human_address': '{""address"": """", ""city"": """", ""state"": """", ""zip"": """"}'}",8,36,315,3029814,Crown Heights (North),,
PC8769210,2026-08-31T13:10:58.000,Initial,815,FAIRMOUNT PLACE,10460,Bronx,Failed for Other Reason,COTA,Harborage,2029550036,2,2955,36,40.842572321697,-73.888768796018,"{'latitude': '40.842572321697', 'longitude': '-73.888768796018', 'human_address': '{""address"": """", ""city"": """", ""state"": """", ""zip"": """"}'}",6,15,36502,2010048,Tremont,,
PC8769392,2026-08-31T13:13:52.000,Initial,2349,PACIFIC STREET,11233,Brooklyn,Failed for Rat Activity,COTA,"Droppings, Burrows, Runways, Gnawing",3014360047,3,1436,47,40.675347979835,-73.907478163485,"{'latitude': '40.675347979835', 'longitude': '-73.907478163485', 'human_address': '{""address"": """", ""city"": """", ""state"": """", ""zip"": """"}'}",16,37,36502,3038663,Ocean Hill,1009914,185340
PC8705219,2026-08-31T13:15:38.000,Treatments,210,HART STREET,11206,Brooklyn,Bait applied,,,3017720042,3,1772,42,40.69374773233,-73.943632742398,"{'latitude': '40.69374773233', 'longitude': '-73.943632742398', 'human_address': '{""address"": """", ""city"": """", ""state"": """", ""zip"": """"}'}",3,36,261,3049381,Bedford-Stuyvesant (West),999881,192035
PC8617563,2026-08-31T13:15:53.000,Compliance,2300,OLINVILLE AVENUE,10467,Bronx,Failed for Other Reason,Summons Issued,Harborage,2043420010,2,4342,10,40.859801618217,-73.868534731744,"{'latitude': '40.859801618217', 'longitude': '-73.868534731744', 'human_address': '{""address"": """", ""city"": """", ""state"": """", ""zip"": """"}'}",11,15,33201,2093350,Allerton,1020615,252556
PC8740972,2026-08-31T13:17:00.000,Compliance,67-30,49 AVENUE,11377,Queens,Failed for Rat Activity,Summons Issued,"Droppings, Runways",4024280041,4,2428,41,40.737648064027,-73.896944692954,"{'latitude': '40.737648064027', 'longitude': '-73.896944692954', 'human_address': '{""address"": """", ""city"": """", ""state"": """", ""zip"": """"}'}",2,26,243,4056218,Woodside,1012809,208041
PC8749184,2026-08-31T13:18:34.000,Compliance,1183,TELLER AVENUE,10456,Bronx,Failed for Rat Activity and Other Reason,Summons Issued,"Burrows, Harborage",,2,2430,37,40.832197879398,-73.911664254514,"{'latitude': '40.832197879398', 'longitude': '-73.911664254514', 'human_address': '{""address"": """", ""city"": """", ""state"": """", ""zip"": """"}'}",4,16,175,,Concourse-Concourse Village,1008695,242484
PC8693958,2026-08-31T13:19:00.000,Treatments,1235,PACIFIC STREET,11216,Brooklyn,Bait applied,,,3012000069,3,1200,69,40.677782360062,-73.951804977258,"{'latitude': '40.677782360062', 'longitude': '-73.951804977258', 'human_address': '{""address"": """", ""city"": """", ""state"": """", ""zip"": """"}'}",8,36,315,3029780,Crown Heights (North),,
PC8681075,2026-08-31T13:19:00.000,Compliance,717,DEKALB AVENUE,11216,Brooklyn,Failed for Rat Activity and Other Reason,Summons Issued,"Burrows, Runways, Harborage",3017750062,3,1775,62,40.691844613031,-73.947319706718,"{'latitude': '40.691844613031', 'longitude': '-73.947319706718', 'human_address': '{""address"": """", ""city"": """", ""state"": """", ""zip"": """"}'}",3,36,261,3049514,Bedford-Stuyvesant (West),,
PC8650398,2026-08-31T13:19:00.000,Compliance,40,WEST  135 STREET,10037,Manhattan,Failed for Rat Activity and Other Reason,Summons Issued,"Burrows, Harborage, Animal Nuisance",1017300064,1,1730,64,40.813579186302,-73.939643661273,"{'latitude': '40.813579186302', 'longitude': '-73.939643661273', 'human_address': '{""address"": """", ""city"": """", ""state"": """", ""zip"": """"}'}",10,9,212,1053895,Harlem (North),1000957,235694
PC8769123,2026-08-31T13:20:07.000,Initial,70,WOODRUFF AVENUE,11226,Brooklyn,Failed for Rat Activity and Other Reason,COTA,"Droppings, Harborage",3050590011,3,5059,11,40.653388334474,-73.963452549561,"{'latitude': '40.653388334474', 'longitude': '-73.963452549561', 'human_address': '{""address"": """", ""city"": """", ""state"": """", ""zip"": """"}'}",14,40,50804,3116099,Flatbush,994391,177328
PC8729541,2026-08-31T13:22:08.000,Compliance,2741,8 AVENUE,10039,Manhattan,Failed for Rat Activity,Summons Issued,Burrows,1020450029,1,2045,29,40.823601138224,-73.941368864576,"{'latitude': '40.823601138224', 'longitude': '-73.941368864576', 'human_address': '{""address"": """", ""city"": """", ""state"": """", ""zip"": """"}'}",10,9,259,1060810,Harlem (North),,
PC8700468,2026-08-31T13:26:10.000,Compliance,1711,MORRIS AVENUE,10457,Bronx,Failed for Other Reason,Summons Issued,Harborage,2028240051,2,2824,51,40.844514510158,-73.909410568217,"{'latitude': '40.844514510158', 'longitude': '-73.909410568217', 'human_address': '{""address"": """", ""city"": """", ""state"": """", ""zip"": """"}'}",4,15,22703,2007873,Mount Eden-Claremont (West),1009314,246972
PC8728539,2026-08-31T13:28:08.000,Compliance,2753,FREDRICK DOUGLASS BL,10039,Manhattan,Failed for Rat Activity,Summons Issued,Burrows,1020450036,1,2045,36,40.82383709727,-73.941195222398,"{'latitude': '40.82383709727', 'longitude': '-73.941195222398', 'human_address': '{""address"": """", ""city"": """", ""state"": """", ""zip"": """"}'}",10,9,259,1060813,Harlem (North),,
PC8485006,2026-08-31T13:30:46.000,Treatments,205,HART STREET,11206,Brooklyn,Bait applied,,,3017680048,3,1768,48,40.6937696639,-73.943578631964,"{'latitude': '40.6937696639', 'longitude': '-73.943578631964', 'human_address': '{""address"": """", ""city"": """", ""state"": """", ""zip"": """"}'}",3,36,261,3049178,Bedford-Stuyvesant (West),,
PC8695854,2026-08-31T13:31:54.000,Compliance,1097,BROADWAY,11221,Brooklyn,Failed for Rat Activity,Summons Issued,Droppings,3032300048,3,3230,48,40.694215265364,-73.930329273703,"{'latitude': '40.694215265364', 'longitude': '-73.930329273703', 'human_address': '{""address"": """", ""city"": """", ""state"": """", ""zip"": """"}'}",4,34,393,3325475,Bushwick (West),,
PC8730609,2026-08-31T13:33:08.000,Compliance,304,WEST 147 STREET,10039,Manhattan,Failed for Rat Activity,Summons Issued,"Droppings, Burrows, Runways",1020450037,1,2045,37,40.824193891343,-73.941151547275,"{'latitude': '40.824193891343', 'longitude': '-73.941151547275', 'human_address': '{""address"": """", ""city"": """", ""state"": """", ""zip"": """"}'}",10,9,259,1060814,Harlem (North),,
PC8649795,2026-08-31T13:37:00.000,Treatments,1198,PACIFIC STREET,11216,Brooklyn,Bait applied,,,3012060005,3,1206,5,40.677771418825,-73.951895116516,"{'latitude': '40.677771418825', 'longitude': '-73.951895116516', 'human_address': '{""address"": """", ""city"": """", ""state"": """", ""zip"": """"}'}",8,36,315,3324462,Crown Heights (North),,
PC8729078,2026-08-31T13:38:08.000,Compliance,94,BRADHURST AVENUE,10039,Manhattan,Failed for Rat Activity,Summons Issued,Burrows,1020450038,1,2045,38,40.824402947188,-73.942047442261,"{'latitude': '40.824402947188', 'longitude': '-73.942047442261', 'human_address': '{""address"": """", ""city"": """", ""state"": """", ""zip"": """"}'}",10,9,259,1060815,Harlem (North),,
PC8664909,2026-08-31T13:44:14.000,Treatments,147,HART STREET,11206,Brooklyn,Bait applied,,,3017680077,3,1768,77,40.693586539231,-73.945176294906,"{'latitude': '40.693586539231', 'longitude': '-73.945176294906', 'human_address': '{""address"": """", ""city"": """", ""state"": """", ""zip"": """"}'}",3,36,261,3049203,Bedford-Stuyvesant (West),,
PC8733407,2026-08-31T13:45:21.000,Compliance,3,WEST  137 STREET,10037,Manhattan,Failed for Rat Activity,Summons Issued,Droppings,1017350033,1,1735,33,40.814261318087,-73.937200871609,"{'latitude': '40.814261318087', 'longitude': '-73.937200871609', 'human_address': '{""address"": """", ""city"": """", ""state"": """", ""zip"": """"}'}",10,9,212,1053917,Harlem (North),1001633,235943
PC8584373,2026-08-31T13:52:00.000,Treatments,1148,PACIFIC STREET,11216,Brooklyn,Bait applied,,,3012050018,3,1205,18,40.67809620422,-73.954094096293,"{'latitude': '40.67809620422', 'longitude': '-73.954094096293', 'human_address': '{""address"": """", ""city"": """", ""state"": """", ""zip"": """"}'}",8,35,221,3029959,Crown Heights (North),,
PC8761441,2026-08-31T13:53:26.000,Compliance,3408,GLENWOOD ROAD,11210,Brooklyn,Failed for Rat Activity and Other Reason,Summons Issued,"Droppings, Burrows, Garbage, Harborage",3075620041,3,7562,41,40.634232743318,-73.94371923493,"{'latitude': '40.634232743318', 'longitude': '-73.94371923493', 'human_address': '{""address"": """", ""city"": """", ""state"": """", ""zip"": """"}'}",17,45,784,3427371,East Flatbush-Farragut,999871,170352
PC8755914,2026-08-31T13:54:21.000,Initial,2252,5 AVENUE,10037,Manhattan,Failed for Rat Activity and Other Reason,COTA,"Droppings, Burrows, Gnawing, Garbage",1017350034,1,1735,34,40.814134744381,-73.936626577186,"{'latitude': '40.814134744381', 'longitude': '-73.936626577186', 'human_address': '{""address"": """", ""city"": """", ""state"": """", ""zip"": """"}'}",10,9,212,1053918,Harlem (North),1001791,235896
PC8767595,2026-08-31T13:56:53.000,Initial,1458,BROOKLYN AVENUE,11210,Brooklyn,Failed for Rat Activity,COTA,"Droppings, Burrows",3049990037,3,4999,37,40.637641093954,-73.942372401677,"{'latitude': '40.637641093954', 'longitude': '-73.942372401677', 'human_address': '{""address"": """", ""city"": """", ""state"": """", ""zip"": """"}'}",17,45,782,3113884,East Flatbush-Farragut,1000244,171594
PC8739489,2026-08-31T13:58:06.000,Treatments,70,HART STREET,11206,Brooklyn,Bait applied,,,3017700044,3,1770,44,40.693077972241,-73.949442711802,"{'latitude': '40.693077972241', 'longitude': '-73.949442711802', 'human_address': '{""address"": """", ""city"": """", ""state"": """", ""zip"": """"}'}",3,36,253,3049273,Bedford-Stuyvesant (West),,
PC8758927,2026-08-31T13:58:17.000,Compliance,1121,BERGEN STREET,11216,Brooklyn,Failed for Rat Activity,Summons Issued,Burrows,3012130066,3,1213,66,40.676021547137,-73.948558007353,"{'latitude': '40.676021547137', 'longitude': '-73.948558007353', 'human_address': '{""address"": """", ""city"": """", ""state"": """", ""zip"": """"}'}",8,36,315,3030388,Crown Heights (North),,
PC8753149,2026-08-31T14:02:27.000,Compliance,1420,BROOKLYN AVENUE,11210,Brooklyn,Failed for Rat Activity and Other Reason,Summons Issued,"Droppings, Burrows, Garbage",3049810050,3,4981,50,40.638275172877,-73.942440311086,"{'latitude': '40.638275172877', 'longitude': '-73.942440311086', 'human_address': '{""address"": """", ""city"": """", ""state"": """", ""zip"": """"}'}",17,45,782,3327344,East Flatbush-Farragut,1000225,171825
PC8769363,2026-08-31T14:04:52.000,Initial,1047,THOMAS S BOYLAND STREET,11212,Brooklyn,Failed for Rat Activity,COTA,Burrows,3036330013,3,3633,13,40.654917757905,-73.909881652153,"{'latitude': '40.654917757905', 'longitude': '-73.909881652153', 'human_address': '{""address"": """", ""city"": """", ""state"": """", ""zip"": """"}'}",16,42,922,3082928,Brownsville,1009255,177896
PC8759409,2026-08-31T14:05:07.000,Compliance,280,PARKSIDE AVENUE,11226,Brooklyn,Failed for Rat Activity,Summons Issued,"Droppings, Burrows",3050550024,3,5055,24,40.655678716344,-73.958993075054,"{'latitude': '40.655678716344', 'longitude': '-73.958993075054', 'human_address': '{""address"": """", ""city"": """", ""state"": """", ""zip"": """"}'}",9,40,79601,3115954,Prospect Lefferts Gardens-Wingate,995628,178163
PC8759274,2026-08-31T14:06:55.000,Compliance,1131,BERGEN STREET,11216,Brooklyn,Failed for Rat Activity,Summons Issued,"Droppings, Runways",3012130061,3,1213,61,40.676004945419,-73.948262397331,"{'latitude': '40.676004945419', 'longitude': '-73.948262397331', 'human_address': '{""address"": """", ""city"": """", ""state"": """", ""zip"": """"}'}",8,36,315,3030384,Crown Heights (North),,
PC8759276,2026-08-31T14:14:16.000,Compliance,1095,BERGEN STREET,11216,Brooklyn,Failed for Rat Activity,Summons Issued,Burrows,3012130078,3,1213,78,40.676063059259,-73.949322269168,"{'latitude': '40.676063059259', 'longitude': '-73.949322269168', 'human_address': '{""address"": """", ""city"": """", ""state"": """", ""zip"": """"}'}",8,36,315,3030395,Crown Heights (North),,
PC8465759,2026-08-31T14:14:52.000,Compliance,3001,FOSTER AVENUE,11210,Brooklyn,Failed for Rat Activity and Other Reason,Summons Issued,"Droppings, Burrows, Harborage",3049640050,3,4964,50,40.63861823027,-73.948100530412,"{'latitude': '40.63861823027', 'longitude': '-73.948100530412', 'human_address': '{""address"": """", ""city"": """", ""state"": """", ""zip"": """"}'}",17,45,830,3112333,East Flatbush-Farragut,998654,171949
PC8775534,2026-08-31T14:19:00.000,Initial,1055,COLLEGE AVENUE,10456,Bronx,Failed for Rat Activity,COTA,"Droppings, Runways",2024370022,2,2437,22,40.829815298571,-73.915111118431,"{'latitude': '40.829815298571', 'longitude': '-73.915111118431', 'human_address': '{""address"": """", ""city"": """", ""state"": """", ""zip"": """"}'}",4,16,175,2002391,Concourse-Concourse Village,,
PC8754226,2026-08-31T14:21:17.000,Compliance,1238,ROGERS AVENUE,11226,Brooklyn,Failed for Rat Activity,Summons Issued,Burrows,3052130044,3,5213,44,40.639478745693,-73.951285066128,"{'latitude': '40.639478745693', 'longitude': '-73.951285066128', 'human_address': '{""address"": """", ""city"": """", ""state"": """", ""zip"": """"}'}",17,45,79002,3120412,East Flatbush-Erasmus,997770,172262
PC8750701,2026-08-31T14:25:15.000,Compliance,760,ROGERS AVENUE,11226,Brooklyn,Failed for Rat Activity and Other Reason,Summons Issued,"Burrows, Harborage",3050840061,3,5084,61,40.652632326857,-73.952691752896,"{'latitude': '40.652632326857', 'longitude': '-73.952691752896', 'human_address': '{""address"": """", ""city"": """", ""state"": """", ""zip"": """"}'}",17,40,822,3116659,East Flatbush-Erasmus,997377,177054
PC8775533,2026-08-31T14:28:00.000,Initial,280,EAST 166 STREET,10456,Bronx,Failed for Rat Activity and Other Reason,COTA,"Droppings, Burrows, Runways, Garbage, Harborage",2024370020,2,2437,20,40.830364326245,-73.915218821884,"{'latitude': '40.830364326245', 'longitude': '-73.915218821884', 'human_address': '{""address"": """", ""city"": """", ""state"": """", ""zip"": """"}'}",4,16,175,2002390,Concourse-Concourse Village,,
PC8750700,2026-08-31T14:28:00.000,Compliance,730,ROGERS AVENUE,11226,Brooklyn,Failed for Rat Activity,Summons Issued,Burrows,3050840061,3,5084,61,40.65332953204,-73.952766939057,"{'latitude': '40.65332953204', 'longitude': '-73.952766939057', 'human_address': '{""address"": """", ""city"": """", ""state"": """", ""zip"": """"}'}",17,40,822,3116659,East Flatbush-Erasmus,997356,177308
PC8677790,2026-08-31T14:28:54.000,Compliance,837,BUSHWICK AVENUE,11221,Brooklyn,Failed for Rat Activity and Other Reason,Summons Issued,"Droppings, Harborage",3032530003,3,3253,3,40.694399806629,-73.926950111859,"{'latitude': '40.694399806629', 'longitude': '-73.926950111859', 'human_address': '{""address"": """", ""city"": """", ""state"": """", ""zip"": """"}'}",4,34,395,3074033,Bushwick (East),,
PC8767225,2026-08-31T14:36:43.000,Initial,1119,LENOX ROAD,11212,Brooklyn,Failed for Rat Activity,COTA,"Droppings, Burrows, Gnawing, Rats",3046510046,3,4651,46,40.659033496851,-73.918991187122,"{'latitude': '40.659033496851', 'longitude': '-73.918991187122', 'human_address': '{""address"": """", ""city"": """", ""state"": """", ""zip"": """"}'}",17,41,890,3101252,East Flatbush-Remsen Village,1006726,179393
PC8674621,2026-08-31T14:37:34.000,Compliance,1068,MORRIS AVENUE,10456,Bronx,Failed for Rat Activity,Summons Issued,Burrows,2024370017,2,2437,17,40.82997789418,-73.916003452828,"{'latitude': '40.82997789418', 'longitude': '-73.916003452828', 'human_address': '{""address"": """", ""city"": """", ""state"": """", ""zip"": """"}'}",4,16,175,2002389,Concourse-Concourse Village,,
PC8750994,2026-08-31T14:39:43.000,Compliance,9327,KINGS HIGHWAY,11212,Brooklyn,Failed for Other Reason,Summons Issued,Harborage,3046480033,3,4648,33,40.657865498844,-73.920819927082,"{'latitude': '40.657865498844', 'longitude': '-73.920819927082', 'human_address': '{""address"": """", ""city"": """", ""state"": """", ""zip"": """"}'}",17,41,886,3323081,East Flatbush-Remsen Village,1006219,178967
PC8756028,2026-08-31T14:48:49.000,Compliance,435,EAST   92 STREET,11212,Brooklyn,Failed for Rat Activity and Other Reason,Summons Issued,"Droppings, Burrows, Garbage, Harborage",3046670046,3,4667,46,40.65560909668,-73.920541499488,"{'latitude': '40.65560909668', 'longitude': '-73.920541499488', 'human_address': '{""address"": """", ""city"": """", ""state"": """", ""zip"": """"}'}",17,41,886,3101778,East Flatbush-Remsen Village,1006297,178145
PC8768749,2026-08-31T14:55:06.000,Initial,443,PULASKI STREET,11221,Brooklyn,Failed for Rat Activity and Other Reason,COTA,"Droppings, Runways, Gnawing, Harborage",3015960064,3,1596,64,40.694255181516,-73.932824686348,"{'latitude': '40.694255181516', 'longitude': '-73.932824686348', 'human_address': '{""address"": """", ""city"": """", ""state"": """", ""zip"": """"}'}",3,36,287,3043146,Bedford-Stuyvesant (East),1002878,192222
PC8403649,2026-08-31T14:55:34.000,Compliance,291,EAST 162 STREET,10451,Bronx,Failed for Rat Activity,Summons Issued,Burrows,2024220052,2,2422,52,40.826223821661,-73.917012715284,"{'latitude': '40.826223821661', 'longitude': '-73.917012715284', 'human_address': '{""address"": """", ""city"": """", ""state"": """", ""zip"": """"}'}",4,16,173,2001980,Concourse-Concourse Village,,
PC8754482,2026-08-31T14:56:48.000,Compliance,260,HERKIMER STREET,11216,Brooklyn,Failed for Rat Activity,Summons Issued,Burrows,3018689028,3,1868,9028,40.679360175241,-73.944766210618,"{'latitude': '40.679360175241', 'longitude': '-73.944766210618', 'human_address': '{""address"": """", ""city"": """", ""state"": """", ""zip"": """"}'}",3,36,247,3339152,Bedford-Stuyvesant (West),999570,186793
PC8773170,2026-08-31T14:59:43.000,Initial,441,PULASKI STREET,11221,Brooklyn,Failed for Other Reason,,Harborage,3015960065,3,1596,65,40.694246989438,-73.932896817587,"{'latitude': '40.694246989438', 'longitude': '-73.932896817587', 'human_address': '{""address"": """", ""city"": """", ""state"": """", ""zip"": """"}'}",3,36,287,3000000,Bedford-Stuyvesant (East),,
PC8760567,2026-08-31T15:00:01.000,Initial,2108,HARRISON AVENUE,10453,Bronx,Failed for Rat Activity and Other Reason,COTA,"Burrows, Harborage",2032060035,2,3206,35,40.855838841486,-73.908849228101,"{'latitude': '40.855838841486', 'longitude': '-73.908849228101', 'human_address': '{""address"": """", ""city"": """", ""state"": """", ""zip"": """"}'}",5,14,251,2088428,University Heights (South)-Morris Heights,,
PC8770674,2026-08-31T15:04:54.000,Initial,1140,DEKALB AVENUE,11221,Brooklyn,Failed for Rat Activity,COTA,"Droppings, Burrows, Runways, Gnawing",3032410006,3,3241,6,40.694406685623,-73.929164284378,"{'latitude': '40.694406685623', 'longitude': '-73.929164284378', 'human_address': '{""address"": """", ""city"": """", ""state"": """", ""zip"": """"}'}",4,34,393,3073743,Bushwick (West),1003893,192278
PC8773171,2026-08-31T15:12:06.000,Initial,355,KOSCIUSZKO STREET,11221,Brooklyn,Failed for Rat Activity,COTA,"Droppings, Runways",3017820050,3,1782,50,40.691838690647,-73.940807245471,"{'latitude': '40.691838690647', 'longitude': '-73.940807245471', 'human_address': '{""address"": """", ""city"": """", ""state"": """", ""zip"": """"}'}",3,36,281,3392732,Bedford-Stuyvesant (East),,
PC8730629,2026-08-31T15:25:16.000,Compliance,292,EAST 166 STREET,10456,Bronx,Failed for Rat Activity and Other Reason,Summons Issued,"Droppings, Burrows, Harborage",2024330017,2,2433,17,40.830191009143,-73.914680625433,"{'latitude': '40.830191009143', 'longitude': '-73.914680625433', 'human_address': '{""address"": """", ""city"": """", ""state"": """", ""zip"": """"}'}",4,16,175,2002216,Concourse-Concourse Village,,
PC8768292,2026-08-31T16:00:41.000,Treatments,212,EAST 3 STREET,10009,Manhattan,Bait applied,,,1003850011,1,385,11,40.722495263601,-73.982582116051,"{'latitude': '40.722495263601', 'longitude': '-73.982582116051', 'human_address': '{""address"": """", ""city"": """", ""state"": """", ""zip"": """"}'}",3,2,2202,1000000,East Village,,
PC8720006,2026-08-31T17:20:14.000,Treatments,209,AVENUE B,10009,Manhattan,Bait applied,,,1003950008,1,395,8,40.728582488646,-73.978636961846,"{'latitude': '40.728582488646', 'longitude': '-73.978636961846', 'human_address': '{""address"": """", ""city"": """", ""state"": """", ""zip"": """"}'}",3,2,28,1000000,East Village,,
PC8439715,2026-09-01T08:32:00.000,Treatments,1352,BERGEN STREET,11213,Brooklyn,Bait applied,,,3012230031,3,1223,31,40.675531494842,-73.939873625126,"{'latitude': '40.675531494842', 'longitude': '-73.939873625126', 'human_address': '{""address"": """", ""city"": """", ""state"": """", ""zip"": """"}'}",8,36,311,3030827,Crown Heights (North),1000928,185399
PC8722620,2026-09-01T08:43:00.000,Compliance,43-15,CRESCENT STREET,11101,Queens,Failed for Rat Activity,Summons Issued,"Droppings, Burrows, Runways",4004340006,4,434,6,40.748667139789,-73.942322908372,"{'latitude': '40.748667139789', 'longitude': '-73.942322908372', 'human_address': '{""address"": """", ""city"": """", ""state"": """", ""zip"": """"}'}",2,26,1902,4436807,Long Island City-Hunters Point,1000231,212044
PC8574669,2026-09-01T08:44:00.000,Treatments,140,WEST  112 STREET,10026,Manhattan,Bait applied,,,1018210059,1,1821,59,40.800199440268,-73.953344975441,"{'latitude': '40.800199440268', 'longitude': '-73.953344975441', 'human_address': '{""address"": """", ""city"": """", ""state"": """", ""zip"": """"}'}",10,9,216,1054968,Harlem (South),997167,230817
PC8579084,2026-09-01T08:46:26.000,Treatments,757,MONROE STREET,11221,Brooklyn,Bait applied,,,3016380079,3,1638,79,40.688283913266,-73.926113075039,"{'latitude': '40.688283913266', 'longitude': '-73.926113075039', 'human_address': '{""address"": """", ""city"": """", ""state"": """", ""zip"": """"}'}",3,41,385,3044757,Bedford-Stuyvesant (East),,
PC8567857,2026-09-01T08:57:11.000,Treatments,1020,CARROLL PLACE,10456,Bronx,Bait applied,,,2024550048,2,2455,48,40.83015878364,-73.919468611068,"{'latitude': '40.83015878364', 'longitude': '-73.919468611068', 'human_address': '{""address"": """", ""city"": """", ""state"": """", ""zip"": """"}'}",4,16,18301,2002721,Concourse-Concourse Village,,
PC8697047,2026-09-01T08:57:58.000,Treatments,45,ST NICHOLAS AVENUE,10026,Manhattan,Bait applied,,,1018220015,1,1822,15,40.800199089277,-73.952488953249,"{'latitude': '40.800199089277', 'longitude': '-73.952488953249', 'human_address': '{""address"": """", ""city"": """", ""state"": """", ""zip"": """"}'}",10,9,216,1054981,Harlem (South),,
PC8680666,2026-09-01T09:00:06.000,Treatments,155,WEST  195 STREET,10468,Bronx,Bait applied,,,2032490176,2,3249,176,40.870512208663,-73.902215839673,"{'latitude': '40.870512208663', 'longitude': '-73.902215839673', 'human_address': '{""address"": """", ""city"": """", ""state"": """", ""zip"": """"}'}",8,14,26702,2015370,Kingsbridge Heights-Van Cortlandt Village,1011294,256446
PC8465759,2026-09-01T09:00:41.000,Treatments,3001,FOSTER AVENUE,11210,Brooklyn,Bait applied,,,3049640050,3,4964,50,40.63861823027,-73.948100530412,"{'latitude': '40.63861823027', 'longitude': '-73.948100530412', 'human_address': '{""address"": """", ""city"": """", ""state"": """", ""zip"": """"}'}",17,45,830,3112333,East Flatbush-Farragut,998654,171949
PC8362597,2026-09-01T09:01:37.000,Treatments,724,MONROE STREET,11221,Brooklyn,Bait applied,,,3016420036,3,1642,36,40.688059998831,-73.927930653341,"{'latitude': '40.688059998831', 'longitude': '-73.927930653341', 'human_address': '{""address"": """", ""city"": """", ""state"": """", ""zip"": """"}'}",3,36,385,3414262,Bedford-Stuyvesant (East),,
PC8772032,2026-09-01T09:04:08.000,Initial,625,FRANKLIN AVENUE,11238,Brooklyn,Failed for Other Reason,COTA,Harborage,3012110004,3,1211,4,40.67707575681,-73.955641438651,"{'latitude': '40.67707575681', 'longitude': '-73.955641438651', 'human_address': '{""address"": """", ""city"": """", ""state"": """", ""zip"": """"}'}",8,35,221,3030242,Crown Heights (North),,
PC8771220,2026-09-01T09:07:56.000,Initial,1442,BEDFORD AVENUE,11216,Brooklyn,Failed for Rat Activity,COTA,Runways,3012310053,3,1231,53,40.673924067153,-73.9539023067,"{'latitude': '40.673924067153', 'longitude': '-73.9539023067', 'human_address': '{""address"": """", ""city"": """", ""state"": """", ""zip"": """"}'}",8,35,221,3031135,Crown Heights (North),,
PC8610855,2026-09-01T09:09:48.000,Treatments,113,WEST  113 STREET,10026,Manhattan,Bait applied,,,1018230023,1,1823,23,40.800421156622,-73.951871155624,"{'latitude': '40.800421156622', 'longitude': '-73.951871155624', 'human_address': '{""address"": """", ""city"": """", ""state"": """", ""zip"": """"}'}",10,9,216,1055010,Harlem (South),997575,230898
PC8726915,2026-09-01T09:10:14.000,Treatments,310,WEST 94 STREET,10025,Manhattan,Bait applied,,,1012520065,1,1252,65,40.794131985006,-73.974625052201,"{'latitude': '40.794131985006', 'longitude': '-73.974625052201', 'human_address': '{""address"": """", ""city"": """", ""state"": """", ""zip"": """"}'}",7,6,179,1034139,Upper West Side (Central),,
PC8616598,2026-09-01T09:10:16.000,Treatments,1971,ADAM C POWELL BLVD,10026,Manhattan,Bait applied,,,1019030064,1,1903,64,40.804848202016,-73.951318893549,"{'latitude': '40.804848202016', 'longitude': '-73.951318893549', 'human_address': '{""address"": """", ""city"": """", ""state"": """", ""zip"": """"}'}",10,9,220,1057519,Harlem (South),,
PC8511915,2026-09-01T09:15:02.000,Treatments,1050,HOE AVENUE,10459,Bronx,Bait applied,,,2027490022,2,2749,22,40.824423033736,-73.890519149373,"{'latitude': '40.824423033736', 'longitude': '-73.890519149373', 'human_address': '{""address"": """", ""city"": """", ""state"": """", ""zip"": """"}'}",2,17,119,2006113,Longwood,,
PC8712204,2026-09-01T09:15:11.000,Treatments,261,EAST 164 STREET,10456,Bronx,Bait applied,,,2024470062,2,2447,62,40.828559810798,-73.917309707373,"{'latitude': '40.828559810798', 'longitude': '-73.917309707373', 'human_address': '{""address"": """", ""city"": """", ""state"": """", ""zip"": """"}'}",4,16,18302,2002525,Concourse-Concourse Village,,
PC8697146,2026-09-01T09:15:25.000,Treatments,2701,Sedgwick Ave,10468,Bronx,Bait applied,,,2032530001,2,3253,1,40.869953129347,-73.903214602108,"{'latitude': '40.869953129347', 'longitude': '-73.903214602108', 'human_address': '{""address"": """", ""city"": """", ""state"": """", ""zip"": """"}'}",8,14,273,2015500,Kingsbridge Heights-Van Cortlandt Village,,
PC8770908,2026-09-01T09:16:08.000,Initial,1054,DEAN STREET,11216,Brooklyn,Failed for Other Reason,COTA,Harborage,3012110011,3,1211,11,40.677457009188,-73.9549453736,"{'latitude': '40.677457009188', 'longitude': '-73.9549453736', 'human_address': '{""address"": """", ""city"": """", ""state"": """", ""zip"": """"}'}",8,35,221,3030248,Crown Heights (North),,
PC8772613,2026-09-01T09:17:17.000,Initial,638,ST MARKS AVENUE,11216,Brooklyn,Failed for Rat Activity,COTA,Burrows,3012260005,3,1226,5,40.675315012019,-73.952297063402,"{'latitude': '40.675315012019', 'longitude': '-73.952297063402', 'human_address': '{""address"": """", ""city"": """", ""state"": """", ""zip"": """"}'}",8,36,31701,3030937,Crown Heights (North),,
PC8733344,2026-09-01T09:18:41.000,Treatments,621,WATER STREET,10002,Manhattan,Bait applied,,,1002440040,1,244,40,40.711299526868,-73.983760958601,"{'latitude': '40.711299526868', 'longitude': '-73.983760958601', 'human_address': '{""address"": """", ""city"": """", ""state"": """", ""zip"": """"}'}",3,1,202,1078940,Lower East Side,,
PC8573535,2026-09-01T09:18:46.000,Treatments,677,MONROE STREET,11221,Brooklyn,Bait applied,,,3016370070,3,1637,70,40.687909927352,-73.929362320259,"{'latitude': '40.687909927352', 'longitude': '-73.929362320259', 'human_address': '{""address"": """", ""city"": """", ""state"": """", ""zip"": """"}'}",3,36,385,3044702,Bedford-Stuyvesant (East),,
PC8767199,2026-09-01T09:20:07.000,Initial,216,EAST    5 STREET,10003,Manhattan,Failed for Rat Activity,COTA,"Droppings, Burrows",1004600019,1,460,19,40.727445015711,-73.990608506158,"{'latitude': '40.727445015711', 'longitude': '-73.990608506158', 'human_address': '{""address"": """", ""city"": """", ""state"": """", ""zip"": """"}'}",3,2,38,1006581,East Village,986853,204307
PC8726878,2026-09-01T09:20:23.000,Treatments,315,WEST 94TH STREET,10025,Manhattan,Bait applied,,,1012537504,1,1253,7504,40.794359906719,-73.975116141315,"{'latitude': '40.794359906719', 'longitude': '-73.975116141315', 'human_address': '{""address"": """", ""city"": """", ""state"": """", ""zip"": """"}'}",7,6,183,1034179,Upper West Side (Central),,
PC8711677,2026-09-01T09:24:06.000,Treatments,110,WEST 137 STREET,10030,Manhattan,Bait applied,,,1019210040,1,1921,40,40.815668422002,-73.940573849253,"{'latitude': '40.815668422002', 'longitude': '-73.940573849253', 'human_address': '{""address"": """", ""city"": """", ""state"": """", ""zip"": """"}'}",10,9,228,1058341,Harlem (North),,
PC8738762,2026-09-01T09:24:27.000,Compliance,208,EAST 87 STREET,10128,Manhattan,Failed for Rat Activity,Summons Issued,Burrows,1015320044,1,1532,44,40.779163418411,-73.95273871993,"{'latitude': '40.779163418411', 'longitude': '-73.95273871993', 'human_address': '{""address"": """", ""city"": """", ""state"": """", ""zip"": """"}'}",8,5,14602,1048804,Upper East Side-Yorkville,,
PC8652487,2026-09-01T09:26:00.000,Treatments,2015,GRAND AVENUE,10453,Bronx,Bait applied,,,2028690143,2,2869,143,40.853344784795,-73.909998553203,"{'latitude': '40.853344784795', 'longitude': '-73.909998553203', 'human_address': '{""address"": """", ""city"": """", ""state"": """", ""zip"": """"}'}",5,14,243,2008611,University Heights (South)-Morris Heights,1009148,250189
PC8711229,2026-09-01T09:28:11.000,Treatments,985,MORRIS AVENUE,10456,Bronx,Bait applied,,,2024470060,2,2447,60,40.828499097923,-73.916854488129,"{'latitude': '40.828499097923', 'longitude': '-73.916854488129', 'human_address': '{""address"": """", ""city"": """", ""state"": """", ""zip"": """"}'}",4,16,18302,2002524,Concourse-Concourse Village,,
PC8722536,2026-09-01T09:30:02.000,Treatments,620,Crotona Park South,10456,Bronx,Bait applied,,,2029360013,2,2936,13,40.834957290417,-73.899460371387,"{'latitude': '40.834957290417', 'longitude': '-73.899460371387', 'human_address': '{""address"": """", ""city"": """", ""state"": """", ""zip"": """"}'}",3,15,149,2009803,Morrisania,,
PC8772967,2026-09-01T09:30:04.000,Initial,1192,DEAN STREET,11216,Brooklyn,Failed for Rat Activity,COTA,Burrows,3012120042,3,1212,42,40.676881417665,-73.950269813711,"{'latitude': '40.676881417665', 'longitude': '-73.950269813711', 'human_address': '{""address"": """", ""city"": """", ""state"": """", ""zip"": """"}'}",8,36,315,3030331,Crown Heights (North),,
PC8621638,2026-09-01T09:30:41.000,Treatments,222,EAST   17 STREET,11226,Brooklyn,Bait applied,,,3051200026,3,5120,26,40.645505282365,-73.963319951077,"{'latitude': '40.645505282365', 'longitude': '-73.963319951077', 'human_address': '{""address"": """", ""city"": """", ""state"": """", ""zip"": """"}'}",14,40,512,3117573,Flatbush,994429,174456
PC8700471,2026-09-01T09:30:52.000,Treatments,2747,SEDGEWICK AVENUE,10468,Bronx,Bait applied,,,2032530063,2,3253,63,40.87112179551,-73.90251866514,"{'latitude': '40.87112179551', 'longitude': '-73.90251866514', 'human_address': '{""address"": """", ""city"": """", ""state"": """", ""zip"": """"}'}",8,14,273,2092454,Kingsbridge Heights-Van Cortlandt Village,1011210,256668
PC8755465,2026-09-01T09:32:27.000,Compliance,210,EAST   87 STREET,10128,Manhattan,Failed for Rat Activity,Summons Issued,Burrows,1015320043,1,1532,43,40.77927331676,-73.953002227807,"{'latitude': '40.77927331676', 'longitude': '-73.953002227807', 'human_address': '{""address"": """", ""city"": """", ""state"": """", ""zip"": """"}'}",8,5,14602,1048803,Upper East Side-Yorkville,997352,223146
PC8742074,2026-09-01T09:33:00.000,Treatments,108,BROOKLYN AVENUE,11216,Brooklyn,Bait applied,,,3012140044,3,1214,44,40.676203479796,-73.944347030416,"{'latitude': '40.676203479796', 'longitude': '-73.944347030416', 'human_address': '{""address"": """", ""city"": """", ""state"": """", ""zip"": """"}'}",8,36,313,3030425,Crown Heights (North),,
PC8769683,2026-09-01T09:33:23.000,Initial,201,NORTH   10 STREET,11211,Brooklyn,Failed for Rat Activity and Other Reason,COTA,"Droppings, Burrows, Garbage",3022997501,3,2299,7501,40.718414206082,-73.954199695443,"{'latitude': '40.718414206082', 'longitude': '-73.954199695443', 'human_address': '{""address"": """", ""city"": """", ""state"": """", ""zip"": """"}'}",1,33,519,3061628,Williamsburg,996946,201020
PC8770914,2026-09-01T09:34:03.000,Initial,1190,DEAN STREET,11216,Brooklyn,Failed for Rat Activity,COTA,Droppings,3012120041,3,1212,41,40.676884187454,-73.950327494913,"{'latitude': '40.676884187454', 'longitude': '-73.950327494913', 'human_address': '{""address"": """", ""city"": """", ""state"": """", ""zip"": """"}'}",8,36,315,3030330,Crown Heights (North),,
PC8771609,2026-09-01T09:38:15.000,Initial,1184,DEAN STREET,11216,Brooklyn,Failed for Rat Activity,COTA,"Burrows, Runways",3012120038,3,1212,38,40.676895239865,-73.950496931298,"{'latitude': '40.676895239865', 'longitude': '-73.950496931298', 'human_address': '{""address"": """", ""city"": """", ""state"": """", ""zip"": """"}'}",8,36,315,3030327,Crown Heights (North),,
PC8747976,2026-09-01T09:40:19.000,Treatments,324,EAST 13 STREET,10003,Manhattan,Bait applied,,,1004540022,1,454,22,40.731322731811,-73.984686965678,"{'latitude': '40.731322731811', 'longitude': '-73.984686965678', 'human_address': '{""address"": """", ""city"": """", ""state"": """", ""zip"": """"}'}",3,2,4001,1006481,East Village,,
PC8770821,2026-09-01T09:40:20.000,Initial,190,LAWRENCE AVENUE,11230,Brooklyn,Failed for Rat Activity,COTA,"Droppings, Burrows",3054230039,3,5423,39,40.630922201931,-73.973004881233,"{'latitude': '40.630922201931', 'longitude': '-73.973004881233', 'human_address': '{""address"": """", ""city"": """", ""state"": """", ""zip"": """"}'}",14,40,480,3127905,Flatbush (West)-Ditmas Park-Parkville,991743,169142
PC8738699,2026-09-01T09:40:27.000,Compliance,220,EAST 87 STREET,10128,Manhattan,Failed for Rat Activity,Summons Issued,Burrows,1015320039,1,1532,39,40.779050771713,-73.95246799338,"{'latitude': '40.779050771713', 'longitude': '-73.95246799338', 'human_address': '{""address"": """", ""city"": """", ""state"": """", ""zip"": """"}'}",8,5,14602,1048801,Upper East Side-Yorkville,,
PC8701000,2026-09-01T09:40:41.000,Treatments,180,EAST   17 STREET,11226,Brooklyn,Bait applied,,,3051200012,3,5120,12,40.6462519076,-73.963460077214,"{'latitude': '40.6462519076', 'longitude': '-73.963460077214', 'human_address': '{""address"": """", ""city"": """", ""state"": """", ""zip"": """"}'}",14,40,512,3117570,Flatbush,994390,174728
PC8724942,2026-09-01T09:40:42.000,Treatments,434,WEST 52 STREET,10019,Manhattan,Bait applied,,,1010610050,1,1061,50,40.765193595451,-73.989155551613,"{'latitude': '40.765193595451', 'longitude': '-73.989155551613', 'human_address': '{""address"": """", ""city"": """", ""state"": """", ""zip"": """"}'}",4,3,133,1026729,Hell's Kitchen,,
PC8767357,2026-09-01T09:41:00.000,Initial,57,UNION AVENUE,11206,Brooklyn,Failed for Rat Activity,COTA,Droppings,3022450154,3,2245,154,40.701768288278,-73.950280029947,"{'latitude': '40.701768288278', 'longitude': '-73.950280029947', 'human_address': '{""address"": """", ""city"": """", ""state"": """", ""zip"": """"}'}",1,33,509,3061327,South Williamsburg,998036,194956
PC8771416,2026-09-01T09:41:08.000,Initial,1088,DEAN STREET,11216,Brooklyn,Failed for Rat Activity,COTA,"Burrows, Runways",3012110028,3,1211,28,40.67726998782,-73.953997326115,"{'latitude': '40.67726998782', 'longitude': '-73.953997326115', 'human_address': '{""address"": """", ""city"": """", ""state"": """", ""zip"": """"}'}",8,35,221,3030265,Crown Heights (North),,
PC8691994,2026-09-01T09:42:40.000,Treatments,2748,BROADWAY,10025,Manhattan,Bait applied,,,1018770015,1,1877,15,40.800808283349,-73.967925957139,"{'latitude': '40.800808283349', 'longitude': '-73.967925957139', 'human_address': '{""address"": """", ""city"": """", ""state"": """", ""zip"": """"}'}",7,7,191,1056608,Upper West Side-Manhattan Valley,,
PC8652406,2026-09-01T09:45:00.000,Treatments,2078,MORRIS AVENUE,10453,Bronx,Bait applied,,,2031690009,2,3169,9,40.853790899654,-73.905002249374,"{'latitude': '40.853790899654', 'longitude': '-73.905002249374', 'human_address': '{""address"": """", ""city"": """", ""state"": """", ""zip"": """"}'}",5,14,241,2013840,Mount Hope,,
PC8710491,2026-09-01T09:45:00.000,Compliance,908,GATES AVENUE,11221,Brooklyn,Failed for Rat Activity,Summons Issued,Burrows,3016370028,3,1637,28,40.688801132815,-73.928001966247,"{'latitude': '40.688801132815', 'longitude': '-73.928001966247', 'human_address': '{""address"": """", ""city"": """", ""state"": """", ""zip"": """"}'}",3,36,385,3332807,Bedford-Stuyvesant (East),,
PC8734587,2026-09-01T09:45:00.000,Treatments,204,ST NICHOLAS AVENUE,10027,Manhattan,Bait applied,,,1019260007,1,1926,7,40.806959555213,-73.952859785788,"{'latitude': '40.806959555213', 'longitude': '-73.952859785788', 'human_address': '{""address"": """", ""city"": """", ""state"": """", ""zip"": """"}'}",10,9,220,1058462,Harlem (South),,
PC8699879,2026-09-01T09:45:02.000,Treatments,571,EAST 170 STREET,10456,Bronx,Bait applied,,,2029320015,2,2932,15,40.834599715187,-73.901755667677,"{'latitude': '40.834599715187', 'longitude': '-73.901755667677', 'human_address': '{""address"": """", ""city"": """", ""state"": """", ""zip"": """"}'}",3,15,149,2009720,Morrisania,,
PC8630792,2026-09-01T09:45:22.000,Treatments,2767,SEDGWICK AVENUE,10468,Bronx,Bait applied,,,2032530051,2,3253,51,40.871484016322,-73.902420505534,"{'latitude': '40.871484016322', 'longitude': '-73.902420505534', 'human_address': '{""address"": """", ""city"": """", ""state"": """", ""zip"": """"}'}",8,14,273,2015515,Kingsbridge Heights-Van Cortlandt Village,1011237,256800
PC8771589,2026-09-01T09:48:48.000,Initial,1170,DEAN STREET,11216,Brooklyn,Failed for Rat Activity,,Droppings,3012120031,3,1212,31,40.676914623889,-73.950893489553,"{'latitude': '40.676914623889', 'longitude': '-73.950893489553', 'human_address': '{""address"": """", ""city"": """", ""state"": """", ""zip"": """"}'}",8,36,315,3030320,Crown Heights (North),,
PC8771655,2026-09-01T09:49:20.000,Initial,701,FRANKLIN AVENUE,11238,Brooklyn,Failed for Rat Activity,COTA,Droppings,3012310007,3,1231,7,40.674572866664,-73.956544379562,"{'latitude': '40.674572866664', 'longitude': '-73.956544379562', 'human_address': '{""address"": """", ""city"": """", ""state"": """", ""zip"": """"}'}",8,35,221,3031107,Crown Heights (North),,
PC8743843,2026-09-01T09:50:02.000,Compliance,2186,GRAND CONCOURSE,10457,Bronx,Failed for Rat Activity,Summons Issued,Burrows,2031570020,2,3157,20,40.855456470448,-73.901175272632,"{'latitude': '40.855456470448', 'longitude': '-73.901175272632', 'human_address': '{""address"": """", ""city"": """", ""state"": """", ""zip"": """"}'}",5,15,381,2013706,Mount Hope,,
PC8771331,2026-09-01T09:50:13.000,Initial,1172,DEAN STREET,11216,Brooklyn,Failed for Rat Activity,COTA,Droppings,3012120032,3,1212,32,40.676911854385,-73.950835808301,"{'latitude': '40.676911854385', 'longitude': '-73.950835808301', 'human_address': '{""address"": """", ""city"": """", ""state"": """", ""zip"": """"}'}",8,36,315,3030321,Crown Heights (North),,
PC8701750,2026-09-01T09:50:41.000,Treatments,170,EAST 17 STREET,11226,Brooklyn,Bait applied,,,3051200008,3,5120,8,40.646430328674,-73.963492411098,"{'latitude': '40.646430328674', 'longitude': '-73.963492411098', 'human_address': '{""address"": """", ""city"": """", ""state"": """", ""zip"": """"}'}",14,40,512,3117569,Flatbush,,
PC8720674,2026-09-01T09:52:28.000,Treatments,488,MONROE STREET,11221,Brooklyn,Bait applied,,,3016390007,3,1639,7,40.686891177639,-73.938100131736,"{'latitude': '40.686891177639', 'longitude': '-73.938100131736', 'human_address': '{""address"": """", ""city"": """", ""state"": """", ""zip"": """"}'}",3,36,277,3044771,Bedford-Stuyvesant (East),,
PC8614958,2026-09-01T09:54:49.000,Treatments,105,WEST 113 STREET,10026,Manhattan,Bait applied,,,1018230027,1,1823,27,40.80027554067,-73.951528129558,"{'latitude': '40.80027554067', 'longitude': '-73.951528129558', 'human_address': '{""address"": """", ""city"": """", ""state"": """", ""zip"": """"}'}",10,9,216,1055013,Harlem (South),,
PC8760134,2026-09-01T09:55:01.000,Initial,631,EAST TREMONT AVENUE,10457,Bronx,Failed for Other Reason,COTA,Harborage,2030680098,2,3068,98,40.846078134152,-73.892474912396,"{'latitude': '40.846078134152', 'longitude': '-73.892474912396', 'human_address': '{""address"": """", ""city"": """", ""state"": """", ""zip"": """"}'}",6,15,373,2011992,Tremont,,
PC8692000,2026-09-01T09:55:18.000,Treatments,2758,BROADWAY,10025,Manhattan,Bait applied,,,1018770051,1,1877,51,40.801302321764,-73.967867926671,"{'latitude': '40.801302321764', 'longitude': '-73.967867926671', 'human_address': '{""address"": """", ""city"": """", ""state"": """", ""zip"": """"}'}",7,7,191,1056626,Upper West Side-Manhattan Valley,,
PC8747640,2026-09-01T09:55:19.000,Treatments,274,EAST 10 STREET,10009,Manhattan,Bait applied,,,1004370018,1,437,18,40.728267610898,-73.983276944471,"{'latitude': '40.728267610898', 'longitude': '-73.983276944471', 'human_address': '{""address"": """", ""city"": """", ""state"": """", ""zip"": """"}'}",3,2,34,1005906,East Village,,
PC8772100,2026-09-01T09:55:20.000,Initial,689,FRANKLIN AVENUE,11238,Brooklyn,Failed for Rat Activity,COTA,Droppings,3012310014,3,1231,14,40.67490768278,-73.956421587254,"{'latitude': '40.67490768278', 'longitude': '-73.956421587254', 'human_address': '{""address"": """", ""city"": """", ""state"": """", ""zip"": """"}'}",8,35,221,3426347,Crown Heights (North),,
PC8724608,2026-09-01T09:56:42.000,Treatments,449,WEST 48 STREET,10036,Manhattan,Bait applied,,,1010580006,1,1058,6,40.762825049022,-73.991256885373,"{'latitude': '40.762825049022', 'longitude': '-73.991256885373', 'human_address': '{""address"": """", ""city"": """", ""state"": """", ""zip"": """"}'}",4,3,127,1026584,Hell's Kitchen,,
PC8772017,2026-09-01T09:57:53.000,Initial,1164,DEAN STREET,11216,Brooklyn,Failed for Rat Activity,COTA,Runways,3012120028,3,1212,28,40.676925675464,-73.95106292611,"{'latitude': '40.676925675464', 'longitude': '-73.95106292611', 'human_address': '{""address"": """", ""city"": """", ""state"": """", ""zip"": """"}'}",8,36,315,3030317,Crown Heights (North),,
PC8766501,2026-09-01T10:00:00.000,Initial,86-24,253 STREET,11426,Queens,Failed for Other Reason,COTA,Harborage,4086340086,4,8634,86,40.731437287526,-73.713186290197,"{'latitude': '40.731437287526', 'longitude': '-73.713186290197', 'human_address': '{""address"": """", ""city"": """", ""state"": """", ""zip"": """"}'}",13,23,1617,4176125,Bellerose,1063740,205892
PC8760424,2026-09-01T10:00:01.000,Initial,1979,HUGHES AVENUE,10457,Bronx,Failed for Other Reason,COTA,Harborage,2030680087,2,3068,87,40.846708791529,-73.891801602012,"{'latitude': '40.846708791529', 'longitude': '-73.891801602012', 'human_address': '{""address"": """", ""city"": """", ""state"": """", ""zip"": """"}'}",6,15,373,2011984,Tremont,,
PC8707732,2026-09-01T10:00:02.000,Treatments,1347,MORRIS AVENUE,10456,Bronx,Bait applied,,,2028160049,2,2816,49,40.836641960067,-73.912117295921,"{'latitude': '40.836641960067', 'longitude': '-73.912117295921', 'human_address': '{""address"": """", ""city"": """", ""state"": """", ""zip"": """"}'}",4,16,17902,2114222,Mount Eden-Claremont (West),,
PC8686667,2026-09-01T10:00:19.000,Treatments,2738,KINGSBRIDGE TERRACE,10463,Bronx,Bait applied,,,2032530040,2,3253,40,40.871844445356,-73.90345048254,"{'latitude': '40.871844445356', 'longitude': '-73.90345048254', 'human_address': '{""address"": """", ""city"": """", ""state"": """", ""zip"": """"}'}",8,14,273,2015511,Kingsbridge Heights-Van Cortlandt Village,,
PC8771131,2026-09-01T10:00:32.000,Initial,1162,DEAN STREET,11216,Brooklyn,Failed for Rat Activity,COTA,Burrows,3012120027,3,1212,27,40.676928444854,-73.951120607384,"{'latitude': '40.676928444854', 'longitude': '-73.951120607384', 'human_address': '{""address"": """", ""city"": """", ""state"": """", ""zip"": """"}'}",8,36,315,3030316,Crown Heights (North),,
PC8743364,2026-09-01T10:00:49.000,Compliance,2300,GRAND CONCOURSE,10458,Bronx,Failed for Rat Activity and Other Reason,Summons Issued,"Burrows, Garbage, Harborage",2031590001,2,3159,1,40.857601690867,-73.899834507873,"{'latitude': '40.857601690867', 'longitude': '-73.899834507873', 'human_address': '{""address"": """", ""city"": """", ""state"": """", ""zip"": """"}'}",5,15,38301,2013733,Fordham Heights,,
PC8647999,2026-09-01T10:01:00.000,Treatments,240,WEST 132 STREET,10027,Manhattan,Bait applied,,,1019370048,1,1937,48,40.813909157217,-73.946388190003,"{'latitude': '40.813909157217', 'longitude': '-73.946388190003', 'human_address': '{""address"": """", ""city"": """", ""state"": """", ""zip"": """"}'}",10,9,226,1058725,Harlem (North),,
PC8684852,2026-09-01T10:01:45.000,Compliance,40,1 AVENUE,10009,Manhattan,Failed for Rat Activity,Summons Issued,"Droppings, Burrows",1004300001,1,430,1,40.7243074694,-73.987668609718,"{'latitude': '40.7243074694', 'longitude': '-73.987668609718', 'human_address': '{""address"": """", ""city"": """", ""state"": """", ""zip"": """"}'}",3,2,3002,1005758,East Village,987668,203164
PC8748765,2026-09-01T10:03:00.000,Compliance,2081,5 AVENUE,10035,Manhattan,Failed for Rat Activity and Other Reason,Summons Issued,"Burrows, Garbage, Harborage",1017530102,1,1753,102,40.808526659586,-73.940699458315,"{'latitude': '40.808526659586', 'longitude': '-73.940699458315', 'human_address': '{""address"": """", ""city"": """", ""state"": """", ""zip"": """"}'}",11,9,206,1054207,East Harlem (North),,
PC8760808,2026-09-01T10:04:03.000,Compliance,92,CLERMONT PLACE,10314,Staten Island,Failed for Rat Activity,Summons Issued,Burrows,5007210006,5,721,6,40.609935783182,-74.128046831755,"{'latitude': '40.609935783182', 'longitude': '-74.128046831755', 'human_address': '{""address"": """", ""city"": """", ""state"": """", ""zip"": """"}'}",1,50,18701,5018233,Westerleigh-Castleton Corners,948697,161521
PC8586187,2026-09-01T10:04:11.000,Treatments,230,EAST 167 STREET,10456,Bronx,Bait applied,,,2024520054,2,2452,54,40.833787394117,-73.91573120803,"{'latitude': '40.833787394117', 'longitude': '-73.91573120803', 'human_address': '{""address"": """", ""city"": """", ""state"": """", ""zip"": """"}'}",4,16,18101,2002665,Concourse-Concourse Village,,
PC8717566,2026-09-01T10:05:00.000,Compliance,776,JEFFERSON AVENUE,11221,Brooklyn,Failed for Rat Activity,Summons Issued,Burrows,,3,1658,14,40.686049507397,-73.925866766928,"{'latitude': '40.686049507397', 'longitude': '-73.925866766928', 'human_address': '{""address"": """", ""city"": """", ""state"": """", ""zip"": """"}'}",3,41,383,,Bedford-Stuyvesant (East),,
PC8763397,2026-09-01T10:05:18.000,Initial,214,WEST   20 STREET,10011,Manhattan,Failed for Other Reason,COTA,Harborage,1007690047,1,769,47,40.742560796868,-73.997838345742,"{'latitude': '40.742560796868', 'longitude': '-73.997838345742', 'human_address': '{""address"": """", ""city"": """", ""state"": """", ""zip"": """"}'}",4,3,87,1013987,Chelsea-Hudson Yards,984849,209814
PC8577767,2026-09-01T10:05:41.000,Treatments,1800,ALBERMARLE ROAD,11226,Brooklyn,Bait applied,,,3051220001,3,5122,1,40.647009146651,-73.962468675324,"{'latitude': '40.647009146651', 'longitude': '-73.962468675324', 'human_address': '{""address"": """", ""city"": """", ""state"": """", ""zip"": """"}'}",14,40,512,3117590,Flatbush,994665,175004
PC8772449,2026-09-01T10:05:50.000,Initial,1160,DEAN STREET,11216,Brooklyn,Failed for Rat Activity,COTA,Droppings,3012120026,3,1212,26,40.676931214215,-73.951178288662,"{'latitude': '40.676931214215', 'longitude': '-73.951178288662', 'human_address': '{""address"": """", ""city"": """", ""state"": """", ""zip"": """"}'}",8,36,315,3030315,Crown Heights (North),,
PC8695034,2026-09-01T10:07:00.000,Treatments,1106,BERGEN STREET,11216,Brooklyn,Bait applied,,,3012200017,3,1220,17,40.67603274365,-73.949044695086,"{'latitude': '40.67603274365', 'longitude': '-73.949044695086', 'human_address': '{""address"": """", ""city"": """", ""state"": """", ""zip"": """"}'}",8,36,315,3030714,Crown Heights (North),,
PC8747795,2026-09-01T10:07:19.000,Treatments,447,EAST 9 STREET,10009,Manhattan,Bait applied,,,1004370134,1,437,134,40.727378256282,-73.982934413601,"{'latitude': '40.727378256282', 'longitude': '-73.982934413601', 'human_address': '{""address"": """", ""city"": """", ""state"": """", ""zip"": """"}'}",3,2,34,1089857,East Village,,
PC8773844,2026-09-01T10:08:14.000,Initial,,,10461,Bronx,Failed for Other Reason,COTA,"Garbage, Harborage",,2,5395,14,,,,,,,,,,
PC8772722,2026-09-01T10:08:20.000,Initial,1158,DEAN STREET,11216,Brooklyn,Failed for Rat Activity,COTA,Runways,3012120025,3,1212,25,40.676933982012,-73.951232364739,"{'latitude': '40.676933982012', 'longitude': '-73.951232364739', 'human_address': '{""address"": """", ""city"": """", ""state"": """", ""zip"": """"}'}",8,36,315,3030314,Crown Heights (North),,
PC8773104,2026-09-01T10:09:02.000,Initial,95,PERRY AVENUE,10314,Staten Island,Failed for Rat Activity,COTA,Burrows,5007250035,5,725,35,40.609854025714,-74.129962711821,"{'latitude': '40.609854025714', 'longitude': '-74.129962711821', 'human_address': '{""address"": """", ""city"": """", ""state"": """", ""zip"": """"}'}",1,50,18701,5134318,Westerleigh-Castleton Corners,948165,161492
PC8771782,2026-09-01T10:10:47.000,Initial,1156,DEAN STREET,11216,Brooklyn,Failed for Rat Activity,COTA,Droppings,3012120024,3,1212,24,40.676936751317,-73.951290046027,"{'latitude': '40.676936751317', 'longitude': '-73.951290046027', 'human_address': '{""address"": """", ""city"": """", ""state"": """", ""zip"": """"}'}",8,36,315,3030313,Crown Heights (North),,
PC8771946,2026-09-01T10:10:55.000,Initial,993,BERGEN STREET,11216,Brooklyn,Failed for Rat Activity,COTA,Burrows,3012110060,3,1211,60,40.676485058569,-73.954188944331,"{'latitude': '40.676485058569', 'longitude': '-73.954188944331', 'human_address': '{""address"": """", ""city"": """", ""state"": """", ""zip"": """"}'}",8,35,221,3030283,Crown Heights (North),,
PC8697385,2026-09-01T10:11:00.000,Treatments,382,EAST 184 STREET,10458,Bronx,Bait applied,,,2031430244,2,3143,244,40.857019012013,-73.895851649336,"{'latitude': '40.857019012013', 'longitude': '-73.895851649336', 'human_address': '{""address"": """", ""city"": """", ""state"": """", ""zip"": """"}'}",5,15,38303,2013332,Fordham Heights,,
PC8748409,2026-09-01T10:11:40.000,Compliance,2089,5 AVENUE,10035,Manhattan,Failed for Rat Activity and Other Reason,Summons Issued,"Droppings, Burrows, Runways, Garbage, Harborage",1017530069,1,1753,69,40.808746157007,-73.940540317499,"{'latitude': '40.808746157007', 'longitude': '-73.940540317499', 'human_address': '{""address"": """", ""city"": """", ""state"": """", ""zip"": """"}'}",11,9,206,1054205,East Harlem (North),,
PC8760398,2026-09-01T10:12:01.000,Initial,2017,ARTHUR AVENUE,10457,Bronx,Failed for Rat Activity,COTA,Droppings,2030680031,2,3068,31,40.847582443349,-73.892682112008,"{'latitude': '40.847582443349', 'longitude': '-73.892682112008', 'human_address': '{""address"": """", ""city"": """", ""state"": """", ""zip"": """"}'}",6,15,37504,2011969,Tremont,,
PC8772879,2026-09-01T10:13:48.000,Initial,1154,DEAN STREET,11216,Brooklyn,Failed for Rat Activity,COTA,Droppings,3012120023,3,1212,23,40.676939520593,-73.951347727319,"{'latitude': '40.676939520593', 'longitude': '-73.951347727319', 'human_address': '{""address"": """", ""city"": """", ""state"": """", ""zip"": """"}'}",8,36,315,3030312,Crown Heights (North),,
PC8717459,2026-09-01T10:14:00.000,Compliance,764,JEFFERSON AVENUE,11221,Brooklyn,Failed for Rat Activity,Summons Issued,"Droppings, Burrows",3016580009,3,1658,9,40.686014027787,-73.926180502506,"{'latitude': '40.686014027787', 'longitude': '-73.926180502506', 'human_address': '{""address"": """", ""city"": """", ""state"": """", ""zip"": """"}'}",3,41,383,3045921,Bedford-Stuyvesant (East),,
PC8769382,2026-09-01T10:14:33.000,Initial,1424,CROTONA PARK EAST,10460,Bronx,Failed for Rat Activity,COTA,Droppings,2029380011,2,2938,11,40.834619589366,-73.896262682343,"{'latitude': '40.834619589366', 'longitude': '-73.896262682343', 'human_address': '{""address"": """", ""city"": """", ""state"": """", ""zip"": """"}'}",3,15,153,2009844,Crotona Park East,1012956,243371
PC8767759,2026-09-01T10:15:00.000,Initial,102,DWIGHT STREET,11231,Brooklyn,Failed for Rat Activity,City Agency Referral,Burrows,3005570001,3,557,1,40.675697840491,-74.009434650731,"{'latitude': '40.675697840491', 'longitude': '-74.009434650731', 'human_address': '{""address"": """", ""city"": """", ""state"": """", ""zip"": """"}'}",6,38,85,3323702,Carroll Gardens-Cobble Hill-Gowanus-Red Hook,,
PC8588714,2026-09-01T10:15:24.000,Treatments,3451,GILES PLACE,10463,Bronx,Bait applied,,,2032580222,2,3258,222,40.881300012107,-73.89710449763,"{'latitude': '40.881300012107', 'longitude': '-73.89710449763', 'human_address': '{""address"": """", ""city"": """", ""state"": """", ""zip"": """"}'}",8,11,279,2015855,Kingsbridge Heights-Van Cortlandt Village,1012703,260378
PC8691745,2026-09-01T10:15:24.000,Treatments,2794,BROADWAY,10025,Manhattan,Bait applied,,,1018790061,1,1879,61,40.802765207183,-73.967636046671,"{'latitude': '40.802765207183', 'longitude': '-73.967636046671', 'human_address': '{""address"": """", ""city"": """", ""state"": """", ""zip"": """"}'}",7,7,195,1056672,Upper West Side-Manhattan Valley,,
PC8649343,2026-09-01T10:15:50.000,Treatments,537,LENOX AVENUE,10037,Manhattan,Bait applied,,,1020060029,1,2006,29,40.815492382331,-73.939851458541,"{'latitude': '40.815492382331', 'longitude': '-73.939851458541', 'human_address': '{""address"": """", ""city"": """", ""state"": """", ""zip"": """"}'}",10,9,228,1060002,Harlem (North),,
PC8743332,2026-09-01T10:15:59.000,Compliance,114,EAST 183 STREET,10453,Bronx,Failed for Rat Activity,Summons Issued,Burrows,2031710023,2,3171,23,40.85796000794,-73.901572809903,"{'latitude': '40.85796000794', 'longitude': '-73.901572809903', 'human_address': '{""address"": """", ""city"": """", ""state"": """", ""zip"": """"}'}",5,14,23704,2013867,Fordham Heights,,
PC8768782,2026-09-01T10:18:50.000,Initial,333,EAST   92 STREET,10128,Manhattan,Failed for Rat Activity,COTA,Droppings,1015550019,1,1555,19,40.781310537949,-73.9480574889,"{'latitude': '40.781310537949', 'longitude': '-73.9480574889', 'human_address': '{""address"": """", ""city"": """", ""state"": """", ""zip"": """"}'}",8,5,15402,1050255,Upper East Side-Yorkville,998635,223936
PC8668831,2026-09-01T10:20:19.000,Treatments,416,EAST 9 STREET,10009,Manhattan,Bait applied,,,1004360014,1,436,14,40.727809339956,-73.984013085767,"{'latitude': '40.727809339956', 'longitude': '-73.984013085767', 'human_address': '{""address"": """", ""city"": """", ""state"": """", ""zip"": """"}'}",3,2,32,1005868,East Village,,
PC8622657,2026-09-01T10:20:41.000,Treatments,145,EAST   18 STREET,11226,Brooklyn,Bait applied,,,3050990068,3,5099,68,40.647736602843,-73.962742139918,"{'latitude': '40.647736602843', 'longitude': '-73.962742139918', 'human_address': '{""address"": """", ""city"": """", ""state"": """", ""zip"": """"}'}",14,40,512,3117110,Flatbush,994589,175269
PC8678024,2026-09-01T10:20:41.000,Treatments,47,MARKET STREET,10002,Manhattan,Bait applied,,,1002760025,1,276,25,40.711978494492,-73.994329623727,"{'latitude': '40.711978494492', 'longitude': '-73.994329623727', 'human_address': '{""address"": """", ""city"": """", ""state"": """", ""zip"": """"}'}",3,1,8,1003303,Chinatown-Two Bridges,,
PC8771319,2026-09-01T10:23:33.000,Initial,1148,DEAN STREET,11216,Brooklyn,Failed for Rat Activity and Other Reason,COTA,"Droppings, Harborage",3012120020,3,1212,20,40.67694782672,-73.951517166019,"{'latitude': '40.67694782672', 'longitude': '-73.951517166019', 'human_address': '{""address"": """", ""city"": """", ""state"": """", ""zip"": """"}'}",8,36,315,3030309,Crown Heights (North),,
PC8742456,2026-09-01T10:24:00.000,Treatments,784,PROSPECT PLACE,11216,Brooklyn,Bait applied,,,3012330040,3,1233,40,40.674342761404,-73.950877365185,"{'latitude': '40.674342761404', 'longitude': '-73.950877365185', 'human_address': '{""address"": """", ""city"": """", ""state"": """", ""zip"": """"}'}",8,36,31701,3031208,Crown Heights (North),,
PC8728619,2026-09-01T10:24:24.000,Compliance,116,BRADHURST AVENUE,10039,Manhattan,Failed for Rat Activity,Summons Issued,Burrows,1020450060,1,2045,60,40.825025772675,-73.94159162671,"{'latitude': '40.825025772675', 'longitude': '-73.94159162671', 'human_address': '{""address"": """", ""city"": """", ""state"": """", ""zip"": """"}'}",10,9,259,1060825,Harlem (North),,
PC8720280,2026-09-01T10:24:38.000,Treatments,481,MONROE STREET,11221,Brooklyn,Bait applied,,,3016340072,3,1634,72,40.686954082765,-73.937685411685,"{'latitude': '40.686954082765', 'longitude': '-73.937685411685', 'human_address': '{""address"": """", ""city"": """", ""state"": """", ""zip"": """"}'}",3,36,277,3044621,Bedford-Stuyvesant (East),,
PC8773861,2026-09-01T10:24:40.000,Initial,212,WEST 20 STREET,10011,Manhattan,Failed for Other Reason,COTA,Harborage,1007690046,1,769,46,40.742544327537,-73.9977986498,"{'latitude': '40.742544327537', 'longitude': '-73.9977986498', 'human_address': '{""address"": """", ""city"": """", ""state"": """", ""zip"": """"}'}",4,3,87,1013986,Chelsea-Hudson Yards,,
PC8693636,2026-09-01T10:25:00.000,Compliance,540,KOSCIUSZKO STREET,11221,Brooklyn,Failed for Rat Activity,Summons Issued,Burrows,3016070026,3,1607,27,40.692783778226,-73.932476385892,"{'latitude': '40.692783778226', 'longitude': '-73.932476385892', 'human_address': '{""address"": """", ""city"": """", ""state"": """", ""zip"": """"}'}",3,36,289,3043454,Bedford-Stuyvesant (East),,
PC8754715,2026-09-01T10:25:00.000,Compliance,19,EAST  128 STREET,10035,Manhattan,Failed for Rat Activity and Other Reason,Summons Issued,"Burrows, Harborage",1017530011,1,1753,11,40.80796635625,-73.939977492949,"{'latitude': '40.80796635625', 'longitude': '-73.939977492949', 'human_address': '{""address"": """", ""city"": """", ""state"": """", ""zip"": """"}'}",11,9,206,1054176,East Harlem (North),1000866,233649
PC8715578,2026-09-01T10:25:44.000,Treatments,145,WEST  142 STREET,10030,Manhattan,Bait applied,,,1020110013,1,2011,13,40.819244179353,-73.939342241831,"{'latitude': '40.819244179353', 'longitude': '-73.939342241831', 'human_address': '{""address"": """", ""city"": """", ""state"": """", ""zip"": """"}'}",10,9,232,1060105,Harlem (North),1001039,237758
PC8751275,2026-09-01T10:26:34.000,Compliance,301,EAST   90 STREET,10128,Manhattan,Failed for Rat Activity,Summons Issued,"Droppings, Burrows",1015530001,1,1553,1,40.780287397542,-73.949520674175,"{'latitude': '40.780287397542', 'longitude': '-73.949520674175', 'human_address': '{""address"": """", ""city"": """", ""state"": """", ""zip"": """"}'}",8,5,15401,1050168,Upper East Side-Yorkville,998230,223563
PC8697423,2026-09-01T10:27:00.000,Treatments,313,EAST 187 STREET,10458,Bronx,Bait applied,,,2031470075,2,3147,75,40.859882234473,-73.896367732,"{'latitude': '40.859882234473', 'longitude': '-73.896367732', 'human_address': '{""address"": """", ""city"": """", ""state"": """", ""zip"": """"}'}",5,15,39902,2013471,Fordham Heights,,
PC8738741,2026-09-01T10:27:27.000,Compliance,220,EAST 85 STREET,10028,Manhattan,Failed for Rat Activity,Summons Issued,Burrows,1015300038,1,1530,38,40.77784912527,-73.953830085336,"{'latitude': '40.77784912527', 'longitude': '-73.953830085336', 'human_address': '{""address"": """", ""city"": """", ""state"": """", ""zip"": """"}'}",8,5,14601,1048749,Upper East Side-Yorkville,,
PC8771723,2026-09-01T10:28:17.000,Initial,684,ST MARKS AVENUE,11216,Brooklyn,Failed for Rat Activity,COTA,Droppings,3012260031,3,1226,31,40.675243095702,-73.950988458069,"{'latitude': '40.675243095702', 'longitude': '-73.950988458069', 'human_address': '{""address"": """", ""city"": """", ""state"": """", ""zip"": """"}'}",8,36,31701,3030960,Crown Heights (North),,
PC8772813,2026-09-01T10:28:55.000,Initial,963,BERGEN STREET,11216,Brooklyn,Failed for Other Reason,COTA,Harborage,3012110074,3,1211,74,40.676658306439,-73.955014413915,"{'latitude': '40.676658306439', 'longitude': '-73.955014413915', 'human_address': '{""address"": """", ""city"": """", ""state"": """", ""zip"": """"}'}",8,35,221,3030296,Crown Heights (North),,
PC8697702,2026-09-01T10:29:00.000,Treatments,317,EAST 187 STREET,10458,Bronx,Bait applied,,,2031470070,2,3147,70,40.859857437341,-73.896262931046,"{'latitude': '40.859857437341', 'longitude': '-73.896262931046', 'human_address': '{""address"": """", ""city"": """", ""state"": """", ""zip"": """"}'}",5,15,39902,2013470,Fordham Heights,,
PC8712215,2026-09-01T10:30:02.000,Treatments,1310,TELLER AVENUE,10456,Bronx,Bait applied,,,2027820172,2,2782,172,40.834993473287,-73.909994563557,"{'latitude': '40.834993473287', 'longitude': '-73.909994563557', 'human_address': '{""address"": """", ""city"": """", ""state"": """", ""zip"": """"}'}",4,16,17702,2007157,Mount Eden-Claremont (West),,
PC8769250,2026-09-01T10:30:07.000,Initial,793,FAIRMOUNT PLACE,10460,Bronx,Failed for Other Reason,COTA,Harborage,2029550044,2,2955,44,40.842759330302,-73.889147976393,"{'latitude': '40.842759330302', 'longitude': '-73.889147976393', 'human_address': '{""address"": """", ""city"": """", ""state"": """", ""zip"": """"}'}",6,15,36502,2010050,Tremont,,
PC8606524,2026-09-01T10:30:27.000,Treatments,3840,ORLOFF AVENUE,10463,Bronx,Bait applied,,,2032630172,2,3263,172,40.883588684083,-73.896627185638,"{'latitude': '40.883588684083', 'longitude': '-73.896627185638', 'human_address': '{""address"": """", ""city"": """", ""state"": """", ""zip"": """"}'}",8,11,279,2016064,Kingsbridge Heights-Van Cortlandt Village,1012834,261212
PC8768536,2026-09-01T10:32:14.000,Initial,2713,THROOP AVENUE,10469,Bronx,Failed for Other Reason,COTA,Harborage,2045250058,2,4525,58,40.865771988333,-73.851009457339,"{'latitude': '40.865771988333', 'longitude': '-73.851009457339', 'human_address': '{""address"": """", ""city"": """", ""state"": """", ""zip"": """"}'}",11,13,348,2054244,Pelham Gardens,1025459,254739
PC8730694,2026-09-01T10:32:24.000,Compliance,2787,FREDRICK DOUGLASS BL,10039,Manhattan,Failed for Rat Activity,Summons Issued,Burrows,1020450069,1,2045,69,40.824846780197,-73.940453609934,"{'latitude': '40.824846780197', 'longitude': '-73.940453609934', 'human_address': '{""address"": """", ""city"": """", ""state"": """", ""zip"": """"}'}",10,9,259,1060830,Harlem (North),,
PC8748548,2026-09-01T10:33:00.000,Compliance,2024,MADISON AVENUE,10035,Manhattan,Failed for Rat Activity and Other Reason,Summons Issued,"Droppings, Burrows, Runways, Garbage",1017530016,1,1753,16,40.807891776416,-73.939081703013,"{'latitude': '40.807891776416', 'longitude': '-73.939081703013', 'human_address': '{""address"": """", ""city"": """", ""state"": """", ""zip"": """"}'}",11,9,206,1054178,East Harlem (North),,
PC8772634,2026-09-01T10:33:36.000,Initial,1144,DEAN STREET,11216,Brooklyn,Failed for Rat Activity,COTA,Droppings,3012120018,3,1212,18,40.676956108267,-73.951628921441,"{'latitude': '40.676956108267', 'longitude': '-73.951628921441', 'human_address': '{""address"": """", ""city"": """", ""state"": """", ""zip"": """"}'}",8,36,315,3030307,Crown Heights (North),,
PC8732834,2026-09-01T10:34:00.000,Compliance,221,EAST 170 STREET,10456,Bronx,Failed for Rat Activity,Summons Issued,Burrows,2028320028,2,2832,28,40.838374458115,-73.912863094602,"{'latitude': '40.838374458115', 'longitude': '-73.912863094602', 'human_address': '{""address"": """", ""city"": """", ""state"": """", ""zip"": """"}'}",4,16,225,2007990,Mount Eden-Claremont (West),,
PC8764072,2026-09-01T10:34:00.000,Initial,34-05,44 STREET,11101,Queens,Failed for Rat Activity and Other Reason,COTA,"Droppings, Burrows, Garbage",4007040022,4,704,22,40.754973392606,-73.917820103788,"{'latitude': '40.754973392606', 'longitude': '-73.917820103788', 'human_address': '{""address"": """", ""city"": """", ""state"": """", ""zip"": """"}'}",1,22,159,4012330,Astoria (East)-Woodside (North),1007018,214347
PC8742260,2026-09-01T10:35:00.000,Treatments,786,PROSPECT PLACE,11216,Brooklyn,Bait applied,,,3012330041,3,1233,41,40.674339996532,-73.950830501363,"{'latitude': '40.674339996532', 'longitude': '-73.950830501363', 'human_address': '{""address"": """", ""city"": """", ""state"": """", ""zip"": """"}'}",8,36,31701,3031209,Crown Heights (North),,
PC8766997,2026-09-01T10:35:18.000,Initial,216,7 AVENUE,10011,Manhattan,Failed for Rat Activity,COTA,Burrows,1007720045,1,772,45,40.743760205059,-73.995896752405,"{'latitude': '40.743760205059', 'longitude': '-73.995896752405', 'human_address': '{""address"": """", ""city"": """", ""state"": """", ""zip"": """"}'}",4,3,91,1078606,Chelsea-Hudson Yards,985387,210251
PC8747670,2026-09-01T10:35:19.000,Treatments,159,1 AVENUE,10003,Manhattan,Bait applied,,,1004510032,1,451,32,40.728616374272,-73.984546877439,"{'latitude': '40.728616374272', 'longitude': '-73.984546877439', 'human_address': '{""address"": """", ""city"": """", ""state"": """", ""zip"": """"}'}",3,2,4001,1006417,East Village,,
PC8768325,2026-09-01T10:35:26.000,Initial,520,WEST  139 STREET,10031,Manhattan,Failed for Rat Activity,COTA,Burrows,1020700043,1,2070,43,40.82178597987,-73.951219740824,"{'latitude': '40.82178597987', 'longitude': '-73.951219740824', 'human_address': '{""address"": """", ""city"": """", ""state"": """", ""zip"": """"}'}",9,7,225,1061724,Hamilton Heights-Sugar Hill,997751,238682
PC8694662,2026-09-01T10:36:00.000,Compliance,560,KOSCIUSZKO STREET,11221,Brooklyn,Failed for Rat Activity,Summons Issued,"Droppings, Runways",3016070038,3,1607,38,40.692852047677,-73.931884920688,"{'latitude': '40.692852047677', 'longitude': '-73.931884920688', 'human_address': '{""address"": """", ""city"": """", ""state"": """", ""zip"": """"}'}",3,36,289,3043462,Bedford-Stuyvesant (East),,
PC8772006,2026-09-01T10:36:47.000,Initial,1140,DEAN STREET,11216,Brooklyn,Failed for Rat Activity,,Droppings,3012120016,3,1212,16,40.676961646448,-73.951744284093,"{'latitude': '40.676961646448', 'longitude': '-73.951744284093', 'human_address': '{""address"": """", ""city"": """", ""state"": """", ""zip"": """"}'}",8,36,315,3030305,Crown Heights (North),,
PC8728637,2026-09-01T10:37:24.000,Compliance,130,BRADHURST AVENUE,10039,Manhattan,Failed for Rat Activity,Summons Issued,Burrows,1020457503,1,2045,7503,40.825566285567,-73.941197301646,"{'latitude': '40.825566285567', 'longitude': '-73.941197301646', 'human_address': '{""address"": """", ""city"": """", ""state"": """", ""zip"": """"}'}",10,9,259,1087741,Harlem (North),,
PC8748634,2026-09-01T10:38:00.000,Compliance,2026,MADISON AVENUE,10035,Manhattan,Failed for Rat Activity and Other Reason,Summons Issued,"Droppings, Burrows, Harborage",1017530116,1,1753,116,40.807963112955,-73.939031064817,"{'latitude': '40.807963112955', 'longitude': '-73.939031064817', 'human_address': '{""address"": """", ""city"": """", ""state"": """", ""zip"": """"}'}",11,9,206,1054209,East Harlem (North),,
PC8769374,2026-09-01T10:40:00.000,Initial,183,LORRAINE STREET,11231,Brooklyn,Failed for Rat Activity and Other Reason,COTA,"Runways, Harborage, Animal Nuisance",3005720001,3,572,1,40.673098902601,-74.002299989183,"{'latitude': '40.673098902601', 'longitude': '-74.002299989183', 'human_address': '{""address"": """", ""city"": """", ""state"": """", ""zip"": """"}'}",6,38,5302,3336622,Carroll Gardens-Cobble Hill-Gowanus-Red Hook,983612,184507
PC8721830,2026-09-01T10:40:04.000,Treatments,131,WEST  142 STREET,10030,Manhattan,Bait applied,,,1020110020,1,2011,20,40.818999594441,-73.938771622101,"{'latitude': '40.818999594441', 'longitude': '-73.938771622101', 'human_address': '{""address"": """", ""city"": """", ""state"": """", ""zip"": """"}'}",10,9,232,1060110,Harlem (North),1001197,237669
PC8684071,2026-09-01T10:40:25.000,Treatments,7,WEST  108 STREET,10025,Manhattan,Bait applied,,,1018440025,1,1844,25,40.799518322287,-73.959467577478,"{'latitude': '40.799518322287', 'longitude': '-73.959467577478', 'human_address': '{""address"": """", ""city"": """", ""state"": """", ""zip"": """"}'}",7,7,193,1055722,Upper West Side-Manhattan Valley,995472,230568
PC8738649,2026-09-01T10:40:27.000,Compliance,240,EAST 85 STREET,10028,Manhattan,Failed for Rat Activity,Summons Issued,Droppings,1015300128,1,1530,128,40.777714504103,-73.953512438782,"{'latitude': '40.777714504103', 'longitude': '-73.953512438782', 'human_address': '{""address"": """", ""city"": """", ""state"": """", ""zip"": """"}'}",8,5,14601,1048760,Upper East Side-Yorkville,,
PC8431511,2026-09-01T10:40:41.000,Treatments,201,EAST   18 STREET,11226,Brooklyn,Bait applied,,,3051220062,3,5122,62,40.646169235557,-73.962443924829,"{'latitude': '40.646169235557', 'longitude': '-73.962443924829', 'human_address': '{""address"": """", ""city"": """", ""state"": """", ""zip"": """"}'}",14,40,512,3117606,Flatbush,994672,174698
PC8771298,2026-09-01T10:41:05.000,Initial,19,GRANT SQUARE,11216,Brooklyn,Failed for Rat Activity,COTA,"Droppings, Burrows",3012120006,3,1212,6,40.676901646249,-73.952667260311,"{'latitude': '40.676901646249', 'longitude': '-73.952667260311', 'human_address': '{""address"": """", ""city"": """", ""state"": """", ""zip"": """"}'}",8,36,315,3030302,Crown Heights (North),,
PC8768993,2026-09-01T10:42:11.000,Initial,436,EAST   89 STREET,10128,Manhattan,Failed for Rat Activity,COTA,Droppings,1015680031,1,1568,31,40.778172568838,-73.946500119479,"{'latitude': '40.778172568838', 'longitude': '-73.946500119479', 'human_address': '{""address"": """", ""city"": """", ""state"": """", ""zip"": """"}'}",8,5,14402,1078693,Upper East Side-Yorkville,999067,222793
PC8770760,2026-09-01T10:42:59.000,Initial,39,MAPLE AVENUE,10302,Staten Island,Failed for Other Reason,COTA,Harborage,5010730027,5,1073,27,40.639402428221,-74.134056039394,"{'latitude': '40.639402428221', 'longitude': '-74.134056039394', 'human_address': '{""address"": """", ""city"": """", ""state"": """", ""zip"": """"}'}",1,49,20702,5025268,Port Richmond,947045,172259
PC8748387,2026-09-01T10:43:00.000,Compliance,2028,MADISON AVENUE,10035,Manhattan,Failed for Rat Activity and Other Reason,Summons Issued,"Droppings, Burrows, Garbage",1017530017,1,1753,17,40.808037192295,-73.938976811652,"{'latitude': '40.808037192295', 'longitude': '-73.938976811652', 'human_address': '{""address"": """", ""city"": """", ""state"": """", ""zip"": """"}'}",11,9,206,1054179,East Harlem (North),,
PC8746205,2026-09-01T10:43:00.000,Compliance,654,JEFFERSON AVENUE,11221,Brooklyn,Failed for Rat Activity,Summons Issued,Burrows,3016560017,3,1656,17,40.685410686976,-73.931420208732,"{'latitude': '40.685410686976', 'longitude': '-73.931420208732', 'human_address': '{""address"": """", ""city"": """", ""state"": """", ""zip"": """"}'}",3,36,295,3045809,Bedford-Stuyvesant (East),1003270,189000
PC8740621,2026-09-01T10:43:36.000,Treatments,214,WEST 116 STREET,10026,Manhattan,Bait applied,,,1018310040,1,1831,40,40.803611219624,-73.95348705865,"{'latitude': '40.803611219624', 'longitude': '-73.95348705865', 'human_address': '{""address"": """", ""city"": """", ""state"": """", ""zip"": """"}'}",10,9,218,1055239,Harlem (South),,
PC8712212,2026-09-01T10:45:02.000,Treatments,1322,TELLER AVENUE,10456,Bronx,Bait applied,,,2027820075,2,2782,75,40.835174543743,-73.909889516976,"{'latitude': '40.835174543743', 'longitude': '-73.909889516976', 'human_address': '{""address"": """", ""city"": """", ""state"": """", ""zip"": """"}'}",4,16,17702,2007089,Mount Eden-Claremont (West),,
PC8701937,2026-09-01T10:45:23.000,Treatments,3873,ORLOFF AVENUE,10463,Bronx,Bait applied,,,2032630098,2,3263,98,40.884172885792,-73.896156129942,"{'latitude': '40.884172885792', 'longitude': '-73.896156129942', 'human_address': '{""address"": """", ""city"": """", ""state"": """", ""zip"": """"}'}",8,11,279,2016025,Kingsbridge Heights-Van Cortlandt Village,1012964,261425
PC8764918,2026-09-01T10:46:00.000,Initial,1040,AMSTERDAM AVENUE,10025,Manhattan,Failed for Rat Activity,City Agency Referral,Burrows,1018830028,1,1883,28,40.803952332941,-73.963156446836,"{'latitude': '40.803952332941', 'longitude': '-73.963156446836', 'human_address': '{""address"": """", ""city"": """", ""state"": """", ""zip"": """"}'}",9,7,199,1000000,Morningside Heights,,
PC8733191,2026-09-01T10:47:00.000,Compliance,151,EAST 170 STREET,10452,Bronx,Failed for Rat Activity,Summons Issued,Burrows,2028330001,2,2833,1,40.8391444877,-73.91486787036,"{'latitude': '40.8391444877', 'longitude': '-73.91486787036', 'human_address': '{""address"": """", ""city"": """", ""state"": """", ""zip"": """"}'}",4,16,223,2007996,Mount Eden-Claremont (West),,
PC8768217,2026-09-01T10:47:33.000,Initial,1922,CROTONA PARKWAY,10460,Bronx,Failed for Rat Activity,COTA,"Droppings, Burrows",2029850023,2,2985,23,40.841254413912,-73.885532730429,"{'latitude': '40.841254413912', 'longitude': '-73.885532730429', 'human_address': '{""address"": """", ""city"": """", ""state"": """", ""zip"": """"}'}",6,15,359,2010620,West Farms,1015922,245792
PC8733728,2026-09-01T10:47:41.000,Treatments,41,HENRY STREET,10002,Manhattan,Bait applied,,,1002800010,1,280,10,40.71292549697,-73.995635335149,"{'latitude': '40.71292549697', 'longitude': '-73.995635335149', 'human_address': '{""address"": """", ""city"": """", ""state"": """", ""zip"": """"}'}",3,1,8,1003407,Chinatown-Two Bridges,,
PC8772904,2026-09-01T10:49:22.000,Initial,35,GRANT SQUARE,11216,Brooklyn,Failed for Rat Activity,COTA,Runways,3012120003,3,1212,3,40.676465228438,-73.952671176425,"{'latitude': '40.676465228438', 'longitude': '-73.952671176425', 'human_address': '{""address"": """", ""city"": """", ""state"": """", ""zip"": """"}'}",8,36,315,3030301,Crown Heights (North),,
PC8747652,2026-09-01T10:50:19.000,Treatments,153,AVENUE A,10009,Manhattan,Bait applied,,,1004370027,1,437,27,40.727581292696,-73.98242924736,"{'latitude': '40.727581292696', 'longitude': '-73.98242924736', 'human_address': '{""address"": """", ""city"": """", ""state"": """", ""zip"": """"}'}",3,2,34,1077643,East Village,,
PC8736028,2026-09-01T10:51:00.000,Compliance,942,GREENE AVENUE,11221,Brooklyn,Failed for Other Reason,Summons Issued,Harborage,3016220011,3,1622,11,40.690825221215,-73.929921749953,"{'latitude': '40.690825221215', 'longitude': '-73.929921749953', 'human_address': '{""address"": """", ""city"": """", ""state"": """", ""zip"": """"}'}",3,36,387,3044135,Bedford-Stuyvesant (East),1003684,190973
PC8742656,2026-09-01T10:52:00.000,Treatments,746,PROSPECT PLACE,11216,Brooklyn,Bait applied,,,3012330024,3,1233,24,40.67438980382,-73.951774992665,"{'latitude': '40.67438980382', 'longitude': '-73.951774992665', 'human_address': '{""address"": """", ""city"": """", ""state"": """", ""zip"": """"}'}",8,36,31701,3031204,Crown Heights (North),,
PC8748325,2026-09-01T10:52:00.000,Compliance,28,EAST 129 STREET,10035,Manhattan,Failed for Other Reason,Summons Issued,Harborage,1017530059,1,1753,59,40.80847927046,-73.939305129575,"{'latitude': '40.80847927046', 'longitude': '-73.939305129575', 'human_address': '{""address"": """", ""city"": """", ""state"": """", ""zip"": """"}'}",11,9,206,1054199,East Harlem (North),,
PC8770720,2026-09-01T10:52:00.000,Initial,500,EAST   88 STREET,10128,Manhattan,Failed for Rat Activity,COTA,Burrows,1015840049,1,1584,49,40.777077104018,-73.945843864661,"{'latitude': '40.777077104018', 'longitude': '-73.945843864661', 'human_address': '{""address"": """", ""city"": """", ""state"": """", ""zip"": """"}'}",8,5,14402,1078787,Upper East Side-Yorkville,999249,222394
PC8729163,2026-09-01T10:52:24.000,Compliance,2809,8 AVENUE,10039,Manhattan,Failed for Rat Activity,Summons Issued,Burrows,1020450092,1,2045,92,40.825700070559,-73.93983135598,"{'latitude': '40.825700070559', 'longitude': '-73.93983135598', 'human_address': '{""address"": """", ""city"": """", ""state"": """", ""zip"": """"}'}",10,9,259,1076723,Harlem (North),,
PC8743624,2026-09-01T10:55:43.000,Compliance,2245,CRESTON AVENUE,10453,Bronx,Failed for Other Reason,Summons Issued,Harborage,2031710036,2,3171,36,40.85680717526,-73.901520297608,"{'latitude': '40.85680717526', 'longitude': '-73.901520297608', 'human_address': '{""address"": """", ""city"": """", ""state"": """", ""zip"": """"}'}",5,14,23704,2013876,Fordham Heights,,
PC8648813,2026-09-01T10:55:44.000,Treatments,653,LENOX AVENUE,10037,Manhattan,Bait applied,,,1020110034,1,2011,34,40.818921974036,-73.937348199561,"{'latitude': '40.818921974036', 'longitude': '-73.937348199561', 'human_address': '{""address"": """", ""city"": """", ""state"": """", ""zip"": """"}'}",10,9,232,1060118,Harlem (North),,
PC8772278,2026-09-01T10:56:58.000,Initial,1041,BERGEN STREET,11216,Brooklyn,Failed for Rat Activity and Other Reason,,"Droppings, Burrows, Harborage",3012120072,3,1212,72,40.676195863196,-73.951766471326,"{'latitude': '40.676195863196', 'longitude': '-73.951766471326', 'human_address': '{""address"": """", ""city"": """", ""state"": """", ""zip"": """"}'}",8,36,315,3030352,Crown Heights (North),,
PC8593709,2026-09-01T10:57:14.000,Compliance,2723,BARNES AVENUE,10467,Bronx,Failed for Rat Activity,Summons Issued,Burrows,2045120052,2,4512,52,40.86602904973,-73.863511287277,"{'latitude': '40.86602904973', 'longitude': '-73.863511287277', 'human_address': '{""address"": """", ""city"": """", ""state"": """", ""zip"": """"}'}",11,13,340,2053736,Allerton,1022001,254827
PC8748553,2026-09-01T10:58:00.000,Compliance,24,EAST 129 STREET,10035,Manhattan,Failed for Rat Activity and Other Reason,Summons Issued,"Droppings, Runways, Garbage",1017530061,1,1753,61,40.808534234017,-73.939435124344,"{'latitude': '40.808534234017', 'longitude': '-73.939435124344', 'human_address': '{""address"": """", ""city"": """", ""state"": """", ""zip"": """"}'}",11,9,206,1054200,East Harlem (North),,
PC8723811,2026-09-01T10:58:48.000,Compliance,331,EAST   17 STREET,10003,Manhattan,Failed for Rat Activity and Other Reason,Summons Issued,"Droppings, Garbage",1009230020,1,923,20,40.733759751448,-73.982377095762,"{'latitude': '40.733759751448', 'longitude': '-73.982377095762', 'human_address': '{""address"": """", ""city"": """", ""state"": """", ""zip"": """"}'}",6,2,48,1020436,Gramercy,989134,206608
PC8769400,2026-09-01T10:58:51.000,Initial,506,EAST   88 STREET,10128,Manhattan,Failed for Rat Activity,COTA,Droppings,1015840046,1,1584,46,40.777027640468,-73.945721143028,"{'latitude': '40.777027640468', 'longitude': '-73.945721143028', 'human_address': '{""address"": """", ""city"": """", ""state"": """", ""zip"": """"}'}",8,5,14402,1051336,Upper East Side-Yorkville,999283,222376
PC8692707,2026-09-01T10:59:42.000,Treatments,621,WEST 45 STREET,10036,Manhattan,Bait applied,,,1010930009,1,1093,9,40.763003764209,-73.997505570408,"{'latitude': '40.763003764209', 'longitude': '-73.997505570408', 'human_address': '{""address"": """", ""city"": """", ""state"": """", ""zip"": """"}'}",4,3,12901,1000000,Hell's Kitchen,,
PC8711968,2026-09-01T11:00:02.000,Treatments,1334,TELLER AVENUE,10456,Bronx,Bait applied,,,2027820080,2,2782,80,40.835355614098,-73.90978446982,"{'latitude': '40.835355614098', 'longitude': '-73.90978446982', 'human_address': '{""address"": """", ""city"": """", ""state"": """", ""zip"": """"}'}",4,16,17702,2007094,Mount Eden-Claremont (West),,
PC8768794,2026-09-01T11:00:26.000,Initial,475,WEST  145 STREET,10031,Manhattan,Failed for Rat Activity,COTA,"Burrows, Runways",1020600011,1,2060,11,40.824959750423,-73.946942920635,"{'latitude': '40.824959750423', 'longitude': '-73.946942920635', 'human_address': '{""address"": """", ""city"": """", ""state"": """", ""zip"": """"}'}",9,7,231,1061341,Hamilton Heights-Sugar Hill,998934,239839
PC8439675,2026-09-01T11:00:41.000,Treatments,1815,BEVERLY ROAD,11226,Brooklyn,Bait applied,,,3051220037,3,5122,37,40.644645711009,-73.961925888029,"{'latitude': '40.644645711009', 'longitude': '-73.961925888029', 'human_address': '{""address"": """", ""city"": """", ""state"": """", ""zip"": """"}'}",14,40,512,3117600,Flatbush,994816,174143
PC8547193,2026-09-01T11:00:49.000,Treatments,210,WEST  251 STREET,10471,Bronx,Bait applied,,,2058141155,2,5814,1155,40.89577275042,-73.896901151204,"{'latitude': '40.89577275042', 'longitude': '-73.896901151204', 'human_address': '{""address"": """", ""city"": """", ""state"": """", ""zip"": """"}'}",8,11,351,2084347,Riverdale-Spuyten Duyvil,1012753,265651
PC8744621,2026-09-01T11:01:11.000,Treatments,24,KOSCIUSZKO STREET,11205,Brooklyn,Bait applied,,,3017837503,3,1783,7503,40.690255704792,-73.954464315178,"{'latitude': '40.690255704792', 'longitude': '-73.954464315178', 'human_address': '{""address"": """", ""city"": """", ""state"": """", ""zip"": """"}'}",3,36,241,3421647,Bedford-Stuyvesant (West),,
PC8772985,2026-09-01T11:02:44.000,Initial,1051,BERGEN STREET,11216,Brooklyn,Failed for Rat Activity,COTA,Droppings,3012120067,3,1212,67,40.676179263646,-73.951456439066,"{'latitude': '40.676179263646', 'longitude': '-73.951456439066', 'human_address': '{""address"": """", ""city"": """", ""state"": """", ""zip"": """"}'}",8,36,315,3030349,Crown Heights (North),,
PC8772250,2026-09-01T11:02:49.000,Initial,NOSTRAND,AVENUE,11216,Brooklyn,Failed for Rat Activity,COTA,"Droppings, Burrows",,3,1226,43,,,,,,,,,,
PC8770975,2026-09-01T11:03:16.000,Initial,1055,BERGEN STREET,11216,Brooklyn,Failed for Rat Activity,COTA,Burrows,3012120065,3,1212,65,40.676173720582,-73.951330262301,"{'latitude': '40.676173720582', 'longitude': '-73.951330262301', 'human_address': '{""address"": """", ""city"": """", ""state"": """", ""zip"": """"}'}",8,36,315,3030348,Crown Heights (North),,
PC8747595,2026-09-01T11:05:19.000,Treatments,147,AVENUE A,10009,Manhattan,Bait applied,,,1004370030,1,437,30,40.727405647501,-73.982559179975,"{'latitude': '40.727405647501', 'longitude': '-73.982559179975', 'human_address': '{""address"": """", ""city"": """", ""state"": """", ""zip"": """"}'}",3,2,34,1077647,East Village,,
PC8700213,2026-09-01T11:05:41.000,Treatments,88,DIVISION STREET,10002,Manhattan,Bait applied,,,1002930028,1,293,28,40.714303286953,-73.993809983219,"{'latitude': '40.714303286953', 'longitude': '-73.993809983219', 'human_address': '{""address"": """", ""city"": """", ""state"": """", ""zip"": """"}'}",3,1,16,1003793,Chinatown-Two Bridges,,
PC8772077,2026-09-01T11:05:56.000,Initial,1057,BERGEN STREET,11216,Brooklyn,Failed for Rat Activity,COTA,Droppings,3012120063,3,1212,63,40.67616820499,-73.951268978523,"{'latitude': '40.67616820499', 'longitude': '-73.951268978523', 'human_address': '{""address"": """", ""city"": """", ""state"": """", ""zip"": """"}'}",8,36,315,3030347,Crown Heights (North),,
PC8733231,2026-09-01T11:07:00.000,Compliance,1475,SHERIDAN AVENUE,10457,Bronx,Failed for Rat Activity and Other Reason,Summons Issued,"Burrows, Harborage",2028320050,2,2832,50,40.840069882657,-73.911783868506,"{'latitude': '40.840069882657', 'longitude': '-73.911783868506', 'human_address': '{""address"": """", ""city"": """", ""state"": """", ""zip"": """"}'}",4,16,225,2007994,Mount Eden-Claremont (West),,
PC8751282,2026-09-01T11:07:00.000,Compliance,742,LEXINGTON AVENUE,11221,Brooklyn,Failed for Other Reason,Summons Issued,Garbage,3016270019,3,1627,19,40.690125056633,-73.929518625179,"{'latitude': '40.690125056633', 'longitude': '-73.929518625179', 'human_address': '{""address"": """", ""city"": """", ""state"": """", ""zip"": """"}'}",3,36,387,3044366,Bedford-Stuyvesant (East),1003796,190718
PC8738862,2026-09-01T11:07:21.000,Treatments,961,Columbus Avenue.,10025,Manhattan,Bait applied,,,1018430001,1,1843,1,40.80004901021,-73.962259252328,"{'latitude': '40.80004901021', 'longitude': '-73.962259252328', 'human_address': '{""address"": """", ""city"": """", ""state"": """", ""zip"": """"}'}",7,7,193,1055676,Upper West Side-Manhattan Valley,,
PC8771160,2026-09-01T11:07:50.000,Initial,1059,BERGEN STREET,11216,Brooklyn,Failed for Rat Activity,COTA,Droppings,3012120061,3,1212,61,40.676165432605,-73.951204087574,"{'latitude': '40.676165432605', 'longitude': '-73.951204087574', 'human_address': '{""address"": """", ""city"": """", ""state"": """", ""zip"": """"}'}",8,36,315,3030346,Crown Heights (North),,
PC8742029,2026-09-01T11:08:00.000,Treatments,113,ROGERS AVENUE,11216,Brooklyn,Bait applied,,,3012330002,3,1233,2,40.673761720852,-73.952907429628,"{'latitude': '40.673761720852', 'longitude': '-73.952907429628', 'human_address': '{""address"": """", ""city"": """", ""state"": """", ""zip"": """"}'}",8,36,31701,3031187,Crown Heights (North),,
PC8766505,2026-09-01T11:09:00.000,Initial,169A,STUYVESANT AVENUE,11221,Brooklyn,Failed for Other Reason,COTA,Harborage,3016260003,3,1626,3,40.68921055735,-73.933287734178,"{'latitude': '40.68921055735', 'longitude': '-73.933287734178', 'human_address': '{""address"": """", ""city"": """", ""state"": """", ""zip"": """"}'}",3,36,291,3044296,Bedford-Stuyvesant (East),1002751,190384
PC8769670,2026-09-01T11:10:33.000,Initial,2045,SOUTHERN BOULEVARD,10460,Bronx,Failed for Rat Activity and Other Reason,COTA,"Droppings, Harborage",2031080038,2,3108,38,40.845115997333,-73.885269440374,"{'latitude': '40.845115997333', 'longitude': '-73.885269440374', 'human_address': '{""address"": """", ""city"": """", ""state"": """", ""zip"": """"}'}",6,15,36501,2012956,Tremont,1015942,247123
PC8685881,2026-09-01T11:10:41.000,Treatments,1809,BEVERLY ROAD,11226,Brooklyn,Bait applied,,,3051220039,3,5122,39,40.644640234615,-73.961965529177,"{'latitude': '40.644640234615', 'longitude': '-73.961965529177', 'human_address': '{""address"": """", ""city"": """", ""state"": """", ""zip"": """"}'}",14,40,512,3117601,Flatbush,994805,174141
PC8727725,2026-09-01T11:11:24.000,Compliance,239,WEST  145 STREET,10039,Manhattan,Failed for Rat Activity,Summons Issued,Burrows,1020310012,1,2031,12,40.822162348754,-73.940311497085,"{'latitude': '40.822162348754', 'longitude': '-73.940311497085', 'human_address': '{""address"": """", ""city"": """", ""state"": """", ""zip"": """"}'}",10,9,232,1060475,Harlem (North),1000770,238821
PC8771389,2026-09-01T11:12:46.000,Initial,1061,BERGEN STREET,11216,Brooklyn,Failed for Rat Activity and Other Reason,COTA,"Droppings, Garbage",3012120059,3,1212,59,40.67616266172,-73.951142801795,"{'latitude': '40.67616266172', 'longitude': '-73.951142801795', 'human_address': '{""address"": """", ""city"": """", ""state"": """", ""zip"": """"}'}",8,36,315,3030345,Crown Heights (North),,
PC8768177,2026-09-01T11:13:26.000,Initial,402,WEST  148 STREET,10031,Manhattan,Failed for Rat Activity and Other Reason,COTA,"Droppings, Harborage",1020620037,1,2062,37,40.826204457536,-73.943982610113,"{'latitude': '40.826204457536', 'longitude': '-73.943982610113', 'human_address': '{""address"": """", ""city"": """", ""state"": """", ""zip"": """"}'}",9,9,231,1061455,Hamilton Heights-Sugar Hill,999753,240293
PC8648687,2026-09-01T11:15:00.000,Treatments,102,WEST 143 STREET,10030,Manhattan,Bait applied,,,1020110038,1,2011,38,40.819237670562,-73.937441837813,"{'latitude': '40.819237670562', 'longitude': '-73.937441837813', 'human_address': '{""address"": """", ""city"": """", ""state"": """", ""zip"": """"}'}",10,9,232,1000000,Harlem (North),,
PC8711653,2026-09-01T11:15:02.000,Treatments,1302,FINDLAY AVENUE,10456,Bronx,Bait applied,,,2027820155,2,2782,155,40.835263136446,-73.910865128283,"{'latitude': '40.835263136446', 'longitude': '-73.910865128283', 'human_address': '{""address"": """", ""city"": """", ""state"": """", ""zip"": """"}'}",4,16,17702,2007152,Mount Eden-Claremont (West),,
PC8749408,2026-09-01T11:16:31.000,Compliance,336,EAST   18 STREET,10003,Manhattan,Failed for Rat Activity and Other Reason,Summons Issued,"Droppings, Burrows, Runways, Garbage, Animal Nuisance",1009230044,1,923,44,40.734415716129,-73.982156813539,"{'latitude': '40.734415716129', 'longitude': '-73.982156813539', 'human_address': '{""address"": """", ""city"": """", ""state"": """", ""zip"": """"}'}",6,2,48,1020445,Gramercy,989195,206847
PC8772791,2026-09-01T11:16:36.000,Initial,1063,BERGEN STREET,11216,Brooklyn,Failed for Rat Activity,COTA,Droppings,3012120058,3,1212,58,40.676159889264,-73.951077910857,"{'latitude': '40.676159889264', 'longitude': '-73.951077910857', 'human_address': '{""address"": """", ""city"": """", ""state"": """", ""zip"": """"}'}",8,36,315,3030344,Crown Heights (North),,
PC8742336,2026-09-01T11:19:00.000,Treatments,101,ROGERS AVENUE,11216,Brooklyn,Bait applied,,,3012330009,3,1233,9,40.674134995563,-73.952871114487,"{'latitude': '40.674134995563', 'longitude': '-73.952871114487', 'human_address': '{""address"": """", ""city"": """", ""state"": """", ""zip"": """"}'}",8,36,31701,3031192,Crown Heights (North),,
PC8769235,2026-09-01T11:19:27.000,Initial,1883,FAIRMOUNT PLACE,,Bronx,Failed for Rat Activity and Other Reason,City Agency Referral,"Burrows, Harborage",,2,2951,15,0.00000000000000000000,0.00000000000000000000,"{'latitude': '0.0', 'longitude': '0.0', 'human_address': '{""address"": """", ""city"": """", ""state"": """", ""zip"": """"}'}",,,,,,,
PC8771851,2026-09-01T11:20:32.000,Initial,1065,BERGEN STREET,11216,Brooklyn,Failed for Rat Activity,COTA,Droppings,3012120057,3,1212,57,40.676157118312,-73.951016625089,"{'latitude': '40.676157118312', 'longitude': '-73.951016625089', 'human_address': '{""address"": """", ""city"": """", ""state"": """", ""zip"": """"}'}",8,36,315,3030343,Crown Heights (North),,
PC8760844,2026-09-01T11:22:00.000,Initial,127,MALCOM X BOULEVARD,11221,Brooklyn,Failed for Rat Activity,COTA,Burrows,3016320005,3,1632,5,40.689109953806,-73.930276934772,"{'latitude': '40.689109953806', 'longitude': '-73.930276934772', 'human_address': '{""address"": """", ""city"": """", ""state"": """", ""zip"": """"}'}",3,36,387,3044524,Bedford-Stuyvesant (East),1003613,190147
PC8729034,2026-09-01T11:22:01.000,Compliance,325,EAST 165 STREET,10456,Bronx,Failed for Rat Activity and Other Reason,Summons Issued,"Burrows, Harborage",2024330040,2,2433,40,40.828651057811,-73.914476640423,"{'latitude': '40.828651057811', 'longitude': '-73.914476640423', 'human_address': '{""address"": """", ""city"": """", ""state"": """", ""zip"": """"}'}",4,16,175,2000000,Concourse-Concourse Village,,
PC8761531,2026-09-01T11:23:20.000,Compliance,714,FOSTER AVENUE,11230,Brooklyn,Failed for Rat Activity,Summons Issued,"Droppings, Burrows",3064950005,3,6495,5,40.630707371658,-73.970039946208,"{'latitude': '40.630707371658', 'longitude': '-73.970039946208', 'human_address': '{""address"": """", ""city"": """", ""state"": """", ""zip"": """"}'}",14,45,460,3170097,Flatbush (West)-Ditmas Park-Parkville,992566,169064
PC8761451,2026-09-01T11:24:41.000,Compliance,775,ST NICHOLAS AVENUE,10031,Manhattan,Failed for Rat Activity,Summons Issued,"Droppings, Burrows",1020630136,1,2063,136,40.826448331126,-73.943151335905,"{'latitude': '40.826448331126', 'longitude': '-73.943151335905', 'human_address': '{""address"": """", ""city"": """", ""state"": """", ""zip"": """"}'}",9,9,231,1061539,Hamilton Heights-Sugar Hill,,
PC8669011,2026-09-01T11:25:19.000,Treatments,120,EAST 7 STREET,10009,Manhattan,Bait applied,,,1004340024,1,434,24,40.726338178812,-73.984255168675,"{'latitude': '40.726338178812', 'longitude': '-73.984255168675', 'human_address': '{""address"": """", ""city"": """", ""state"": """", ""zip"": """"}'}",3,2,32,1005787,East Village,,
PC8680651,2026-09-01T11:25:52.000,Treatments,244,FIELDSTON TERRACE,10471,Bronx,Bait applied,,,2058271620,2,5827,1620,40.89567222783,-73.898058785763,"{'latitude': '40.89567222783', 'longitude': '-73.898058785763', 'human_address': '{""address"": """", ""city"": """", ""state"": """", ""zip"": """"}'}",8,11,351,2084561,Riverdale-Spuyten Duyvil,1012414,265624
PC8739285,2026-09-01T11:26:00.000,Compliance,220,EAST 84 STREET,10028,Manhattan,Failed for Rat Activity,Summons Issued,Droppings,1015290036,1,1529,36,40.777215273556,-73.954296301331,"{'latitude': '40.777215273556', 'longitude': '-73.954296301331', 'human_address': '{""address"": """", ""city"": """", ""state"": """", ""zip"": """"}'}",8,5,138,1048717,Upper East Side-Yorkville,,
PC8708726,2026-09-01T11:26:42.000,Treatments,404,WEST 22 STREET,10011,Manhattan,Bait applied,,,1007190046,1,719,46,40.745934110648,-74.002107629806,"{'latitude': '40.745934110648', 'longitude': '-74.002107629806', 'human_address': '{""address"": """", ""city"": """", ""state"": """", ""zip"": """"}'}",4,3,89,1012644,Chelsea-Hudson Yards,,
PC8711233,2026-09-01T11:27:00.000,Compliance,770A,GREENE AVENUE,11221,Brooklyn,Failed for Rat Activity,Summons Issued,"Burrows, Runways",3016190031,3,1619,31,40.689940376261,-73.937646550909,"{'latitude': '40.689940376261', 'longitude': '-73.937646550909', 'human_address': '{""address"": """", ""city"": """", ""state"": """", ""zip"": """"}'}",3,36,279,3043969,Bedford-Stuyvesant (East),,
PC8769334,2026-09-01T11:27:14.000,Initial,2404,BRONX PARK EAST,10467,Bronx,Failed for Other Reason,COTA,"Garbage, Harborage",2044240010,2,4424,10,40.861730702028,-73.870544607497,"{'latitude': '40.861730702028', 'longitude': '-73.870544607497', 'human_address': '{""address"": """", ""city"": """", ""state"": """", ""zip"": """"}'}",11,15,33202,2051214,Allerton,1020058,253258
PC8691921,2026-09-01T11:29:49.000,Treatments,920,AMSTERDAM AVENUE,10025,Manhattan,Bait applied,,,1018770031,1,1877,31,40.799858088363,-73.966142142988,"{'latitude': '40.799858088363', 'longitude': '-73.966142142988', 'human_address': '{""address"": """", ""city"": """", ""state"": """", ""zip"": """"}'}",7,7,191,1056614,Upper West Side-Manhattan Valley,,
PC8772798,2026-09-01T11:29:49.000,Initial,781,PROSPECT PLACE,11216,Brooklyn,Failed for Rat Activity,COTA,Burrows,3012260151,3,1226,151,40.67435646364,-73.950826884108,"{'latitude': '40.67435646364', 'longitude': '-73.950826884108', 'human_address': '{""address"": """", ""city"": """", ""state"": """", ""zip"": """"}'}",8,36,31701,3030989,Crown Heights (North),,
PC8731642,2026-09-01T11:30:01.000,Compliance,1052,FINDLAY AVENUE,10456,Bronx,Failed for Rat Activity and Other Reason,Summons Issued,"Droppings, Harborage",2024330045,2,2433,45,40.829188996946,-73.914436197929,"{'latitude': '40.829188996946', 'longitude': '-73.914436197929', 'human_address': '{""address"": """", ""city"": """", ""state"": """", ""zip"": """"}'}",4,16,175,2002223,Concourse-Concourse Village,,
PC8769252,2026-09-01T11:30:20.000,Initial,1095,EAST 45 STREET,11234,Brooklyn,Failed for Rat Activity and Other Reason,COTA,"Droppings, Burrows, Gnawing, Harborage, Mice",3077290025,3,7729,25,40.633897780051,-73.933307213238,"{'latitude': '40.633897780051', 'longitude': '-73.933307213238', 'human_address': '{""address"": """", ""city"": """", ""state"": """", ""zip"": """"}'}",18,45,726,3213393,Flatlands,,
PC8645531,2026-09-01T11:30:41.000,Treatments,150,EAST   19 STREET,11226,Brooklyn,Monitoring visit,,,3051220021,3,5122,21,40.645910897035,-73.961453101583,"{'latitude': '40.645910897035', 'longitude': '-73.961453101583', 'human_address': '{""address"": """", ""city"": """", ""state"": """", ""zip"": """"}'}",14,40,512,3117594,Flatbush,994947,174604
PC8742654,2026-09-01T11:31:00.000,Treatments,99,ROGERS AVENUE,11216,Brooklyn,Bait applied,,,3012330011,3,1233,11,40.674198122444,-73.952863859589,"{'latitude': '40.674198122444', 'longitude': '-73.952863859589', 'human_address': '{""address"": """", ""city"": """", ""state"": """", ""zip"": """"}'}",8,36,31701,3031193,Crown Heights (North),,
PC8758278,2026-09-01T11:32:21.000,Compliance,424,EAST   83 STREET,10028,Manhattan,Failed for Rat Activity and Other Reason,Summons Issued,"Droppings, Runways, Harborage",1015620034,1,1562,34,40.774608745365,-73.950081014813,"{'latitude': '40.774608745365', 'longitude': '-73.950081014813', 'human_address': '{""address"": """", ""city"": """", ""state"": """", ""zip"": """"}'}",8,5,13604,1050432,Upper East Side-Yorkville,998076,221494
PC8771990,2026-09-01T11:33:49.000,Initial,777,PROSPECT PLACE,11216,Brooklyn,Failed for Rat Activity and Other Reason,COTA,"Droppings, Harborage",3012260052,3,1226,52,40.674359250137,-73.950924218873,"{'latitude': '40.674359250137', 'longitude': '-73.950924218873', 'human_address': '{""address"": """", ""city"": """", ""state"": """", ""zip"": """"}'}",8,36,31701,3030977,Crown Heights (North),,
PC8728998,2026-09-01T11:34:24.000,Compliance,248,WEST 149 STREET,10039,Manhattan,Failed for Rat Activity,Summons Issued,Droppings,1020340058,1,2034,58,40.824779967299,-73.938668725062,"{'latitude': '40.824779967299', 'longitude': '-73.938668725062', 'human_address': '{""address"": """", ""city"": """", ""state"": """", ""zip"": """"}'}",10,9,234,1060581,Harlem (North),,
PC8748488,2026-09-01T11:36:56.000,Compliance,55,EAST 128 STREET,10035,Manhattan,Failed for Rat Activity,Summons Issued,"Droppings, Burrows",1017530126,1,1753,126,40.807427710713,-73.938699225251,"{'latitude': '40.807427710713', 'longitude': '-73.938699225251', 'human_address': '{""address"": """", ""city"": """", ""state"": """", ""zip"": """"}'}",11,9,206,1087480,East Harlem (North),,
PC8771792,2026-09-01T11:37:49.000,Initial,775,PROSPECT PLACE,11216,Brooklyn,Failed for Rat Activity,COTA,Droppings,3012260053,3,1226,53,40.67436201497,-73.950971082712,"{'latitude': '40.67436201497', 'longitude': '-73.950971082712', 'human_address': '{""address"": """", ""city"": """", ""state"": """", ""zip"": """"}'}",8,36,31701,3030978,Crown Heights (North),,
PC8696963,2026-09-01T11:37:56.000,Treatments,125,WEST 116 STREET,10026,Manhattan,Bait applied,,,1019010019,1,1901,19,40.802413304771,-73.950601887246,"{'latitude': '40.802413304771', 'longitude': '-73.950601887246', 'human_address': '{""address"": """", ""city"": """", ""state"": """", ""zip"": """"}'}",10,9,218,1057402,Harlem (South),,
PC8730534,2026-09-01T11:38:24.000,Compliance,244,WEST 149 STREET,10039,Manhattan,Failed for Rat Activity,Summons Issued,Droppings,1020340056,1,2034,56,40.824746989879,-73.938592877388,"{'latitude': '40.824746989879', 'longitude': '-73.938592877388', 'human_address': '{""address"": """", ""city"": """", ""state"": """", ""zip"": """"}'}",10,9,234,1060580,Harlem (North),,
PC8767113,2026-09-01T11:38:37.000,Initial,332,WEST   47 STREET,10036,Manhattan,Failed for Rat Activity and Other Reason,COTA,"Droppings, Burrows, Runways, Harborage",1010370051,1,1037,51,40.760845840653,-73.988553431253,"{'latitude': '40.760845840653', 'longitude': '-73.988553431253', 'human_address': '{""address"": """", ""city"": """", ""state"": """", ""zip"": """"}'}",4,3,127,1025066,Hell's Kitchen,987421,216476
PC8749961,2026-09-01T11:38:41.000,Compliance,876,ST NICHOLAS AVENUE,10032,Manhattan,Failed for Rat Activity,Summons Issued,"Droppings, Burrows",1020690046,1,2069,46,40.829919720401,-73.941739082258,"{'latitude': '40.829919720401', 'longitude': '-73.941739082258', 'human_address': '{""address"": """", ""city"": """", ""state"": """", ""zip"": """"}'}",9,9,23501,1061707,Hamilton Heights-Sugar Hill,,
PC8727927,2026-09-01T11:40:41.000,Treatments,116,EAST   19 STREET,11226,Brooklyn,Bait applied,,,3051220010,3,5122,10,40.646503808371,-73.961568071532,"{'latitude': '40.646503808371', 'longitude': '-73.961568071532', 'human_address': '{""address"": """", ""city"": """", ""state"": """", ""zip"": """"}'}",14,40,512,3117591,Flatbush,994915,174820
PC8708802,2026-09-01T11:40:42.000,Treatments,405,WEST 21 STREET,10011,Manhattan,Bait applied,,,1007190036,1,719,36,40.745420826141,-74.002768047189,"{'latitude': '40.745420826141', 'longitude': '-74.002768047189', 'human_address': '{""address"": """", ""city"": """", ""state"": """", ""zip"": """"}'}",4,3,89,1012636,Chelsea-Hudson Yards,,
PC8739128,2026-09-01T11:41:27.000,Compliance,222,EAST 84 STREET,10028,Manhattan,Failed for Rat Activity,Summons Issued,Droppings,1015290035,1,1529,35,40.777201536843,-73.954263814885,"{'latitude': '40.777201536843', 'longitude': '-73.954263814885', 'human_address': '{""address"": """", ""city"": """", ""state"": """", ""zip"": """"}'}",8,5,138,1048716,Upper East Side-Yorkville,,
PC8756508,2026-09-01T11:41:56.000,Compliance,73,EAST  128 STREET,10035,Manhattan,Failed for Rat Activity and Other Reason,Summons Issued,"Droppings, Burrows, Runways, Harborage",1017530027,1,1753,27,40.807304042553,-73.938410355873,"{'latitude': '40.807304042553', 'longitude': '-73.938410355873', 'human_address': '{""address"": """", ""city"": """", ""state"": """", ""zip"": """"}'}",11,9,206,1090911,East Harlem (North),1001300,233408
PC8729673,2026-09-01T11:45:02.000,Treatments,1114,COLLEGE AVENUE,10456,Bronx,Bait applied,,,2024340006,2,2434,6,40.830781017679,-73.914531709293,"{'latitude': '40.830781017679', 'longitude': '-73.914531709293', 'human_address': '{""address"": """", ""city"": """", ""state"": """", ""zip"": """"}'}",4,16,175,2002253,Concourse-Concourse Village,,
PC8666033,2026-09-01T11:45:19.000,Treatments,54,AVENUE C,10009,Manhattan,Bait applied,,,1003740001,1,374,1,40.722472886614,-73.980013453862,"{'latitude': '40.722472886614', 'longitude': '-73.980013453862', 'human_address': '{""address"": """", ""city"": """", ""state"": """", ""zip"": """"}'}",3,2,2601,1004408,East Village,,
PC8711690,2026-09-01T11:46:00.000,Compliance,824,GREENE AVENUE,11221,Brooklyn,Failed for Rat Activity and Other Reason,Summons Issued,"Burrows, Harborage",3016200023,3,1620,23,40.690224452313,-73.935158193112,"{'latitude': '40.690224452313', 'longitude': '-73.935158193112', 'human_address': '{""address"": """", ""city"": """", ""state"": """", ""zip"": """"}'}",3,36,291,3044036,Bedford-Stuyvesant (East),,
PC8749155,2026-09-01T11:47:00.000,Compliance,EAST,172 STREET,10452,Bronx,Failed for Rat Activity,Summons Issued,Burrows,,2,2844,54,,,,,,,,,,
PC8731070,2026-09-01T11:47:24.000,Compliance,204,WEST 149 STREET,10039,Manhattan,Failed for Rat Activity and Other Reason,Summons Issued,"Burrows, Gnawing, Rats, Garbage",1020340039,1,2034,39,40.824417199219,-73.937809112202,"{'latitude': '40.824417199219', 'longitude': '-73.937809112202', 'human_address': '{""address"": """", ""city"": """", ""state"": """", ""zip"": """"}'}",10,9,234,1060570,Harlem (North),,
PC8749059,2026-09-01T11:50:00.000,Compliance,426,CLINTON STREET,11231,Brooklyn,Failed for Rat Activity and Other Reason,Summons Issued,"Burrows, Harborage",3003500028,3,350,28,40.68200571085,-73.998337872764,"{'latitude': '40.68200571085', 'longitude': '-73.998337872764', 'human_address': '{""address"": """", ""city"": """", ""state"": """", ""zip"": """"}'}",6,39,65,3004775,Carroll Gardens-Cobble Hill-Gowanus-Red Hook,984711,187752
PC8649824,2026-09-01T11:50:24.000,Treatments,446,KOSCIUSZKO STREET,11221,Brooklyn,Bait applied,,,3016060010,3,1606,10,40.692363156558,-73.936093676979,"{'latitude': '40.692363156558', 'longitude': '-73.936093676979', 'human_address': '{""address"": """", ""city"": """", ""state"": """", ""zip"": """"}'}",3,36,289,3043392,Bedford-Stuyvesant (East),,
PC8664388,2026-09-01T11:51:24.000,Compliance,202,WEST 146 STREET,10039,Manhattan,Failed for Rat Activity and Other Reason,Summons Issued,"Burrows, Garbage, Harborage",1020310038,1,2031,38,40.822444337359,-73.938941870141,"{'latitude': '40.822444337359', 'longitude': '-73.938941870141', 'human_address': '{""address"": """", ""city"": """", ""state"": """", ""zip"": """"}'}",10,9,232,1060487,Harlem (North),,
PC8729390,2026-09-01T11:52:24.000,Compliance,202,WEST 149 STREET,10039,Manhattan,Failed for Rat Activity,Summons Issued,Burrows,1020340038,1,2034,38,40.824400709251,-73.937769382164,"{'latitude': '40.824400709251', 'longitude': '-73.937769382164', 'human_address': '{""address"": """", ""city"": """", ""state"": """", ""zip"": """"}'}",10,9,234,1060569,Harlem (North),,
PC8769751,2026-09-01T11:55:00.000,Initial,492,CONVENT AVENUE,10031,Manhattan,Failed for Rat Activity,COTA,Burrows,1020660046,1,2066,46,40.828621904395,-73.942625520258,"{'latitude': '40.828621904395', 'longitude': '-73.942625520258', 'human_address': '{""address"": """", ""city"": """", ""state"": """", ""zip"": """"}'}",9,7,23501,1061598,Hamilton Heights-Sugar Hill,1000128,241174
PC8733152,2026-09-01T11:55:00.000,Compliance,1565,TOWNSEND AVENUE,10452,Bronx,Failed for Rat Activity,Summons Issued,Burrows,2028460041,2,2846,41,40.843420338205,-73.914262409114,"{'latitude': '40.843420338205', 'longitude': '-73.914262409114', 'human_address': '{""address"": """", ""city"": """", ""state"": """", ""zip"": """"}'}",4,16,209,2008141,Mount Eden-Claremont (West),,
PC8768535,2026-09-01T11:55:27.000,Initial,737,SOUTHERN BOULEVARD,10455,Bronx,Failed for Rat Activity and Other Reason,COTA,"Burrows, Garbage, Harborage",2027200024,2,2720,24,40.814485819314,-73.898122207499,"{'latitude': '40.814485819314', 'longitude': '-73.898122207499', 'human_address': '{""address"": """", ""city"": """", ""state"": """", ""zip"": """"}'}",2,17,85,2005721,Longwood,1012450,236035
PC8720373,2026-09-01T11:55:42.000,Treatments,456,WEST 20 STREET,10011,Manhattan,Bait applied,,,1007170072,1,717,72,40.745264328934,-74.004262133015,"{'latitude': '40.745264328934', 'longitude': '-74.004262133015', 'human_address': '{""address"": """", ""city"": """", ""state"": """", ""zip"": """"}'}",4,3,89,1012605,Chelsea-Hudson Yards,,
PC8770879,2026-09-01T11:55:49.000,Initial,739,PROSPECT PLACE,11216,Brooklyn,Failed for Rat Activity,COTA,Droppings,3012260066,3,1226,66,40.674409035446,-73.951818239549,"{'latitude': '40.674409035446', 'longitude': '-73.951818239549', 'human_address': '{""address"": """", ""city"": """", ""state"": """", ""zip"": """"}'}",8,36,31701,3330793,Crown Heights (North),,
PC8747963,2026-09-01T11:59:00.000,Compliance,950,GATES AVENUE,11221,Brooklyn,Failed for Rat Activity and Other Reason,Summons Issued,"Gnawing, Harborage",3016380006,3,1638,6,40.689054977774,-73.925776871786,"{'latitude': '40.689054977774', 'longitude': '-73.925776871786', 'human_address': '{""address"": """", ""city"": """", ""state"": """", ""zip"": """"}'}",3,41,385,3044711,Bedford-Stuyvesant (East),1004834,190329
PC8770710,2026-09-01T11:59:33.000,Initial,2115,MOHEGAN AVENUE,10460,Bronx,Failed for Rat Activity and Other Reason,COTA,"Burrows, Harborage, Mice",2031190021,2,3119,21,40.845887881222,-73.883153678744,"{'latitude': '40.845887881222', 'longitude': '-73.883153678744', 'human_address': '{""address"": """", ""city"": """", ""state"": """", ""zip"": """"}'}",6,15,363,2013100,West Farms,1016578,247481
PC8728536,2026-09-01T12:00:02.000,Treatments,1120,COLLEGE AVENUE,10456,Bronx,Bait applied,,,2024340007,2,2434,7,40.830857835381,-73.914484633684,"{'latitude': '40.830857835381', 'longitude': '-73.914484633684', 'human_address': '{""address"": """", ""city"": """", ""state"": """", ""zip"": """"}'}",4,16,175,2002254,Concourse-Concourse Village,,
PC8769332,2026-09-01T12:00:14.000,Initial,2150,BOLTON STREET,10462,Bronx,Failed for Rat Activity and Other Reason,COTA,"Burrows, Harborage",2043170083,2,4317,83,40.854971042039,-73.868670838082,"{'latitude': '40.854971042039', 'longitude': '-73.868670838082', 'human_address': '{""address"": """", ""city"": """", ""state"": """", ""zip"": """"}'}",11,13,22401,2000000,Pelham Parkway-Van Nest,1020580,250796
PC8558788,2026-09-01T12:00:16.000,Treatments,675,Riverside Drive,10031,Manhattan,Bait applied,,,1021010055,1,2101,55,40.826809268533,-73.952198877717,"{'latitude': '40.826809268533', 'longitude': '-73.952198877717', 'human_address': '{""address"": """", ""city"": """", ""state"": """", ""zip"": """"}'}",9,7,229,1000000,Hamilton Heights-Sugar Hill,,
PC8770754,2026-09-01T12:00:23.000,Initial,145,EAST   82 STREET,10028,Manhattan,Failed for Rat Activity and Other Reason,COTA,"Droppings, Animal Nuisance",1015110020,1,1511,20,40.776763475934,-73.957112906273,"{'latitude': '40.776763475934', 'longitude': '-73.957112906273', 'human_address': '{""address"": """", ""city"": """", ""state"": """", ""zip"": """"}'}",8,4,140,1047610,Upper East Side-Carnegie Hill,996128,222278
PC8769251,2026-09-01T12:00:52.000,Initial,743,FAIRMOUNT PLACE,,Bronx,Failed for Other Reason,City Agency Referral,"Garbage, Harborage",,2,2951,32,0.00000000000000000000,0.00000000000000000000,"{'latitude': '0.0', 'longitude': '0.0', 'human_address': '{""address"": """", ""city"": """", ""state"": """", ""zip"": """"}'}",,,,,,,
PC8712069,2026-09-01T12:01:00.000,Compliance,903,GREENE AVENUE,11221,Brooklyn,Failed for Rat Activity,Summons Issued,Burrows,3016160065,3,1616,65,40.690650572814,-73.931605914022,"{'latitude': '40.690650572814', 'longitude': '-73.931605914022', 'human_address': '{""address"": """", ""city"": """", ""state"": """", ""zip"": """"}'}",3,36,291,3043831,Bedford-Stuyvesant (East),,
PC8769134,2026-09-01T12:01:00.000,Initial,385,JERSEY STREET,10301,Staten Island,Failed for Other Reason,COTA,Mice,5000430004,5,43,4,40.639008349946,-74.087416034276,"{'latitude': '40.639008349946', 'longitude': '-74.087416034276', 'human_address': '{""address"": """", ""city"": """", ""state"": """", ""zip"": """"}'}",1,49,11,5000957,St. George-New Brighton,,
PC8729929,2026-09-01T12:03:24.000,Compliance,209,WEST 148 STREET,10039,Manhattan,Failed for Rat Activity,Summons Issued,Burrows,1020340022,1,2034,22,40.823838329785,-73.938311889751,"{'latitude': '40.823838329785', 'longitude': '-73.938311889751', 'human_address': '{""address"": """", ""city"": """", ""state"": """", ""zip"": """"}'}",10,9,234,1060560,Harlem (North),,
PC8726924,2026-09-01T12:03:54.000,Treatments,336,WEST 95 STREET,10025,Manhattan,Bait applied,,,1012530045,1,1253,45,40.794952662706,-73.974613903312,"{'latitude': '40.794952662706', 'longitude': '-73.974613903312', 'human_address': '{""address"": """", ""city"": """", ""state"": """", ""zip"": """"}'}",7,6,183,1034185,Upper West Side (Central),,
PC8739263,2026-09-01T12:05:27.000,Compliance,245,EAST 83 STREET,10028,Manhattan,Failed for Rat Activity,Summons Issued,"Droppings, Burrows",1015290121,1,1529,121,40.776430299795,-73.954361833233,"{'latitude': '40.776430299795', 'longitude': '-73.954361833233', 'human_address': '{""address"": """", ""city"": """", ""state"": """", ""zip"": """"}'}",8,5,138,1048723,Upper East Side-Yorkville,,
PC8744777,2026-09-01T12:06:00.000,Compliance,962,BEDFORD AVENUE,11205,Brooklyn,Failed for Rat Activity and Other Reason,,"Droppings, Runways, Harborage",3019287507,3,1928,7507,40.691919492513,-73.955624313194,"{'latitude': '40.691919492513', 'longitude': '-73.955624313194', 'human_address': '{""address"": """", ""city"": """", ""state"": """", ""zip"": """"}'}",3,33,235,3055248,Bedford-Stuyvesant (West),,
PC8729513,2026-09-01T12:06:01.000,Compliance,1068,FINDLAY AVENUE,10456,Bronx,Failed for Rat Activity,Summons Issued,"Droppings, Burrows",2024330051,2,2433,51,40.829413965829,-73.914302207929,"{'latitude': '40.829413965829', 'longitude': '-73.914302207929', 'human_address': '{""address"": """", ""city"": """", ""state"": """", ""zip"": """"}'}",4,16,175,2002227,Concourse-Concourse Village,,
PC8592224,2026-09-01T12:07:08.000,Compliance,343,WILSON AVENUE,11221,Brooklyn,Failed for Rat Activity,Summons Issued,"Droppings, Burrows",3033250001,3,3325,1,40.696010041479,-73.917463919701,"{'latitude': '40.696010041479', 'longitude': '-73.917463919701', 'human_address': '{""address"": """", ""city"": """", ""state"": """", ""zip"": """"}'}",4,37,433,3338492,Bushwick (East),1007137,192865
PC8604467,2026-09-01T12:10:47.000,Treatments,2880,BAILEY AVENUE,10463,Bronx,Bait applied,,,2032600020,2,3260,20,40.875490161157,-73.904309396174,"{'latitude': '40.875490161157', 'longitude': '-73.904309396174', 'human_address': '{""address"": """", ""city"": """", ""state"": """", ""zip"": """"}'}",8,14,273,2015888,Kingsbridge Heights-Van Cortlandt Village,1010713,258259
PC8745332,2026-09-01T12:11:00.000,Compliance,964,BEDFORD AVENUE,11205,Brooklyn,Failed for Rat Activity and Other Reason,,"Droppings, Burrows, Runways, Harborage",3019280055,3,1928,55,40.691875573357,-73.9556171305,"{'latitude': '40.691875573357', 'longitude': '-73.9556171305', 'human_address': '{""address"": """", ""city"": """", ""state"": """", ""zip"": """"}'}",3,33,235,3055249,Bedford-Stuyvesant (West),,
PC8763411,2026-09-01T12:11:20.000,Compliance,287,WEBSTER AVENUE,11230,Brooklyn,Failed for Rat Activity,Summons Issued,Burrows,3054170053,3,5417,53,40.633002123183,-73.970474853805,"{'latitude': '40.633002123183', 'longitude': '-73.970474853805', 'human_address': '{""address"": """", ""city"": """", ""state"": """", ""zip"": """"}'}",14,40,482,3127745,Flatbush (West)-Ditmas Park-Parkville,992445,169900
PC8758894,2026-09-01T12:14:02.000,Compliance,1162,PACIFIC STREET,11216,Brooklyn,Failed for Rat Activity,Summons Issued,Droppings,3012050024,3,1205,24,40.678013698528,-73.953690363521,"{'latitude': '40.678013698528', 'longitude': '-73.953690363521', 'human_address': '{""address"": """", ""city"": """", ""state"": """", ""zip"": """"}'}",8,35,221,3029963,Crown Heights (North),,
PC8729080,2026-09-01T12:15:00.000,Treatments,1130,COLLEGE AVENUE,10456,Bronx,Bait applied,,,2024340010,2,2434,10,40.83098678424,-73.914412195552,"{'latitude': '40.83098678424', 'longitude': '-73.914412195552', 'human_address': '{""address"": """", ""city"": """", ""state"": """", ""zip"": """"}'}",4,16,175,2002256,Concourse-Concourse Village,,
PC8759408,2026-09-01T12:15:00.000,Compliance,3,3 STREET,11231,Brooklyn,Failed for Other Reason,Summons Issued,Harborage,3004600063,3,460,63,40.678665240271,-73.995428478612,"{'latitude': '40.678665240271', 'longitude': '-73.995428478612', 'human_address': '{""address"": """", ""city"": """", ""state"": """", ""zip"": """"}'}",6,39,77,3000000,Carroll Gardens-Cobble Hill-Gowanus-Red Hook,985518,186535
PC8558789,2026-09-01T12:15:27.000,Treatments,675,Riverside Drive,10031,Manhattan,Bait applied,,,1021010055,1,2101,55,40.826809268533,-73.952198877717,"{'latitude': '40.826809268533', 'longitude': '-73.952198877717', 'human_address': '{""address"": """", ""city"": """", ""state"": """", ""zip"": """"}'}",9,7,229,1000000,Hamilton Heights-Sugar Hill,,
PC8744681,2026-09-01T12:16:00.000,Compliance,970,BEDFORD AVENUE,11205,Brooklyn,Failed for Rat Activity and Other Reason,,"Droppings, Burrows, Runways, Gnawing, Harborage",3019280058,3,1928,58,40.691741068318,-73.955588372291,"{'latitude': '40.691741068318', 'longitude': '-73.955588372291', 'human_address': '{""address"": """", ""city"": """", ""state"": """", ""zip"": """"}'}",3,33,235,3055252,Bedford-Stuyvesant (West),,
PC8750175,2026-09-01T12:19:41.000,Compliance,79,ST NICHOLAS PLACE,10032,Manhattan,Failed for Rat Activity,Summons Issued,Burrows,1020690008,1,2069,8,40.829609038012,-73.940709504434,"{'latitude': '40.829609038012', 'longitude': '-73.940709504434', 'human_address': '{""address"": """", ""city"": """", ""state"": """", ""zip"": """"}'}",9,9,23501,1061701,Hamilton Heights-Sugar Hill,,
PC8741507,2026-09-01T12:20:00.000,Compliance,235,MT EDEN PARKWAY,10457,Bronx,Failed for Other Reason,Summons Issued,Harborage,2027930005,2,2793,5,40.842869566253,-73.90834300297,"{'latitude': '40.842869566253', 'longitude': '-73.90834300297', 'human_address': '{""address"": """", ""city"": """", ""state"": """", ""zip"": """"}'}",4,15,22902,2000000,Mount Eden-Claremont (West),,
PC8753070,2026-09-01T12:20:24.000,Initial,1202,SPOFFORD AVENUE,10474,Bronx,Failed for Other Reason,COTA,Garbage,2027650078,2,2765,78,40.813836820696,-73.890800354875,"{'latitude': '40.813836820696', 'longitude': '-73.890800354875', 'human_address': '{""address"": """", ""city"": """", ""state"": """", ""zip"": """"}'}",2,17,9301,2006595,Hunts Point,1014477,235801
PC8759100,2026-09-01T12:21:00.000,Compliance,1152,PACIFIC STREET,11216,Brooklyn,Failed for Rat Activity,Summons Issued,Droppings,3012050020,3,1205,20,40.678071454978,-73.953978744785,"{'latitude': '40.678071454978', 'longitude': '-73.953978744785', 'human_address': '{""address"": """", ""city"": """", ""state"": """", ""zip"": """"}'}",8,35,221,3029961,Crown Heights (North),,
PC8724632,2026-09-01T12:21:20.000,Compliance,459,WEST 49 STREET,10019,Manhattan,Failed for Rat Activity,Summons Issued,"Droppings, Burrows",1010590006,1,1059,6,40.763533176981,-73.991004098186,"{'latitude': '40.763533176981', 'longitude': '-73.991004098186', 'human_address': '{""address"": """", ""city"": """", ""state"": """", ""zip"": """"}'}",4,3,127,1026643,Hell's Kitchen,,
PC8752008,2026-09-01T12:22:00.000,Initial,200,WEST  143 STREET,10030,Manhattan,Failed for Rat Activity,City Agency Referral,Burrows,1020280016,1,2028,16,40.820372685239,-73.940136071094,"{'latitude': '40.820372685239', 'longitude': '-73.940136071094', 'human_address': '{""address"": """", ""city"": """", ""state"": """", ""zip"": """"}'}",10,9,232,1060430,Harlem (North),1000819,238169
PC8768433,2026-09-01T12:23:00.000,Initial,332,EAST   22 STREET,10010,Manhattan,Failed for Rat Activity and Other Reason,COTA,"Runways, Harborage",1009270037,1,927,37,40.73682809237,-73.980489056459,"{'latitude': '40.73682809237', 'longitude': '-73.980489056459', 'human_address': '{""address"": """", ""city"": """", ""state"": """", ""zip"": """"}'}",6,2,64,1020563,Gramercy,989657,207726
PC8769514,2026-09-01T12:23:14.000,Initial,1828,MOHEGAN AVENUE,10460,Bronx,Failed for Rat Activity and Other Reason,COTA,"Burrows, Harborage",2029580040,2,2958,40,40.840625775956,-73.888226331865,"{'latitude': '40.840625775956', 'longitude': '-73.888226331865', 'human_address': '{""address"": """", ""city"": """", ""state"": """", ""zip"": """"}'}",6,15,367,2010117,Tremont,,
PC8743574,2026-09-01T12:25:00.000,Compliance,2275,MORRIS AVENUE,10453,Bronx,Failed for Other Reason,Summons Issued,"Garbage, Harborage",2031820031,2,3182,31,40.857611985862,-73.902227649309,"{'latitude': '40.857611985862', 'longitude': '-73.902227649309', 'human_address': '{""address"": """", ""city"": """", ""state"": """", ""zip"": """"}'}",5,14,239,2013992,Fordham Heights,,
PC8730194,2026-09-01T12:27:01.000,Compliance,320,EAST 166 STREET,10456,Bronx,Failed for Rat Activity and Other Reason,Summons Issued,"Droppings, Harborage",2024330057,2,2433,57,40.829943419346,-73.913925716135,"{'latitude': '40.829943419346', 'longitude': '-73.913925716135', 'human_address': '{""address"": """", ""city"": """", ""state"": """", ""zip"": """"}'}",4,16,175,2002231,Concourse-Concourse Village,,
PC8773112,2026-09-01T12:27:20.000,Initial,480,EAST   21 STREET,11226,Brooklyn,Failed for Rat Activity and Other Reason,COTA,"Burrows, Garbage",3051630027,3,5163,27,40.642566736054,-73.958539936308,"{'latitude': '40.642566736054', 'longitude': '-73.958539936308', 'human_address': '{""address"": """", ""city"": """", ""state"": """", ""zip"": """"}'}",14,40,51602,3118821,Flatbush,995756,173386
PC8741384,2026-09-01T12:28:00.000,Compliance,239,MT EDEN PARKWAY,10457,Bronx,Failed for Other Reason,Summons Issued,Harborage,2027930022,2,2793,22,40.842861187759,-73.90816230277,"{'latitude': '40.842861187759', 'longitude': '-73.90816230277', 'human_address': '{""address"": """", ""city"": """", ""state"": """", ""zip"": """"}'}",4,15,22902,2000000,Mount Eden-Claremont (West),,
PC8773874,2026-09-01T12:29:00.000,Initial,,,11205,Brooklyn,Failed for Rat Activity,COTA,"Droppings, Runways",,3,1778,6,,,,,,,,,,
PC8758984,2026-09-01T12:29:02.000,Compliance,1142,PACIFIC STREET,11216,Brooklyn,Failed for Rat Activity and Other Reason,Summons Issued,"Burrows, Runways, Harborage",3012050014,3,1205,14,40.678131955478,-73.954267124661,"{'latitude': '40.678131955478', 'longitude': '-73.954267124661', 'human_address': '{""address"": """", ""city"": """", ""state"": """", ""zip"": """"}'}",8,35,221,3324459,Crown Heights (North),,
PC8758770,2026-09-01T12:29:28.000,Compliance,1150,PACIFIC STREET,11216,Brooklyn,Failed for Rat Activity,,"Droppings, Burrows",3012050019,3,1205,19,40.678085202001,-73.954036419579,"{'latitude': '40.678085202001', 'longitude': '-73.954036419579', 'human_address': '{""address"": """", ""city"": """", ""state"": """", ""zip"": """"}'}",8,35,221,3029960,Crown Heights (North),,
PC8773126,2026-09-01T12:29:33.000,Initial,724,EAST  181 STREET,10457,Bronx,Failed for Rat Activity,COTA,Droppings,2030960061,2,3096,61,40.848529790832,-73.887378038943,"{'latitude': '40.848529790832', 'longitude': '-73.887378038943', 'human_address': '{""address"": """", ""city"": """", ""state"": """", ""zip"": """"}'}",6,15,371,2012701,Tremont,1015408,248442
PC8739089,2026-09-01T12:30:00.000,Compliance,969,PUTNAM AVENUE,11221,Brooklyn,Failed for Rat Activity and Other Reason,Summons Issued,"Droppings, Harborage",3014830058,3,1483,58,40.687221898804,-73.922284932273,"{'latitude': '40.687221898804', 'longitude': '-73.922284932273', 'human_address': '{""address"": """", ""city"": """", ""state"": """", ""zip"": """"}'}",3,41,375,3039714,Bedford-Stuyvesant (East),1005803,189662
PC8773089,2026-09-01T12:30:01.000,Initial,334,EAST   82 STREET,10028,Manhattan,Failed for Rat Activity,COTA,"Droppings, Burrows",1015440037,1,1544,37,40.77488433083,-73.952702052727,"{'latitude': '40.77488433083', 'longitude': '-73.952702052727', 'human_address': '{""address"": """", ""city"": """", ""state"": """", ""zip"": """"}'}",8,5,138,1049858,Upper East Side-Yorkville,997350,221594
PC8731166,2026-09-01T12:30:02.000,Treatments,1134,COLLEGE AVENUE,10456,Bronx,Bait applied,,,2024340012,2,2434,12,40.831036167979,-73.914383223056,"{'latitude': '40.831036167979', 'longitude': '-73.914383223056', 'human_address': '{""address"": """", ""city"": """", ""state"": """", ""zip"": """"}'}",4,16,175,2002257,Concourse-Concourse Village,,
PC8745093,2026-09-01T12:34:00.000,Compliance,971,BEDFORD AVENUE,11205,Brooklyn,Failed for Rat Activity,,"Burrows, Runways",3017780009,3,1778,9,40.690791295683,-73.955379861699,"{'latitude': '40.690791295683', 'longitude': '-73.955379861699', 'human_address': '{""address"": """", ""city"": """", ""state"": """", ""zip"": """"}'}",3,36,241,3049599,Bedford-Stuyvesant (West),,
PC8558790,2026-09-01T12:35:28.000,Treatments,675,Riverside Drive,10031,Manhattan,Bait applied,,,1021010055,1,2101,55,40.826809268533,-73.952198877717,"{'latitude': '40.826809268533', 'longitude': '-73.952198877717', 'human_address': '{""address"": """", ""city"": """", ""state"": """", ""zip"": """"}'}",9,7,229,1000000,Hamilton Heights-Sugar Hill,,
PC8594232,2026-09-01T12:35:48.000,Treatments,3010,BAILEY AVENUE,10463,Bronx,Bait applied,,,2032600050,2,3260,50,40.876496979351,-73.90371490588,"{'latitude': '40.876496979351', 'longitude': '-73.90371490588', 'human_address': '{""address"": """", ""city"": """", ""state"": """", ""zip"": """"}'}",8,14,277,2015913,Kingsbridge Heights-Van Cortlandt Village,1010877,258626
PC8741572,2026-09-01T12:36:00.000,Compliance,1661,WEEKS AVENUE,10457,Bronx,Failed for Other Reason,Summons Issued,Harborage,2027930018,2,2793,18,40.843272532962,-73.907706336165,"{'latitude': '40.843272532962', 'longitude': '-73.907706336165', 'human_address': '{""address"": """", ""city"": """", ""state"": """", ""zip"": """"}'}",4,15,22902,2000000,Mount Eden-Claremont (West),,
PC8729046,2026-09-01T12:36:01.000,Compliance,336,EAST 166 STREET,10456,Bronx,Failed for Rat Activity,Summons Issued,"Droppings, Burrows",2024330059,2,2433,59,40.829781096921,-73.913416420287,"{'latitude': '40.829781096921', 'longitude': '-73.913416420287', 'human_address': '{""address"": """", ""city"": """", ""state"": """", ""zip"": """"}'}",4,16,175,2002232,Concourse-Concourse Village,,
PC8775535,2026-09-01T12:39:46.000,Initial,,UNDERCLIFF AVENUE,10452,Bronx,Failed for Rat Activity and Other Reason,COTA,"Burrows, Harborage",,2,2533,72,,,,,,,,,,
PC8744670,2026-09-01T12:42:00.000,Compliance,2,SPENCER COURT,11205,Brooklyn,Failed for Rat Activity,Summons Issued,"Droppings, Burrows, Runways",3017780015,3,1778,15,40.690900723583,-73.954456661046,"{'latitude': '40.690900723583', 'longitude': '-73.954456661046', 'human_address': '{""address"": """", ""city"": """", ""state"": """", ""zip"": """"}'}",3,36,241,3049601,Bedford-Stuyvesant (West),,
PC8739091,2026-09-01T12:42:00.000,Compliance,963,PUTNAM AVENUE,11221,Brooklyn,Failed for Rat Activity,Summons Issued,Droppings,3014830061,3,1483,61,40.687200074897,-73.922483274906,"{'latitude': '40.687200074897', 'longitude': '-73.922483274906', 'human_address': '{""address"": """", ""city"": """", ""state"": """", ""zip"": """"}'}",3,41,375,3039716,Bedford-Stuyvesant (East),1005748,189654
PC8741062,2026-09-01T12:42:31.000,Compliance,333,EAST   23 STREET,10010,Manhattan,Failed for Rat Activity,Summons Issued,Burrows,1009290001,1,929,1,40.737481252181,-73.979943981619,"{'latitude': '40.737481252181', 'longitude': '-73.979943981619', 'human_address': '{""address"": """", ""city"": """", ""state"": """", ""zip"": """"}'}",6,2,64,1084711,Gramercy,989808,207964
PC8711312,2026-09-01T12:45:02.000,Treatments,1238,MORRIS AVENUE,10456,Bronx,Bait applied,,,2024390028,2,2439,28,40.834356593315,-73.913435739259,"{'latitude': '40.834356593315', 'longitude': '-73.913435739259', 'human_address': '{""address"": """", ""city"": """", ""state"": """", ""zip"": """"}'}",4,16,17701,2002415,Concourse-Concourse Village,,
PC8759199,2026-09-01T12:46:00.000,Compliance,1134,PACIFIC STREET,11216,Brooklyn,Failed for Other Reason,Summons Issued,Harborage,3012050011,3,1205,11,40.678181453266,-73.954497828187,"{'latitude': '40.678181453266', 'longitude': '-73.954497828187', 'human_address': '{""address"": """", ""city"": """", ""state"": """", ""zip"": """"}'}",8,35,221,3251075,Crown Heights (North),,
PC8730714,2026-09-01T12:46:01.000,Compliance,1081,TELLER AVENUE,10456,Bronx,Failed for Rat Activity and Other Reason,Summons Issued,"Droppings, Burrows, Harborage",2024330061,2,2433,61,40.829555878429,-73.913217971439,"{'latitude': '40.829555878429', 'longitude': '-73.913217971439', 'human_address': '{""address"": """", ""city"": """", ""state"": """", ""zip"": """"}'}",4,16,175,2002233,Concourse-Concourse Village,,
PC8769690,2026-09-01T12:46:33.000,Initial,666,EAST  181 STREET,10457,Bronx,Failed for Rat Activity,COTA,Burrows,2030810048,2,3081,48,40.849316324688,-73.888959892013,"{'latitude': '40.849316324688', 'longitude': '-73.888959892013', 'human_address': '{""address"": """", ""city"": """", ""state"": """", ""zip"": """"}'}",6,15,373,2012362,Tremont,1014970,248728
PC8768701,2026-09-01T12:47:07.000,Initial,20,EAST   80 STREET,10075,Manhattan,Failed for Rat Activity,COTA,Burrows,1014910060,1,1491,60,40.77727857329,-73.962322756855,"{'latitude': '40.77727857329', 'longitude': '-73.962322756855', 'human_address': '{""address"": """", ""city"": """", ""state"": """", ""zip"": """"}'}",8,4,142,1046457,Upper East Side-Carnegie Hill,994685,222465
PC8740301,2026-09-01T12:48:00.000,Compliance,12,SPENCER COURT,11205,Brooklyn,Failed for Rat Activity and Other Reason,Summons Issued,"Droppings, Burrows, Runways, Gnawing, Garbage",3017780020,3,1778,20,40.69064543963,-73.954406352766,"{'latitude': '40.69064543963', 'longitude': '-73.954406352766', 'human_address': '{""address"": """", ""city"": """", ""state"": """", ""zip"": """"}'}",3,36,241,3049606,Bedford-Stuyvesant (West),996894,190903
PC8769410,2026-09-01T12:51:26.000,Initial,878,EAST 176 STREET,10460,Bronx,Failed for Rat Activity and Other Reason,COTA,"Droppings, Runways, Harborage",2029580050,2,2958,50,40.840874844847,-73.887506700217,"{'latitude': '40.840874844847', 'longitude': '-73.887506700217', 'human_address': '{""address"": """", ""city"": """", ""state"": """", ""zip"": """"}'}",6,15,367,2010121,Tremont,,
PC8712542,2026-09-01T12:52:08.000,Compliance,86,MENAHAN STREET,11221,Brooklyn,Failed for Rat Activity,Summons Issued,"Droppings, Runways",3033140036,3,3314,36,40.69447248291,-73.920664494677,"{'latitude': '40.69447248291', 'longitude': '-73.920664494677', 'human_address': '{""address"": """", ""city"": """", ""state"": """", ""zip"": """"}'}",4,37,419,3075886,Bushwick (East),,
PC8773846,2026-09-01T12:52:14.000,Initial,2309,HUNTER AVENUE,10475,Bronx,Failed for Rat Activity and Other Reason,COTA,"Burrows, Harborage",2051350077,2,5135,77,40.861688627988,-73.824366890962,"{'latitude': '40.861688627988', 'longitude': '-73.824366890962', 'human_address': '{""address"": """", ""city"": """", ""state"": """", ""zip"": """"}'}",10,12,30201,2000000,Co-op City,,
PC8758884,2026-09-01T12:52:45.000,Compliance,605,FRANKLIN AVENUE,11238,Brooklyn,Failed for Rat Activity,Summons Issued,Droppings,3012050003,3,1205,3,40.677789299059,-73.955384989199,"{'latitude': '40.677789299059', 'longitude': '-73.955384989199', 'human_address': '{""address"": """", ""city"": """", ""state"": """", ""zip"": """"}'}",8,35,221,3029953,Crown Heights (North),,
PC8558793,2026-09-01T12:53:07.000,Treatments,675,Riverside Drive,10031,Manhattan,Bait applied,,,1021010055,1,2101,55,40.826809268533,-73.952198877717,"{'latitude': '40.826809268533', 'longitude': '-73.952198877717', 'human_address': '{""address"": """", ""city"": """", ""state"": """", ""zip"": """"}'}",9,7,229,1000000,Hamilton Heights-Sugar Hill,,
PC8732747,2026-09-01T12:54:00.000,Compliance,1605,CLAY AVENUE,10457,Bronx,Failed for Rat Activity,Summons Issued,Burrows,2028880001,2,2888,1,40.842586896934,-73.905011082281,"{'latitude': '40.842586896934', 'longitude': '-73.905011082281', 'human_address': '{""address"": """", ""city"": """", ""state"": """", ""zip"": """"}'}",4,15,22902,2000000,Mount Eden-Claremont (West),,
PC8729576,2026-09-01T12:55:01.000,Compliance,1077,TELLER AVENUE,10456,Bronx,Failed for Rat Activity,Summons Issued,"Droppings, Burrows",2024330062,2,2433,62,40.829470832477,-73.91327228537,"{'latitude': '40.829470832477', 'longitude': '-73.91327228537', 'human_address': '{""address"": """", ""city"": """", ""state"": """", ""zip"": """"}'}",4,16,175,2002234,Concourse-Concourse Village,,
PC8769253,2026-09-01T12:56:08.000,Initial,736,EAST TREMONT AVENUE,10457,Bronx,Failed for Rat Activity,COTA,Burrows,2029510050,2,2951,50,40.844730657054,-73.889777187951,"{'latitude': '40.844730657054', 'longitude': '-73.889777187951', 'human_address': '{""address"": """", ""city"": """", ""state"": """", ""zip"": """"}'}",6,15,36901,2009994,Tremont,,
PC8738904,2026-09-01T12:59:00.000,Compliance,14,SPENCER COURT,11205,Brooklyn,Failed for Rat Activity and Other Reason,Summons Issued,"Droppings, Runways, Rats, Garbage, Harborage",3017780021,3,1778,21,40.69059328464,-73.954395570721,"{'latitude': '40.69059328464', 'longitude': '-73.954395570721', 'human_address': '{""address"": """", ""city"": """", ""state"": """", ""zip"": """"}'}",3,36,241,3049607,Bedford-Stuyvesant (West),996897,190884
PC8699675,2026-09-01T13:00:02.000,Treatments,595,EAST 170 STREET,10456,Bronx,Bait applied,,,2029320004,2,2932,4,40.834379400708,-73.900899529927,"{'latitude': '40.834379400708', 'longitude': '-73.900899529927', 'human_address': '{""address"": """", ""city"": """", ""state"": """", ""zip"": """"}'}",3,15,149,2009719,Morrisania,,
PC8751683,2026-09-01T13:00:20.000,Compliance,735,OCEAN AVENUE,11226,Brooklyn,Failed for Rat Activity,Summons Issued,Burrows,3051510001,3,5151,1,40.644581908998,-73.959954836115,"{'latitude': '40.644581908998', 'longitude': '-73.959954836115', 'human_address': '{""address"": """", ""city"": """", ""state"": """", ""zip"": """"}'}",14,40,514,3118543,Flatbush,995363,174120
PC8287510,2026-09-01T13:00:41.000,Treatments,2017,ALBEMARLE ROAD,11226,Brooklyn,Bait applied,,,3051010052,3,5101,52,40.647315668788,-73.959834270192,"{'latitude': '40.647315668788', 'longitude': '-73.959834270192', 'human_address': '{""address"": """", ""city"": """", ""state"": """", ""zip"": """"}'}",14,40,51002,3117148,Flatbush,995396,175116
PC8759192,2026-09-01T13:00:44.000,Compliance,607,FRANKLIN AVENUE,11238,Brooklyn,Failed for Rat Activity,Summons Issued,"Droppings, Burrows, Runways",3012050001,3,1205,1,40.677734410568,-73.955403052314,"{'latitude': '40.677734410568', 'longitude': '-73.955403052314', 'human_address': '{""address"": """", ""city"": """", ""state"": """", ""zip"": """"}'}",8,35,221,3029952,Crown Heights (North),,
PC8749112,2026-09-01T13:02:00.000,Treatments,1058,BERGEN STREET,11216,Brooklyn,Bait applied,,,3012190024,3,1219,24,40.67614620075,-73.951160839724,"{'latitude': '40.67614620075', 'longitude': '-73.951160839724', 'human_address': '{""address"": """", ""city"": """", ""state"": """", ""zip"": """"}'}",8,36,315,3030655,Crown Heights (North),997797,185621
PC8711430,2026-09-01T13:02:19.000,Treatments,469,KOSCIUSZKO STREET,11221,Brooklyn,Bait applied,,,3016020080,3,1602,80,40.692376904533,-73.936136936303,"{'latitude': '40.692376904533', 'longitude': '-73.936136936303', 'human_address': '{""address"": """", ""city"": """", ""state"": """", ""zip"": """"}'}",3,36,289,3043252,Bedford-Stuyvesant (East),,
PC8675508,2026-09-01T13:03:56.000,Compliance,1314,SEDGWICK AVENUE,10452,Bronx,Failed for Rat Activity,Summons Issued,Burrows,2025300039,2,2530,39,40.840666034284,-73.928346566634,"{'latitude': '40.840666034284', 'longitude': '-73.928346566634', 'human_address': '{""address"": """", ""city"": """", ""state"": """", ""zip"": """"}'}",4,16,201,2003524,Highbridge,,
PC8744501,2026-09-01T13:05:00.000,Compliance,5,SPENCER COURT,11205,Brooklyn,Failed for Rat Activity and Other Reason,Summons Issued,"Burrows, Runways, Harborage",3017780035,3,1778,35,40.690801894558,-73.95441345729,"{'latitude': '40.690801894558', 'longitude': '-73.95441345729', 'human_address': '{""address"": """", ""city"": """", ""state"": """", ""zip"": """"}'}",3,36,241,3049612,Bedford-Stuyvesant (West),,
PC8516924,2026-09-01T13:05:31.000,Compliance,219,EAST 28 STREET,10016,Manhattan,Failed for Rat Activity,Summons Issued,Burrows,1009090010,1,909,10,40.741691762215,-73.980191711256,"{'latitude': '40.741691762215', 'longitude': '-73.980191711256', 'human_address': '{""address"": """", ""city"": """", ""state"": """", ""zip"": """"}'}",6,2,66,1019890,Murray Hill-Kips Bay,,
PC8677281,2026-09-01T13:10:08.000,Compliance,93,BLEECKER STREET,11221,Brooklyn,Failed for Rat Activity,Summons Issued,"Burrows, Runways",3032960062,3,3296,62,40.694846347734,-73.921500681993,"{'latitude': '40.694846347734', 'longitude': '-73.921500681993', 'human_address': '{""address"": """", ""city"": """", ""state"": """", ""zip"": """"}'}",4,37,419,3392555,Bushwick (East),,
PC8676434,2026-09-01T13:13:56.000,Compliance,223,WEST 167 STREET,10452,Bronx,Failed for Rat Activity and Other Reason,Summons Issued,"Burrows, Harborage",2025300001,2,2530,1,40.838953240377,-73.928221927751,"{'latitude': '40.838953240377', 'longitude': '-73.928221927751', 'human_address': '{""address"": """", ""city"": """", ""state"": """", ""zip"": """"}'}",4,16,201,2000000,Highbridge,,
PC8744929,2026-09-01T13:15:19.000,Treatments,482,KOSCIUSZKO STREET,11221,Brooklyn,Bait applied,,,3016060031,3,1606,31,40.692494277026,-73.93497567457,"{'latitude': '40.692494277026', 'longitude': '-73.93497567457', 'human_address': '{""address"": """", ""city"": """", ""state"": """", ""zip"": """"}'}",3,36,289,3043406,Bedford-Stuyvesant (East),,
PC8742964,2026-09-01T13:15:54.000,Compliance,53,EAST 182 STREET,10453,Bronx,Failed for Rat Activity,Summons Issued,Burrows,2031820001,2,3182,1,40.856956998185,-73.903414337521,"{'latitude': '40.856956998185', 'longitude': '-73.903414337521', 'human_address': '{""address"": """", ""city"": """", ""state"": """", ""zip"": """"}'}",5,14,239,2013988,Fordham Heights,,
PC8653321,2026-09-01T13:19:00.000,Treatments,1042,BERGEN STREET,11216,Brooklyn,Bait applied,,,3012190016,3,1219,16,40.676171091828,-73.951604256842,"{'latitude': '40.676171091828', 'longitude': '-73.951604256842', 'human_address': '{""address"": """", ""city"": """", ""state"": """", ""zip"": """"}'}",8,36,315,3030651,Crown Heights (North),997674,185630
PC8759186,2026-09-01T13:22:11.000,Compliance,1054,BERGEN STREET,11216,Brooklyn,Failed for Rat Activity,Summons Issued,Droppings,3012190022,3,1219,22,40.676151737869,-73.951272595767,"{'latitude': '40.676151737869', 'longitude': '-73.951272595767', 'human_address': '{""address"": """", ""city"": """", ""state"": """", ""zip"": """"}'}",8,36,315,3030654,Crown Heights (North),,
PC8665590,2026-09-01T13:24:08.000,Compliance,110,GROVE STREET,11221,Brooklyn,Failed for Rat Activity,Summons Issued,"Droppings, Burrows, Runways",3033230014,3,3323,14,40.693434854331,-73.92051427774,"{'latitude': '40.693434854331', 'longitude': '-73.92051427774', 'human_address': '{""address"": """", ""city"": """", ""state"": """", ""zip"": """"}'}",4,37,417,3076082,Bushwick (East),,
PC8566531,2026-09-01T13:28:22.000,Treatments,490,KOSCIUSZKO STREET,11221,Brooklyn,Monitoring visit,,,3016060035,3,1606,35,40.692521585404,-73.934730436169,"{'latitude': '40.692521585404', 'longitude': '-73.934730436169', 'human_address': '{""address"": """", ""city"": """", ""state"": """", ""zip"": """"}'}",3,36,289,3043409,Bedford-Stuyvesant (East),,
PC8758779,2026-09-01T13:29:49.000,Compliance,1046,BERGEN STREET,11216,Brooklyn,Failed for Rat Activity,Summons Issued,"Droppings, Burrows",3012190018,3,1219,18,40.676165555032,-73.951492500739,"{'latitude': '40.676165555032', 'longitude': '-73.951492500739', 'human_address': '{""address"": """", ""city"": """", ""state"": """", ""zip"": """"}'}",8,36,315,3030652,Crown Heights (North),,
PC8767674,2026-09-01T13:30:00.000,Initial,420,CARROLL STREET,11215,Brooklyn,Failed for Rat Activity,COTA,Burrows,3004530001,3,453,1,40.677920921698,-73.988513640384,"{'latitude': '40.677920921698', 'longitude': '-73.988513640384', 'human_address': '{""address"": """", ""city"": """", ""state"": """", ""zip"": """"}'}",6,39,11901,3000000,Carroll Gardens-Cobble Hill-Gowanus-Red Hook,987443,186260
PC8769496,2026-09-01T13:31:39.000,Initial,1816,WATERLOO PLACE,10460,Bronx,Failed for Other Reason,COTA,Harborage,2029580071,2,2958,71,40.840238285739,-73.887731854579,"{'latitude': '40.840238285739', 'longitude': '-73.887731854579', 'human_address': '{""address"": """", ""city"": """", ""state"": """", ""zip"": """"}'}",6,15,367,2010131,Tremont,,
PC8656046,2026-09-01T13:35:00.000,Treatments,549,BERGEN STREET,11217,Brooklyn,Bait applied,,,3011360058,3,1136,58,40.680245687402,-73.972166415363,"{'latitude': '40.680245687402', 'longitude': '-73.972166415363', 'human_address': '{""address"": """", ""city"": """", ""state"": """", ""zip"": """"}'}",8,35,161,3027830,Prospect Heights,991970,187112
PC8701751,2026-09-01T13:40:41.000,Treatments,590,Ocean Ave,11226,Brooklyn,Bait applied,,,3051000056,3,5100,56,40.648312320273,-73.960687734043,"{'latitude': '40.648312320273', 'longitude': '-73.960687734043', 'human_address': '{""address"": """", ""city"": """", ""state"": """", ""zip"": """"}'}",14,40,51002,3117128,Flatbush,,
PC8720561,2026-09-01T13:41:15.000,Treatments,531,KOSCIUSZKO STREET,11221,Brooklyn,Bait applied,,,3016030001,3,1603,1,40.692696460383,-73.93335635415,"{'latitude': '40.692696460383', 'longitude': '-73.93335635415', 'human_address': '{""address"": """", ""city"": """", ""state"": """", ""zip"": """"}'}",3,36,289,3335584,Bedford-Stuyvesant (East),,
PC8693356,2026-09-01T13:45:08.000,Compliance,418,EVERGREEN AVENUE,11221,Brooklyn,Failed for Rat Activity,Summons Issued,"Burrows, Runways",3033130009,3,3313,9,40.693076221289,-73.921870594701,"{'latitude': '40.693076221289', 'longitude': '-73.921870594701', 'human_address': '{""address"": """", ""city"": """", ""state"": """", ""zip"": """"}'}",4,37,395,3338488,Bushwick (East),,
PC8755944,2026-09-01T13:46:44.000,Compliance,1024,MONTGOMERY STREET,11213,Brooklyn,Failed for Other Reason,Summons Issued,Harborage,3014250013,3,1425,13,40.664264427897,-73.930594971256,"{'latitude': '40.664264427897', 'longitude': '-73.930594971256', 'human_address': '{""address"": """", ""city"": """", ""state"": """", ""zip"": """"}'}",9,41,355,3038417,Crown Heights (South),1003505,181296
PC8769320,2026-09-01T13:51:27.000,Initial,487,MIDWOOD STREET,11225,Brooklyn,Failed for Other Reason,COTA,Harborage,3047980066,3,4798,66,40.660511533411,-73.944241229987,"{'latitude': '40.660511533411', 'longitude': '-73.944241229987', 'human_address': '{""address"": """", ""city"": """", ""state"": """", ""zip"": """"}'}",9,40,806,3106790,Prospect Lefferts Gardens-Wingate,,
PC8671711,2026-09-01T13:52:00.000,Treatments,498,BERGEN STREET,11217,Brooklyn,Bait applied,,,3011430016,3,1143,16,40.680646892191,-73.974163643571,"{'latitude': '40.680646892191', 'longitude': '-73.974163643571', 'human_address': '{""address"": """", ""city"": """", ""state"": """", ""zip"": """"}'}",8,35,161,3028039,Prospect Heights,991416,187258
PC8726037,2026-09-01T13:54:24.000,Treatments,555,KOSCIUSZKO STREET,11221,Brooklyn,Bait applied,,,3016030061,3,1603,61,40.69278112044,-73.932624237385,"{'latitude': '40.69278112044', 'longitude': '-73.932624237385', 'human_address': '{""address"": """", ""city"": """", ""state"": """", ""zip"": """"}'}",3,36,289,3414258,Bedford-Stuyvesant (East),,
PC8759892,2026-09-01T13:55:31.000,Compliance,1290,NOSTRAND AVENUE,11226,Brooklyn,Failed for Rat Activity,Summons Issued,"Droppings, Burrows",3050570057,3,5057,57,40.655614802555,-73.95009831721,"{'latitude': '40.655614802555', 'longitude': '-73.95009831721', 'human_address': '{""address"": """", ""city"": """", ""state"": """", ""zip"": """"}'}",9,40,820,3116066,East Flatbush-Erasmus,998096,178141
PC8773077,2026-09-01T14:01:00.000,Initial,99,WEST  163 STREET,10452,Bronx,Failed for Other Reason,COTA,Mice,2025110154,2,2511,154,40.832144211587,-73.929298942324,"{'latitude': '40.832144211587', 'longitude': '-73.929298942324', 'human_address': '{""address"": """", ""city"": """", ""state"": """", ""zip"": """"}'}",4,16,189,2102536,Highbridge,1003815,242460
PC8751418,2026-09-01T14:02:55.000,Compliance,580,FLATBUSH AVENUE,11225,Brooklyn,Failed for Other Reason,Summons Issued,Harborage,3050260100,3,5026,100,40.659568624418,-73.960576551276,"{'latitude': '40.659568624418', 'longitude': '-73.960576551276', 'human_address': '{""address"": """", ""city"": """", ""state"": """", ""zip"": """"}'}",9,40,79802,3114603,Prospect Lefferts Gardens-Wingate,995188,179580
PC8682750,2026-09-01T14:09:19.000,Compliance,2307,CROTONA AVENUE,10458,Bronx,Failed for Rat Activity,Summons Issued,Burrows,2031030056,2,3103,56,40.852281693912,-73.884461787347,"{'latitude': '40.852281693912', 'longitude': '-73.884461787347', 'human_address': '{""address"": """", ""city"": """", ""state"": """", ""zip"": """"}'}",6,15,391,2118364,Belmont,,
PC8741103,2026-09-01T14:18:19.000,Compliance,2309,CROTONA AVENUE,10458,Bronx,Failed for Other Reason,Summons Issued,"Garbage, Harborage",2031030055,2,3103,55,40.852322843057,-73.884440027075,"{'latitude': '40.852322843057', 'longitude': '-73.884440027075', 'human_address': '{""address"": """", ""city"": """", ""state"": """", ""zip"": """"}'}",6,15,391,2012882,Belmont,1016219,249825
PC8731658,2026-09-01T14:20:08.000,Compliance,911,BUSHWICK AVENUE,11221,Brooklyn,Failed for Rat Activity,Summons Issued,"Burrows, Runways",3032840003,3,3284,3,40.693135696476,-73.924611151355,"{'latitude': '40.693135696476', 'longitude': '-73.924611151355', 'human_address': '{""address"": """", ""city"": """", ""state"": """", ""zip"": """"}'}",4,37,395,3074979,Bushwick (East),,
PC8751278,2026-09-01T14:22:10.000,Compliance,1115,UNION STREET,11225,Brooklyn,Failed for Rat Activity,Summons Issued,"Droppings, Burrows",3012660047,3,1266,47,40.669390663188,-73.956374738602,"{'latitude': '40.669390663188', 'longitude': '-73.956374738602', 'human_address': '{""address"": """", ""city"": """", ""state"": """", ""zip"": """"}'}",9,35,325,3032881,Crown Heights (South),996352,183159
PC8700097,2026-09-01T14:23:06.000,Compliance,341,SAINT JOHNS PLACE,11238,Brooklyn,Failed for Rat Activity,Summons Issued,Burrows,3011730090,3,1173,90,40.674230213723,-73.965979046917,"{'latitude': '40.674230213723', 'longitude': '-73.965979046917', 'human_address': '{""address"": """", ""city"": """", ""state"": """", ""zip"": """"}'}",8,35,207,3029422,Prospect Heights,993687,184921
PC8759342,2026-09-01T14:27:16.000,Compliance,347,NEW YORK AVENUE,11213,Brooklyn,Failed for Rat Activity,Summons Issued,Burrows,3012840007,3,1284,7,40.667485006508,-73.947930190173,"{'latitude': '40.667485006508', 'longitude': '-73.947930190173', 'human_address': '{""address"": """", ""city"": """", ""state"": """", ""zip"": """"}'}",9,35,335,3033598,Crown Heights (South),998695,182466
PC8683008,2026-09-01T14:30:19.000,Compliance,2344,CROTONA AVENUE,10458,Bronx,Failed for Rat Activity,Summons Issued,Burrows,2031020019,2,3102,19,40.852822107337,-73.884164433007,"{'latitude': '40.852822107337', 'longitude': '-73.884164433007', 'human_address': '{""address"": """", ""city"": """", ""state"": """", ""zip"": """"}'}",6,15,393,2012830,Belmont,,
PC8694975,2026-09-01T14:40:08.000,Compliance,55,HIMROD STREET,11221,Brooklyn,Failed for Rat Activity,Summons Issued,"Droppings, Burrows, Runways",3032650074,3,3265,74,40.695419242047,-73.924449885999,"{'latitude': '40.695419242047', 'longitude': '-73.924449885999', 'human_address': '{""address"": """", ""city"": """", ""state"": """", ""zip"": """"}'}",4,37,421,3074413,Bushwick (West),,
PC8769170,2026-09-01T14:46:02.000,Initial,852,PENNSYLVANIA AVENUE,11207,Brooklyn,Failed for Other Reason,COTA,"Harborage, Mice",3043680001,3,4368,1,40.656881515637,-73.889364330338,"{'latitude': '40.656881515637', 'longitude': '-73.889364330338', 'human_address': '{""address"": """", ""city"": """", ""state"": """", ""zip"": """"}'}",5,42,1104,3097772,East New York-New Lots,,
PC8682587,2026-09-01T14:49:19.000,Compliance,2373,PROSPECT AVENUE,10458,Bronx,Failed for Rat Activity and Other Reason,Summons Issued,"Burrows, Garbage",2031020032,2,3102,32,40.85357824893,-73.88277863439,"{'latitude': '40.85357824893', 'longitude': '-73.88277863439', 'human_address': '{""address"": """", ""city"": """", ""state"": """", ""zip"": """"}'}",6,15,393,2012838,Belmont,,
PC8604172,2026-09-01T14:50:56.000,Compliance,903,SUMMIT AVENUE,10452,Bronx,Failed for Rat Activity and Other Reason,Summons Issued,"Droppings, Burrows, Harborage",2025230043,2,2523,43,40.83095980289,-73.931475584478,"{'latitude': '40.83095980289', 'longitude': '-73.931475584478', 'human_address': '{""address"": """", ""city"": """", ""state"": """", ""zip"": """"}'}",4,16,189,2003406,Highbridge,,
PC8713598,2026-09-01T15:01:08.000,Compliance,654,HART STREET,11221,Brooklyn,Failed for Rat Activity,Summons Issued,"Burrows, Runways, Rats",3032280014,3,3228,14,40.698426287241,-73.926790608896,"{'latitude': '40.698426287241', 'longitude': '-73.926790608896', 'human_address': '{""address"": """", ""city"": """", ""state"": """", ""zip"": """"}'}",4,34,423,3000000,Bushwick (West),,
PC8647083,2026-09-01T15:08:35.000,Compliance,1277,SHAKESPEARE AVENUE,10452,Bronx,Failed for Rat Activity and Other Reason,Summons Issued,"Droppings, Burrows, Harborage",2025170035,2,2517,35,40.839136275548,-73.922663348364,"{'latitude': '40.839136275548', 'longitude': '-73.922663348364', 'human_address': '{""address"": """", ""city"": """", ""state"": """", ""zip"": """"}'}",4,16,211,2003311,Highbridge,1005649,245009
PC8735479,2026-09-01T15:09:19.000,Compliance,690,EAST 189 STREET,10458,Bronx,Failed for Rat Activity and Other Reason,Summons Issued,"Burrows, Garbage, Harborage",2030900054,2,3090,54,40.856115095569,-73.883479063258,"{'latitude': '40.856115095569', 'longitude': '-73.883479063258', 'human_address': '{""address"": """", ""city"": """", ""state"": """", ""zip"": """"}'}",6,15,389,2012554,Belmont,,
PC8768864,2026-09-01T16:11:54.000,Initial,1228,CLAY AVENUE,10456,Bronx,Failed for Other Reason,City Agency Referral,Harborage,2024270003,2,2427,3,40.83277053875,-73.91038424664,"{'latitude': '40.83277053875', 'longitude': '-73.91038424664', 'human_address': '{""address"": """", ""city"": """", ""state"": """", ""zip"": """"}'}",4,16,17701,2002090,Concourse-Concourse Village,,
PC8768842,2026-09-01T16:13:46.000,Initial,1232,CLAY AVENUE,10456,Bronx,Failed for Other Reason,City Agency Referral,Harborage,2024270004,2,2427,4,40.832888508868,-73.910315426984,"{'latitude': '40.832888508868', 'longitude': '-73.910315426984', 'human_address': '{""address"": """", ""city"": """", ""state"": """", ""zip"": """"}'}",4,16,17701,2002091,Concourse-Concourse Village,,
PC8557850,2026-09-02T07:57:15.000,Treatments,1681,Amsterdam Ave,10031,Manhattan,Bait applied,,,1020590001,1,2059,1,40.824024491269,-73.948475669157,"{'latitude': '40.824024491269', 'longitude': '-73.948475669157', 'human_address': '{""address"": """", ""city"": """", ""state"": """", ""zip"": """"}'}",9,7,227,1061269,Hamilton Heights-Sugar Hill,,
PC8749082,2026-09-02T08:20:00.000,Compliance,103-35,125 STREET,11419,Queens,Failed for Other Reason,Summons Issued,Harborage,4095620033,4,9562,33,40.688885050006,-73.819689067969,"{'latitude': '40.688885050006', 'longitude': '-73.819689067969', 'human_address': '{""address"": """", ""city"": """", ""state"": """", ""zip"": """"}'}",10,29,15802,4203929,South Ozone Park,1034255,190310
PC8735300,2026-09-02T08:22:56.000,Treatments,423,EAST 115 STREET,10029,Manhattan,Bait applied,,,1017090010,1,1709,10,40.795025022017,-73.93521102279,"{'latitude': '40.795025022017', 'longitude': '-73.93521102279', 'human_address': '{""address"": """", ""city"": """", ""state"": """", ""zip"": """"}'}",11,8,178,1053046,East Harlem (North),,
PC8697218,2026-09-02T08:31:45.000,Treatments,252,ALBANY AVENUE,11213,Brooklyn,Bait applied,,,3012440090,3,1244,90,40.672056237841,-73.939173806266,"{'latitude': '40.672056237841', 'longitude': '-73.939173806266', 'human_address': '{""address"": """", ""city"": """", ""state"": """", ""zip"": """"}'}",8,36,343,3031765,Crown Heights (North),1001123,184133
PC8747565,2026-09-02T08:38:50.000,Treatments,429,EAST  115 STREET,10029,Manhattan,Bait applied,,,1017090013,1,1709,13,40.79498654047,-73.935113546494,"{'latitude': '40.79498654047', 'longitude': '-73.935113546494', 'human_address': '{""address"": """", ""city"": """", ""state"": """", ""zip"": """"}'}",11,8,178,1053048,East Harlem (North),1002216,228921
PC8716785,2026-09-02T08:45:00.000,Initial,123-01,109 AVENUE,11420,Queens,Failed for Other Reason,,Harborage,4096030042,4,9603,42,40.68327845812,-73.81857935195,"{'latitude': '40.68327845812', 'longitude': '-73.81857935195', 'human_address': '{""address"": """", ""city"": """", ""state"": """", ""zip"": """"}'}",10,28,164,4205737,South Ozone Park,1034567,188268
PC8771984,2026-09-02T08:49:06.000,Initial,1127,BEDFORD AVENUE,11216,Brooklyn,Failed for Rat Activity,COTA,Droppings,3018170010,3,1817,10,40.684930743563,-73.954215570558,"{'latitude': '40.684930743563', 'longitude': '-73.954215570558', 'human_address': '{""address"": """", ""city"": """", ""state"": """", ""zip"": """"}'}",3,36,245,3051294,Bedford-Stuyvesant (West),,
PC8620691,2026-09-02T08:49:31.000,Treatments,243,KINGSTON AVENUE,11213,Brooklyn,Bait applied,,,3012510001,3,1251,1,40.671591080118,-73.941978858123,"{'latitude': '40.671591080118', 'longitude': '-73.941978858123', 'human_address': '{""address"": """", ""city"": """", ""state"": """", ""zip"": """"}'}",8,35,339,3324522,Crown Heights (North),1000345,183963
PC8726720,2026-09-02T08:54:45.000,Treatments,2382,WEBSTER AVENUE,10458,Bronx,Bait applied,,,2030310038,2,3031,38,40.858186863937,-73.894313407692,"{'latitude': '40.858186863937', 'longitude': '-73.894313407692', 'human_address': '{""address"": """", ""city"": """", ""state"": """", ""zip"": """"}'}",6,15,38304,2011198,Belmont,1013485,251958
PC8735301,2026-09-02T08:58:35.000,Treatments,427,EAST 115 STREET,10029,Manhattan,Bait applied,,,1017090111,1,1709,111,40.794997537829,-73.935146040369,"{'latitude': '40.794997537829', 'longitude': '-73.935146040369', 'human_address': '{""address"": """", ""city"": """", ""state"": """", ""zip"": """"}'}",11,8,178,1000000,East Harlem (North),,
PC8772760,2026-09-02T08:58:53.000,Initial,173,NOSTRAND AVENUE,11205,Brooklyn,Failed for Other Reason,COTA,Harborage,3017660005,3,1766,5,40.693317926743,-73.952143495596,"{'latitude': '40.693317926743', 'longitude': '-73.952143495596', 'human_address': '{""address"": """", ""city"": """", ""state"": """", ""zip"": """"}'}",3,36,253,3049031,Bedford-Stuyvesant (West),,
PC8749653,2026-09-02T09:00:00.000,Compliance,1721,PALMETTO STREET,11385,Queens,Failed for Rat Activity,Summons Issued,Droppings,4034530044,4,3453,44,40.702181596651,-73.908342423691,"{'latitude': '40.702181596651', 'longitude': '-73.908342423691', 'human_address': '{""address"": """", ""city"": """", ""state"": """", ""zip"": """"}'}",5,34,549,4082506,Ridgewood,,
PC8700395,2026-09-02T09:00:48.000,Treatments,411,EAST 114 STREET,10029,Manhattan,Bait applied,,,1017080007,1,1708,7,40.794457171507,-73.93576776346,"{'latitude': '40.794457171507', 'longitude': '-73.93576776346', 'human_address': '{""address"": """", ""city"": """", ""state"": """", ""zip"": """"}'}",11,8,178,1053007,East Harlem (North),,
PC8608447,2026-09-02T09:00:53.000,Treatments,946,CASTLE HILL AVENUE,10473,Bronx,Bait applied,,,2036940009,2,3694,9,40.826567287033,-73.849778707,"{'latitude': '40.826567287033', 'longitude': '-73.849778707', 'human_address': '{""address"": """", ""city"": """", ""state"": """", ""zip"": """"}'}",9,18,98,2023161,Castle Hill-Unionport,1025824,240456
PC8771031,2026-09-02T09:02:48.000,Initial,200,HANCOCK STREET,11216,Brooklyn,Failed for Rat Activity,COTA,Burrows,3018380028,3,1838,28,40.682748759543,-73.948040813589,"{'latitude': '40.682748759543', 'longitude': '-73.948040813589', 'human_address': '{""address"": """", ""city"": """", ""state"": """", ""zip"": """"}'}",3,36,249,3052675,Bedford-Stuyvesant (West),,
PC8755983,2026-09-02T09:03:00.000,Stoppage,648,EAST 11 STREET,10009,Manhattan,Stoppage done,,,1003937501,1,393,7501,40.726696652456,-73.977681472721,"{'latitude': '40.726696652456', 'longitude': '-73.977681472721', 'human_address': '{""address"": """", ""city"": """", ""state"": """", ""zip"": """"}'}",3,2,28,1088368,East Village,,
PC8771558,2026-09-02T09:03:06.000,Initial,137,MADISON STREET,11216,Brooklyn,Failed for Rat Activity,COTA,Droppings,3018170097,3,1817,97,40.684411594174,-73.953256835276,"{'latitude': '40.684411594174', 'longitude': '-73.953256835276', 'human_address': '{""address"": """", ""city"": """", ""state"": """", ""zip"": """"}'}",3,36,245,3051362,Bedford-Stuyvesant (West),,
PC8771186,2026-09-02T09:06:06.000,Initial,141,MADISON STREET,11216,Brooklyn,Failed for Rat Activity,COTA,Droppings,3018170095,3,1817,95,40.684425269463,-73.953137840393,"{'latitude': '40.684425269463', 'longitude': '-73.953137840393', 'human_address': '{""address"": """", ""city"": """", ""state"": """", ""zip"": """"}'}",3,36,245,3051360,Bedford-Stuyvesant (West),,
PC8733186,2026-09-02T09:06:45.000,Treatments,440,EAST 187 STREET,10458,Bronx,Bait applied,,,2030400007,2,3040,7,40.858078007821,-73.892361445382,"{'latitude': '40.858078007821', 'longitude': '-73.892361445382', 'human_address': '{""address"": """", ""city"": """", ""state"": """", ""zip"": """"}'}",6,15,385,2000000,Belmont,,
PC8763375,2026-09-02T09:07:00.000,Stoppage,181,AVENUE C,10009,Manhattan,Stoppage done,,,1003940044,1,394,44,40.726611428552,-73.976992391555,"{'latitude': '40.726611428552', 'longitude': '-73.976992391555', 'human_address': '{""address"": """", ""city"": """", ""state"": """", ""zip"": """"}'}",3,2,28,1004914,East Village,,
PC8771492,2026-09-02T09:09:47.000,Initial,1,HART STREET,11206,Brooklyn,Failed for Rat Activity,COTA,Burrows,3017660091,3,1766,91,40.69285107007,-73.95155964842,"{'latitude': '40.69285107007', 'longitude': '-73.95155964842', 'human_address': '{""address"": """", ""city"": """", ""state"": """", ""zip"": """"}'}",3,36,253,3049102,Bedford-Stuyvesant (West),,
PC8719349,2026-09-02T09:10:00.000,Initial,117-04,LIBERTY AVENUE,11419,Queens,Failed for Other Reason,,Garbage,4095710002,4,9571,2,40.685938341018,-73.825779887654,"{'latitude': '40.685938341018', 'longitude': '-73.825779887654', 'human_address': '{""address"": """", ""city"": """", ""state"": """", ""zip"": """"}'}",10,28,106,4204125,South Ozone Park,1032568,189233
PC8675242,2026-09-02T09:10:50.000,Treatments,91,EAST   21 STREET,11226,Brooklyn,Bait applied,,,3050820091,3,5082,91,40.651959999824,-73.96029996416,"{'latitude': '40.651959999824', 'longitude': '-73.96029996416', 'human_address': '{""address"": """", ""city"": """", ""state"": """", ""zip"": """"}'}",14,40,50801,3116599,Flatbush,995266,176808
PC8764162,2026-09-02T09:12:00.000,Stoppage,227,AVENUE B,10009,Manhattan,Stoppage done,,,1003960007,1,396,7,40.729090199098,-73.978257954306,"{'latitude': '40.729090199098', 'longitude': '-73.978257954306', 'human_address': '{""address"": """", ""city"": """", ""state"": """", ""zip"": """"}'}",3,2,28,1004934,East Village,,
PC8710296,2026-09-02T09:14:14.000,Treatments,1530,BEDFORD AVENUE,11216,Brooklyn,Bait applied,,,3012590034,3,1259,34,40.670888780181,-73.955000295934,"{'latitude': '40.670888780181', 'longitude': '-73.955000295934', 'human_address': '{""address"": """", ""city"": """", ""state"": """", ""zip"": """"}'}",8,35,219,3032562,Crown Heights (North),,
PC8687513,2026-09-02T09:15:18.000,Treatments,1216,OLMSTEAD AVENUE,10462,Bronx,Bait applied,,,2038120009,2,3812,9,40.832013070171,-73.854203923127,"{'latitude': '40.832013070171', 'longitude': '-73.854203923127', 'human_address': '{""address"": """", ""city"": """", ""state"": """", ""zip"": """"}'}",9,18,92,2092865,Castle Hill-Unionport,1024596,242438
PC8771175,2026-09-02T09:17:06.000,Initial,155,MADISON STREET,11216,Brooklyn,Failed for Rat Activity,COTA,Burrows,3018170087,3,1817,87,40.684471760357,-73.952723161704,"{'latitude': '40.684471760357', 'longitude': '-73.952723161704', 'human_address': '{""address"": """", ""city"": """", ""state"": """", ""zip"": """"}'}",3,36,245,3051353,Bedford-Stuyvesant (West),,
PC8772766,2026-09-02T09:18:48.000,Initial,HANCOCK,STREET,11216,Brooklyn,Failed for Rat Activity,COTA,Burrows,,3,1838,10,,,,,,,,,,
PC8763305,2026-09-02T09:19:00.000,Stoppage,134,AVENUE C,10009,Manhattan,Stoppage done,,,1003780004,1,378,4,40.724981270044,-73.978183535869,"{'latitude': '40.724981270044', 'longitude': '-73.978183535869', 'human_address': '{""address"": """", ""city"": """", ""state"": """", ""zip"": """"}'}",3,2,2602,1004527,East Village,,
PC8771971,2026-09-02T09:19:06.000,Initial,157,MADISON STREET,11216,Brooklyn,Failed for Rat Activity,COTA,Burrows,3018170086,3,1817,86,40.684479969383,-73.952661860375,"{'latitude': '40.684479969383', 'longitude': '-73.952661860375', 'human_address': '{""address"": """", ""city"": """", ""state"": """", ""zip"": """"}'}",3,36,245,3051352,Bedford-Stuyvesant (West),,
PC8771342,2026-09-02T09:20:48.000,Initial,HANCOCK,STREET,11216,Brooklyn,Failed for Other Reason,COTA,Harborage,,3,1838,9,,,,,,,,,,
PC8668874,2026-09-02T09:21:22.000,Treatments,120,EAST 123RD STREET,10035,Manhattan,Bait applied,,,1017710059,1,1771,59,40.803393183909,-73.939172525972,"{'latitude': '40.803393183909', 'longitude': '-73.939172525972', 'human_address': '{""address"": """", ""city"": """", ""state"": """", ""zip"": """"}'}",11,9,196,1054420,East Harlem (North),,
PC8772955,2026-09-02T09:22:00.000,Initial,23,HART STREET,11206,Brooklyn,Failed for Rat Activity,COTA,Droppings,3017660080,3,1766,80,40.692930376926,-73.950874436202,"{'latitude': '40.692930376926', 'longitude': '-73.950874436202', 'human_address': '{""address"": """", ""city"": """", ""state"": """", ""zip"": """"}'}",3,36,253,3049089,Bedford-Stuyvesant (West),,
PC8442831,2026-09-02T09:23:00.000,Stoppage,,EAST 8 STREET,10009,Manhattan,Stoppage done,,,,1,377,14,,,,,,,,,,
PC8735658,2026-09-02T09:23:45.000,Treatments,2357,HUGHES AVENUE,10458,Bronx,Bait applied,,,2030730054,2,3073,54,40.854623092414,-73.887367681552,"{'latitude': '40.854623092414', 'longitude': '-73.887367681552', 'human_address': '{""address"": """", ""city"": """", ""state"": """", ""zip"": """"}'}",6,15,391,2116247,Belmont,,
PC8771761,2026-09-02T09:24:48.000,Initial,156,HANCOCK STREET,11216,Brooklyn,Failed for Rat Activity,COTA,Droppings,3018380006,3,1838,6,40.682609314008,-73.949241559307,"{'latitude': '40.682609314008', 'longitude': '-73.949241559307', 'human_address': '{""address"": """", ""city"": """", ""state"": """", ""zip"": """"}'}",3,36,249,3052657,Bedford-Stuyvesant (West),,
PC8768739,2026-09-02T09:25:23.000,Initial,290,CLINTON STREET,11201,Brooklyn,Failed for Rat Activity,COTA,"Droppings, Runways",3003060026,3,306,26,40.687014863803,-73.995921892263,"{'latitude': '40.687014863803', 'longitude': '-73.995921892263', 'human_address': '{""address"": """", ""city"": """", ""state"": """", ""zip"": """"}'}",6,39,45,3003368,Carroll Gardens-Cobble Hill-Gowanus-Red Hook,985381,189577
PC8771184,2026-09-02T09:26:06.000,Initial,163,MADISON STREET,11216,Brooklyn,Failed for Other Reason,COTA,Garbage,3018170082,3,1817,82,40.684501854478,-73.952485169492,"{'latitude': '40.684501854478', 'longitude': '-73.952485169492', 'human_address': '{""address"": """", ""city"": """", ""state"": """", ""zip"": """"}'}",3,36,245,3390179,Bedford-Stuyvesant (West),,
PC8726729,2026-09-02T09:27:00.000,Treatments,250,WEST   74 STREET,10023,Manhattan,Bait applied,,,1011650159,1,1165,159,40.780785766503,-73.982750962849,"{'latitude': '40.780785766503', 'longitude': '-73.982750962849', 'human_address': '{""address"": """", ""city"": """", ""state"": """", ""zip"": """"}'}",7,6,159,1030557,Upper West Side-Lincoln Square,989027,223741
PC8622921,2026-09-02T09:30:00.000,Clean Ups,2070,POWELL AVENUE,10472,Bronx,Cleanup done,,,2038010036,2,3801,36,40.830720529049,-73.854387445166,"{'latitude': '40.830720529049', 'longitude': '-73.854387445166', 'human_address': '{""address"": """", ""city"": """", ""state"": """", ""zip"": """"}'}",9,18,78,2026162,Castle Hill-Unionport,1024546,241967
PC8703984,2026-09-02T09:30:31.000,Treatments,1960,CROSS BRONX EXPWY,10472,Bronx,Bait applied,,,2037940042,2,3794,42,40.832289837153,-73.858228934019,"{'latitude': '40.832289837153', 'longitude': '-73.858228934019', 'human_address': '{""address"": """", ""city"": """", ""state"": """", ""zip"": """"}'}",9,18,72,2025921,Castle Hill-Unionport,,
PC8771471,2026-09-02T09:31:55.000,Initial,39,HART STREET,11206,Brooklyn,Failed for Rat Activity,COTA,Droppings,3017660072,3,1766,72,40.692987804386,-73.950380360931,"{'latitude': '40.692987804386', 'longitude': '-73.950380360931', 'human_address': '{""address"": """", ""city"": """", ""state"": """", ""zip"": """"}'}",3,36,253,3049079,Bedford-Stuyvesant (West),,
PC8763307,2026-09-02T09:32:00.000,Stoppage,720,EAST 9 STREET,10009,Manhattan,Stoppage done,,,1003780017,1,378,17,40.724950889628,-73.977216651551,"{'latitude': '40.724950889628', 'longitude': '-73.977216651551', 'human_address': '{""address"": """", ""city"": """", ""state"": """", ""zip"": """"}'}",3,2,2602,1084876,East Village,,
PC8746504,2026-09-02T09:33:43.000,Treatments,205,EAST 115 STREET,10029,Manhattan,Bait applied,,,1016650005,1,1665,5,40.797209902655,-73.940388132783,"{'latitude': '40.797209902655', 'longitude': '-73.940388132783', 'human_address': '{""address"": """", ""city"": """", ""state"": """", ""zip"": """"}'}",11,8,188,1052519,East Harlem (North),,
PC8735497,2026-09-02T09:34:45.000,Treatments,2371,HUGHES AVENUE,10458,Bronx,Bait applied,,,2030730051,2,3073,51,40.854776669648,-73.887237284553,"{'latitude': '40.854776669648', 'longitude': '-73.887237284553', 'human_address': '{""address"": """", ""city"": """", ""state"": """", ""zip"": """"}'}",6,15,391,2012145,Belmont,,
PC8763306,2026-09-02T09:35:00.000,Stoppage,140,AVENUE C,10009,Manhattan,Stoppage done,,,1003780009,1,378,9,40.725137700401,-73.978071641896,"{'latitude': '40.725137700401', 'longitude': '-73.978071641896', 'human_address': '{""address"": """", ""city"": """", ""state"": """", ""zip"": """"}'}",3,2,2602,1004529,East Village,,
PC8771943,2026-09-02T09:35:49.000,Initial,833,ST MARKS AVENUE,11213,Brooklyn,Failed for Other Reason,COTA,Harborage,3012210048,3,1221,48,40.674930158326,-73.944874441483,"{'latitude': '40.674930158326', 'longitude': '-73.944874441483', 'human_address': '{""address"": """", ""city"": """", ""state"": """", ""zip"": """"}'}",8,36,313,3030741,Crown Heights (North),,
PC8770835,2026-09-02T09:37:00.000,Initial,101,HALSEY STREET,11216,Brooklyn,Failed for Rat Activity,COTA,Burrows,3018380087,3,1838,87,40.681881923223,-73.949184427485,"{'latitude': '40.681881923223', 'longitude': '-73.949184427485', 'human_address': '{""address"": """", ""city"": """", ""state"": """", ""zip"": """"}'}",3,36,249,3052726,Bedford-Stuyvesant (West),,
PC8771938,2026-09-02T09:39:00.000,Initial,103,HALSEY STREET,11216,Brooklyn,Failed for Rat Activity,COTA,Burrows,3018380086,3,1838,86,40.681890130358,-73.949123128108,"{'latitude': '40.681890130358', 'longitude': '-73.949123128108', 'human_address': '{""address"": """", ""city"": """", ""state"": """", ""zip"": """"}'}",3,36,249,3052725,Bedford-Stuyvesant (West),,
PC8766023,2026-09-02T09:39:07.000,Initial,70,KIMBERLY LANE,10304,Staten Island,Failed for Other Reason,COTA,Garbage,5028670214,5,2867,214,40.617790337413,-74.077104425162,"{'latitude': '40.617790337413', 'longitude': '-74.077104425162', 'human_address': '{""address"": """", ""city"": """", ""state"": """", ""zip"": """"}'}",1,49,4001,5129369,Tompkinsville-Stapleton-Clifton-Fox Hills,962844,164366
PC8761474,2026-09-02T09:40:00.000,Stoppage,102,AVENUE C,10009,Manhattan,Stoppage done,,,1003760007,1,376,7,40.7239438899,-73.978941506339,"{'latitude': '40.7239438899', 'longitude': '-73.978941506339', 'human_address': '{""address"": """", ""city"": """", ""state"": """", ""zip"": """"}'}",3,2,2602,1004469,East Village,,
PC8772562,2026-09-02T09:40:00.000,Initial,51,HART STREET,11206,Brooklyn,Failed for Rat Activity,,Droppings,3017660066,3,1766,66,40.693031557811,-73.9500052958,"{'latitude': '40.693031557811', 'longitude': '-73.9500052958', 'human_address': '{""address"": """", ""city"": """", ""state"": """", ""zip"": """"}'}",3,36,253,3049072,Bedford-Stuyvesant (West),,
PC8772750,2026-09-02T09:40:00.000,Initial,105,HALSEY STREET,11216,Brooklyn,Failed for Rat Activity,COTA,Runways,3018380085,3,1838,85,40.681898337459,-73.949061828716,"{'latitude': '40.681898337459', 'longitude': '-73.949061828716', 'human_address': '{""address"": """", ""city"": """", ""state"": """", ""zip"": """"}'}",3,36,249,3052724,Bedford-Stuyvesant (West),,
PC8679558,2026-09-02T09:40:02.000,Treatments,530,GRAND STREET,10002,Manhattan,Bait applied,,,1003310120,1,331,120,40.714406252871,-73.981437135218,"{'latitude': '40.714406252871', 'longitude': '-73.981437135218', 'human_address': '{""address"": """", ""city"": """", ""state"": """", ""zip"": """"}'}",3,1,12,1076783,Lower East Side,,
PC8773982,2026-09-02T09:40:06.000,Initial,1402,WEBSTER AVENUE,10456,Bronx,Failed for Rat Activity and Other Reason,City Agency Referral,"Burrows, Garbage, Harborage",2028950001,2,2895,1,40.836382907992,-73.9072931064,"{'latitude': '40.836382907992', 'longitude': '-73.9072931064', 'human_address': '{""address"": """", ""city"": """", ""state"": """", ""zip"": """"}'}",3,16,14702,2092078,Claremont Village-Claremont (East),,
PC8590373,2026-09-02T09:40:50.000,Treatments,31,EAST   21 STREET,11226,Brooklyn,Bait applied,,,3050630017,3,5063,17,40.653626190443,-73.960616115797,"{'latitude': '40.653626190443', 'longitude': '-73.960616115797', 'human_address': '{""address"": """", ""city"": """", ""state"": """", ""zip"": """"}'}",14,40,50803,3116157,Flatbush,,
PC8703986,2026-09-02T09:41:34.000,Treatments,1962,CROSS BRONX EXPWY,10472,Bronx,Bait applied,,,2037940043,2,3794,43,40.832278813614,-73.858192820983,"{'latitude': '40.832278813614', 'longitude': '-73.858192820983', 'human_address': '{""address"": """", ""city"": """", ""state"": """", ""zip"": """"}'}",9,18,72,2025922,Castle Hill-Unionport,,
PC8772509,2026-09-02T09:42:47.000,Initial,55,HART STREET,11206,Brooklyn,Failed for Rat Activity,COTA,Droppings,3017660064,3,1766,64,40.693045228141,-73.949882678724,"{'latitude': '40.693045228141', 'longitude': '-73.949882678724', 'human_address': '{""address"": """", ""city"": """", ""state"": """", ""zip"": """"}'}",3,36,253,3259359,Bedford-Stuyvesant (West),,
PC8667150,2026-09-02T09:43:00.000,Treatments,11,WEST 172 STREET,10452,Bronx,Bait applied,,,2028590092,2,2859,92,40.842288727488,-73.916938384326,"{'latitude': '40.842288727488', 'longitude': '-73.916938384326', 'human_address': '{""address"": """", ""city"": """", ""state"": """", ""zip"": """"}'}",4,16,209,2008337,Mount Eden-Claremont (West),,
PC8739033,2026-09-02T09:43:29.000,Treatments,165,WEST   80 STREET,10024,Manhattan,Bait applied,,,1012110007,1,1211,7,40.783548755889,-73.977156802381,"{'latitude': '40.783548755889', 'longitude': '-73.977156802381', 'human_address': '{""address"": """", ""city"": """", ""state"": """", ""zip"": """"}'}",7,6,165,1031954,Upper West Side (Central),990576,224748
PC8771806,2026-09-02T09:44:17.000,Initial,59,HART STREET,11206,Brooklyn,Failed for Rat Activity,COTA,"Droppings, Burrows, Runways",3017660062,3,1766,62,40.693058896758,-73.949756455516,"{'latitude': '40.693058896758', 'longitude': '-73.949756455516', 'human_address': '{""address"": """", ""city"": """", ""state"": """", ""zip"": """"}'}",3,36,253,3049067,Bedford-Stuyvesant (West),,
PC8763389,2026-09-02T09:45:00.000,Stoppage,56,AVENUE C,10009,Manhattan,Stoppage done,,,1003740002,1,374,2,40.72251954136,-73.979977362992,"{'latitude': '40.72251954136', 'longitude': '-73.979977362992', 'human_address': '{""address"": """", ""city"": """", ""state"": """", ""zip"": """"}'}",3,2,2601,1004409,East Village,,
PC8766142,2026-09-02T09:45:00.000,Initial,86-38,SAINT JAMES AVENUE,11373,Queens,Failed for Other Reason,COTA,Animal Nuisance,4015820025,4,1582,25,40.740110975303,-73.878212019311,"{'latitude': '40.740110975303', 'longitude': '-73.878212019311', 'human_address': '{""address"": """", ""city"": """", ""state"": """", ""zip"": """"}'}",4,25,471,4039455,Elmhurst,1017999,208945
PC8760894,2026-09-02T09:46:00.000,Initial,775,WOODWARD AVENUE,11385,Queens,Failed for Rat Activity,COTA,"Droppings, Burrows",4034810014,4,3481,14,40.703846781395,-73.903900314618,"{'latitude': '40.703846781395', 'longitude': '-73.903900314618', 'human_address': '{""address"": """", ""city"": """", ""state"": """", ""zip"": """"}'}",5,30,589,4083310,Ridgewood,1010895,195724
PC8724954,2026-09-02T09:47:00.000,Treatments,458,WEST 52 STREET,10019,Manhattan,Bait applied,,,1010610060,1,1061,60,40.765396752497,-73.989642870277,"{'latitude': '40.765396752497', 'longitude': '-73.989642870277', 'human_address': '{""address"": """", ""city"": """", ""state"": """", ""zip"": """"}'}",4,3,133,1085438,Hell's Kitchen,,
PC8773071,2026-09-02T09:49:00.000,Initial,113,HALSEY STREET,11216,Brooklyn,Failed for Rat Activity,COTA,"Burrows, Runways",3018380080,3,1838,80,40.681925674379,-73.948813029748,"{'latitude': '40.681925674379', 'longitude': '-73.948813029748', 'human_address': '{""address"": """", ""city"": """", ""state"": """", ""zip"": """"}'}",3,36,249,3052719,Bedford-Stuyvesant (West),,
PC8712342,2026-09-02T09:49:45.000,Treatments,2503,Hughes  Avenue,10458,Bronx,Bait applied,,,2030780026,2,3078,26,40.857765924274,-73.884712507011,"{'latitude': '40.857765924274', 'longitude': '-73.884712507011', 'human_address': '{""address"": """", ""city"": """", ""state"": """", ""zip"": """"}'}",6,15,389,2012268,Belmont,,
PC8763388,2026-09-02T09:51:00.000,Stoppage,305,EAST 4 STREET,10009,Manhattan,Stoppage done,,,1003747501,1,374,7501,40.722179180793,-73.979923350684,"{'latitude': '40.722179180793', 'longitude': '-73.979923350684', 'human_address': '{""address"": """", ""city"": """", ""state"": """", ""zip"": """"}'}",3,2,2601,1004424,East Village,,
PC8724552,2026-09-02T09:51:42.000,Treatments,406,WEST 52 STREET,10019,Manhattan,Bait applied,,,1010610136,1,1061,136,40.764952001502,-73.988585212734,"{'latitude': '40.764952001502', 'longitude': '-73.988585212734', 'human_address': '{""address"": """", ""city"": """", ""state"": """", ""zip"": """"}'}",4,3,133,1026738,Hell's Kitchen,,
PC8772925,2026-09-02T09:51:52.000,Initial,61,HART STREET,11206,Brooklyn,Failed for Rat Activity,COTA,Droppings,3017660061,3,1766,61,40.693067104193,-73.949695145894,"{'latitude': '40.693067104193', 'longitude': '-73.949695145894', 'human_address': '{""address"": """", ""city"": """", ""state"": """", ""zip"": """"}'}",3,36,253,3049066,Bedford-Stuyvesant (West),,
PC8749898,2026-09-02T09:53:00.000,Compliance,275,EAST 194 STREET,10458,Bronx,Failed for Rat Activity,Summons Issued,Burrows,2032940001,2,3294,1,40.864821877618,-73.892430027255,"{'latitude': '40.864821877618', 'longitude': '-73.892430027255', 'human_address': '{""address"": """", ""city"": """", ""state"": """", ""zip"": """"}'}",7,15,40501,2016832,Bedford Park,,
PC8771431,2026-09-02T09:53:40.000,Initial,63,HART STREET,11206,Brooklyn,Failed for Rat Activity,COTA,Burrows,3017660060,3,1766,60,40.693072566822,-73.949633838339,"{'latitude': '40.693072566822', 'longitude': '-73.949633838339', 'human_address': '{""address"": """", ""city"": """", ""state"": """", ""zip"": """"}'}",3,36,253,3049071,Bedford-Stuyvesant (West),,
PC8753054,2026-09-02T09:53:48.000,Treatments,1350,BEDFORD AVENUE,11216,Brooklyn,Bait applied,,,3012050028,3,1205,28,40.677206337153,-73.952717516337,"{'latitude': '40.677206337153', 'longitude': '-73.952717516337', 'human_address': '{""address"": """", ""city"": """", ""state"": """", ""zip"": """"}'}",8,35,221,3029966,Crown Heights (North),997365,186007
PC8750992,2026-09-02T09:54:23.000,Compliance,715,SACKETT STREET,11217,Brooklyn,Failed for Rat Activity,Summons Issued,Droppings,3009490055,3,949,55,40.677274835613,-73.980614703283,"{'latitude': '40.677274835613', 'longitude': '-73.980614703283', 'human_address': '{""address"": """", ""city"": """", ""state"": """", ""zip"": """"}'}",6,39,131,3019567,Park Slope,989627,186029
PC8732118,2026-09-02T09:54:51.000,Treatments,157,WEST   80 STREET,10024,Manhattan,Bait applied,,,1012110011,1,1211,11,40.783419689583,-73.976842690276,"{'latitude': '40.783419689583', 'longitude': '-73.976842690276', 'human_address': '{""address"": """", ""city"": """", ""state"": """", ""zip"": """"}'}",7,6,165,1031958,Upper West Side (Central),990663,224701
PC8716737,2026-09-02T09:55:00.000,Treatments,950,UNDERHILL AVENUE,10473,Bronx,Bait applied,,,2036700001,2,3670,1,40.824687366999,-73.860857571957,"{'latitude': '40.824687366999', 'longitude': '-73.860857571957', 'human_address': '{""address"": """", ""city"": """", ""state"": """", ""zip"": """"}'}",9,18,42,2022642,Soundview-Clason Point,1022759,239766
PC8678131,2026-09-02T09:55:02.000,Treatments,125,MADISON STREET,10002,Manhattan,Bait applied,,,1002750001,1,275,1,40.712346274018,-73.993947236584,"{'latitude': '40.712346274018', 'longitude': '-73.993947236584', 'human_address': '{""address"": """", ""city"": """", ""state"": """", ""zip"": """"}'}",3,1,8,1003278,Chinatown-Two Bridges,,
PC8771379,2026-09-02T09:55:07.000,Initial,67,HART STREET,11206,Brooklyn,Failed for Rat Activity,COTA,"Droppings, Burrows",3017660058,3,1766,58,40.693088979938,-73.949507612941,"{'latitude': '40.693088979938', 'longitude': '-73.949507612941', 'human_address': '{""address"": """", ""city"": """", ""state"": """", ""zip"": """"}'}",3,36,253,3049069,Bedford-Stuyvesant (West),,
PC8743208,2026-09-02T09:55:13.000,Compliance,2063,CRESTON AVENUE,10453,Bronx,Failed for Rat Activity,Summons Issued,Droppings,2031690055,2,3169,55,40.853235951474,-73.904384913923,"{'latitude': '40.853235951474', 'longitude': '-73.904384913923', 'human_address': '{""address"": """", ""city"": """", ""state"": """", ""zip"": """"}'}",5,14,241,2013845,Mount Hope,,
PC8748503,2026-09-02T09:56:37.000,Treatments,107,EAST 130 STREET,10037,Manhattan,Bait applied,,,,1,1779,7,40.808046717765,-73.936300061221,"{'latitude': '40.808046717765', 'longitude': '-73.936300061221', 'human_address': '{""address"": """", ""city"": """", ""state"": """", ""zip"": """"}'}",11,9,242,,East Harlem (North),,
PC8698892,2026-09-02T09:58:54.000,Treatments,1451,CROMWELL AVENUE,10452,Bronx,Bait applied,,,2028720177,2,2872,177,40.842034879292,-73.9189156646,"{'latitude': '40.842034879292', 'longitude': '-73.9189156646', 'human_address': '{""address"": """", ""city"": """", ""state"": """", ""zip"": """"}'}",4,16,21302,2008684,Mount Eden-Claremont (West),,
PC8771003,2026-09-02T09:59:12.000,Initial,71,HART STREET,11206,Brooklyn,Failed for Rat Activity,COTA,Droppings,3017660056,3,1766,56,40.693102649734,-73.949384995657,"{'latitude': '40.693102649734', 'longitude': '-73.949384995657', 'human_address': '{""address"": """", ""city"": """", ""state"": """", ""zip"": """"}'}",3,36,253,3259361,Bedford-Stuyvesant (West),,
PC8765168,2026-09-02T10:00:00.000,Treatments,1129,HALSEY STREET,11207,Brooklyn,Bait applied,,,3034037501,3,3403,7501,40.68955534849,-73.911468127441,"{'latitude': '40.68955534849', 'longitude': '-73.911468127441', 'human_address': '{""address"": """", ""city"": """", ""state"": """", ""zip"": """"}'}",4,37,413,3078582,Bushwick (East),,
PC8772355,2026-09-02T10:00:00.000,Initial,129,HALSEY STREET,11216,Brooklyn,Failed for Rat Activity,COTA,Burrows,3018380071,3,1838,71,40.681983091372,-73.948315429062,"{'latitude': '40.681983091372', 'longitude': '-73.948315429062', 'human_address': '{""address"": """", ""city"": """", ""state"": """", ""zip"": """"}'}",3,36,249,3052710,Bedford-Stuyvesant (West),,
PC8766459,2026-09-02T10:00:02.000,Initial,635,9 AVENUE,10036,Manhattan,Failed for Other Reason,COTA,Mice,1010540034,1,1054,34,40.760148919682,-73.991387188228,"{'latitude': '40.760148919682', 'longitude': '-73.991387188228', 'human_address': '{""address"": """", ""city"": """", ""state"": """", ""zip"": """"}'}",4,3,12102,1026419,Hell's Kitchen,986636,216222
PC8774325,2026-09-02T10:00:28.000,Initial,303,Rider Avenue,10451,Bronx,Failed for Rat Activity and Other Reason,COTA,"Burrows, Harborage",2023400372,2,2340,372,40.812940554636,-73.927000129683,"{'latitude': '40.812940554636', 'longitude': '-73.927000129683', 'human_address': '{""address"": """", ""city"": """", ""state"": """", ""zip"": """"}'}",1,8,51,2095734,Mott Haven-Port Morris,,
PC8769131,2026-09-02T10:00:46.000,Initial,4154,BRONXWOOD AVENUE,10466,Bronx,Failed for Other Reason,COTA,"Harborage, Animal Nuisance",2048670043,2,4867,43,40.890410265595,-73.852248849514,"{'latitude': '40.890410265595', 'longitude': '-73.852248849514', 'human_address': '{""address"": """", ""city"": """", ""state"": """", ""zip"": """"}'}",12,12,424,2064748,Wakefield-Woodlawn,1025101,263715
PC8710835,2026-09-02T10:00:57.000,Treatments,328,WEST   49 STREET,10019,Manhattan,Bait applied,,,1010390050,1,1039,50,40.762209918779,-73.987903424636,"{'latitude': '40.762209918779', 'longitude': '-73.987903424636', 'human_address': '{""address"": """", ""city"": """", ""state"": """", ""zip"": """"}'}",4,3,127,1025154,Hell's Kitchen,987601,216973
PC8732047,2026-09-02T10:01:00.000,Initial,245,EAST  110 STREET,10029,Manhattan,Failed for Other Reason,,"Garbage, Harborage",1016600019,1,1660,19,40.793694583845,-73.941763683583,"{'latitude': '40.793694583845', 'longitude': '-73.941763683583', 'human_address': '{""address"": """", ""city"": """", ""state"": """", ""zip"": """"}'}",11,8,180,1052463,East Harlem (North),1000375,228449
PC8771786,2026-09-02T10:01:39.000,Initial,73,HART STREET,11206,Brooklyn,Failed for Rat Activity,,Droppings,3017660055,3,1766,55,40.69311085697,-73.949323685949,"{'latitude': '40.69311085697', 'longitude': '-73.949323685949', 'human_address': '{""address"": """", ""city"": """", ""state"": """", ""zip"": """"}'}",3,36,253,3259362,Bedford-Stuyvesant (West),,
PC8771891,2026-09-02T10:01:42.000,Initial,777,ST MARKS AVENUE,11213,Brooklyn,Failed for Rat Activity,COTA,Burrows,3012210018,3,1221,18,40.675010471712,-73.946381307958,"{'latitude': '40.675010471712', 'longitude': '-73.946381307958', 'human_address': '{""address"": """", ""city"": """", ""state"": """", ""zip"": """"}'}",8,36,313,3324476,Crown Heights (North),,
PC8771148,2026-09-02T10:02:00.000,Initial,131,HALSEY STREET,11216,Brooklyn,Failed for Rat Activity,COTA,Burrows,3018380070,3,1838,70,40.681991298041,-73.948254129485,"{'latitude': '40.681991298041', 'longitude': '-73.948254129485', 'human_address': '{""address"": """", ""city"": """", ""state"": """", ""zip"": """"}'}",3,36,249,3052709,Bedford-Stuyvesant (West),,
PC8753120,2026-09-02T10:03:00.000,Compliance,201,ROEBLING STREET,11211,Brooklyn,Failed for Rat Activity,Summons Issued,Burrows,3024080001,3,2408,1,40.712446104421,-73.958871445333,"{'latitude': '40.712446104421', 'longitude': '-73.958871445333', 'human_address': '{""address"": """", ""city"": """", ""state"": """", ""zip"": """"}'}",1,34,523,3062999,Williamsburg,995652,198845
PC8749209,2026-09-02T10:04:00.000,Compliance,352,STATE STREET,11217,Brooklyn,Failed for Rat Activity and Other Reason,Summons Issued,"Burrows, Harborage",3001770010,3,177,10,40.688084516045,-73.985778677286,"{'latitude': '40.688084516045', 'longitude': '-73.985778677286', 'human_address': '{""address"": """", ""city"": """", ""state"": """", ""zip"": """"}'}",2,33,41,3000653,Downtown Brooklyn-DUMBO-Boerum Hill,988194,189967
PC8764163,2026-09-02T10:05:00.000,Stoppage,36,AVENUE A,10009,Manhattan,Stoppage done,,,1003980006,1,398,6,40.72343985899,-73.985417545877,"{'latitude': '40.72343985899', 'longitude': '-73.985417545877', 'human_address': '{""address"": """", ""city"": """", ""state"": """", ""zip"": """"}'}",3,2,3002,1004965,East Village,,
PC8750010,2026-09-02T10:05:00.000,Compliance,2650,BRIGGS AVENUE,10458,Bronx,Failed for Rat Activity,Summons Issued,Burrows,2032940008,2,3294,8,40.865466837516,-73.892374747909,"{'latitude': '40.865466837516', 'longitude': '-73.892374747909', 'human_address': '{""address"": """", ""city"": """", ""state"": """", ""zip"": """"}'}",7,15,40501,2016833,Bedford Park,,
PC8748298,2026-09-02T10:07:00.000,Compliance,87-09,51 AVENUE,11373,Queens,Failed for Rat Activity,Summons Issued,"Burrows, Runways",4018350090,4,1835,90,40.738994357671,-73.876117482434,"{'latitude': '40.738994357671', 'longitude': '-73.876117482434', 'human_address': '{""address"": """", ""city"": """", ""state"": """", ""zip"": """"}'}",4,25,471,4045193,Elmhurst,1018580,208539
PC8695287,2026-09-02T10:09:00.000,Treatments,1319,BEDFORD AVENUE,11216,Brooklyn,Bait applied,,,3012000004,3,1200,4,40.678145109706,-73.952861059112,"{'latitude': '40.678145109706', 'longitude': '-73.952861059112', 'human_address': '{""address"": """", ""city"": """", ""state"": """", ""zip"": """"}'}",8,36,315,3029754,Crown Heights (North),,
PC8774350,2026-09-02T10:09:00.000,Initial,0000,FRESH POND ROAD,,Queens,Failed for Rat Activity,,Burrows,,4,3531,46,0.00000000000000000000,0.00000000000000000000,"{'latitude': '0.0', 'longitude': '0.0', 'human_address': '{""address"": """", ""city"": """", ""state"": """", ""zip"": """"}'}",,,,,,,
PC8682488,2026-09-02T10:09:16.000,Treatments,201,WEST   83 STREET,10024,Manhattan,Bait applied,,,1012310029,1,1231,29,40.785832290164,-73.97666129161,"{'latitude': '40.785832290164', 'longitude': '-73.97666129161', 'human_address': '{""address"": """", ""city"": """", ""state"": """", ""zip"": """"}'}",7,6,171,1032778,Upper West Side (Central),990713,225580
PC8677988,2026-09-02T10:10:02.000,Treatments,34,MARKET STREET,10002,Manhattan,Bait applied,,,1002750024,1,275,24,40.712596070567,-73.99439089242,"{'latitude': '40.712596070567', 'longitude': '-73.99439089242', 'human_address': '{""address"": """", ""city"": """", ""state"": """", ""zip"": """"}'}",3,1,8,1003282,Chinatown-Two Bridges,,
PC8454883,2026-09-02T10:10:24.000,Compliance,1015,BOYNTON AVENUE,10472,Bronx,Failed for Other Reason,Summons Issued,"Garbage, Harborage",2037140001,2,3714,1,40.824409626251,-73.877255000821,"{'latitude': '40.824409626251', 'longitude': '-73.877255000821', 'human_address': '{""address"": """", ""city"": """", ""state"": """", ""zip"": """"}'}",9,18,5001,2023445,Soundview-Bruckner-Bronx River,1018221,239658
PC8743112,2026-09-02T10:10:31.000,Compliance,2095,CRESTON AVENUE,10453,Bronx,Failed for Rat Activity,Summons Issued,"Droppings, Burrows",2031690043,2,3169,43,40.854102634,-73.903602855788,"{'latitude': '40.854102634', 'longitude': '-73.903602855788', 'human_address': '{""address"": """", ""city"": """", ""state"": """", ""zip"": """"}'}",5,14,241,2013842,Mount Hope,,
PC8770980,2026-09-02T10:11:00.000,Initial,406,NOSTRAND AVENUE,11216,Brooklyn,Failed for Rat Activity,City Agency Referral,Burrows,3018170050,3,1817,50,40.685349184693,-73.950580772748,"{'latitude': '40.685349184693', 'longitude': '-73.950580772748', 'human_address': '{""address"": """", ""city"": """", ""state"": """", ""zip"": """"}'}",3,36,245,3000000,Bedford-Stuyvesant (West),,
PC8700142,2026-09-02T10:11:58.000,Treatments,EAST,118 STREET,10035,Manhattan,Bait applied,,,,1,1711,44,,,,,,,,,,
PC8741559,2026-09-02T10:13:54.000,Treatments,1234,SHAKESPEARE AVENUE,10452,Bronx,Bait applied,,,2025060033,2,2506,33,40.83802778282,-73.923232035455,"{'latitude': '40.83802778282', 'longitude': '-73.923232035455', 'human_address': '{""address"": """", ""city"": """", ""state"": """", ""zip"": """"}'}",4,16,199,2003081,Highbridge,,
PC8771802,2026-09-02T10:13:59.000,Initial,210,MONROE STREET,11216,Brooklyn,Failed for Rat Activity and Other Reason,City Agency Referral,"Burrows, Harborage",3018170049,3,1817,49,40.685363240153,-73.951355980241,"{'latitude': '40.685363240153', 'longitude': '-73.951355980241', 'human_address': '{""address"": """", ""city"": """", ""state"": """", ""zip"": """"}'}",3,36,245,3000000,Bedford-Stuyvesant (West),,
PC8772405,2026-09-02T10:14:51.000,Initial,502,WILLOUGHBY AVENUE,11206,Brooklyn,Failed for Rat Activity,COTA,Burrows,3017660037,3,1766,37,40.693780812951,-73.949849668573,"{'latitude': '40.693780812951', 'longitude': '-73.949849668573', 'human_address': '{""address"": """", ""city"": """", ""state"": """", ""zip"": """"}'}",3,36,253,3049060,Bedford-Stuyvesant (West),,
PC8695516,2026-09-02T10:15:18.000,Treatments,929,BROADWAY,11206,Brooklyn,Bait applied,,,3031600008,3,3160,8,40.69731457791,-73.935825651606,"{'latitude': '40.69731457791', 'longitude': '-73.935825651606', 'human_address': '{""address"": """", ""city"": """", ""state"": """", ""zip"": """"}'}",4,34,389,3072002,Bushwick (West),,
PC8700175,2026-09-02T10:16:00.000,Compliance,2152,2 AVENUE,10029,Manhattan,Failed for Rat Activity,Summons Issued,"Burrows, Runways",1016820004,1,1682,4,40.793515427706,-73.940308388149,"{'latitude': '40.793515427706', 'longitude': '-73.940308388149', 'human_address': '{""address"": """", ""city"": """", ""state"": """", ""zip"": """"}'}",11,8,180,1052858,East Harlem (North),,
PC8705623,2026-09-02T10:17:00.000,Treatments,857,HALSEY STREET,11233,Brooklyn,Bait applied,,,3014910044,3,1491,44,40.685394095408,-73.918641740874,"{'latitude': '40.685394095408', 'longitude': '-73.918641740874', 'human_address': '{""address"": """", ""city"": """", ""state"": """", ""zip"": """"}'}",3,41,377,3039962,Bedford-Stuyvesant (East),,
PC8749235,2026-09-02T10:17:00.000,Compliance,87-13,51 AVENUE,11373,Queens,Failed for Other Reason,Summons Issued,Harborage,4018350088,4,1835,88,40.738994357671,-73.876117482434,"{'latitude': '40.738994357671', 'longitude': '-73.876117482434', 'human_address': '{""address"": """", ""city"": """", ""state"": """", ""zip"": """"}'}",4,25,471,4045191,Elmhurst,,
PC8738626,2026-09-02T10:17:51.000,Compliance,201,EAST 87 STREET,10128,Manhattan,Failed for Rat Activity,Summons Issued,Burrows,1015330001,1,1533,1,40.779460121906,-73.953399281221,"{'latitude': '40.779460121906', 'longitude': '-73.953399281221', 'human_address': '{""address"": """", ""city"": """", ""state"": """", ""zip"": """"}'}",8,5,14602,1048809,Upper East Side-Yorkville,,
PC8670121,2026-09-02T10:21:00.000,Compliance,98,Havemeyer Street,11211,Brooklyn,Failed for Rat Activity,Summons Issued,Burrows,3023837501,3,2383,7501,40.713298843462,-73.956475748453,,1,34,519,3256345,Williamsburg,0,0
PC8771339,2026-09-02T10:21:59.000,Initial,198,MONROE STREET,11216,Brooklyn,Failed for Rat Activity,COTA,Droppings,3018170043,3,1817,43,40.685324950567,-73.951680517931,"{'latitude': '40.685324950567', 'longitude': '-73.951680517931', 'human_address': '{""address"": """", ""city"": """", ""state"": """", ""zip"": """"}'}",3,36,245,3051319,Bedford-Stuyvesant (West),,
PC8718612,2026-09-02T10:22:45.000,Treatments,2240,BASSFORD AVENUE,10457,Bronx,Bait applied,,,2030500094,2,3050,94,40.853865862336,-73.89345635417,"{'latitude': '40.853865862336', 'longitude': '-73.89345635417', 'human_address': '{""address"": """", ""city"": """", ""state"": """", ""zip"": """"}'}",6,15,385,2011578,Belmont,,
PC8769042,2026-09-02T10:23:00.000,Initial,427,WALTON AVENUE,10451,Bronx,Failed for Rat Activity,City Agency Referral,Burrows,2023500011,2,2350,11,40.817014956428,-73.928914053697,"{'latitude': '40.817014956428', 'longitude': '-73.928914053697', 'human_address': '{""address"": """", ""city"": """", ""state"": """", ""zip"": """"}'}",1,17,6301,2001086,Concourse-Concourse Village,1003926,236948
PC8724400,2026-09-02T10:23:42.000,Treatments,515,WEST 46 STREET,10036,Manhattan,Bait applied,,,1010750022,1,1075,22,40.762671556586,-73.994772914667,"{'latitude': '40.762671556586', 'longitude': '-73.994772914667', 'human_address': '{""address"": """", ""city"": """", ""state"": """", ""zip"": """"}'}",4,3,12902,1026965,Hell's Kitchen,,
PC8700337,2026-09-02T10:24:48.000,Treatments,2294,1 AVENUE,10035,Manhattan,Bait applied,,,1017110046,1,1711,46,40.79720395681,-73.93451182691,"{'latitude': '40.79720395681', 'longitude': '-73.93451182691', 'human_address': '{""address"": """", ""city"": """", ""state"": """", ""zip"": """"}'}",11,8,178,1053134,East Harlem (North),,
PC8768005,2026-09-02T10:25:00.000,Initial,410,STATE STREET,11217,Brooklyn,Failed for Rat Activity,COTA,"Droppings, Runways",3001780016,3,178,16,40.687227851591,-73.983572132159,"{'latitude': '40.687227851591', 'longitude': '-73.983572132159', 'human_address': '{""address"": """", ""city"": """", ""state"": """", ""zip"": """"}'}",2,33,41,3000704,Downtown Brooklyn-DUMBO-Boerum Hill,988806,189655
PC8700244,2026-09-02T10:25:02.000,Treatments,70,CANAL STREET,10002,Manhattan,Bait applied,,,1002930015,1,293,15,40.715156850584,-73.992792650044,"{'latitude': '40.715156850584', 'longitude': '-73.992792650044', 'human_address': '{""address"": """", ""city"": """", ""state"": """", ""zip"": """"}'}",3,1,16,1003788,Chinatown-Two Bridges,,
PC8695958,2026-09-02T10:25:43.000,Treatments,35,JEFFERSON STREET,11206,Brooklyn,Bait applied,,,3031600036,3,3160,36,40.697807849115,-73.934433127366,"{'latitude': '40.697807849115', 'longitude': '-73.934433127366', 'human_address': '{""address"": """", ""city"": """", ""state"": """", ""zip"": """"}'}",4,34,389,3072014,Bushwick (West),,
PC8749914,2026-09-02T10:26:00.000,Compliance,2662,BRIGGS AVENUE,10458,Bronx,Failed for Other Reason,Summons Issued,Harborage,2032940014,2,3294,14,40.865656077944,-73.89221897481,"{'latitude': '40.865656077944', 'longitude': '-73.89221897481', 'human_address': '{""address"": """", ""city"": """", ""state"": """", ""zip"": """"}'}",7,15,40501,2016838,Bedford Park,,
PC8745453,2026-09-02T10:26:11.000,Treatments,1092,BEDFORD AVENUE,11216,Brooklyn,Bait applied,,,3019680036,3,1968,36,40.687458887875,-73.954736665867,"{'latitude': '40.687458887875', 'longitude': '-73.954736665867', 'human_address': '{""address"": """", ""city"": """", ""state"": """", ""zip"": """"}'}",3,36,233,3056357,Bedford-Stuyvesant (West),,
PC8772520,2026-09-02T10:27:59.000,Initial,184,MONROE STREET,11216,Brooklyn,Failed for Rat Activity,COTA,Droppings,3018170036,3,1817,36,40.685281194654,-73.952062749763,"{'latitude': '40.685281194654', 'longitude': '-73.952062749763', 'human_address': '{""address"": """", ""city"": """", ""state"": """", ""zip"": """"}'}",3,36,245,3051316,Bedford-Stuyvesant (West),,
PC8741673,2026-09-02T10:28:56.000,Treatments,1220,SHAKESPEARE AVENUE,10452,Bronx,Bait applied,,,2025060024,2,2506,24,40.837437695959,-73.923279700196,"{'latitude': '40.837437695959', 'longitude': '-73.923279700196', 'human_address': '{""address"": """", ""city"": """", ""state"": """", ""zip"": """"}'}",4,16,199,2003078,Highbridge,,
PC8768764,2026-09-02T10:30:00.000,Stoppage,597,MARCY AVENUE,11206,Brooklyn,Stoppage done,,,3017597501,3,1759,7501,40.694521538845,-73.949026904304,"{'latitude': '40.694521538845', 'longitude': '-73.949026904304', 'human_address': '{""address"": """", ""city"": """", ""state"": """", ""zip"": """"}'}",3,36,25901,3426256,Bedford-Stuyvesant (West),,
PC8691829,2026-09-02T10:33:47.000,Treatments,2261,BROADWAY,10024,Manhattan,Bait applied,,,1012290008,1,1229,8,40.785248098613,-73.978940097761,"{'latitude': '40.785248098613', 'longitude': '-73.978940097761', 'human_address': '{""address"": """", ""city"": """", ""state"": """", ""zip"": """"}'}",7,6,167,1032679,Upper West Side (Central),,
PC8551032,2026-09-02T10:34:00.000,Treatments,828,HALSEY STREET,11233,Brooklyn,Bait applied,,,3014930029,3,1493,29,40.685085709542,-73.921180496721,"{'latitude': '40.685085709542', 'longitude': '-73.921180496721', 'human_address': '{""address"": """", ""city"": """", ""state"": """", ""zip"": """"}'}",3,41,377,3040016,Bedford-Stuyvesant (East),,
PC8750097,2026-09-02T10:34:00.000,Compliance,2666,BRIGGS AVENUE,10458,Bronx,Failed for Other Reason,Summons Issued,Harborage,2032940016,2,3294,16,40.865719159169,-73.892168255405,"{'latitude': '40.865719159169', 'longitude': '-73.892168255405', 'human_address': '{""address"": """", ""city"": """", ""state"": """", ""zip"": """"}'}",7,15,40501,2016840,Bedford Park,,
PC8772088,2026-09-02T10:34:42.000,Initial,913,PARK PLACE,11213,Brooklyn,Failed for Rat Activity and Other Reason,COTA,"Burrows, Harborage",3012350001,3,1235,1,40.673251348825,-73.946981158917,"{'latitude': '40.673251348825', 'longitude': '-73.946981158917', 'human_address': '{""address"": """", ""city"": """", ""state"": """", ""zip"": """"}'}",8,36,341,3031283,Crown Heights (North),,
PC8749051,2026-09-02T10:35:00.000,Compliance,153,ROEBLING STREET,11211,Brooklyn,Failed for Rat Activity,Summons Issued,"Droppings, Runways",3023680001,3,2368,1,40.714081609239,-73.957831551669,"{'latitude': '40.714081609239', 'longitude': '-73.957831551669', 'human_address': '{""address"": """", ""city"": """", ""state"": """", ""zip"": """"}'}",1,34,519,3251737,Williamsburg,995940,199441
PC8722594,2026-09-02T10:35:04.000,Treatments,950,EVERGREEN AVENUE,10473,Bronx,Bait applied,,,2036500001,2,3650,1,40.822339837809,-73.879610973483,"{'latitude': '40.822339837809', 'longitude': '-73.879610973483', 'human_address': '{""address"": """", ""city"": """", ""state"": """", ""zip"": """"}'}",9,18,28,2022564,Soundview-Bruckner-Bronx River,1017570,238903
PC8772084,2026-09-02T10:36:29.000,Initial,174,MONROE STREET,11216,Brooklyn,Failed for Other Reason,COTA,Harborage,3018170031,3,1817,31,40.685251116411,-73.952336801536,"{'latitude': '40.685251116411', 'longitude': '-73.952336801536', 'human_address': '{""address"": """", ""city"": """", ""state"": """", ""zip"": """"}'}",3,36,245,3051312,Bedford-Stuyvesant (West),,
PC8767580,2026-09-02T10:39:01.000,Initial,133,PITT STREET,10002,Manhattan,Failed for Rat Activity,COTA,Droppings,1003450058,1,345,58,40.720219691988,-73.981561774303,"{'latitude': '40.720219691988', 'longitude': '-73.981561774303', 'human_address': '{""address"": """", ""city"": """", ""state"": """", ""zip"": """"}'}",3,2,2201,1088482,Lower East Side,989361,201675
PC8769743,2026-09-02T10:40:00.000,Stoppage,1084,BEDFORD AVENUE,11216,Brooklyn,Stoppage done,,,3019680032,3,1968,32,40.68768672258,-73.954783385896,"{'latitude': '40.68768672258', 'longitude': '-73.954783385896', 'human_address': '{""address"": """", ""city"": """", ""state"": """", ""zip"": """"}'}",3,36,233,3056355,Bedford-Stuyvesant (West),,
PC8746917,2026-09-02T10:40:04.000,Treatments,32,WEST   85 STREET,10024,Manhattan,Bait applied,,,1011980045,1,1198,45,40.785037737818,-73.970887449441,"{'latitude': '40.785037737818', 'longitude': '-73.970887449441', 'human_address': '{""address"": """", ""city"": """", ""state"": """", ""zip"": """"}'}",7,6,169,1079398,Upper West Side (Central),992312,225291
PC8544462,2026-09-02T10:40:50.000,Treatments,416,OCEAN AVENUE,11226,Brooklyn,Bait applied,,,3050610040,3,5061,40,40.652706996692,-73.961521237642,"{'latitude': '40.652706996692', 'longitude': '-73.961521237642', 'human_address': '{""address"": """", ""city"": """", ""state"": """", ""zip"": """"}'}",14,40,50804,3116130,Flatbush,994927,177080
PC8745117,2026-09-02T10:42:07.000,Treatments,1088,BEDFORD AVENUE,11216,Brooklyn,Bait applied,,,3019680034,3,1968,34,40.687574178329,-73.954761827799,"{'latitude': '40.687574178329', 'longitude': '-73.954761827799', 'human_address': '{""address"": """", ""city"": """", ""state"": """", ""zip"": """"}'}",3,36,233,3056356,Bedford-Stuyvesant (West),,
PC8748639,2026-09-02T10:43:06.000,Treatments,354,PLEASANT AVENUE,10035,Manhattan,Bait applied,,,1018150049,1,1815,49,40.796807168371,-73.931857601019,"{'latitude': '40.796807168371', 'longitude': '-73.931857601019', 'human_address': '{""address"": """", ""city"": """", ""state"": """", ""zip"": """"}'}",11,8,178,1054909,East Harlem (North),,
PC8516267,2026-09-02T10:43:26.000,Treatments,1024,WALTON AVENUE,10452,Bronx,Bait applied,,,2024710015,2,2471,15,40.830684793565,-73.922026380433,"{'latitude': '40.830684793565', 'longitude': '-73.922026380433', 'human_address': '{""address"": """", ""city"": """", ""state"": """", ""zip"": """"}'}",4,16,195,2002872,Concourse-Concourse Village,,
PC8731958,2026-09-02T10:45:30.000,Treatments,285,EAST 169 STREET,10456,Bronx,Bait applied,,,2027850076,2,2785,76,40.835129820149,-73.912393950909,"{'latitude': '40.835129820149', 'longitude': '-73.912393950909', 'human_address': '{""address"": """", ""city"": """", ""state"": """", ""zip"": """"}'}",4,16,17702,2130445,Mount Eden-Claremont (West),,
PC8700726,2026-09-02T10:45:45.000,Treatments,4439,THIRD AVENUE,10457,Bronx,Bait applied,,,2030487501,2,3048,7501,40.85212780258,-73.892765118512,"{'latitude': '40.85212780258', 'longitude': '-73.892765118512', 'human_address': '{""address"": """", ""city"": """", ""state"": """", ""zip"": """"}'}",6,15,37504,2127259,Tremont,,
PC8642692,2026-09-02T10:46:00.000,Compliance,242,EAST  106 STREET,10029,Manhattan,Failed for Rat Activity and Other Reason,Summons Issued,"Burrows, Garbage, Harborage",1016550029,1,1655,29,40.790972556914,-73.943293698892,"{'latitude': '40.790972556914', 'longitude': '-73.943293698892', 'human_address': '{""address"": """", ""city"": """", ""state"": """", ""zip"": """"}'}",11,8,170,1052421,East Harlem (South),,
PC8746871,2026-09-02T10:46:00.000,Compliance,425,PACIFIC STREET,11217,Brooklyn,Failed for Rat Activity,,"Burrows, Runways",3001840046,3,184,46,40.68583357659,-73.984070062186,"{'latitude': '40.68583357659', 'longitude': '-73.984070062186', 'human_address': '{""address"": """", ""city"": """", ""state"": """", ""zip"": """"}'}",2,33,41,3000951,Downtown Brooklyn-DUMBO-Boerum Hill,988668,189147
PC8749458,2026-09-02T10:46:00.000,Initial,206-15,86 ROAD,11427,Queens,Failed for Other Reason,COTA,"Garbage, Harborage, Mice",4105990100,4,10599,100,40.723749032204,-73.762353663568,"{'latitude': '40.723749032204', 'longitude': '-73.762353663568', 'human_address': '{""address"": """", ""city"": """", ""state"": """", ""zip"": """"}'}",8,23,49201,4434656,Jamaica Estates-Holliswood,1050121,203050
PC8771032,2026-09-02T10:46:42.000,Initial,941,PARK PLACE,11213,Brooklyn,Failed for Rat Activity,COTA,Droppings,3012350071,3,1235,71,40.673215357961,-73.946317866587,"{'latitude': '40.673215357961', 'longitude': '-73.946317866587', 'human_address': '{""address"": """", ""city"": """", ""state"": """", ""zip"": """"}'}",8,36,341,3031307,Crown Heights (North),,
PC8698682,2026-09-02T10:47:42.000,Treatments,330,WEST 42 STREET,10036,Manhattan,Bait applied,,,1010320048,1,1032,48,40.757653890914,-73.990831634826,"{'latitude': '40.757653890914', 'longitude': '-73.990831634826', 'human_address': '{""address"": """", ""city"": """", ""state"": """", ""zip"": """"}'}",4,3,115,1024926,Hell's Kitchen,,
PC8751413,2026-09-02T10:47:55.000,Compliance,300,12 STREET,11215,Brooklyn,Failed for Rat Activity,,"Droppings, Burrows",3010290015,3,1029,15,40.666969101424,-73.987001573838,"{'latitude': '40.666969101424', 'longitude': '-73.987001573838', 'human_address': '{""address"": """", ""city"": """", ""state"": """", ""zip"": """"}'}",6,39,139,3023198,Park Slope,987856,182274
PC8769323,2026-09-02T10:50:00.000,Initial,105,EAST    4 STREET,11218,Brooklyn,Failed for Other Reason,COTA,Harborage,3052830020,3,5283,20,40.649930823593,-73.977689232754,"{'latitude': '40.649930823593', 'longitude': '-73.977689232754', 'human_address': '{""address"": """", ""city"": """", ""state"": """", ""zip"": """"}'}",7,39,50001,3122799,Windsor Terrace-South Slope,,
PC8714994,2026-09-02T10:50:01.000,Treatments,77,JEFFERSON STREET,11206,Brooklyn,Bait applied,,,3031620044,3,3162,44,40.698888273206,-73.93267935047,"{'latitude': '40.698888273206', 'longitude': '-73.93267935047', 'human_address': '{""address"": """", ""city"": """", ""state"": """", ""zip"": """"}'}",4,34,391,3072041,Bushwick (West),,
PC8528905,2026-09-02T10:50:50.000,Treatments,465,OCEAN AVENUE,11226,Brooklyn,Bait applied,,,3050810064,3,5081,64,40.651466271295,-73.961269688193,"{'latitude': '40.651466271295', 'longitude': '-73.961269688193', 'human_address': '{""address"": """", ""city"": """", ""state"": """", ""zip"": """"}'}",14,40,50801,3116561,Flatbush,994997,176628
PC8753624,2026-09-02T10:51:00.000,Treatments,715,HALSEY STREET,11233,Brooklyn,Bait applied,,,3016630062,3,1663,62,40.684774733378,-73.924036527671,"{'latitude': '40.684774733378', 'longitude': '-73.924036527671', 'human_address': '{""address"": """", ""city"": """", ""state"": """", ""zip"": """"}'}",3,41,383,3046326,Bedford-Stuyvesant (East),,
PC8769742,2026-09-02T10:51:00.000,Stoppage,400,DEKALB AVENUE,11205,Brooklyn,Stoppage done,,,3019330102,3,1933,102,40.690227993625,-73.96121102699,"{'latitude': '40.690227993625', 'longitude': '-73.96121102699', 'human_address': '{""address"": """", ""city"": """", ""state"": """", ""zip"": """"}'}",2,35,193,3055378,Clinton Hill,,
PC8767985,2026-09-02T10:54:00.000,Initial,85,NORTH    1 STREET,11249,Brooklyn,Failed for Rat Activity and Other Reason,COTA,"Droppings, Burrows, Animal Nuisance",3023640001,3,2364,1,40.716106405855,-73.963367523718,"{'latitude': '40.716106405855', 'longitude': '-73.963367523718', 'human_address': '{""address"": """", ""city"": """", ""state"": """", ""zip"": """"}'}",1,34,555,3329995,Williamsburg,994405,200178
PC8659132,2026-09-02T10:55:02.000,Treatments,250,BROOME STREET,10002,Manhattan,Bait applied,,,1004090029,1,409,29,40.71800020453,-73.98981259862,"{'latitude': '40.71800020453', 'longitude': '-73.98981259862', 'human_address': '{""address"": """", ""city"": """", ""state"": """", ""zip"": """"}'}",3,1,18,1005295,Lower East Side,987088,200860
PC8773855,2026-09-02T10:55:28.000,Initial,1058,WALTON AVENUE,10452,Bronx,Failed for Rat Activity,COTA,Droppings,2024720004,2,2472,4,40.831647812599,-73.92146152219,"{'latitude': '40.831647812599', 'longitude': '-73.92146152219', 'human_address': '{""address"": """", ""city"": """", ""state"": """", ""zip"": """"}'}",4,16,195,2002882,Concourse-Concourse Village,1005984,242281
PC8774096,2026-09-02T10:55:38.000,Initial,1320,WEBSTER AVENUE,10456,Bronx,Failed for Rat Activity and Other Reason,City Agency Referral,"Burrows, Garbage",2028940001,2,2894,1,40.834182625859,-73.908539318436,"{'latitude': '40.834182625859', 'longitude': '-73.908539318436', 'human_address': '{""address"": """", ""city"": """", ""state"": """", ""zip"": """"}'}",3,16,14701,2092074,Claremont Village-Claremont (East),,
PC8698791,2026-09-02T10:55:49.000,Compliance,2105,WALTON AVENUE,10453,Bronx,Failed for Other Reason,Summons Issued,Harborage,2031790041,2,3179,41,40.854488499171,-73.905532635074,"{'latitude': '40.854488499171', 'longitude': '-73.905532635074', 'human_address': '{""address"": """", ""city"": """", ""state"": """", ""zip"": """"}'}",5,14,241,2013963,Mount Hope,,
PC8652848,2026-09-02T10:55:52.000,Treatments,1173,COLGATE AVENUE,10472,Bronx,Bait applied,,,2037360049,2,3736,49,40.827441824591,-73.88178058488,"{'latitude': '40.827441824591', 'longitude': '-73.88178058488', 'human_address': '{""address"": """", ""city"": """", ""state"": """", ""zip"": """"}'}",9,17,52,2023723,Soundview-Bruckner-Bronx River,,
PC8632431,2026-09-02T10:56:22.000,Treatments,200,WEST   94 STREET,10025,Manhattan,Bait applied,,,1012410036,1,1241,36,40.792822010059,-73.971516045995,"{'latitude': '40.792822010059', 'longitude': '-73.971516045995', 'human_address': '{""address"": """", ""city"": """", ""state"": """", ""zip"": """"}'}",7,7,179,1033650,Upper West Side (Central),992137,228127
PC8733333,2026-09-02T10:57:45.000,Treatments,2108,BATHGATE AVENUE,10457,Bronx,Bait applied,,,2030470029,2,3047,29,40.851286915478,-73.894653350754,"{'latitude': '40.851286915478', 'longitude': '-73.894653350754', 'human_address': '{""address"": """", ""city"": """", ""state"": """", ""zip"": """"}'}",6,15,37504,2114258,Tremont,,
PC8715480,2026-09-02T10:58:12.000,Treatments,936,WOODYCREST AVENUE,10452,Bronx,Bait applied,,,2025040006,2,2504,6,40.830717045514,-73.929459461884,"{'latitude': '40.830717045514', 'longitude': '-73.929459461884', 'human_address': '{""address"": """", ""city"": """", ""state"": """", ""zip"": """"}'}",4,16,189,2090416,Highbridge,,
PC8682460,2026-09-02T10:58:29.000,Compliance,212,EAST  105 STREET,10029,Manhattan,Failed for Rat Activity and Other Reason,Summons Issued,"Droppings, Garbage",1016540141,1,1654,141,40.790657569807,-73.944644627927,"{'latitude': '40.790657569807', 'longitude': '-73.944644627927', 'human_address': '{""address"": """", ""city"": """", ""state"": """", ""zip"": """"}'}",11,8,170,1052403,East Harlem (South),999578,227342
PC8698306,2026-09-02T10:59:08.000,Treatments,1058,BEDFORD AVENUE,11205,Brooklyn,Bait applied,,,3019500040,3,1950,40,40.688814913845,-73.955009786579,"{'latitude': '40.688814913845', 'longitude': '-73.955009786579', 'human_address': '{""address"": """", ""city"": """", ""state"": """", ""zip"": """"}'}",3,36,233,3055691,Bedford-Stuyvesant (West),,
PC8766706,2026-09-02T11:00:00.000,Initial,1741,POPHAM AVENUE,10453,Bronx,Failed for Other Reason,COTA,Harborage,2028770400,2,2877,400,40.850889663305,-73.919295213419,"{'latitude': '40.850889663305', 'longitude': '-73.919295213419', 'human_address': '{""address"": """", ""city"": """", ""state"": """", ""zip"": """"}'}",5,14,20502,2099871,University Heights (South)-Morris Heights,,
PC8747936,2026-09-02T11:00:00.000,Compliance,94-25,57 AVENUE,11373,Queens,Failed for Rat Activity and Other Reason,Summons Issued,"Droppings, Burrows, Runways, Garbage",4019020010,4,1902,10,40.736310743193,-73.86699675696,"{'latitude': '40.736310743193', 'longitude': '-73.86699675696', 'human_address': '{""address"": """", ""city"": """", ""state"": """", ""zip"": """"}'}",4,25,683,4047077,Elmhurst,1021109,207565
PC8731901,2026-09-02T11:00:30.000,Treatments,1329,COLLEGE AVENUE,10456,Bronx,Bait applied,,,2027850063,2,2785,63,40.836226916337,-73.911351705033,"{'latitude': '40.836226916337', 'longitude': '-73.911351705033', 'human_address': '{""address"": """", ""city"": """", ""state"": """", ""zip"": """"}'}",4,16,17702,2007285,Mount Eden-Claremont (West),,
PC8538645,2026-09-02T11:00:45.000,Treatments,75,JEFFERSON STREET,11206,Brooklyn,Bait applied,,,3031620045,3,3162,45,40.698863606249,-73.932740684246,"{'latitude': '40.698863606249', 'longitude': '-73.932740684246', 'human_address': '{""address"": """", ""city"": """", ""state"": """", ""zip"": """"}'}",4,34,391,3072042,Bushwick (West),1002900,193901
PC8773177,2026-09-02T11:04:00.000,Stoppage,644,Park Place,11216,Brooklyn,Stoppage done,,,3012380113,3,1238,113,40.674064972024,-73.956252702588,"{'latitude': '40.674064972024', 'longitude': '-73.956252702588', 'human_address': '{""address"": """", ""city"": """", ""state"": """", ""zip"": """"}'}",8,35,219,3031451,Crown Heights (North),,
PC8704990,2026-09-02T11:04:42.000,Treatments,555,WEST 42 STREET,10036,Manhattan,Bait applied,,,1010710001,1,1071,1,40.760363300205,-73.997213280737,"{'latitude': '40.760363300205', 'longitude': '-73.997213280737', 'human_address': '{""address"": """", ""city"": """", ""state"": """", ""zip"": """"}'}",4,3,12901,1026911,Hell's Kitchen,984989,216318
PC8731657,2026-09-02T11:06:28.000,Compliance,1073,TELLER AVENUE,10456,Bronx,Failed for Rat Activity,Summons Issued,"Droppings, Burrows",2024330064,2,2433,64,40.829385783772,-73.913322985665,"{'latitude': '40.829385783772', 'longitude': '-73.913322985665', 'human_address': '{""address"": """", ""city"": """", ""state"": """", ""zip"": """"}'}",4,16,175,2002235,Concourse-Concourse Village,,
PC8766677,2026-09-02T11:07:46.000,Initial,1727,POPHAM AVENUE,10453,Bronx,Failed for Other Reason,COTA,Harborage,2028770408,2,2877,408,40.850412459459,-73.919837991732,"{'latitude': '40.850412459459', 'longitude': '-73.919837991732', 'human_address': '{""address"": """", ""city"": """", ""state"": """", ""zip"": """"}'}",5,14,20502,2008915,University Heights (South)-Morris Heights,,
PC8681855,2026-09-02T11:08:00.000,Treatments,693,HALSEY STREET,11233,Brooklyn,Bait applied,,,3016630073,3,1663,73,40.684706509123,-73.924635140273,"{'latitude': '40.684706509123', 'longitude': '-73.924635140273', 'human_address': '{""address"": """", ""city"": """", ""state"": """", ""zip"": """"}'}",3,41,383,3046337,Bedford-Stuyvesant (East),1005152,188745
PC8770793,2026-09-02T11:08:46.000,Initial,855,SWINTON AVENUE,10465,Bronx,Failed for Other Reason,COTA,Harborage,2055470012,2,5547,12,40.82718153525,-73.827851294785,"{'latitude': '40.82718153525', 'longitude': '-73.827851294785', 'human_address': '{""address"": """", ""city"": """", ""state"": """", ""zip"": """"}'}",10,13,152,2080236,Throgs Neck-Schuylerville,1031892,240691
PC8714835,2026-09-02T11:10:00.000,Treatments,64,JEFFERSON STREET,11206,Brooklyn,Bait applied,,,3031710022,3,3171,22,40.698827947491,-73.93278039072,"{'latitude': '40.698827947491', 'longitude': '-73.93278039072', 'human_address': '{""address"": """", ""city"": """", ""state"": """", ""zip"": """"}'}",4,34,391,3328056,Bushwick (West),,
PC8750345,2026-09-02T11:10:00.000,Compliance,2678,BRIGGS AVENUE,10458,Bronx,Failed for Rat Activity,Summons Issued,Burrows,2032940025,2,3294,25,40.865905654586,-73.892012485597,"{'latitude': '40.865905654586', 'longitude': '-73.892012485597', 'human_address': '{""address"": """", ""city"": """", ""state"": """", ""zip"": """"}'}",7,15,40501,2016846,Bedford Park,,
PC8669187,2026-09-02T11:10:21.000,Compliance,1995,ARTHUR AVENUE,10457,Bronx,Failed for Rat Activity and Other Reason,Summons Issued,"Burrows, Harborage",2030680125,2,3068,125,40.847316349394,-73.892837965584,"{'latitude': '40.847316349394', 'longitude': '-73.892837965584', 'human_address': '{""address"": """", ""city"": """", ""state"": """", ""zip"": """"}'}",6,15,37504,2011994,Tremont,,
PC8766908,2026-09-02T11:10:22.000,Initial,1711,POPHAM AVENUE,10453,Bronx,Failed for Other Reason,COTA,Harborage,2028770413,2,2877,413,40.850116194571,-73.920076915801,"{'latitude': '40.850116194571', 'longitude': '-73.920076915801', 'human_address': '{""address"": """", ""city"": """", ""state"": """", ""zip"": """"}'}",5,14,20502,2008919,University Heights (South)-Morris Heights,,
PC8749413,2026-09-02T11:11:00.000,Compliance,2053,GATES AVENUE,11385,Queens,Failed for Rat Activity,Summons Issued,Burrows,4034850045,4,3485,45,40.706979173996,-73.904627970028,"{'latitude': '40.706979173996', 'longitude': '-73.904627970028', 'human_address': '{""address"": """", ""city"": """", ""state"": """", ""zip"": """"}'}",5,30,589,4083412,Ridgewood,1010692,196865
PC8772323,2026-09-02T11:11:06.000,Initial,985,PARK PLACE,11213,Brooklyn,Failed for Rat Activity and Other Reason,COTA,"Burrows, Rats, Garbage, Harborage",3012350050,3,1235,50,40.673157226657,-73.945279672814,"{'latitude': '40.673157226657', 'longitude': '-73.945279672814', 'human_address': '{""address"": """", ""city"": """", ""state"": """", ""zip"": """"}'}",8,36,341,3031299,Crown Heights (North),,
PC8766799,2026-09-02T11:13:22.000,Initial,POPHAM,AVENUE,10453,Bronx,Failed for Other Reason,COTA,Harborage,,2,2877,415,,,,,,,,,,
PC8729723,2026-09-02T11:14:00.000,Compliance,1071,TELLER AVENUE,10456,Bronx,Failed for Rat Activity,Summons Issued,Droppings,2024330065,2,2433,65,40.829295251016,-73.913380919989,"{'latitude': '40.829295251016', 'longitude': '-73.913380919989', 'human_address': '{""address"": """", ""city"": """", ""state"": """", ""zip"": """"}'}",4,16,175,2002236,Concourse-Concourse Village,,
PC8768474,2026-09-02T11:15:00.000,Initial,1307,PROSPECT AVENUE,11218,Brooklyn,Failed for Rat Activity,City Agency Referral,Droppings,3052850021,3,5285,21,40.651157343253,-73.975735556708,"{'latitude': '40.651157343253', 'longitude': '-73.975735556708', 'human_address': '{""address"": """", ""city"": """", ""state"": """", ""zip"": """"}'}",7,39,50401,3122838,Windsor Terrace-South Slope,990983,176514
PC8731213,2026-09-02T11:15:04.000,Compliance,20,WEST 125 STREET,10027,Manhattan,Failed for Rat Activity,Summons Issued,Burrows,1017220046,1,1722,46,40.806699811731,-73.942976818151,"{'latitude': '40.806699811731', 'longitude': '-73.942976818151', 'human_address': '{""address"": """", ""city"": """", ""state"": """", ""zip"": """"}'}",10,9,200,1053470,Harlem (South),,
PC8766679,2026-09-02T11:15:22.000,Initial,1705,POPHAM AVENUE,10453,Bronx,Failed for Other Reason,COTA,Harborage,2028770416,2,2877,416,40.850003723369,-73.920167417085,"{'latitude': '40.850003723369', 'longitude': '-73.920167417085', 'human_address': '{""address"": """", ""city"": """", ""state"": """", ""zip"": """"}'}",5,14,20502,2008921,University Heights (South)-Morris Heights,,
PC8726373,2026-09-02T11:15:30.000,Treatments,42,ELLIOT PLACE,10452,Bronx,Bait applied,,,2028410018,2,2841,18,40.839231280625,-73.917202427082,"{'latitude': '40.839231280625', 'longitude': '-73.917202427082', 'human_address': '{""address"": """", ""city"": """", ""state"": """", ""zip"": """"}'}",4,16,22101,2008059,Mount Eden-Claremont (West),1007160,245045
PC8773829,2026-09-02T11:16:28.000,Initial,1183,GERARD AVENUE,10452,Bronx,Failed for Other Reason,COTA,Harborage,2024880031,2,2488,31,40.834842123123,-73.920637404727,"{'latitude': '40.834842123123', 'longitude': '-73.920637404727', 'human_address': '{""address"": """", ""city"": """", ""state"": """", ""zip"": """"}'}",4,16,197,2003001,Concourse-Concourse Village,1006211,243445
PC8766736,2026-09-02T11:18:22.000,Initial,1701,POPHAM AVENUE,10453,Bronx,Failed for Other Reason,COTA,Harborage,2028770417,2,2877,417,40.849929655765,-73.920225340257,"{'latitude': '40.849929655765', 'longitude': '-73.920225340257', 'human_address': '{""address"": """", ""city"": """", ""state"": """", ""zip"": """"}'}",5,14,20502,2008922,University Heights (South)-Morris Heights,,
PC8729632,2026-09-02T11:20:04.000,Compliance,16,WEST 125 STREET,10027,Manhattan,Failed for Rat Activity,Summons Issued,Burrows,1017220044,1,1722,44,40.806655843738,-73.942872100396,"{'latitude': '40.806655843738', 'longitude': '-73.942872100396', 'human_address': '{""address"": """", ""city"": """", ""state"": """", ""zip"": """"}'}",10,9,200,1053469,Harlem (South),,
PC8717878,2026-09-02T11:20:29.000,Compliance,2038,2 AVENUE,10029,Manhattan,Failed for Rat Activity,Summons Issued,Burrows,1016760049,1,1676,49,40.789877237036,-73.942962391482,"{'latitude': '40.789877237036', 'longitude': '-73.942962391482', 'human_address': '{""address"": """", ""city"": """", ""state"": """", ""zip"": """"}'}",11,8,170,1000000,East Harlem (South),,
PC8714296,2026-09-02T11:20:44.000,Treatments,11A,TROUTMAN STREET,11206,Brooklyn,Bait applied,,,3031700041,3,3170,41,40.697442361019,-73.933679767077,"{'latitude': '40.697442361019', 'longitude': '-73.933679767077', 'human_address': '{""address"": """", ""city"": """", ""state"": """", ""zip"": """"}'}",4,34,389,3072186,Bushwick (West),,
PC8764242,2026-09-02T11:22:00.000,Initial,2089,LEXINGTON AVENUE,10035,Manhattan,Failed for Rat Activity,COTA,"Droppings, Burrows",1017750020,1,1775,20,40.805129356497,-73.936851914985,"{'latitude': '40.805129356497', 'longitude': '-73.936851914985', 'human_address': '{""address"": """", ""city"": """", ""state"": """", ""zip"": """"}'}",11,8,242,1076474,East Harlem (North),,
PC8730648,2026-09-02T11:22:28.000,Compliance,1067,TELLER AVENUE,10456,Bronx,Failed for Rat Activity,Summons Issued,"Droppings, Burrows",2024330067,2,2433,67,40.829169050245,-73.91345696818,"{'latitude': '40.829169050245', 'longitude': '-73.91345696818', 'human_address': '{""address"": """", ""city"": """", ""state"": """", ""zip"": """"}'}",4,16,175,2002238,Concourse-Concourse Village,,
PC8730676,2026-09-02T11:25:04.000,Compliance,8,WEST 125 STREET,10027,Manhattan,Failed for Rat Activity,Summons Issued,"Droppings, Burrows",1017220041,1,1722,41,40.806567907463,-73.942662665301,"{'latitude': '40.806567907463', 'longitude': '-73.942662665301', 'human_address': '{""address"": """", ""city"": """", ""state"": """", ""zip"": """"}'}",10,9,200,1053468,Harlem (South),,
PC8731947,2026-09-02T11:25:07.000,Treatments,1345,PLIMPTON AVENUE,10452,Bronx,Bait applied,,,2025220124,2,2522,124,40.841434369976,-73.923784669415,"{'latitude': '40.841434369976', 'longitude': '-73.923784669415', 'human_address': '{""address"": """", ""city"": """", ""state"": """", ""zip"": """"}'}",4,16,211,2003404,Highbridge,,
PC8766912,2026-09-02T11:25:22.000,Initial,1716,UNDERCLIFF AVENUE,10453,Bronx,Failed for Other Reason,COTA,Harborage,2028770357,2,2877,357,40.850668326389,-73.920712430176,"{'latitude': '40.850668326389', 'longitude': '-73.920712430176', 'human_address': '{""address"": """", ""city"": """", ""state"": """", ""zip"": """"}'}",5,14,20502,2008896,University Heights (South)-Morris Heights,,
PC8769137,2026-09-02T11:25:36.000,Initial,501,WEST 49 STREET,10019,Manhattan,Failed for Rat Activity and Other Reason,COTA,"Droppings, Harborage, Mice",1010780023,1,1078,23,40.764087712999,-73.992310822229,"{'latitude': '40.764087712999', 'longitude': '-73.992310822229', 'human_address': '{""address"": """", ""city"": """", ""state"": """", ""zip"": """"}'}",4,3,12902,1083799,Hell's Kitchen,,
PC8765669,2026-09-02T11:26:00.000,Stoppage,,,11215,Brooklyn,Stoppage done,,,,3,1101,41,,,,,,,,,,
PC8637532,2026-09-02T11:27:21.000,Compliance,2058,ARTHUR AVENUE,10457,Bronx,Failed for Rat Activity,Summons Issued,"Droppings, Burrows",2030690057,2,3069,57,40.848531565405,-73.892087789301,"{'latitude': '40.848531565405', 'longitude': '-73.892087789301', 'human_address': '{""address"": """", ""city"": """", ""state"": """", ""zip"": """"}'}",6,15,373,2012000,Tremont,,
PC8744200,2026-09-02T11:28:02.000,Treatments,1004,BEDFORD AVENUE,11205,Brooklyn,Bait applied,,,3019420029,3,1942,29,40.690585429284,-73.955358364305,"{'latitude': '40.690585429284', 'longitude': '-73.955358364305', 'human_address': '{""address"": """", ""city"": """", ""state"": """", ""zip"": """"}'}",3,36,233,3055437,Bedford-Stuyvesant (West),,
PC8764213,2026-09-02T11:29:00.000,Initial,155,EAST 126 STREET,10035,Manhattan,Failed for Other Reason,COTA,Harborage,1017750028,1,1775,28,40.804818941023,-73.936382629671,"{'latitude': '40.804818941023', 'longitude': '-73.936382629671', 'human_address': '{""address"": """", ""city"": """", ""state"": """", ""zip"": """"}'}",11,8,242,1081564,East Harlem (North),,
PC8766629,2026-09-02T11:30:22.000,Initial,UNDERCLIFF,AVENUE,10453,Bronx,Failed for Other Reason,COTA,Harborage,,2,2877,358,,,,,,,,,,
PC8729114,2026-09-02T11:30:28.000,Compliance,1065,TELLER AVENUE,10456,Bronx,Failed for Rat Activity,Summons Issued,"Droppings, Burrows",2024330068,2,2433,68,40.829094977688,-73.913504040199,"{'latitude': '40.829094977688', 'longitude': '-73.913504040199', 'human_address': '{""address"": """", ""city"": """", ""state"": """", ""zip"": """"}'}",4,16,175,2002239,Concourse-Concourse Village,,
PC8731145,2026-09-02T11:30:44.000,Treatments,139,EVERGREEN AVENUE,11206,Brooklyn,Bait applied,,,3031720002,3,3172,2,40.698889855777,-73.930728286574,"{'latitude': '40.698889855777', 'longitude': '-73.930728286574', 'human_address': '{""address"": """", ""city"": """", ""state"": """", ""zip"": """"}'}",4,34,425,3072233,Bushwick (West),,
PC8773880,2026-09-02T11:30:46.000,Initial,2701,GIFFORD AVENUE,10465,Bronx,Failed for Other Reason,COTA,Harborage,2053060175,2,5306,175,40.830970039427,-73.833959266385,"{'latitude': '40.830970039427', 'longitude': '-73.833959266385', 'human_address': '{""address"": """", ""city"": """", ""state"": """", ""zip"": """"}'}",10,13,194,2090296,Throgs Neck-Schuylerville,1030199,242068
PC8766167,2026-09-02T11:31:43.000,Initial,214,CENTRAL AVENUE,11221,Brooklyn,Failed for Rat Activity,COTA,"Droppings, Burrows, Runways, Rats",3032430042,3,3243,42,40.697988710167,-73.92499873477,"{'latitude': '40.697988710167', 'longitude': '-73.92499873477', 'human_address': '{""address"": """", ""city"": """", ""state"": """", ""zip"": """"}'}",4,34,421,3073771,Bushwick (West),1005047,193584
PC8766840,2026-09-02T11:32:22.000,Initial,1722,UNDERCLIFF AVENUE,10453,Bronx,Failed for Other Reason,COTA,Harborage,2028770359,2,2877,359,40.850767081842,-73.920632789341,"{'latitude': '40.850767081842', 'longitude': '-73.920632789341', 'human_address': '{""address"": """", ""city"": """", ""state"": """", ""zip"": """"}'}",5,14,20502,2008897,University Heights (South)-Morris Heights,,
PC8687958,2026-09-02T11:32:42.000,Treatments,245,WEST 24 STREET,10011,Manhattan,Bait applied,,,1007740013,1,774,13,40.745330229312,-73.996510172127,"{'latitude': '40.745330229312', 'longitude': '-73.996510172127', 'human_address': '{""address"": """", ""city"": """", ""state"": """", ""zip"": """"}'}",4,3,91,1014171,Chelsea-Hudson Yards,,
PC8729762,2026-09-02T11:33:00.000,Compliance,15,WEST 124 STREET,10027,Manhattan,Failed for Other Reason,Summons Issued,Harborage,1017220027,1,1722,27,40.80605505181,-73.943493921295,"{'latitude': '40.80605505181', 'longitude': '-73.943493921295', 'human_address': '{""address"": """", ""city"": """", ""state"": """", ""zip"": """"}'}",10,9,200,1000000,Harlem (South),,
PC8766730,2026-09-02T11:34:22.000,Initial,UNDERCLIFF,AVENUE,10453,Bronx,Failed for Other Reason,COTA,Harborage,,2,2877,361,,,,,,,,,,
PC8749437,2026-09-02T11:35:00.000,Compliance,259,BERRY STREET,11249,Brooklyn,Failed for Rat Activity,Summons Issued,"Droppings, Burrows",3023920104,3,2392,104,40.714794276861,-73.962964234205,"{'latitude': '40.714794276861', 'longitude': '-73.962964234205', 'human_address': '{""address"": """", ""city"": """", ""state"": """", ""zip"": """"}'}",1,34,551,3398972,Williamsburg,994517,199700
PC8774357,2026-09-02T11:35:00.000,Initial,,,11218,Brooklyn,Failed for Rat Activity,COTA,"Droppings, Burrows",,3,5285,23,,,,,,,,,,
PC8733234,2026-09-02T11:35:30.000,Treatments,1560,TOWNSEND AVENUE,10452,Bronx,Bait applied,,,2028450027,2,2845,27,40.843340765186,-73.914295040422,"{'latitude': '40.843340765186', 'longitude': '-73.914295040422', 'human_address': '{""address"": """", ""city"": """", ""state"": """", ""zip"": """"}'}",4,16,209,2008124,Mount Eden-Claremont (West),,
PC8741077,2026-09-02T11:35:50.000,Treatments,75,LENOX ROAD,11226,Brooklyn,Bait applied,,,3050640082,3,5064,82,40.65371280612,-73.957221145898,"{'latitude': '40.65371280612', 'longitude': '-73.957221145898', 'human_address': '{""address"": """", ""city"": """", ""state"": """", ""zip"": """"}'}",14,40,79602,3116211,Flatbush,996120,177447
PC8731607,2026-09-02T11:36:04.000,Compliance,21,WEST 124 STREET,10027,Manhattan,Failed for Other Reason,Summons Issued,Harborage,1017220026,1,1722,26,40.806131995191,-73.943678079578,"{'latitude': '40.806131995191', 'longitude': '-73.943678079578', 'human_address': '{""address"": """", ""city"": """", ""state"": """", ""zip"": """"}'}",10,9,200,1000000,Harlem (South),,
PC8766681,2026-09-02T11:36:22.000,Initial,1746,UNDERCLIFF AVENUE,10453,Bronx,Failed for Other Reason,COTA,Harborage,2028770369,2,2877,369,40.851159358359,-73.920314226926,"{'latitude': '40.851159358359', 'longitude': '-73.920314226926', 'human_address': '{""address"": """", ""city"": """", ""state"": """", ""zip"": """"}'}",5,14,20502,2008899,University Heights (South)-Morris Heights,,
PC8772244,2026-09-02T11:37:30.000,Initial,930,PROSPECT PLACE,11213,Brooklyn,Failed for Rat Activity,COTA,Droppings,3012350027,3,1235,27,40.674063264716,-73.945830499488,"{'latitude': '40.674063264716', 'longitude': '-73.945830499488', 'human_address': '{""address"": """", ""city"": """", ""state"": """", ""zip"": """"}'}",8,36,341,3031294,Crown Heights (North),,
PC8766843,2026-09-02T11:38:22.000,Initial,UNDERCLIFF,AVENUE,10453,Bronx,Failed for Other Reason,,Harborage,,2,2877,372,,,,,,,,,,
PC8557545,2026-09-02T11:39:00.000,Treatments,557A,HALSEY STREET,11233,Brooklyn,Bait applied,,,3016610062,3,1661,62,40.684037715805,-73.930451721535,"{'latitude': '40.684037715805', 'longitude': '-73.930451721535', 'human_address': '{""address"": """", ""city"": """", ""state"": """", ""zip"": """"}'}",3,36,295,3046179,Bedford-Stuyvesant (East),,
PC8731177,2026-09-02T11:39:04.000,Compliance,27,WEST 124 STREET,10027,Manhattan,Failed for Other Reason,Summons Issued,Harborage,1017220024,1,1722,24,40.806244658792,-73.943941677293,"{'latitude': '40.806244658792', 'longitude': '-73.943941677293', 'human_address': '{""address"": """", ""city"": """", ""state"": """", ""zip"": """"}'}",10,9,200,1000000,Harlem (South),,
PC8750029,2026-09-02T11:40:00.000,Compliance,2700,BRIGGS AVENUE,10458,Bronx,Failed for Rat Activity,Summons Issued,Burrows,2032940037,2,3294,37,40.866248480036,-73.891729916765,"{'latitude': '40.866248480036', 'longitude': '-73.891729916765', 'human_address': '{""address"": """", ""city"": """", ""state"": """", ""zip"": """"}'}",7,15,40501,2016851,Bedford Park,,
PC8766808,2026-09-02T11:40:22.000,Initial,1764,UNDERCLIFF AVENUE,10453,Bronx,Failed for Other Reason,COTA,Harborage,2028770376,2,2877,376,40.851452878972,-73.920075303468,"{'latitude': '40.851452878972', 'longitude': '-73.920075303468', 'human_address': '{""address"": """", ""city"": """", ""state"": """", ""zip"": """"}'}",5,14,20502,2008904,University Heights (South)-Morris Heights,,
PC8707768,2026-09-02T11:40:31.000,Treatments,210,EAST 95 STREET,10128,Manhattan,Bait applied,,,1015400042,1,1540,42,40.78413804092,-73.9489652553,"{'latitude': '40.78413804092', 'longitude': '-73.9489652553', 'human_address': '{""address"": """", ""city"": """", ""state"": """", ""zip"": """"}'}",8,5,15601,1049236,Upper East Side-Yorkville,998367,224974
PC8725570,2026-09-02T11:40:38.000,Treatments,1436,PLIMPTON AVENUE,10452,Bronx,Bait applied,,,2028740023,2,2874,23,40.843733376962,-73.922170055161,"{'latitude': '40.843733376962', 'longitude': '-73.922170055161', 'human_address': '{""address"": """", ""city"": """", ""state"": """", ""zip"": """"}'}",4,16,21302,2000000,Mount Eden-Claremont (West),,
PC8745818,2026-09-02T11:42:03.000,Treatments,996,BEDFORD AVENUE,11205,Brooklyn,Bait applied,,,3019420025,3,1942,25,40.690791304102,-73.95540149745,"{'latitude': '40.690791304102', 'longitude': '-73.95540149745', 'human_address': '{""address"": """", ""city"": """", ""state"": """", ""zip"": """"}'}",3,36,233,3055433,Bedford-Stuyvesant (West),,
PC8766648,2026-09-02T11:42:22.000,Initial,1780,UNDERCLIFF AVENUE,10453,Bronx,Failed for Other Reason,COTA,Harborage,2028770383,2,2877,383,40.851713479949,-73.919861720747,"{'latitude': '40.851713479949', 'longitude': '-73.919861720747', 'human_address': '{""address"": """", ""city"": """", ""state"": """", ""zip"": """"}'}",5,14,20502,2114966,University Heights (South)-Morris Heights,,
PC8741930,2026-09-02T11:44:00.000,Stoppage,819,EAST   22 STREET,11210,Brooklyn,Stoppage done,,,3075500030,3,7550,30,40.632404467652,-73.955646026141,"{'latitude': '40.632404467652', 'longitude': '-73.955646026141', 'human_address': '{""address"": """", ""city"": """", ""state"": """", ""zip"": """"}'}",14,45,772,3205760,Flatbush,996561,169684
PC8765016,2026-09-02T11:45:00.000,Initial,75-11,BLAKE AVENUE,11414,Queens,Failed for Other Reason,COTA,"Garbage, Harborage",4113370029,4,11337,29,40.672835710019,-73.860577167519,"{'latitude': '40.672835710019', 'longitude': '-73.860577167519', 'human_address': '{""address"": """", ""city"": """", ""state"": """", ""zip"": """"}'}",10,32,6202,4244823,Howard Beach-Lindenwood,1022925,184442
PC8744046,2026-09-02T11:47:02.000,Treatments,510,EAST   13 STREET,10009,Manhattan,Bait applied,,,1004060011,1,406,11,40.729356762206,-73.980022205405,"{'latitude': '40.729356762206', 'longitude': '-73.980022205405', 'human_address': '{""address"": """", ""city"": """", ""state"": """", ""zip"": """"}'}",3,2,34,1005205,East Village,989787,205004
PC8766711,2026-09-02T11:47:22.000,Initial,1784,UNDERCLIFF AVENUE,10453,Bronx,Failed for Other Reason,COTA,Harborage,2028770386,2,2877,386,40.85177657095,-73.919807423616,"{'latitude': '40.85177657095', 'longitude': '-73.919807423616', 'human_address': '{""address"": """", ""city"": """", ""state"": """", ""zip"": """"}'}",5,14,20502,2114968,University Heights (South)-Morris Heights,,
PC8763300,2026-09-02T11:47:47.000,Compliance,1797,PROSPECT PLACE,11233,Brooklyn,Failed for Rat Activity,Summons Issued,Burrows,3014590001,3,1459,1,40.672478337406,-73.916440502393,"{'latitude': '40.672478337406', 'longitude': '-73.916440502393', 'human_address': '{""address"": """", ""city"": """", ""state"": """", ""zip"": """"}'}",16,41,363,3039196,Ocean Hill,1007429,184292
PC8766918,2026-09-02T11:49:22.000,Initial,1786,UNDERCLIFF AVENUE,10453,Bronx,Failed for Other Reason,COTA,Harborage,2028770387,2,2877,387,40.851809490069,-73.91978208071,"{'latitude': '40.851809490069', 'longitude': '-73.91978208071', 'human_address': '{""address"": """", ""city"": """", ""state"": """", ""zip"": """"}'}",5,14,20502,2114969,University Heights (South)-Morris Heights,,
PC8695429,2026-09-02T11:50:00.000,Treatments,315,JEFFERSON STREET,11237,Brooklyn,Bait applied,,,3031660042,3,3166,42,40.704546645944,-73.926037273217,"{'latitude': '40.704546645944', 'longitude': '-73.926037273217', 'human_address': '{""address"": """", ""city"": """", ""state"": """", ""zip"": """"}'}",4,34,427,3072143,Bushwick (West),,
PC8762903,2026-09-02T11:50:00.000,Compliance,202,PULASKI STREET,11206,Brooklyn,Failed for Rat Activity,Summons Issued,"Droppings, Runways",3017760036,3,1776,36,40.692982008154,-73.943770423231,"{'latitude': '40.692982008154', 'longitude': '-73.943770423231', 'human_address': '{""address"": """", ""city"": """", ""state"": """", ""zip"": """"}'}",3,36,261,3049548,Bedford-Stuyvesant (West),,
PC8743311,2026-09-02T11:50:38.000,Compliance,2231,JEROME AVENUE,10453,Bronx,Failed for Rat Activity,Summons Issued,Burrows,2031960036,2,3196,36,40.857515015399,-73.904414888823,"{'latitude': '40.857515015399', 'longitude': '-73.904414888823', 'human_address': '{""address"": """", ""city"": """", ""state"": """", ""zip"": """"}'}",5,14,239,2014208,Fordham Heights,,
PC8766762,2026-09-02T11:51:22.000,Initial,1798,UNDERCLIFF AVENUE,10453,Bronx,Failed for Other Reason,COTA,Harborage,2028770489,2,2877,489,40.852004254871,-73.919622796615,"{'latitude': '40.852004254871', 'longitude': '-73.919622796615', 'human_address': '{""address"": """", ""city"": """", ""state"": """", ""zip"": """"}'}",5,14,20502,2008957,University Heights (South)-Morris Heights,,
PC8731347,2026-09-02T11:52:28.000,Compliance,1059,TELLER AVENUE,10456,Bronx,Failed for Rat Activity,Summons Issued,"Droppings, Burrows",2024330071,2,2433,71,40.828933114258,-73.913605428757,"{'latitude': '40.828933114258', 'longitude': '-73.913605428757', 'human_address': '{""address"": """", ""city"": """", ""state"": """", ""zip"": """"}'}",4,16,175,2002242,Concourse-Concourse Village,,
PC8766809,2026-09-02T11:53:22.000,Initial,1800,UNDERCLIFF AVENUE,10453,Bronx,Failed for Rat Activity and Other Reason,COTA,"Tracks, Harborage",2028770491,2,2877,491,40.852037173948,-73.919597453531,"{'latitude': '40.852037173948', 'longitude': '-73.919597453531', 'human_address': '{""address"": """", ""city"": """", ""state"": """", ""zip"": """"}'}",5,14,20502,2008958,University Heights (South)-Morris Heights,,
PC8765684,2026-09-02T11:53:25.000,Initial,210-10,GRAND CENTRAL PARKWAY,11427,Queens,Failed for Other Reason,COTA,"Garbage, Mice",4105920150,4,10592,150,40.72506063411,-73.758221606243,"{'latitude': '40.72506063411', 'longitude': '-73.758221606243', 'human_address': '{""address"": """", ""city"": """", ""state"": """", ""zip"": """"}'}",8,23,49201,4434641,Jamaica Estates-Holliswood,1051265,203531
PC8751754,2026-09-02T11:54:00.000,Compliance,115,SOUTH    2 STREET,11249,Brooklyn,Failed for Rat Activity and Other Reason,Summons Issued,"Droppings, Burrows, Harborage",3024050039,3,2405,39,40.713611296765,-73.963011787635,"{'latitude': '40.713611296765', 'longitude': '-73.963011787635', 'human_address': '{""address"": """", ""city"": """", ""state"": """", ""zip"": """"}'}",1,34,551,3062950,Williamsburg,994504,199269
PC8750478,2026-09-02T11:55:00.000,Compliance,2703,BAINBRIDGE AVENUE,10458,Bronx,Failed for Rat Activity and Other Reason,Summons Issued,"Droppings, Harborage",2032940059,2,3294,59,40.865973310349,-73.890992805002,"{'latitude': '40.865973310349', 'longitude': '-73.890992805002', 'human_address': '{""address"": """", ""city"": """", ""state"": """", ""zip"": """"}'}",7,15,40501,2016854,Bedford Park,,
PC8732781,2026-09-02T11:55:30.000,Treatments,1575,GRAND CONCOURSE,10452,Bronx,Bait applied,,,2028370018,2,2837,18,40.842545929496,-73.912167293767,"{'latitude': '40.842545929496', 'longitude': '-73.912167293767', 'human_address': '{""address"": """", ""city"": """", ""state"": """", ""zip"": """"}'}",4,16,209,2008018,Mount Eden-Claremont (West),,
PC8743998,2026-09-02T11:56:00.000,Treatments,38,MARCY PLACE,10452,Bronx,Bait applied,,,2028400018,2,2840,18,40.838625054989,-73.917705531082,"{'latitude': '40.838625054989', 'longitude': '-73.917705531082', 'human_address': '{""address"": """", ""city"": """", ""state"": """", ""zip"": """"}'}",4,16,22101,2008048,Mount Eden-Claremont (West),1007021,244824
PC8613091,2026-09-02T11:56:00.000,Treatments,555,HALSEY STREET,11233,Brooklyn,Bait applied,,,3016610064,3,1661,64,40.684029520843,-73.93051663079,"{'latitude': '40.684029520843', 'longitude': '-73.93051663079', 'human_address': '{""address"": """", ""city"": """", ""state"": """", ""zip"": """"}'}",3,36,295,3046181,Bedford-Stuyvesant (East),1003521,188497
PC8740829,2026-09-02T11:57:04.000,Compliance,79,WEST 118 STREET,10026,Manhattan,Failed for Rat Activity and Other Reason,Summons Issued,"Burrows, Harborage",1017170007,1,1717,7,40.802906083103,-73.947719098997,"{'latitude': '40.802906083103', 'longitude': '-73.947719098997', 'human_address': '{""address"": """", ""city"": """", ""state"": """", ""zip"": """"}'}",10,9,190,1053179,Harlem (South),,
PC8608767,2026-09-02T11:57:28.000,Compliance,2576,BROADWAY,10025,Manhattan,Failed for Rat Activity and Other Reason,Summons Issued,"Burrows, Animal Nuisance",1018697501,1,1869,7501,40.795410232331,-73.971207944231,"{'latitude': '40.795410232331', 'longitude': '-73.971207944231', 'human_address': '{""address"": """", ""city"": """", ""state"": """", ""zip"": """"}'}",7,7,183,1075313,Upper West Side (Central),,
PC8764201,2026-09-02T11:59:00.000,Initial,EAST,128 STREET,10035,Manhattan,Failed for Other Reason,COTA,Harborage,,1,1775,168,,,,,,,,,,
PC8694052,2026-09-02T12:00:22.000,Treatments,319,JEFFERSON STREET,11237,Brooklyn,Bait applied,,,3031660040,3,3166,40,40.704620708174,-73.925965056504,"{'latitude': '40.704620708174', 'longitude': '-73.925965056504', 'human_address': '{""address"": """", ""city"": """", ""state"": """", ""zip"": """"}'}",4,34,427,3072141,Bushwick (West),,
PC8743530,2026-09-02T12:00:37.000,Compliance,5,BUCHANAN PLACE,10453,Bronx,Failed for Rat Activity,Summons Issued,Burrows,2031960086,2,3196,86,40.857800578394,-73.904548233716,"{'latitude': '40.857800578394', 'longitude': '-73.904548233716', 'human_address': '{""address"": """", ""city"": """", ""state"": """", ""zip"": """"}'}",5,14,239,2014223,Fordham Heights,,
PC8730729,2026-09-02T12:02:28.000,Compliance,1053,TELLER AVENUE,10456,Bronx,Failed for Rat Activity and Other Reason,Summons Issued,"Droppings, Harborage",2024330074,2,2433,74,40.828848065401,-73.913656128213,"{'latitude': '40.828848065401', 'longitude': '-73.913656128213', 'human_address': '{""address"": """", ""city"": """", ""state"": """", ""zip"": """"}'}",4,16,175,2002245,Concourse-Concourse Village,,
PC8774337,2026-09-02T12:02:46.000,Initial,000,DELANCEY STREET,,Manhattan,Failed for Other Reason,City Agency Referral,Animal Nuisance,,1,342,44,0.00000000000000000000,0.00000000000000000000,"{'latitude': '0.0', 'longitude': '0.0', 'human_address': '{""address"": """", ""city"": """", ""state"": """", ""zip"": """"}'}",,,,,,,
PC8757644,2026-09-02T12:03:05.000,Compliance,830,MARCY AVENUE,11216,Brooklyn,Failed for Rat Activity,Summons Issued,Droppings,3018180049,3,1818,49,40.685215925896,-73.947195160027,"{'latitude': '40.685215925896', 'longitude': '-73.947195160027', 'human_address': '{""address"": """", ""city"": """", ""state"": """", ""zip"": """"}'}",3,36,249,3338688,Bedford-Stuyvesant (West),,
PC8682420,2026-09-02T12:05:02.000,Treatments,326,EAST 19 STREET,10003,Manhattan,Bait applied,,,1009240052,1,924,52,40.734964585264,-73.98162623725,"{'latitude': '40.734964585264', 'longitude': '-73.98162623725', 'human_address': '{""address"": """", ""city"": """", ""state"": """", ""zip"": """"}'}",6,2,48,1020502,Gramercy,989342,207047
PC8740494,2026-09-02T12:05:51.000,Compliance,311,EAST 87 STREET,10128,Manhattan,Failed for Rat Activity,Summons Issued,Burrows,1015500007,1,1550,7,40.777979218283,-73.949883500612,"{'latitude': '40.777979218283', 'longitude': '-73.949883500612', 'human_address': '{""address"": """", ""city"": """", ""state"": """", ""zip"": """"}'}",8,5,14602,1050047,Upper East Side-Yorkville,,
PC8764227,2026-09-02T12:06:00.000,Initial,1845,PARK AVENUE,10035,Manhattan,Failed for Rat Activity and Other Reason,COTA,"Burrows, Harborage",1017750003,1,1775,3,40.805909702116,-73.938393589949,"{'latitude': '40.805909702116', 'longitude': '-73.938393589949', 'human_address': '{""address"": """", ""city"": """", ""state"": """", ""zip"": """"}'}",11,9,242,1090930,East Harlem (North),,
PC8700621,2026-09-02T12:08:00.000,Compliance,507,EAST 183 STREET,10458,Bronx,Failed for Rat Activity,Summons Issued,Burrows,2030530004,2,3053,4,40.854866596916,-73.892283520111,"{'latitude': '40.854866596916', 'longitude': '-73.892283520111', 'human_address': '{""address"": """", ""city"": """", ""state"": """", ""zip"": """"}'}",6,15,385,2011613,Belmont,,
PC8739747,2026-09-02T12:09:00.000,Compliance,317,CLERMONT AVENUE,11205,Brooklyn,Failed for Rat Activity,Summons Issued,Burrows,3021050001,3,2105,1,40.688141818802,-73.969851778999,"{'latitude': '40.688141818802', 'longitude': '-73.969851778999', 'human_address': '{""address"": """", ""city"": """", ""state"": """", ""zip"": """"}'}",2,35,197,3059118,Clinton Hill,992611,189989
PC8695083,2026-09-02T12:10:00.000,Treatments,22,IRVING AVENUE,11237,Brooklyn,Bait applied,,,3031660036,3,3166,36,40.705301081559,-73.925455746476,"{'latitude': '40.705301081559', 'longitude': '-73.925455746476', 'human_address': '{""address"": """", ""city"": """", ""state"": """", ""zip"": """"}'}",4,34,427,3072140,Bushwick (West),,
PC8772794,2026-09-02T12:10:30.000,Initial,737,PARK PLACE,11216,Brooklyn,Failed for Other Reason,COTA,Garbage,3012320032,3,1232,32,40.673599982406,-73.953405037918,"{'latitude': '40.673599982406', 'longitude': '-73.953405037918', 'human_address': '{""address"": """", ""city"": """", ""state"": """", ""zip"": """"}'}",8,36,221,3427323,Crown Heights (North),,
PC8705604,2026-09-02T12:10:42.000,Treatments,337,WEST 14 STREET,10014,Manhattan,Bait applied,,,1007380014,1,738,14,40.740488441988,-74.004265434982,"{'latitude': '40.740488441988', 'longitude': '-74.004265434982', 'human_address': '{""address"": """", ""city"": """", ""state"": """", ""zip"": """"}'}",4,3,83,1013009,Chelsea-Hudson Yards,,
PC8764229,2026-09-02T12:11:00.000,Initial,106,EAST 127 STREET,,Manhattan,Failed for Other Reason,City Agency Referral,Harborage,1017750071,1,1775,71,0.00000000000000000000,0.00000000000000000000,"{'latitude': '0.0', 'longitude': '0.0', 'human_address': '{""address"": """", ""city"": """", ""state"": """", ""zip"": """"}'}",11,9,206,1054498,East Harlem (North),,
PC8741633,2026-09-02T12:11:41.000,Treatments,1277,MORRIS AVENUE,10456,Bronx,Bait applied,,,2024500036,2,2450,36,40.835006825783,-73.91307712306,"{'latitude': '40.835006825783', 'longitude': '-73.91307712306', 'human_address': '{""address"": """", ""city"": """", ""state"": """", ""zip"": """"}'}",4,16,17901,2002618,Concourse-Concourse Village,,
PC8768753,2026-09-02T12:12:00.000,Stoppage,,,11213,Brooklyn,Stoppage done,,,,3,1374,9,,,,,,,,,,
PC8763876,2026-09-02T12:12:43.000,Compliance,1511,DEKALB AVENUE,11237,Brooklyn,Failed for Rat Activity,Summons Issued,Burrows,3032360046,3,3236,46,40.701922431007,-73.921586088422,"{'latitude': '40.701922431007', 'longitude': '-73.921586088422', 'human_address': '{""address"": """", ""city"": """", ""state"": """", ""zip"": """"}'}",4,37,429,3073622,Bushwick (West),,
PC8731285,2026-09-02T12:15:28.000,Compliance,1047,TELLER AVENUE,10456,Bronx,Failed for Rat Activity and Other Reason,Summons Issued,"Droppings, Burrows, Harborage",2024330076,2,2433,76,40.828699917386,-73.913746657785,"{'latitude': '40.828699917386', 'longitude': '-73.913746657785', 'human_address': '{""address"": """", ""city"": """", ""state"": """", ""zip"": """"}'}",4,16,175,2002247,Concourse-Concourse Village,,
PC8767247,2026-09-02T12:15:30.000,Treatments,1510,WALTON AVENUE,10452,Bronx,Bait applied,,,2028350006,2,2835,6,40.841861342647,-73.914282497022,"{'latitude': '40.841861342647', 'longitude': '-73.914282497022', 'human_address': '{""address"": """", ""city"": """", ""state"": """", ""zip"": """"}'}",4,16,209,2000000,Mount Eden-Claremont (West),,
PC8766713,2026-09-02T12:15:46.000,Initial,1808,UNDERCLIFF AVENUE,10453,Bronx,Failed for Other Reason,COTA,Harborage,2028770495,2,2877,495,40.852168845133,-73.919488851461,"{'latitude': '40.852168845133', 'longitude': '-73.919488851461', 'human_address': '{""address"": """", ""city"": """", ""state"": """", ""zip"": """"}'}",5,14,20502,2008962,University Heights (South)-Morris Heights,,
PC8743189,2026-09-02T12:15:49.000,Compliance,48,EAST 183 STREET,10453,Bronx,Failed for Rat Activity,Summons Issued,Burrows,2031820028,2,3182,28,40.858331466952,-73.902653166966,"{'latitude': '40.858331466952', 'longitude': '-73.902653166966', 'human_address': '{""address"": """", ""city"": """", ""state"": """", ""zip"": """"}'}",5,14,239,2013991,Fordham Heights,,
PC8720520,2026-09-02T12:20:00.000,Initial,86-05,60 ROAD,11373,Queens,Failed for Rat Activity,,"Droppings, Burrows, Runways, Gnawing",4028740055,4,2874,55,40.730240393059,-73.872785497293,"{'latitude': '40.730240393059', 'longitude': '-73.872785497293', 'human_address': '{""address"": """", ""city"": """", ""state"": """", ""zip"": """"}'}",6,30,687,4065248,Rego Park,1019508,205350
PC8740538,2026-09-02T12:20:04.000,Compliance,1460,5 AVENUE,10035,Manhattan,Failed for Other Reason,,"Garbage, Harborage",1017170033,1,1717,33,40.802111778962,-73.945415260736,"{'latitude': '40.802111778962', 'longitude': '-73.945415260736', 'human_address': '{""address"": """", ""city"": """", ""state"": """", ""zip"": """"}'}",10,9,190,1053192,Harlem (South),,
PC8772233,2026-09-02T12:20:30.000,Initial,1443,BEDFORD AVENUE,11216,Brooklyn,Failed for Rat Activity,COTA,Droppings,3012327501,3,1232,7501,40.673893870266,-73.953891512525,"{'latitude': '40.673893870266', 'longitude': '-73.953891512525', 'human_address': '{""address"": """", ""city"": """", ""state"": """", ""zip"": """"}'}",8,36,221,3331886,Crown Heights (North),,
PC8760818,2026-09-02T12:20:47.000,Compliance,2182,ATLANTIC AVENUE,11233,Brooklyn,Failed for Rat Activity,Summons Issued,Droppings,3014330038,3,1433,38,40.676505956227,-73.914120907658,"{'latitude': '40.676505956227', 'longitude': '-73.914120907658', 'human_address': '{""address"": """", ""city"": """", ""state"": """", ""zip"": """"}'}",16,41,303,3038570,Ocean Hill,1008071,185760
PC8758674,2026-09-02T12:21:00.000,Compliance,101,GREENE AVENUE,11238,Brooklyn,Failed for Rat Activity,Summons Issued,Burrows,3019430044,3,1943,44,40.686420438329,-73.96834176279,"{'latitude': '40.686420438329', 'longitude': '-73.96834176279', 'human_address': '{""address"": """", ""city"": """", ""state"": """", ""zip"": """"}'}",2,35,197,3055466,Clinton Hill,993030,189362
PC8763454,2026-09-02T12:23:43.000,Compliance,130,IRVING AVENUE,11237,Brooklyn,Failed for Rat Activity,Summons Issued,Droppings,3032360032,3,3236,32,40.702937800702,-73.921299966517,"{'latitude': '40.702937800702', 'longitude': '-73.921299966517', 'human_address': '{""address"": """", ""city"": """", ""state"": """", ""zip"": """"}'}",4,37,429,3073610,Bushwick (West),,
PC8760889,2026-09-02T12:24:11.000,Compliance,782,WEST END AVENUE,10025,Manhattan,Failed for Rat Activity,Summons Issued,Burrows,1018700001,1,1870,1,40.796505558115,-73.971897304805,"{'latitude': '40.796505558115', 'longitude': '-73.971897304805', 'human_address': '{""address"": """", ""city"": """", ""state"": """", ""zip"": """"}'}",7,7,187,1056391,Upper West Side-Manhattan Valley,992031,229469
PC8729726,2026-09-02T12:24:28.000,Compliance,1043,TELLER AVENUE,10456,Bronx,Failed for Other Reason,Summons Issued,Harborage,2024330078,2,2433,78,40.828601152906,-73.913808215093,"{'latitude': '40.828601152906', 'longitude': '-73.913808215093', 'human_address': '{""address"": """", ""city"": """", ""state"": """", ""zip"": """"}'}",4,16,175,2002248,Concourse-Concourse Village,,
PC8769120,2026-09-02T12:25:00.000,Initial,653,MARCY AVENUE,11206,Brooklyn,Failed for Rat Activity and Other Reason,COTA,"Droppings, Runways, Harborage, Mice",3017750006,3,1775,6,40.692138863781,-73.948552736544,"{'latitude': '40.692138863781', 'longitude': '-73.948552736544', 'human_address': '{""address"": """", ""city"": """", ""state"": """", ""zip"": """"}'}",3,36,261,3049474,Bedford-Stuyvesant (West),998518,191442
PC8743277,2026-09-02T12:25:26.000,Compliance,2270,WALTON AVENUE,10453,Bronx,Failed for Rat Activity,Summons Issued,Burrows,2031820019,2,3182,19,40.857835049825,-73.90310216292,"{'latitude': '40.857835049825', 'longitude': '-73.90310216292', 'human_address': '{""address"": """", ""city"": """", ""state"": """", ""zip"": """"}'}",5,14,239,2099975,Fordham Heights,,
PC8770786,2026-09-02T12:25:46.000,Initial,2037,RADCLIFF AVENUE,10462,Bronx,Failed for Other Reason,COTA,Harborage,2042990039,2,4299,39,40.852512722684,-73.860181013845,"{'latitude': '40.852512722684', 'longitude': '-73.860181013845', 'human_address': '{""address"": """", ""city"": """", ""state"": """", ""zip"": """"}'}",11,13,246,2049016,Morris Park,1022930,249904
PC8741328,2026-09-02T12:27:27.000,Treatments,1149,MORRIS AVENUE,10456,Bronx,Bait applied,,,2024490077,2,2449,77,40.831997175295,-73.91485175526,"{'latitude': '40.831997175295', 'longitude': '-73.91485175526', 'human_address': '{""address"": """", ""city"": """", ""state"": """", ""zip"": """"}'}",4,16,18101,2002606,Concourse-Concourse Village,,
PC8733221,2026-09-02T12:31:00.000,Compliance,466,EAST 185 STREET,10458,Bronx,Failed for Rat Activity,Summons Issued,Burrows,2030390019,2,3039,19,40.856612596513,-73.892656640061,"{'latitude': '40.856612596513', 'longitude': '-73.892656640061', 'human_address': '{""address"": """", ""city"": """", ""state"": """", ""zip"": """"}'}",6,15,385,2011358,Belmont,,
PC8769763,2026-09-02T12:32:21.000,Initial,243,WEST   99 STREET,10025,Manhattan,Failed for Rat Activity,COTA,Droppings,1018710010,1,1871,10,40.796735817285,-73.970698116165,"{'latitude': '40.796735817285', 'longitude': '-73.970698116165', 'human_address': '{""address"": """", ""city"": """", ""state"": """", ""zip"": """"}'}",7,7,187,1056456,Upper West Side-Manhattan Valley,992363,229553
PC8728590,2026-09-02T12:32:28.000,Compliance,335,EAST 165 STREET,10456,Bronx,Failed for Rat Activity,Summons Issued,Burrows,2024330079,2,2433,79,40.82855751843,-73.914184071215,"{'latitude': '40.82855751843', 'longitude': '-73.914184071215', 'human_address': '{""address"": """", ""city"": """", ""state"": """", ""zip"": """"}'}",4,16,175,2000000,Concourse-Concourse Village,,
PC8768376,2026-09-02T12:34:46.000,Initial,501,EAST 176 STREET,10457,Bronx,Failed for Rat Activity and Other Reason,COTA,"Droppings, Burrows, Harborage",2029240001,2,2924,1,40.845602458516,-73.897568353995,"{'latitude': '40.845602458516', 'longitude': '-73.897568353995', 'human_address': '{""address"": """", ""city"": """", ""state"": """", ""zip"": """"}'}",6,15,395,2009599,Tremont,,
PC8725546,2026-09-02T12:35:30.000,Treatments,1550,JESUP AVENUE,10452,Bronx,Bait applied,,,2028720273,2,2872,273,40.844606365226,-73.918446269448,"{'latitude': '40.844606365226', 'longitude': '-73.918446269448', 'human_address': '{""address"": """", ""city"": """", ""state"": """", ""zip"": """"}'}",4,16,21302,2130659,Mount Eden-Claremont (West),1006814,247003
PC8755553,2026-09-02T12:36:00.000,Compliance,139,SOUTH    4 STREET,11211,Brooklyn,Failed for Rat Activity,Summons Issued,Burrows,3024310001,3,2431,1,40.711736443864,-73.962471767512,"{'latitude': '40.711736443864', 'longitude': '-73.962471767512', 'human_address': '{""address"": """", ""city"": """", ""state"": """", ""zip"": """"}'}",1,34,551,3063265,Williamsburg,,
PC8763984,2026-09-02T12:36:43.000,Compliance,864,HART STREET,11237,Brooklyn,Failed for Rat Activity,,"Droppings, Burrows",3032360023,3,3236,23,40.702515684735,-73.922148017064,"{'latitude': '40.702515684735', 'longitude': '-73.922148017064', 'human_address': '{""address"": """", ""city"": """", ""state"": """", ""zip"": """"}'}",4,37,429,3073602,Bushwick (West),,
PC8758686,2026-09-02T12:40:00.000,Compliance,161,SOUTH ELLIOTT PLACE,11217,Brooklyn,Failed for Rat Activity,Summons Issued,"Burrows, Rats",3020030008,3,2003,8,40.684731323632,-73.975095913169,"{'latitude': '40.684731323632', 'longitude': '-73.975095913169', 'human_address': '{""address"": """", ""city"": """", ""state"": """", ""zip"": """"}'}",2,35,35,3321975,Fort Greene,991157,188746
PC8718451,2026-09-02T12:41:37.000,Compliance,650,WILLOUGHBY AVENUE,11206,Brooklyn,Failed for Rat Activity,Summons Issued,"Droppings, Burrows, Runways, Rats",3017680037,3,1768,37,40.694480657324,-73.943776366777,"{'latitude': '40.694480657324', 'longitude': '-73.943776366777', 'human_address': '{""address"": """", ""city"": """", ""state"": """", ""zip"": """"}'}",3,36,261,3322097,Bedford-Stuyvesant (West),,
PC8741289,2026-09-02T12:42:07.000,Treatments,1326,COLLEGE AVENUE,10456,Bronx,Bait applied,,,2027830015,2,2783,15,40.836147335717,-73.911373494697,"{'latitude': '40.836147335717', 'longitude': '-73.911373494697', 'human_address': '{""address"": """", ""city"": """", ""state"": """", ""zip"": """"}'}",4,16,17702,2007181,Mount Eden-Claremont (West),,
PC8696086,2026-09-02T12:42:28.000,Compliance,316,EAST 165 STREET,10456,Bronx,Failed for Rat Activity and Other Reason,Summons Issued,"Burrows, Harborage",2024320080,2,2432,80,40.828675851855,-73.91459946614,"{'latitude': '40.828675851855', 'longitude': '-73.91459946614', 'human_address': '{""address"": """", ""city"": """", ""state"": """", ""zip"": """"}'}",4,16,173,2129110,Concourse-Concourse Village,,
PC8771566,2026-09-02T12:42:30.000,Initial,68,ROGERS AVENUE,11216,Brooklyn,Failed for Rat Activity,COTA,Droppings,3012320016,3,1232,16,40.674324386582,-73.952874585204,"{'latitude': '40.674324386582', 'longitude': '-73.952874585204', 'human_address': '{""address"": """", ""city"": """", ""state"": """", ""zip"": """"}'}",8,36,221,3324517,Crown Heights (North),,
PC8755897,2026-09-02T12:42:41.000,Compliance,219,WEST  100 STREET,10025,Manhattan,Failed for Rat Activity,Summons Issued,"Droppings, Burrows, Rats",1018720019,1,1872,19,40.79705938922,-73.969513323224,"{'latitude': '40.79705938922', 'longitude': '-73.969513323224', 'human_address': '{""address"": """", ""city"": """", ""state"": """", ""zip"": """"}'}",7,7,187,1056481,Upper West Side-Manhattan Valley,992691,229671
PC8761371,2026-09-02T12:45:00.000,Compliance,451,16 STREET,11215,Brooklyn,Failed for Rat Activity,Summons Issued,"Droppings, Runways",3011050043,3,1105,43,40.660729390922,-73.981048444973,"{'latitude': '40.660729390922', 'longitude': '-73.981048444973', 'human_address': '{""address"": """", ""city"": """", ""state"": """", ""zip"": """"}'}",7,39,169,3026710,Windsor Terrace-South Slope,989508,180001
PC8763650,2026-09-02T12:46:43.000,Compliance,840,HART STREET,11237,Brooklyn,Failed for Rat Activity,,"Droppings, Burrows, Runways",3032360015,3,3236,15,40.702164586294,-73.922491053564,"{'latitude': '40.702164586294', 'longitude': '-73.922491053564', 'human_address': '{""address"": """", ""city"": """", ""state"": """", ""zip"": """"}'}",4,37,429,3073594,Bushwick (West),,
PC8768899,2026-09-02T12:48:19.000,Initial,1230,WEBSTER AVENUE,10456,Bronx,Failed for Rat Activity and Other Reason,City Agency Referral,"Burrows, Garbage, Harborage",2023950001,2,2395,1,40.832470668378,-73.90949930317,"{'latitude': '40.832470668378', 'longitude': '-73.90949930317', 'human_address': '{""address"": """", ""city"": """", ""state"": """", ""zip"": """"}'}",3,16,145,2091187,Claremont Village-Claremont (East),,
PC8767079,2026-09-02T12:50:00.000,Initial,117,SOUTH    4 STREET,11249,Brooklyn,Failed for Rat Activity and Other Reason,COTA,"Droppings, Harborage",3024300029,3,2430,29,40.712112809034,-73.963499583199,"{'latitude': '40.712112809034', 'longitude': '-73.963499583199', 'human_address': '{""address"": """", ""city"": """", ""state"": """", ""zip"": """"}'}",1,34,551,3063253,Williamsburg,994369,198723
PC8737934,2026-09-02T12:50:30.000,Treatments,1195,ANDERSON AVENUE,10452,Bronx,Bait applied,,,2025100040,2,2510,40,40.836995976508,-73.923554869106,"{'latitude': '40.836995976508', 'longitude': '-73.923554869106', 'human_address': '{""address"": """", ""city"": """", ""state"": """", ""zip"": """"}'}",4,16,199,2097864,Highbridge,1005405,244232
PC8764216,2026-09-02T12:53:00.000,Initial,200,EAST 131 STREET,10037,Manhattan,Failed for Rat Activity and Other Reason,COTA,"Burrows, Harborage",1017800075,1,1780,75,40.808419429471,-73.93527379367,"{'latitude': '40.808419429471', 'longitude': '-73.93527379367', 'human_address': '{""address"": """", ""city"": """", ""state"": """", ""zip"": """"}'}",11,9,242,1088821,East Harlem (North),,
PC8770697,2026-09-02T12:54:25.000,Initial,944,COLUMBUS AVENUE,10025,Manhattan,Failed for Rat Activity,COTA,Burrows,1018610031,1,1861,31,40.79949471042,-73.962685768519,"{'latitude': '40.79949471042', 'longitude': '-73.962685768519', 'human_address': '{""address"": """", ""city"": """", ""state"": """", ""zip"": """"}'}",7,7,193,1055968,Upper West Side-Manhattan Valley,994581,230559
PC8749161,2026-09-02T12:55:28.000,Compliance,993,FINDLAY AVENUE,10456,Bronx,Failed for Other Reason,Summons Issued,Animal Nuisance,2024320046,2,2432,46,40.828201338951,-73.915040916725,"{'latitude': '40.828201338951', 'longitude': '-73.915040916725', 'human_address': '{""address"": """", ""city"": """", ""state"": """", ""zip"": """"}'}",4,16,173,2002194,Concourse-Concourse Village,1007762,241027
PC8768361,2026-09-02T12:55:44.000,Initial,4173,3 AVENUE,10457,Bronx,Failed for Rat Activity and Other Reason,COTA,"Burrows, Harborage",2029240037,2,2924,37,40.845780027847,-73.896631951078,"{'latitude': '40.845780027847', 'longitude': '-73.896631951078', 'human_address': '{""address"": """", ""city"": """", ""state"": """", ""zip"": """"}'}",6,15,395,2009610,Tremont,,
PC8671012,2026-09-02T12:57:00.000,Treatments,1374,COLLEGE AVENUE,10456,Bronx,Bait applied,,,2027830030,2,2783,30,40.836855159075,-73.910960562617,"{'latitude': '40.836855159075', 'longitude': '-73.910960562617', 'human_address': '{""address"": """", ""city"": """", ""state"": """", ""zip"": """"}'}",4,16,17702,2007194,Mount Eden-Claremont (West),1008888,244181
PC8758865,2026-09-02T12:57:19.000,Compliance,732,ST MARKS AVENUE,11216,Brooklyn,Failed for Rat Activity,Summons Issued,Droppings,3012270021,3,1227,21,40.675126895462,-73.948883159928,"{'latitude': '40.675126895462', 'longitude': '-73.948883159928', 'human_address': '{""address"": """", ""city"": """", ""state"": """", ""zip"": """"}'}",8,36,31701,3030998,Crown Heights (North),,
PC8743586,2026-09-02T13:00:38.000,Compliance,120,EAST FORDHAM ROAD,10468,Bronx,Failed for Rat Activity,Summons Issued,Burrows,2031660069,2,3166,69,40.862299360963,-73.898341518205,"{'latitude': '40.862299360963', 'longitude': '-73.898341518205', 'human_address': '{""address"": """", ""city"": """", ""state"": """", ""zip"": """"}'}",5,14,23703,2013807,Fordham Heights,,
PC8768351,2026-09-02T13:00:46.000,Initial,4175,3 AVENUE,10457,Bronx,Failed for Other Reason,COTA,Harborage,2029240036,2,2924,36,40.845815689861,-73.896610209063,"{'latitude': '40.845815689861', 'longitude': '-73.896610209063', 'human_address': '{""address"": """", ""city"": """", ""state"": """", ""zip"": """"}'}",6,15,395,2009609,Tremont,,
PC8705025,2026-09-02T13:00:50.000,Treatments,2075,Bedford Ave,11226,Brooklyn,Bait applied,,,3050650001,3,5065,1,40.654077470907,-73.956186572535,"{'latitude': '40.654077470907', 'longitude': '-73.956186572535', 'human_address': '{""address"": """", ""city"": """", ""state"": """", ""zip"": """"}'}",17,40,822,3116221,East Flatbush-Erasmus,,
PC8735607,2026-09-02T13:00:59.000,Compliance,2230,ADAMS PLACE,10457,Bronx,Failed for Rat Activity,Summons Issued,"Droppings, Burrows",2030710045,2,3071,45,40.852250745319,-73.889269457474,"{'latitude': '40.852250745319', 'longitude': '-73.889269457474', 'human_address': '{""address"": """", ""city"": """", ""state"": """", ""zip"": """"}'}",6,15,391,2128797,Belmont,,
PC8769082,2026-09-02T13:02:00.000,Initial,3,WEST  108 STREET,10025,Manhattan,Failed for Rat Activity,COTA,"Droppings, Burrows",1018440027,1,1844,27,40.799468874689,-73.959348416021,"{'latitude': '40.799468874689', 'longitude': '-73.959348416021', 'human_address': '{""address"": """", ""city"": """", ""state"": """", ""zip"": """"}'}",7,7,193,1055723,Upper West Side-Manhattan Valley,995505,230550
PC8736949,2026-09-02T13:02:00.000,Compliance,96,HART STREET,11206,Brooklyn,Failed for Rat Activity and Other Reason,Summons Issued,"Droppings, Burrows, Runways, Harborage",3017710016,3,1771,16,40.693272099343,-73.94776573019,"{'latitude': '40.693272099343', 'longitude': '-73.94776573019', 'human_address': '{""address"": """", ""city"": """", ""state"": """", ""zip"": """"}'}",3,36,261,3049320,Bedford-Stuyvesant (West),998735,191861
PC8758956,2026-09-02T13:03:01.000,Compliance,748,ST MARKS AVENUE,11216,Brooklyn,Failed for Rat Activity,Summons Issued,Burrows,3012270025,3,1227,25,40.675104745116,-73.948454169097,"{'latitude': '40.675104745116', 'longitude': '-73.948454169097', 'human_address': '{""address"": """", ""city"": """", ""state"": """", ""zip"": """"}'}",8,36,31701,3031000,Crown Heights (North),,
PC8763845,2026-09-02T13:05:43.000,Compliance,834,HART STREET,11237,Brooklyn,Failed for Rat Activity,,"Droppings, Burrows, Runways",3032360013,3,3236,13,40.702076812131,-73.922577713765,"{'latitude': '40.702076812131', 'longitude': '-73.922577713765', 'human_address': '{""address"": """", ""city"": """", ""state"": """", ""zip"": """"}'}",4,37,429,3073592,Bushwick (West),,
PC8693549,2026-09-02T13:06:00.000,Compliance,283,EAST 164 STREET,10456,Bronx,Failed for Rat Activity,Summons Issued,"Droppings, Burrows",2024320019,2,2432,19,40.828246348754,-73.916533209152,"{'latitude': '40.828246348754', 'longitude': '-73.916533209152', 'human_address': '{""address"": """", ""city"": """", ""state"": """", ""zip"": """"}'}",4,16,173,2129536,Concourse-Concourse Village,,
PC8348275,2026-09-02T13:08:00.000,Treatments,556,HALSEY STREET,11233,Brooklyn,Bait applied,,,3016650043,3,1665,43,40.683761845121,-73.932716313661,"{'latitude': '40.683761845121', 'longitude': '-73.932716313661', 'human_address': '{""address"": """", ""city"": """", ""state"": """", ""zip"": """"}'}",3,36,295,3340234,Bedford-Stuyvesant (East),,
PC8739488,2026-09-02T13:08:00.000,Compliance,94,HART STREET,11206,Brooklyn,Failed for Rat Activity and Other Reason,Summons Issued,"Burrows, Runways, Harborage",3017710015,3,1771,15,40.693263894581,-73.947830646332,"{'latitude': '40.693263894581', 'longitude': '-73.947830646332', 'human_address': '{""address"": """", ""city"": """", ""state"": """", ""zip"": """"}'}",3,36,261,3389109,Bedford-Stuyvesant (West),,
PC8745282,2026-09-02T13:09:52.000,Treatments,940,BEDFORD AVENUE,11205,Brooklyn,Bait applied,,,3019280042,3,1928,42,40.692405354933,-73.955721351853,"{'latitude': '40.692405354933', 'longitude': '-73.955721351853', 'human_address': '{""address"": """", ""city"": """", ""state"": """", ""zip"": """"}'}",3,33,235,3055240,Bedford-Stuyvesant (West),,
PC8738376,2026-09-02T13:10:00.000,Compliance,467,17 STREET,11215,Brooklyn,Failed for Rat Activity,Summons Issued,Burrows,3008700055,3,870,55,40.658841321004,-73.983215122855,"{'latitude': '40.658841321004', 'longitude': '-73.983215122855', 'human_address': '{""address"": """", ""city"": """", ""state"": """", ""zip"": """"}'}",7,39,169,3016596,Windsor Terrace-South Slope,988907,179313
PC8750683,2026-09-02T13:12:00.000,Compliance,78,SOUTH    8 STREET,11249,Brooklyn,Failed for Other Reason,Summons Issued,"Harborage, Animal Nuisance",3021367501,3,2136,7501,40.709775121369,-73.966296285597,"{'latitude': '40.709775121369', 'longitude': '-73.966296285597', 'human_address': '{""address"": """", ""city"": """", ""state"": """", ""zip"": """"}'}",1,34,547,3258532,Williamsburg,993594,197871
PC8599670,2026-09-02T13:13:00.000,Compliance,370,RIVERSIDE DRIVE,10025,Manhattan,Failed for Rat Activity,Summons Issued,Burrows,1018930032,1,1893,32,40.804129513843,-73.968234993154,"{'latitude': '40.804129513843', 'longitude': '-73.968234993154', 'human_address': '{""address"": """", ""city"": """", ""state"": """", ""zip"": """"}'}",7,7,195,1057312,Upper West Side-Manhattan Valley,,
PC8721029,2026-09-02T13:15:43.000,Compliance,865,HART STREET,11237,Brooklyn,Failed for Rat Activity and Other Reason,Summons Issued,"Droppings, Burrows, Runways, Gnawing, Rats, Animal Nuisance",3032200041,3,3220,41,40.702554104168,-73.922137152228,"{'latitude': '40.702554104168', 'longitude': '-73.922137152228', 'human_address': '{""address"": """", ""city"": """", ""state"": """", ""zip"": """"}'}",4,34,429,3073235,Bushwick (West),1005839,195248
PC8746952,2026-09-02T13:15:45.000,Compliance,2564,CRESTON AVENUE,10468,Bronx,Failed for Rat Activity,Summons Issued,Burrows,2031670046,2,3167,46,40.864515838164,-73.896920873154,"{'latitude': '40.864515838164', 'longitude': '-73.896920873154', 'human_address': '{""address"": """", ""city"": """", ""state"": """", ""zip"": """"}'}",7,14,401,2013819,University Heights (North)-Fordham,,
PC8700794,2026-09-02T13:17:59.000,Compliance,2306,CAMBRELENG AVENUE,10458,Bronx,Failed for Rat Activity and Other Reason,Summons Issued,"Droppings, Garbage, Harborage",2030890004,2,3089,4,40.852903576603,-73.886036749054,"{'latitude': '40.852903576603', 'longitude': '-73.886036749054', 'human_address': '{""address"": """", ""city"": """", ""state"": """", ""zip"": """"}'}",6,15,391,2092290,Belmont,,
PC8758885,2026-09-02T13:19:03.000,Compliance,566,PROSPECT PLACE,11238,Brooklyn,Failed for Rat Activity,Summons Issued,Droppings,3011630033,3,1163,33,40.675388637099,-73.958079628539,"{'latitude': '40.675388637099', 'longitude': '-73.958079628539', 'human_address': '{""address"": """", ""city"": """", ""state"": """", ""zip"": """"}'}",8,35,305,3029002,Crown Heights (North),,
PC8714490,2026-09-02T13:23:48.000,Treatments,923,BEDFORD AVENUE,11205,Brooklyn,Bait applied,,,3017620024,3,1762,24,40.692229667181,-73.955663772375,"{'latitude': '40.692229667181', 'longitude': '-73.955663772375', 'human_address': '{""address"": """", ""city"": """", ""state"": """", ""zip"": """"}'}",3,33,241,3048950,Bedford-Stuyvesant (West),,
PC8770724,2026-09-02T13:25:47.000,Initial,316,MACDOUGAL STREET,11233,Brooklyn,Failed for Rat Activity,COTA,Burrows,3015350011,3,1535,11,40.680650985202,-73.907596967095,"{'latitude': '40.680650985202', 'longitude': '-73.907596967095', 'human_address': '{""address"": """", ""city"": """", ""state"": """", ""zip"": """"}'}",16,37,369,3041766,Ocean Hill,1009879,187272
PC8758791,2026-09-02T13:26:48.000,Compliance,560,PROSPECT PLACE,11238,Brooklyn,Failed for Rat Activity,Summons Issued,"Droppings, Burrows",3011630031,3,1163,31,40.675416133567,-73.958213000809,"{'latitude': '40.675416133567', 'longitude': '-73.958213000809', 'human_address': '{""address"": """", ""city"": """", ""state"": """", ""zip"": """"}'}",8,35,305,3029001,Crown Heights (North),,
PC8758938,2026-09-02T13:34:00.000,Compliance,552,PROSPECT PLACE,11238,Brooklyn,Failed for Rat Activity,Summons Issued,Droppings,3011637501,3,1163,7501,40.675454626007,-73.958393232946,"{'latitude': '40.675454626007', 'longitude': '-73.958393232946', 'human_address': '{""address"": """", ""city"": """", ""state"": """", ""zip"": """"}'}",8,35,305,3029000,Crown Heights (North),,
PC8715431,2026-09-02T13:36:45.000,Treatments,917,BEDFORD AVENUE,11205,Brooklyn,Bait applied,,,3017620027,3,1762,27,40.692364172197,-73.955692530949,"{'latitude': '40.692364172197', 'longitude': '-73.955692530949', 'human_address': '{""address"": """", ""city"": """", ""state"": """", ""zip"": """"}'}",3,33,241,3048953,Bedford-Stuyvesant (West),,
PC8683266,2026-09-02T13:39:00.000,Treatments,284,HALSEY STREET,11216,Brooklyn,Bait applied,,,3018460023,3,1846,23,40.682636318972,-73.94249201086,"{'latitude': '40.682636318972', 'longitude': '-73.94249201086', 'human_address': '{""address"": """", ""city"": """", ""state"": """", ""zip"": """"}'}",3,36,269,3053093,Bedford-Stuyvesant (West),,
PC8759305,2026-09-02T13:40:57.000,Compliance,520,PROSPECT PLACE,11238,Brooklyn,Failed for Rat Activity,Summons Issued,Burrows,3011630001,3,1163,1,40.675603100806,-73.959106956693,"{'latitude': '40.675603100806', 'longitude': '-73.959106956693', 'human_address': '{""address"": """", ""city"": """", ""state"": """", ""zip"": """"}'}",8,35,305,3330782,Crown Heights (North),,
PC8749482,2026-09-02T14:05:00.000,Compliance,373,PROSPECT AVENUE,11215,Brooklyn,Failed for Rat Activity and Other Reason,Summons Issued,"Droppings, Burrows, Runways, Mice, Animal Nuisance",3011120001,3,1112,1,40.661171965897,-73.985625845461,"{'latitude': '40.661171965897', 'longitude': '-73.985625845461', 'human_address': '{""address"": """", ""city"": """", ""state"": """", ""zip"": """"}'}",7,39,14902,3325217,Windsor Terrace-South Slope,988238,180162
PC8729012,2026-09-02T14:06:00.000,Treatments,211,HALSEY STREET,11216,Brooklyn,Bait applied,,,3018390053,3,1839,53,40.682382205057,-73.944832202462,"{'latitude': '40.682382205057', 'longitude': '-73.944832202462', 'human_address': '{""address"": """", ""city"": """", ""state"": """", ""zip"": """"}'}",3,36,267,3052771,Bedford-Stuyvesant (West),,
PC8758818,2026-09-02T14:27:41.000,Compliance,581,PARK PLACE,11238,Brooklyn,Failed for Rat Activity,,"Droppings, Burrows",3011630081,3,1163,81,40.674587395461,-73.958721838326,"{'latitude': '40.674587395461', 'longitude': '-73.958721838326', 'human_address': '{""address"": """", ""city"": """", ""state"": """", ""zip"": """"}'}",8,35,305,3029028,Crown Heights (North),,
PC8758710,2026-09-02T14:34:42.000,Compliance,623,PARK PLACE,11238,Brooklyn,Failed for Rat Activity,,Burrows,3011630064,3,1163,64,40.674282182112,-73.957240346924,"{'latitude': '40.674282182112', 'longitude': '-73.957240346924', 'human_address': '{""address"": """", ""city"": """", ""state"": """", ""zip"": """"}'}",8,35,305,3029020,Crown Heights (North),,
PC8744095,2026-09-02T14:40:21.000,Compliance,1560,DEKALB AVENUE,11237,Brooklyn,Failed for Rat Activity,Summons Issued,"Burrows, Runways",3032480011,3,3248,11,40.703151237772,-73.920351169463,"{'latitude': '40.703151237772', 'longitude': '-73.920351169463', 'human_address': '{""address"": """", ""city"": """", ""state"": """", ""zip"": """"}'}",4,37,445,3073908,Bushwick (West),1006334,195466
PC8773249,2026-09-02T15:05:21.000,Initial,1585,DEKALB AVENUE,11237,Brooklyn,Failed for Rat Activity,COTA,Runways,3032370049,3,3237,49,40.703496860372,-73.920036976345,"{'latitude': '40.703496860372', 'longitude': '-73.920036976345', 'human_address': '{""address"": """", ""city"": """", ""state"": """", ""zip"": """"}'}",4,37,445,3073652,Bushwick (West),1006421,195592
PC8745931,2026-09-02T15:16:21.000,Compliance,307,STOCKHOLM STREET,11237,Brooklyn,Failed for Rat Activity,Summons Issued,Droppings,3032480049,3,3248,49,40.703016035572,-73.919337870195,"{'latitude': '40.703016035572', 'longitude': '-73.919337870195', 'human_address': '{""address"": """", ""city"": """", ""state"": """", ""zip"": """"}'}",4,37,445,3073925,Bushwick (West),,
PC8740497,2026-09-02T16:10:30.000,Compliance,1730,2 AVENUE,10128,Manhattan,Failed for Rat Activity,Summons Issued,Burrows,1015527502,1,1552,7502,40.780334241764,-73.949939494504,"{'latitude': '40.780334241764', 'longitude': '-73.949939494504', 'human_address': '{""address"": """", ""city"": """", ""state"": """", ""zip"": """"}'}",8,5,15401,1073503,Upper East Side-Yorkville,,
PC8766487,2026-09-02T16:17:31.000,Initial,3,LOCKMAN PLACE,10303,Staten Island,Failed for Other Reason,COTA,"Harborage, Mice",5012360125,5,1236,125,40.634240198533,-74.16118985265,"{'latitude': '40.634240198533', 'longitude': '-74.16118985265', 'human_address': '{""address"": """", ""city"": """", ""state"": """", ""zip"": """"}'}",1,49,31902,5027984,Mariner's Harbor-Arlington-Graniteville,939511,170391
PC8764144,2026-09-02T17:08:53.000,Compliance,151,VAN PELT AVENUE,10303,Staten Island,Failed for Other Reason,Summons Issued,Animal Nuisance,5011920007,5,1192,7,40.63260714499,-74.155158393795,"{'latitude': '40.63260714499', 'longitude': '-74.155158393795', 'human_address': '{""address"": """", ""city"": """", ""state"": """", ""zip"": """"}'}",1,49,231,5027177,Mariner's Harbor-Arlington-Graniteville,941184,169793
PC8769058,2026-09-02T17:22:15.000,Initial,19,HILL STREET,11208,Brooklyn,Failed for Rat Activity,COTA,Burrows,3041650050,3,4165,50,40.678679157687,-73.872188409663,"{'latitude': '40.678679157687', 'longitude': '-73.872188409663', 'human_address': '{""address"": """", ""city"": """", ""state"": """", ""zip"": """"}'}",5,37,1190,3323937,East New York-City Line,1019701,186566
PC8773226,2026-09-02T17:34:18.000,Initial,275,MILLER AVENUE,11207,Brooklyn,Failed for Other Reason,COTA,"Garbage, Harborage",3039770001,3,3977,1,40.674335016711,-73.891656929888,"{'latitude': '40.674335016711', 'longitude': '-73.891656929888', 'human_address': '{""address"": """", ""city"": """", ""state"": """", ""zip"": """"}'}",5,37,1152,3088475,East New York (North),1014303,184976
PC8773753,2026-09-02T17:41:21.000,Initial,810,BLAKE AVENUE,11207,Brooklyn,Failed for Other Reason,COTA,Harborage,3040580020,3,4058,20,40.668730074773,-73.888684929132,"{'latitude': '40.668730074773', 'longitude': '-73.888684929132', 'human_address': '{""address"": """", ""city"": """", ""state"": """", ""zip"": """"}'}",5,42,1160,3089996,East New York (North),1015130,182935
PC8770780,2026-09-02T17:41:37.000,Initial,503,NEW JERSEY AVENUE,11207,Brooklyn,Failed for Other Reason,COTA,Harborage,3037900009,3,3790,9,40.66703022299,-73.893586526509,"{'latitude': '40.66703022299', 'longitude': '-73.893586526509', 'human_address': '{""address"": """", ""city"": """", ""state"": """", ""zip"": """"}'}",5,42,1158,3084490,East New York (North),1013771,182314
PC8770762,2026-09-02T17:55:22.000,Initial,765,BARBEY STREET,11207,Brooklyn,Failed for Rat Activity and Other Reason,COTA,"Droppings, Burrows, Harborage, Mice",3043090036,3,4309,36,40.663565882816,-73.884634930649,"{'latitude': '40.663565882816', 'longitude': '-73.884634930649', 'human_address': '{""address"": """", ""city"": """", ""state"": """", ""zip"": """"}'}",5,42,1122,3096915,East New York-New Lots,1016256,181055
PC8773791,2026-09-02T18:07:20.000,Initial,1275,DELMAR LOOP,11239,Brooklyn,Failed for Rat Activity,COTA,Burrows,3044520085,3,4452,85,40.650278995668,-73.882524565904,"{'latitude': '40.650278995668', 'longitude': '-73.882524565904', 'human_address': '{""address"": """", ""city"": """", ""state"": """", ""zip"": """"}'}",5,42,105801,3343586,Spring Creek-Starrett City,1016848,176215
PC8771090,2026-09-03T08:00:37.000,Initial,135,HALSEY STREET,11216,Brooklyn,Failed for Rat Activity,COTA,Burrows,3018380068,3,1838,68,40.682004966508,-73.948131532427,"{'latitude': '40.682004966508', 'longitude': '-73.948131532427', 'human_address': '{""address"": """", ""city"": """", ""state"": """", ""zip"": """"}'}",3,36,249,3052707,Bedford-Stuyvesant (West),,
PC8772868,2026-09-03T08:02:35.000,Initial,694,LAFAYETTE AVENUE,11216,Brooklyn,Failed for Rat Activity,,Droppings,3017850042,3,1785,42,40.690499033118,-73.945943303406,"{'latitude': '40.690499033118', 'longitude': '-73.945943303406', 'human_address': '{""address"": """", ""city"": """", ""state"": """", ""zip"": """"}'}",3,36,261,3049794,Bedford-Stuyvesant (West),,
PC8766611,2026-09-03T08:07:33.000,Initial,153,SUFFOLK STREET,10002,Manhattan,Failed for Rat Activity,COTA,Droppings,1003550070,1,355,70,40.720719768482,-73.985212511014,"{'latitude': '40.720719768482', 'longitude': '-73.985212511014', 'human_address': '{""address"": """", ""city"": """", ""state"": """", ""zip"": """"}'}",3,2,3001,1077469,Lower East Side,988349,201857
PC8712401,2026-09-03T08:09:00.000,Compliance,79-02,45 AVENUE,11373,Queens,Failed for Rat Activity,Summons Issued,"Droppings, Burrows, Runways",4015320001,4,1532,1,40.741290581165,-73.885586049727,"{'latitude': '40.741290581165', 'longitude': '-73.885586049727', 'human_address': '{""address"": """", ""city"": """", ""state"": """", ""zip"": """"}'}",4,25,481,4038339,Elmhurst,,
PC8759840,2026-09-03T08:10:00.000,Initial,133-42,147 STREET,11436,Queens,Failed for Other Reason,COTA,Harborage,4121130059,4,12113,59,40.668350991091,-73.791944960026,"{'latitude': '40.668350991091', 'longitude': '-73.791944960026', 'human_address': '{""address"": """", ""city"": """", ""state"": """", ""zip"": """"}'}",12,28,792,4537693,Baisley Park,1041967,182846
PC8771963,2026-09-03T08:11:45.000,Initial,429,HART STREET,11221,Brooklyn,Failed for Rat Activity,COTA,Droppings,3015930044,3,1593,44,40.694999075906,-73.932928513423,"{'latitude': '40.694999075906', 'longitude': '-73.932928513423', 'human_address': '{""address"": """", ""city"": """", ""state"": """", ""zip"": """"}'}",3,36,287,3043056,Bedford-Stuyvesant (East),,
PC8772009,2026-09-03T08:11:46.000,Initial,220,KOSCIUSZKO STREET,11216,Brooklyn,Failed for Other Reason,,Harborage,3017850033,3,1785,33,40.691201825547,-73.946220392045,"{'latitude': '40.691201825547', 'longitude': '-73.946220392045', 'human_address': '{""address"": """", ""city"": """", ""state"": """", ""zip"": """"}'}",3,36,261,3338654,Bedford-Stuyvesant (West),,
PC8771543,2026-09-03T08:12:37.000,Initial,155,HALSEY STREET,11216,Brooklyn,Failed for Rat Activity,COTA,Burrows,3018380057,3,1838,57,40.682076048345,-73.947511333242,"{'latitude': '40.682076048345', 'longitude': '-73.947511333242', 'human_address': '{""address"": """", ""city"": """", ""state"": """", ""zip"": """"}'}",3,36,249,3052698,Bedford-Stuyvesant (West),,
PC8773054,2026-09-03T08:14:27.000,Initial,210,KOSCIUSZKO STREET,11216,Brooklyn,Failed for Rat Activity,,Droppings,3017850020,3,1785,20,40.691166283515,-73.946519717164,"{'latitude': '40.691166283515', 'longitude': '-73.946519717164', 'human_address': '{""address"": """", ""city"": """", ""state"": """", ""zip"": """"}'}",3,36,261,3338652,Bedford-Stuyvesant (West),,
PC8772308,2026-09-03T08:15:17.000,Initial,144,MONROE STREET,11216,Brooklyn,Failed for Other Reason,COTA,Harborage,3018170116,3,1817,116,40.685158130028,-73.953151745995,"{'latitude': '40.685158130028', 'longitude': '-73.953151745995', 'human_address': '{""address"": """", ""city"": """", ""state"": """", ""zip"": """"}'}",3,36,245,3414295,Bedford-Stuyvesant (West),,
PC8772251,2026-09-03T08:15:37.000,Initial,161,HALSEY STREET,11216,Brooklyn,Failed for Rat Activity,COTA,Burrows,3018380051,3,1838,51,40.682097920533,-73.947323830598,"{'latitude': '40.682097920533', 'longitude': '-73.947323830598', 'human_address': '{""address"": """", ""city"": """", ""state"": """", ""zip"": """"}'}",3,36,249,3052695,Bedford-Stuyvesant (West),,
PC8771869,2026-09-03T08:18:37.000,Initial,163A,HALSEY STREET,11216,Brooklyn,Failed for Rat Activity,COTA,Droppings,3018380049,3,1838,49,40.682103381898,-73.947262532971,"{'latitude': '40.682103381898', 'longitude': '-73.947262532971', 'human_address': '{""address"": """", ""city"": """", ""state"": """", ""zip"": """"}'}",3,36,249,3052693,Bedford-Stuyvesant (West),,
PC8772298,2026-09-03T08:21:29.000,Initial,190,KOSCIUSZKO STREET,11216,Brooklyn,Failed for Other Reason,,"Garbage, Harborage",3017850016,3,1785,16,40.691097943544,-73.94712197023,"{'latitude': '40.691097943544', 'longitude': '-73.94712197023', 'human_address': '{""address"": """", ""city"": """", ""state"": """", ""zip"": """"}'}",3,36,261,3049787,Bedford-Stuyvesant (West),,
PC8557895,2026-09-03T08:34:24.000,Treatments,537,West 144 St,10031,Manhattan,Bait applied,,,1020760018,1,2076,18,40.825032139322,-73.94921199141,"{'latitude': '40.825032139322', 'longitude': '-73.94921199141', 'human_address': '{""address"": """", ""city"": """", ""state"": """", ""zip"": """"}'}",9,7,229,1061904,Hamilton Heights-Sugar Hill,,
PC8770916,2026-09-03T08:39:24.000,Initial,662,LAFAYETTE AVENUE,11216,Brooklyn,Failed for Rat Activity,COTA,Burrows,3017850075,3,1785,75,40.690348686996,-73.947266804138,"{'latitude': '40.690348686996', 'longitude': '-73.947266804138', 'human_address': '{""address"": """", ""city"": """", ""state"": """", ""zip"": """"}'}",3,36,261,3049805,Bedford-Stuyvesant (West),,
PC8672846,2026-09-03T08:40:00.000,Compliance,80-20,BROADWAY,11373,Queens,Failed for Rat Activity and Other Reason,Summons Issued,"Droppings, Burrows, Gnawing, Garbage, Harborage",4015260001,4,1526,1,40.743663684927,-73.884470437514,"{'latitude': '40.743663684927', 'longitude': '-73.884470437514', 'human_address': '{""address"": """", ""city"": """", ""state"": """", ""zip"": """"}'}",4,25,481,4038015,Elmhurst,,
PC8771092,2026-09-03T08:41:45.000,Initial,856,WILLOUGHBY AVENUE,11221,Brooklyn,Failed for Rat Activity,COTA,Droppings,3015930012,3,1593,12,40.695598105443,-73.934081899202,"{'latitude': '40.695598105443', 'longitude': '-73.934081899202', 'human_address': '{""address"": """", ""city"": """", ""state"": """", ""zip"": """"}'}",3,36,287,3043048,Bedford-Stuyvesant (East),,
PC8558785,2026-09-03T08:43:24.000,Treatments,3543,Broadway,10031,Manhattan,Bait applied,,,1020920026,1,2092,26,40.826569692997,-73.950352630669,"{'latitude': '40.826569692997', 'longitude': '-73.950352630669', 'human_address': '{""address"": """", ""city"": """", ""state"": """", ""zip"": """"}'}",9,7,229,1062380,Hamilton Heights-Sugar Hill,,
PC8769727,2026-09-03T08:44:00.000,Stoppage,445,WEST 125TH STREET,10027,Manhattan,Stoppage done,,,1019660047,1,1966,47,40.812666989495,-73.955641033156,"{'latitude': '40.812666989495', 'longitude': '-73.955641033156', 'human_address': '{""address"": """", ""city"": """", ""state"": """", ""zip"": """"}'}",9,7,20901,1059536,Morningside Heights,,
PC8769728,2026-09-03T08:47:00.000,Stoppage,443,WEST 125TH STREET,10027,Manhattan,Stoppage done,,,1019660049,1,1966,49,40.812645024564,-73.955622984917,"{'latitude': '40.812645024564', 'longitude': '-73.955622984917', 'human_address': '{""address"": """", ""city"": """", ""state"": """", ""zip"": """"}'}",9,7,20901,1087339,Morningside Heights,,
PC8558786,2026-09-03T08:47:51.000,Treatments,3543,Broadway,10031,Manhattan,Bait applied,,,1020920026,1,2092,26,40.826569692997,-73.950352630669,"{'latitude': '40.826569692997', 'longitude': '-73.950352630669', 'human_address': '{""address"": """", ""city"": """", ""state"": """", ""zip"": """"}'}",9,7,229,1062380,Hamilton Heights-Sugar Hill,,
PC8759863,2026-09-03T08:49:00.000,Initial,104-18,42 AVENUE,11368,Queens,Failed for Rat Activity and Other Reason,,"Burrows, Garbage",4019860001,4,1986,1,40.748602364709,-73.860533479576,"{'latitude': '40.748602364709', 'longitude': '-73.860533479576', 'human_address': '{""address"": """", ""city"": """", ""state"": """", ""zip"": """"}'}",4,21,40301,4048852,Corona,1022893,212046
PC8558788,2026-09-03T08:53:51.000,Treatments,675,Riverside Drive,10031,Manhattan,Bait applied,,,1021010055,1,2101,55,40.826809268533,-73.952198877717,"{'latitude': '40.826809268533', 'longitude': '-73.952198877717', 'human_address': '{""address"": """", ""city"": """", ""state"": """", ""zip"": """"}'}",9,7,229,1000000,Hamilton Heights-Sugar Hill,,
PC8772322,2026-09-03T08:55:37.000,Initial,22,VERONA PLACE,11216,Brooklyn,Failed for Other Reason,COTA,Harborage,3018490034,3,1849,34,40.680643365013,-73.947707157311,"{'latitude': '40.680643365013', 'longitude': '-73.947707157311', 'human_address': '{""address"": """", ""city"": """", ""state"": """", ""zip"": """"}'}",3,36,249,3000000,Bedford-Stuyvesant (West),,
PC8503336,2026-09-03T08:56:00.000,Treatments,279,PROSPECT AVENUE,11215,Brooklyn,Bait applied,,,3010537501,3,1053,7501,40.663379166802,-73.98926948862,"{'latitude': '40.663379166802', 'longitude': '-73.98926948862', 'human_address': '{""address"": """", ""city"": """", ""state"": """", ""zip"": """"}'}",7,39,14102,3325161,Windsor Terrace-South Slope,987227,180966
PC8558790,2026-09-03T08:57:51.000,Treatments,675,Riverside Drive,10031,Manhattan,Bait applied,,,1021010055,1,2101,55,40.826809268533,-73.952198877717,"{'latitude': '40.826809268533', 'longitude': '-73.952198877717', 'human_address': '{""address"": """", ""city"": """", ""state"": """", ""zip"": """"}'}",9,7,229,1000000,Hamilton Heights-Sugar Hill,,
PC8612880,2026-09-03T09:00:11.000,Treatments,2675,DECATUR AVENUE,10458,Bronx,Bait applied,,,2032820044,2,3282,44,40.864278263364,-73.889372277285,"{'latitude': '40.864278263364', 'longitude': '-73.889372277285', 'human_address': '{""address"": """", ""city"": """", ""state"": """", ""zip"": """"}'}",7,15,40502,2000000,Bedford Park,,
PC8705180,2026-09-03T09:00:18.000,Treatments,899,MONTGOMERY STREET,11213,Brooklyn,Monitoring visit,,,3014180049,3,1418,49,40.664544343764,-73.935194066396,"{'latitude': '40.664544343764', 'longitude': '-73.935194066396', 'human_address': '{""address"": """", ""city"": """", ""state"": """", ""zip"": """"}'}",9,35,355,3038244,Crown Heights (South),1002229,181397
PC8511341,2026-09-03T09:00:30.000,Treatments,1047,HOE AVENUE,10459,Bronx,Bait applied,,,2027430034,2,2743,34,40.824134832699,-73.890516012158,"{'latitude': '40.824134832699', 'longitude': '-73.890516012158', 'human_address': '{""address"": """", ""city"": """", ""state"": """", ""zip"": """"}'}",2,17,119,2006025,Longwood,,
PC8766107,2026-09-03T09:01:00.000,Stoppage,894,RIVERSIDE DRIVE,10032,Manhattan,Stoppage done,,,1021360111,1,2136,111,40.837774899415,-73.946856767947,"{'latitude': '40.837774899415', 'longitude': '-73.946856767947', 'human_address': '{""address"": """", ""city"": """", ""state"": """", ""zip"": """"}'}",12,7,247,1063327,Washington Heights (South),,
PC8715554,2026-09-03T09:01:00.000,Compliance,42-15,LAYTON STREET,11373,Queens,Failed for Rat Activity and Other Reason,Summons Issued,"Burrows, Runways, Rats, Harborage",4015080027,4,1508,27,40.744374279365,-73.884173272907,"{'latitude': '40.744374279365', 'longitude': '-73.884173272907', 'human_address': '{""address"": """", ""city"": """", ""state"": """", ""zip"": """"}'}",4,25,26902,4037278,Elmhurst,,
PC8771812,2026-09-03T09:01:48.000,Initial,14,VERONA PLACE,11216,Brooklyn,Failed for Rat Activity,COTA,Droppings,3018490030,3,1849,30,40.680846468468,-73.947685364914,"{'latitude': '40.680846468468', 'longitude': '-73.947685364914', 'human_address': '{""address"": """", ""city"": """", ""state"": """", ""zip"": """"}'}",3,36,249,3053244,Bedford-Stuyvesant (West),,
PC8755518,2026-09-03T09:05:00.000,Initial,119-47,145 STREET,11436,Queens,Failed for Other Reason,COTA,Harborage,4120250089,4,12025,89,40.677502785204,-73.79537373151,"{'latitude': '40.677502785204', 'longitude': '-73.79537373151', 'human_address': '{""address"": """", ""city"": """", ""state"": """", ""zip"": """"}'}",12,28,18402,4261025,Baisley Park,1041008,186178
PC8554034,2026-09-03T09:07:24.000,Treatments,1734,Amsterdam Ave,10031,Manhattan,Bait applied,,,1020770036,1,2077,36,40.82574213954,-73.947242198366,"{'latitude': '40.82574213954', 'longitude': '-73.947242198366', 'human_address': '{""address"": """", ""city"": """", ""state"": """", ""zip"": """"}'}",9,7,229,1061946,Hamilton Heights-Sugar Hill,,
PC8771570,2026-09-03T09:07:48.000,Initial,2,VERONA PLACE,11216,Brooklyn,Failed for Rat Activity,COTA,Burrows,3018490025,3,1849,25,40.681153870058,-73.947656279341,"{'latitude': '40.681153870058', 'longitude': '-73.947656279341', 'human_address': '{""address"": """", ""city"": """", ""state"": """", ""zip"": """"}'}",3,36,249,3322641,Bedford-Stuyvesant (West),,
PC8732785,2026-09-03T09:10:03.000,Treatments,372,EAST 173 STREET,10457,Bronx,Bait applied,,,2028880064,2,2888,64,40.843129597691,-73.90409951322,"{'latitude': '40.843129597691', 'longitude': '-73.90409951322', 'human_address': '{""address"": """", ""city"": """", ""state"": """", ""zip"": """"}'}",4,15,167,2009325,Claremont Village-Claremont (East),,
PC8770918,2026-09-03T09:10:17.000,Initial,299,PUTNAM AVENUE,11216,Brooklyn,Failed for Rat Activity,COTA,Burrows,3018230093,3,1823,93,40.684075211063,-73.949665899402,"{'latitude': '40.684075211063', 'longitude': '-73.949665899402', 'human_address': '{""address"": """", ""city"": """", ""state"": """", ""zip"": """"}'}",3,36,249,3051655,Bedford-Stuyvesant (West),,
PC8554036,2026-09-03T09:10:24.000,Treatments,1734,Amsterdam Ave,10031,Manhattan,Bait applied,,,1020770036,1,2077,36,40.82574213954,-73.947242198366,"{'latitude': '40.82574213954', 'longitude': '-73.947242198366', 'human_address': '{""address"": """", ""city"": """", ""state"": """", ""zip"": """"}'}",9,7,229,1061946,Hamilton Heights-Sugar Hill,,
PC8721774,2026-09-03T09:12:08.000,Treatments,914,ST NICHOLAS AVENUE,10032,Manhattan,Bait applied,,,1021070009,1,2107,9,40.831371410962,-73.941195764987,"{'latitude': '40.831371410962', 'longitude': '-73.941195764987', 'human_address': '{""address"": """", ""city"": """", ""state"": """", ""zip"": """"}'}",12,10,239,1062484,Washington Heights (South),1000520,242164
PC8718649,2026-09-03T09:14:00.000,Treatments,283,EAST KINGSBRIDGE RD,10458,Bronx,Bait applied,,,2032930104,2,3293,104,40.863547247315,-73.894228933389,"{'latitude': '40.863547247315', 'longitude': '-73.894228933389', 'human_address': '{""address"": """", ""city"": """", ""state"": """", ""zip"": """"}'}",7,15,39901,2016815,University Heights (North)-Fordham,,
PC8414703,2026-09-03T09:15:00.000,Treatments,280,14 STREET,11215,Brooklyn,Bait applied,,,3010420018,3,1042,18,40.665706600874,-73.987888551845,"{'latitude': '40.665706600874', 'longitude': '-73.987888551845', 'human_address': '{""address"": """", ""city"": """", ""state"": """", ""zip"": """"}'}",6,39,14101,3023701,Park Slope,987610,181814
PC8766092,2026-09-03T09:15:00.000,Initial,102-26,43 AVENUE,11368,Queens,Failed for Other Reason,,Animal Nuisance,4019780012,4,1978,12,40.747254291828,-73.862481580571,"{'latitude': '40.747254291828', 'longitude': '-73.862481580571', 'human_address': '{""address"": """", ""city"": """", ""state"": """", ""zip"": """"}'}",4,21,40501,4048599,Corona,1022354,211554
PC8686751,2026-09-03T09:15:02.000,Treatments,2364,TIEBOUT AVENUE,10458,Bronx,Bait applied,,,2030220001,2,3022,1,40.858446695902,-73.896319366272,"{'latitude': '40.858446695902', 'longitude': '-73.896319366272', 'human_address': '{""address"": """", ""city"": """", ""state"": """", ""zip"": """"}'}",5,15,39902,2010979,Fordham Heights,1012930,252052
PC8654825,2026-09-03T09:15:30.000,Treatments,773,PROSPECT AVENUE,10455,Bronx,Bait applied,,,2026760075,2,2676,75,40.817890247402,-73.902369329217,"{'latitude': '40.817890247402', 'longitude': '-73.902369329217', 'human_address': '{""address"": """", ""city"": """", ""state"": """", ""zip"": """"}'}",1,17,79,2128731,Melrose,1011273,237274
PC8558793,2026-09-03T09:17:51.000,Treatments,675,Riverside Drive,10031,Manhattan,Bait applied,,,1021010055,1,2101,55,40.826809268533,-73.952198877717,"{'latitude': '40.826809268533', 'longitude': '-73.952198877717', 'human_address': '{""address"": """", ""city"": """", ""state"": """", ""zip"": """"}'}",9,7,229,1000000,Hamilton Heights-Sugar Hill,,
PC8698118,2026-09-03T09:18:00.000,Stoppage,488,WILLOUGHBY AVENUE,11206,Brooklyn,Stoppage done,,,3017660030,3,1766,30,40.693728857011,-73.950296866565,"{'latitude': '40.693728857011', 'longitude': '-73.950296866565', 'human_address': '{""address"": """", ""city"": """", ""state"": """", ""zip"": """"}'}",3,36,253,3049053,Bedford-Stuyvesant (West),,
PC8772710,2026-09-03T09:19:48.000,Initial,64,MACON STREET,11216,Brooklyn,Failed for Rat Activity,COTA,Droppings,3018490014,3,1849,14,40.681187226749,-73.948582850697,"{'latitude': '40.681187226749', 'longitude': '-73.948582850697', 'human_address': '{""address"": """", ""city"": """", ""state"": """", ""zip"": """"}'}",3,36,249,3053235,Bedford-Stuyvesant (West),,
PC8775229,2026-09-03T09:20:00.000,Initial,42-25,LAYTON STREET,11373,Queens,Failed for Rat Activity,COTA,"Droppings, Burrows, Rats",4015080022,4,1508,22,40.744275245561,-73.88395330479,"{'latitude': '40.744275245561', 'longitude': '-73.88395330479', 'human_address': '{""address"": """", ""city"": """", ""state"": """", ""zip"": """"}'}",4,25,26902,4037277,Elmhurst,,
PC8748725,2026-09-03T09:20:19.000,Compliance,2341,2 AVENUE,10035,Manhattan,Failed for Rat Activity and Other Reason,Summons Issued,"Burrows, Garbage, Harborage",1017850022,1,1785,22,40.799647534715,-73.935842197187,"{'latitude': '40.799647534715', 'longitude': '-73.935842197187', 'human_address': '{""address"": """", ""city"": """", ""state"": """", ""zip"": """"}'}",11,8,194,1000000,East Harlem (North),,
PC8726411,2026-09-03T09:21:12.000,Treatments,234,EAST   50 STREET,10022,Manhattan,Bait applied,,,1013230034,1,1323,34,40.755438029814,-73.969886174137,"{'latitude': '40.755438029814', 'longitude': '-73.969886174137', 'human_address': '{""address"": """", ""city"": """", ""state"": """", ""zip"": """"}'}",6,4,98,1038236,East Midtown-Turtle Bay,992593,214507
PC8770877,2026-09-03T09:22:48.000,Initial,54,MACON STREET,11216,Brooklyn,Failed for Rat Activity,COTA,Burrows,3018490011,3,1849,11,40.681154420085,-73.948874916445,"{'latitude': '40.681154420085', 'longitude': '-73.948874916445', 'human_address': '{""address"": """", ""city"": """", ""state"": """", ""zip"": """"}'}",3,36,249,3053232,Bedford-Stuyvesant (West),,
PC8764101,2026-09-03T09:23:00.000,Initial,142-14,FOCH BOULEVARD,11436,Queens,Failed for Other Reason,COTA,Harborage,4120140007,4,12014,7,40.678791433097,-73.799238267738,"{'latitude': '40.678791433097', 'longitude': '-73.799238267738', 'human_address': '{""address"": """", ""city"": """", ""state"": """", ""zip"": """"}'}",12,28,182,4260622,Baisley Park,1039935,186645
PC8628646,2026-09-03T09:23:24.000,Treatments,1985,AMSTERDAM AVENUE,10032,Manhattan,Bait applied,,,1021080075,1,2108,75,40.833668876696,-73.941428619232,"{'latitude': '40.833668876696', 'longitude': '-73.941428619232', 'human_address': '{""address"": """", ""city"": """", ""state"": """", ""zip"": """"}'}",12,10,239,1062523,Washington Heights (South),,
PC8772261,2026-09-03T09:23:48.000,Initial,52,MACON STREET,11216,Brooklyn,Failed for Rat Activity,COTA,Droppings,3018490010,3,1849,10,40.681146211476,-73.94893260974,"{'latitude': '40.681146211476', 'longitude': '-73.94893260974', 'human_address': '{""address"": """", ""city"": """", ""state"": """", ""zip"": """"}'}",3,36,249,3053231,Bedford-Stuyvesant (West),,
PC8679650,2026-09-03T09:24:05.000,Compliance,504,GRAND STREET,10002,Manhattan,Failed for Rat Activity,Summons Issued,"Droppings, Burrows, Rats",1003310001,1,331,1,40.714664401883,-73.982328055174,"{'latitude': '40.714664401883', 'longitude': '-73.982328055174', 'human_address': '{""address"": """", ""city"": """", ""state"": """", ""zip"": """"}'}",3,1,12,1004064,Lower East Side,,
PC8703703,2026-09-03T09:24:18.000,Treatments,383,ST JOHNS PLACE,11238,Brooklyn,Bait applied,,,3011730076,3,1173,76,40.674035054754,-73.965049044005,"{'latitude': '40.674035054754', 'longitude': '-73.965049044005', 'human_address': '{""address"": """", ""city"": """", ""state"": """", ""zip"": """"}'}",8,35,207,3029415,Prospect Heights,,
PC8773106,2026-09-03T09:25:00.000,Stoppage,614,WEST 135 STREET,10031,Manhattan,Stoppage done,,,1020010038,1,2001,38,40.820385265486,-73.955787614767,"{'latitude': '40.820385265486', 'longitude': '-73.955787614767', 'human_address': '{""address"": """", ""city"": """", ""state"": """", ""zip"": """"}'}",9,7,22302,1079750,Manhattanville-West Harlem,,
PC8711223,2026-09-03T09:25:00.000,Treatments,1385,WEBSTER AVENUE,10456,Bronx,Bait applied,,,2028870151,2,2887,151,40.835971410159,-73.9075574938,"{'latitude': '40.835971410159', 'longitude': '-73.9075574938', 'human_address': '{""address"": """", ""city"": """", ""state"": """", ""zip"": """"}'}",4,16,17702,2009303,Mount Eden-Claremont (West),,
PC8505084,2026-09-03T09:25:44.000,Treatments,365,EAST  184 STREET,10458,Bronx,Bait applied,,,2030240008,2,3024,8,40.857795458562,-73.895506998924,"{'latitude': '40.857795458562', 'longitude': '-73.895506998924', 'human_address': '{""address"": """", ""city"": """", ""state"": """", ""zip"": """"}'}",5,15,38303,2011053,Fordham Heights,1013155,251815
PC8771880,2026-09-03T09:27:25.000,Initial,383,NOSTRAND AVENUE,11216,Brooklyn,Failed for Rat Activity,COTA,Droppings,3018230010,3,1823,10,40.684619001634,-73.950411851625,"{'latitude': '40.684619001634', 'longitude': '-73.950411851625', 'human_address': '{""address"": """", ""city"": """", ""state"": """", ""zip"": """"}'}",3,36,249,3051625,Bedford-Stuyvesant (West),,
PC8732048,2026-09-03T09:29:19.000,Compliance,246,EAST  121 STREET,10035,Manhattan,Failed for Rat Activity and Other Reason,Summons Issued,"Droppings, Harborage",1017850129,1,1785,129,40.800674503466,-73.936621381593,"{'latitude': '40.800674503466', 'longitude': '-73.936621381593', 'human_address': '{""address"": """", ""city"": """", ""state"": """", ""zip"": """"}'}",11,8,194,1085301,East Harlem (North),1001797,230993
PC8671910,2026-09-03T09:30:18.000,Treatments,395,SCHENECTADY AVENUE,11213,Brooklyn,Bait applied,,,3014240007,3,1424,7,40.664225452983,-73.934322083977,"{'latitude': '40.664225452983', 'longitude': '-73.934322083977', 'human_address': '{""address"": """", ""city"": """", ""state"": """", ""zip"": """"}'}",9,41,355,3038387,Crown Heights (South),,
PC8446244,2026-09-03T09:30:30.000,Treatments,680,UNION AVENUE,10455,Bronx,Bait applied,,,2026750011,2,2675,11,40.815978674692,-73.904167691238,"{'latitude': '40.815978674692', 'longitude': '-73.904167691238', 'human_address': '{""address"": """", ""city"": """", ""state"": """", ""zip"": """"}'}",1,8,79,2004925,Melrose,1010776,236577
PC8751300,2026-09-03T09:30:44.000,Treatments,201,EAST 202 STREET,10458,Bronx,Bait applied,,,2033080044,2,3308,44,40.873261861266,-73.88665619913,"{'latitude': '40.873261861266', 'longitude': '-73.88665619913', 'human_address': '{""address"": """", ""city"": """", ""state"": """", ""zip"": """"}'}",7,14,413,2017247,Bedford Park,,
PC8561574,2026-09-03T09:31:24.000,Treatments,795,ST NICHOLAS AVENUE,10031,Manhattan,Bait applied,,,1020640036,1,2064,36,40.827126145631,-73.942876137954,"{'latitude': '40.827126145631', 'longitude': '-73.942876137954', 'human_address': '{""address"": """", ""city"": """", ""state"": """", ""zip"": """"}'}",9,9,231,1061550,Hamilton Heights-Sugar Hill,,
PC8707489,2026-09-03T09:33:00.000,Treatments,439,16 STREET,11215,Brooklyn,Bait applied,,,3011050049,3,1105,49,40.660888642436,-73.981379998503,"{'latitude': '40.660888642436', 'longitude': '-73.981379998503', 'human_address': '{""address"": """", ""city"": """", ""state"": """", ""zip"": """"}'}",7,39,169,3026716,Windsor Terrace-South Slope,989416,180059
PC8687415,2026-09-03T09:34:59.000,Treatments,500,WEST 157 STREET,10032,Manhattan,Bait applied,,,1021150034,1,2115,34,40.832977661609,-73.942336267675,"{'latitude': '40.832977661609', 'longitude': '-73.942336267675', 'human_address': '{""address"": """", ""city"": """", ""state"": """", ""zip"": """"}'}",12,10,241,1062713,Washington Heights (South),,
PC8773168,2026-09-03T09:35:00.000,Stoppage,879A,GREENE AVENUE,11221,Brooklyn,Stoppage done,,,3016160083,3,1616,83,40.690557735976,-73.932424559674,"{'latitude': '40.690557735976', 'longitude': '-73.932424559674', 'human_address': '{""address"": """", ""city"": """", ""state"": """", ""zip"": """"}'}",3,36,291,3043842,Bedford-Stuyvesant (East),,
PC8740449,2026-09-03T09:35:11.000,Compliance,1637,FIRST AVENUE,10028,Manhattan,Failed for Rat Activity,Summons Issued,Burrows,1015480023,1,1548,23,40.776354271985,-73.949765578116,"{'latitude': '40.776354271985', 'longitude': '-73.949765578116', 'human_address': '{""address"": """", ""city"": """", ""state"": """", ""zip"": """"}'}",8,5,14601,1000000,Upper East Side-Yorkville,,
PC8572131,2026-09-03T09:36:47.000,Compliance,946,ANDERSON AVENUE,10452,Bronx,Failed for Rat Activity and Other Reason,Summons Issued,"Droppings, Burrows, Harborage, Animal Nuisance",2025040053,2,2504,53,40.830834276678,-73.928180130097,"{'latitude': '40.830834276678', 'longitude': '-73.928180130097', 'human_address': '{""address"": """", ""city"": """", ""state"": """", ""zip"": """"}'}",4,16,189,2003036,Highbridge,1004125,241983
PC8773095,2026-09-03T09:38:00.000,Stoppage,,,10031,Manhattan,Stoppage done,,,,1,1957,200,,,,,,,,,,
PC8554032,2026-09-03T09:38:51.000,Treatments,319,West 145 St,10039,Manhattan,Bait applied,,,1020520001,1,2052,1,40.823319278776,-73.943056463838,"{'latitude': '40.823319278776', 'longitude': '-73.943056463838', 'human_address': '{""address"": """", ""city"": """", ""state"": """", ""zip"": """"}'}",10,9,231,1084164,Hamilton Heights-Sugar Hill,,
PC8692249,2026-09-03T09:40:05.000,Treatments,44,WEST   73 STREET,10023,Manhattan,Bait applied,,,1011250160,1,1125,160,40.777707971082,-73.977411561644,"{'latitude': '40.777707971082', 'longitude': '-73.977411561644', 'human_address': '{""address"": """", ""city"": """", ""state"": """", ""zip"": """"}'}",7,6,157,1028648,Upper West Side-Lincoln Square,990506,222620
PC8712805,2026-09-03T09:40:13.000,Treatments,2347,WEBSTER AVENUE,10458,Bronx,Bait applied,,,2030240069,2,3024,69,40.857602605021,-73.894715609206,"{'latitude': '40.857602605021', 'longitude': '-73.894715609206', 'human_address': '{""address"": """", ""city"": """", ""state"": """", ""zip"": """"}'}",5,15,38303,2000000,Fordham Heights,,
PC8746877,2026-09-03T09:40:18.000,Treatments,434,SCHENECTADY AVENUE,11203,Brooklyn,Bait applied,,,3014290032,3,1429,32,40.663237463086,-73.934550141787,"{'latitude': '40.663237463086', 'longitude': '-73.934550141787', 'human_address': '{""address"": """", ""city"": """", ""state"": """", ""zip"": """"}'}",9,41,876,3038503,Prospect Lefferts Gardens-Wingate,1002408,180921
PC8703514,2026-09-03T09:40:27.000,Treatments,391,ST JOHNS PLACE,11238,Brooklyn,Bait applied,,,3011730074,3,1173,74,40.673996573882,-73.96487241691,"{'latitude': '40.673996573882', 'longitude': '-73.96487241691', 'human_address': '{""address"": """", ""city"": """", ""state"": """", ""zip"": """"}'}",8,35,207,3029414,Prospect Heights,,
PC8771733,2026-09-03T09:40:28.000,Initial,533,MARCY AVENUE,11206,Brooklyn,Failed for Rat Activity,,Droppings,3017390001,3,1739,1,40.697011267182,-73.949522662469,"{'latitude': '40.697011267182', 'longitude': '-73.949522662469', 'human_address': '{""address"": """", ""city"": """", ""state"": """", ""zip"": """"}'}",3,36,257,3338593,Bedford-Stuyvesant (West),,
PC8487962,2026-09-03T09:41:12.000,Treatments,884,2 AVENUE,10017,Manhattan,Bait applied,,,1013400001,1,1340,1,40.753083006062,-73.969811446635,"{'latitude': '40.753083006062', 'longitude': '-73.969811446635', 'human_address': '{""address"": """", ""city"": """", ""state"": """", ""zip"": """"}'}",6,4,90,1038905,East Midtown-Turtle Bay,,
PC8767601,2026-09-03T09:41:36.000,Initial,1411,BRYANT AVENUE,10459,Bronx,Failed for Rat Activity,COTA,"Droppings, Burrows",2029940044,2,2994,44,40.830407609717,-73.888742234498,"{'latitude': '40.830407609717', 'longitude': '-73.888742234498', 'human_address': '{""address"": """", ""city"": """", ""state"": """", ""zip"": """"}'}",3,17,123,2115738,Crotona Park East,1015039,241839
PC8554031,2026-09-03T09:41:51.000,Treatments,319,West 145 St,10039,Manhattan,Bait applied,,,1020520001,1,2052,1,40.823319278776,-73.943056463838,"{'latitude': '40.823319278776', 'longitude': '-73.943056463838', 'human_address': '{""address"": """", ""city"": """", ""state"": """", ""zip"": """"}'}",10,9,231,1084164,Hamilton Heights-Sugar Hill,,
PC8642674,2026-09-03T09:45:30.000,Treatments,786,CAULDWELL AVENUE,10456,Bronx,Bait applied,,,2026290046,2,2629,46,40.819703955742,-73.908342516,"{'latitude': '40.819703955742', 'longitude': '-73.908342516', 'human_address': '{""address"": """", ""city"": """", ""state"": """", ""zip"": """"}'}",1,17,75,2004490,Melrose,1009619,237933
PC8772874,2026-09-03T09:45:36.000,Initial,531,MARCY AVENUE,11206,Brooklyn,Failed for Rat Activity and Other Reason,,"Burrows, Garbage",3017390003,3,1739,3,40.697066168966,-73.949537045943,"{'latitude': '40.697066168966', 'longitude': '-73.949537045943', 'human_address': '{""address"": """", ""city"": """", ""state"": """", ""zip"": """"}'}",3,36,257,3048505,Bedford-Stuyvesant (West),,
PC8673396,2026-09-03T09:45:47.000,Compliance,950,WOODYCREST AVENUE,10452,Bronx,Failed for Rat Activity,Summons Issued,"Burrows, Runways, Rats",2025070001,2,2507,1,40.831372726197,-73.92895285886,"{'latitude': '40.831372726197', 'longitude': '-73.92895285886', 'human_address': '{""address"": """", ""city"": """", ""state"": """", ""zip"": """"}'}",4,16,189,2003113,Highbridge,1003911,242179
PC8554030,2026-09-03T09:45:51.000,Treatments,319,West 145 St,10039,Manhattan,Bait applied,,,1020520001,1,2052,1,40.823319278776,-73.943056463838,"{'latitude': '40.823319278776', 'longitude': '-73.943056463838', 'human_address': '{""address"": """", ""city"": """", ""state"": """", ""zip"": """"}'}",10,9,231,1084164,Hamilton Heights-Sugar Hill,,
PC8632412,2026-09-03T09:46:02.000,Treatments,3780,BROADWAY,10032,Manhattan,Bait applied,,,1021160001,1,2116,1,40.834142641001,-73.944799837788,"{'latitude': '40.834142641001', 'longitude': '-73.944799837788', 'human_address': '{""address"": """", ""city"": """", ""state"": """", ""zip"": """"}'}",12,10,241,1084194,Washington Heights (South),,
PC8772753,2026-09-03T09:46:24.000,Initial,421,HART STREET,11221,Brooklyn,Failed for Other Reason,COTA,Harborage,3015930048,3,1593,48,40.694963555986,-73.933206225658,"{'latitude': '40.694963555986', 'longitude': '-73.933206225658', 'human_address': '{""address"": """", ""city"": """", ""state"": """", ""zip"": """"}'}",3,36,287,3043058,Bedford-Stuyvesant (East),,
PC8771230,2026-09-03T09:46:25.000,Initial,248,MADISON STREET,11216,Brooklyn,Failed for Other Reason,COTA,Harborage,3018230029,3,1823,29,40.684901035376,-73.94886842724,"{'latitude': '40.684901035376', 'longitude': '-73.94886842724', 'human_address': '{""address"": """", ""city"": """", ""state"": """", ""zip"": """"}'}",3,36,249,3051638,Bedford-Stuyvesant (West),,
PC8769733,2026-09-03T09:47:00.000,Stoppage,319,MENAHAN STREET,11237,Brooklyn,Stoppage done,,,3033100055,3,3310,55,40.700314762919,-73.914962887192,"{'latitude': '40.700314762919', 'longitude': '-73.914962887192', 'human_address': '{""address"": """", ""city"": """", ""state"": """", ""zip"": """"}'}",4,37,441,3075768,Bushwick (West),,
PC8765690,2026-09-03T09:48:00.000,Initial,83-45,VIETOR AVENUE,11373,Queens,Failed for Other Reason,COTA,Animal Nuisance,4015170033,4,1517,33,40.742689159727,-73.881646457638,"{'latitude': '40.742689159727', 'longitude': '-73.881646457638', 'human_address': '{""address"": """", ""city"": """", ""state"": """", ""zip"": """"}'}",4,25,27101,4037500,Elmhurst,1017046,209883
PC8772688,2026-09-03T09:48:25.000,Initial,250,MADISON STREET,11216,Brooklyn,Failed for Rat Activity,COTA,Burrows,3018230031,3,1823,31,40.684909240729,-73.948803519399,"{'latitude': '40.684909240729', 'longitude': '-73.948803519399', 'human_address': '{""address"": """", ""city"": """", ""state"": """", ""zip"": """"}'}",3,36,249,3051639,Bedford-Stuyvesant (West),,
PC8771564,2026-09-03T09:50:00.000,Initial,252,MADISON STREET,11216,Brooklyn,Failed for Rat Activity,COTA,Droppings,3018230033,3,1823,33,40.684917444433,-73.948735005902,"{'latitude': '40.684917444433', 'longitude': '-73.948735005902', 'human_address': '{""address"": """", ""city"": """", ""state"": """", ""zip"": """"}'}",3,36,249,3051640,Bedford-Stuyvesant (West),,
PC8618752,2026-09-03T09:50:07.000,Treatments,1968,JEROME AVENUE,10453,Bronx,Bait applied,,,2028540003,2,2854,3,40.851955205354,-73.909053380992,"{'latitude': '40.851955205354', 'longitude': '-73.909053380992', 'human_address': '{""address"": """", ""city"": """", ""state"": """", ""zip"": """"}'}",5,14,241,2008259,Mount Hope,,
PC8712160,2026-09-03T09:50:58.000,Treatments,1361,WEBSTER AVENUE,10456,Bronx,Bait applied,,,2028870160,2,2887,160,40.835521476693,-73.907811089867,"{'latitude': '40.835521476693', 'longitude': '-73.907811089867', 'human_address': '{""address"": """", ""city"": """", ""state"": """", ""zip"": """"}'}",4,16,17702,2009304,Mount Eden-Claremont (West),,
PC8741833,2026-09-03T09:53:00.000,Treatments,1419,8 AVENUE,11215,Brooklyn,Bait applied,,,3011030001,3,1103,1,40.66256303411,-73.981858918134,"{'latitude': '40.66256303411', 'longitude': '-73.981858918134', 'human_address': '{""address"": """", ""city"": """", ""state"": """", ""zip"": """"}'}",6,39,167,3026582,Park Slope,989283,180669
PC8704637,2026-09-03T09:56:03.000,Treatments,408,ST JOHNS PLACE,11238,Brooklyn,Bait applied,,,3011760032,3,1176,32,40.673914136269,-73.964566031821,"{'latitude': '40.673914136269', 'longitude': '-73.964566031821', 'human_address': '{""address"": """", ""city"": """", ""state"": """", ""zip"": """"}'}",8,35,215,3029524,Prospect Heights,,
PC8624316,2026-09-03T09:58:00.000,Treatments,177,E MOSHOLU PARKWAY N,10467,Bronx,Bait applied,,,2033350141,2,3335,141,40.875435949187,-73.881474346037,"{'latitude': '40.875435949187', 'longitude': '-73.881474346037', 'human_address': '{""address"": """", ""city"": """", ""state"": """", ""zip"": """"}'}",7,11,419,2000000,Norwood,,
PC8667834,2026-09-03T09:58:00.000,Treatments,1990,CRESTON AVENUE,10453,Bronx,Bait applied,,,2028080032,2,2808,32,40.851099387017,-73.906307394946,"{'latitude': '40.851099387017', 'longitude': '-73.906307394946', 'human_address': '{""address"": """", ""city"": """", ""state"": """", ""zip"": """"}'}",5,14,23501,2007686,Mount Hope,,
PC8747828,2026-09-03T09:58:12.000,Treatments,45,TUDOR CITY PLACE,10017,Manhattan,Bait applied,,,1013350022,1,1335,22,40.749163623682,-73.970332944448,"{'latitude': '40.749163623682', 'longitude': '-73.970332944448', 'human_address': '{""address"": """", ""city"": """", ""state"": """", ""zip"": """"}'}",6,4,88,1038660,Murray Hill-Kips Bay,992621,212412
PC8773839,2026-09-03T09:59:00.000,Stoppage,2028,MADISON AVENUE,10035,Manhattan,Stoppage done,,,1017530017,1,1753,17,40.808037192295,-73.938976811652,"{'latitude': '40.808037192295', 'longitude': '-73.938976811652', 'human_address': '{""address"": """", ""city"": """", ""state"": """", ""zip"": """"}'}",11,9,206,1054179,East Harlem (North),,
PC8771747,2026-09-03T09:59:07.000,Initial,TOMPKINS,AVENUE,11206,Brooklyn,Failed for Other Reason,,Harborage,,3,1739,40,,,,,,,,,,
PC8620690,2026-09-03T10:00:00.000,Compliance,654,MADISON STREET,11221,Brooklyn,Failed for Rat Activity,Summons Issued,Burrows,3016460011,3,1646,11,40.686854710809,-73.93187664765,"{'latitude': '40.686854710809', 'longitude': '-73.93187664765', 'human_address': '{""address"": """", ""city"": """", ""state"": """", ""zip"": """"}'}",3,36,293,3000000,Bedford-Stuyvesant (East),1003143,189526
PC8618600,2026-09-03T10:00:00.000,Treatments,2454,TIEBOUT AVENUE,10458,Bronx,Bait applied,,,2030220058,2,3022,58,40.860562085514,-73.895437561619,"{'latitude': '40.860562085514', 'longitude': '-73.895437561619', 'human_address': '{""address"": """", ""city"": """", ""state"": """", ""zip"": """"}'}",5,15,39902,2010998,Fordham Heights,,
PC8768691,2026-09-03T10:00:03.000,Initial,1691,ADAMS STREET,10460,Bronx,Failed for Other Reason,COTA,"Garbage, Harborage",2040170022,2,4017,22,40.840362768216,-73.870398415318,"{'latitude': '40.840362768216', 'longitude': '-73.870398415318', 'human_address': '{""address"": """", ""city"": """", ""state"": """", ""zip"": """"}'}",11,13,240,2115674,Pelham Parkway-Van Nest,1020136,245441
PC8768957,2026-09-03T10:00:16.000,Initial,200,WEST 143 STREET,10030,Manhattan,Failed for Rat Activity,City Agency Referral,"Droppings, Burrows",1020280016,1,2028,16,40.820372685239,-73.940136071094,"{'latitude': '40.820372685239', 'longitude': '-73.940136071094', 'human_address': '{""address"": """", ""city"": """", ""state"": """", ""zip"": """"}'}",10,9,232,1060430,Harlem (North),,
PC8741816,2026-09-03T10:00:29.000,Treatments,46,WEST   74 STREET,10023,Manhattan,Bait applied,,,1011260057,1,1126,57,40.778078296829,-73.976339056412,"{'latitude': '40.778078296829', 'longitude': '-73.976339056412', 'human_address': '{""address"": """", ""city"": """", ""state"": """", ""zip"": """"}'}",7,6,157,1028685,Upper West Side-Lincoln Square,990803,222755
PC8654210,2026-09-03T10:00:43.000,Treatments,765,RIVERSIDE DRIVE,10032,Manhattan,Bait applied,,,1021340199,1,2134,199,40.834185541768,-73.948525590006,"{'latitude': '40.834185541768', 'longitude': '-73.948525590006', 'human_address': '{""address"": """", ""city"": """", ""state"": """", ""zip"": """"}'}",12,7,241,1063276,Washington Heights (South),998523,243199
PC8770410,2026-09-03T10:01:00.000,Initial,1023,COLLEGE AVENUE,10456,Bronx,Failed for Other Reason,COTA,Harborage,2024370037,2,2437,37,40.829118428069,-73.915509494405,"{'latitude': '40.829118428069', 'longitude': '-73.915509494405', 'human_address': '{""address"": """", ""city"": """", ""state"": """", ""zip"": """"}'}",4,16,175,2002404,Concourse-Concourse Village,,
PC8770995,2026-09-03T10:01:48.000,Initial,TOMPKINS,AVENUE,11206,Brooklyn,Failed for Other Reason,,Harborage,,3,1739,41,,,,,,,,,,
PC8770232,2026-09-03T10:04:00.000,Initial,1027,COLLEGE AVENUE,10456,Bronx,Failed for Rat Activity,COTA,Droppings,2024370035,2,2437,35,40.829241888122,-73.915437067172,"{'latitude': '40.829241888122', 'longitude': '-73.915437067172', 'human_address': '{""address"": """", ""city"": """", ""state"": """", ""zip"": """"}'}",4,16,175,2002402,Concourse-Concourse Village,,
PC8773838,2026-09-03T10:06:00.000,Stoppage,2081,5th Avenue,10035,Manhattan,Stoppage done,,,1017530102,1,1753,102,40.808526659586,-73.940699458315,"{'latitude': '40.808526659586', 'longitude': '-73.940699458315', 'human_address': '{""address"": """", ""city"": """", ""state"": """", ""zip"": """"}'}",11,9,206,1054207,East Harlem (North),,
PC8700100,2026-09-03T10:06:00.000,Compliance,58-08,WALDRON STREET,11368,Queens,Failed for Rat Activity,Summons Issued,"Droppings, Burrows",4019650004,4,1965,4,40.739142036255,-73.8524592894,"{'latitude': '40.739142036255', 'longitude': '-73.8524592894', 'human_address': '{""address"": """", ""city"": """", ""state"": """", ""zip"": """"}'}",4,21,43701,4048316,Corona,,
PC8741236,2026-09-03T10:06:59.000,Treatments,1125,MORRIS AVENUE,10456,Bronx,Bait applied,,,2024490025,2,2449,25,40.831250929897,-73.915289959837,"{'latitude': '40.831250929897', 'longitude': '-73.915289959837', 'human_address': '{""address"": """", ""city"": """", ""state"": """", ""zip"": """"}'}",4,16,18101,2002576,Concourse-Concourse Village,,
PC8772885,2026-09-03T10:08:13.000,Initial,149,MARTIN L KING PLACE,11206,Brooklyn,Failed for Other Reason,COTA,Garbage,3017390144,3,1739,144,40.697095390309,-73.947376848912,"{'latitude': '40.697095390309', 'longitude': '-73.947376848912', 'human_address': '{""address"": """", ""city"": """", ""state"": """", ""zip"": """"}'}",3,36,257,3387697,Bedford-Stuyvesant (West),,
PC8748562,2026-09-03T10:08:19.000,Compliance,224,EAST 122 STREET,10035,Manhattan,Failed for Rat Activity,Summons Issued,Burrows,1017860039,1,1786,39,40.801448462285,-73.936512282519,"{'latitude': '40.801448462285', 'longitude': '-73.936512282519', 'human_address': '{""address"": """", ""city"": """", ""state"": """", ""zip"": """"}'}",11,8,194,1079434,East Harlem (North),,
PC8769961,2026-09-03T10:11:00.000,Initial,1031,COLLEGE AVENUE,10456,Bronx,Failed for Rat Activity,COTA,Droppings,2024370033,2,2437,33,40.829370837604,-73.915364632659,"{'latitude': '40.829370837604', 'longitude': '-73.915364632659', 'human_address': '{""address"": """", ""city"": """", ""state"": """", ""zip"": """"}'}",4,16,175,2002400,Concourse-Concourse Village,,
PC8464198,2026-09-03T10:12:00.000,Compliance,193,MALCOLM X BOULEVARD,11221,Brooklyn,Failed for Rat Activity,Summons Issued,Droppings,3016470001,3,1647,1,40.686535046375,-73.92977122972,"{'latitude': '40.686535046375', 'longitude': '-73.92977122972', 'human_address': '{""address"": """", ""city"": """", ""state"": """", ""zip"": """"}'}",3,36,385,3045243,Bedford-Stuyvesant (East),1003727,189410
PC8534887,2026-09-03T10:13:00.000,Treatments,323,38 st,11232,Brooklyn,Bait applied,,,3007000058,3,700,58,40.653896260189,-74.006735795779,"{'latitude': '40.653896260189', 'longitude': '-74.006735795779', 'human_address': '{""address"": """", ""city"": """", ""state"": """", ""zip"": """"}'}",7,38,84,3010392,Sunset Park (West),,
PC8739286,2026-09-03T10:13:13.000,Compliance,225,EAST 80 STREET,10075,Manhattan,Failed for Rat Activity,Summons Issued,Burrows,1015260012,1,1526,12,40.77466334435,-73.956070824158,"{'latitude': '40.77466334435', 'longitude': '-73.956070824158', 'human_address': '{""address"": """", ""city"": """", ""state"": """", ""zip"": """"}'}",8,5,138,1048527,Upper East Side-Yorkville,,
PC8722988,2026-09-03T10:14:11.000,Treatments,820,RIVERSIDE DRIVE,10032,Manhattan,Bait applied,,,1021360013,1,2136,13,40.835611482117,-73.945651480436,"{'latitude': '40.835611482117', 'longitude': '-73.945651480436', 'human_address': '{""address"": """", ""city"": """", ""state"": """", ""zip"": """"}'}",12,7,247,1063306,Washington Heights (South),999289,243720
PC8769814,2026-09-03T10:15:00.000,Initial,1033,COLLEGE AVENUE,10456,Bronx,Failed for Rat Activity,COTA,Droppings,2024370032,2,2437,32,40.829529965836,-73.915274091752,"{'latitude': '40.829529965836', 'longitude': '-73.915274091752', 'human_address': '{""address"": """", ""city"": """", ""state"": """", ""zip"": """"}'}",4,16,175,2002399,Concourse-Concourse Village,,
PC8702259,2026-09-03T10:15:35.000,Treatments,302,EAST  206 STREET,10467,Bronx,Bait applied,,,2033410050,2,3341,50,40.87488639019,-73.878260719052,"{'latitude': '40.87488639019', 'longitude': '-73.878260719052', 'human_address': '{""address"": """", ""city"": """", ""state"": """", ""zip"": """"}'}",7,11,423,2018117,Norwood,1017917,258048
PC8697440,2026-09-03T10:15:44.000,Treatments,2444,TIEBOUT AVENUE,10458,Bronx,Bait applied,,,2030220054,2,3022,54,40.860328872403,-73.89553553981,"{'latitude': '40.860328872403', 'longitude': '-73.89553553981', 'human_address': '{""address"": """", ""city"": """", ""state"": """", ""zip"": """"}'}",5,15,39902,2000000,Fordham Heights,,
PC8768075,2026-09-03T10:16:36.000,Initial,1390,BOSTON ROAD,10456,Bronx,Failed for Other Reason,COTA,"Harborage, Animal Nuisance",2029620017,2,2962,17,40.832828630489,-73.897776007613,"{'latitude': '40.832828630489', 'longitude': '-73.897776007613', 'human_address': '{""address"": """", ""city"": """", ""state"": """", ""zip"": """"}'}",3,17,151,2010190,Morrisania,1012529,242712
PC8773173,2026-09-03T10:17:00.000,Stoppage,,,11233,Brooklyn,Stoppage done,,,,3,1501,26,,,,,,,,,,
PC8703222,2026-09-03T10:19:00.000,Compliance,40-35,ITHACA STREET,11373,Queens,Failed for Rat Activity and Other Reason,Summons Issued,"Burrows, Runways, Harborage",4015057501,4,1505,7501,40.745967171006,-73.882387666527,"{'latitude': '40.745967171006', 'longitude': '-73.882387666527', 'human_address': '{""address"": """", ""city"": """", ""state"": """", ""zip"": """"}'}",4,25,26901,4037178,Elmhurst,,
PC8770513,2026-09-03T10:19:00.000,Initial,1035,COLLEGE AVENUE,10456,Bronx,Failed for Rat Activity,COTA,Droppings,2024370031,2,2437,31,40.829554657819,-73.915259606149,"{'latitude': '40.829554657819', 'longitude': '-73.915259606149', 'human_address': '{""address"": """", ""city"": """", ""state"": """", ""zip"": """"}'}",4,16,175,2002398,Concourse-Concourse Village,,
PC8770094,2026-09-03T10:20:00.000,Initial,1330,FIFTH AVENUE,10026,Manhattan,Failed for Rat Activity,,"Droppings, Gnawing",1015957501,1,1595,7501,40.797803974298,-73.948557442339,"{'latitude': '40.797803974298', 'longitude': '-73.948557442339', 'human_address': '{""address"": """", ""city"": """", ""state"": """", ""zip"": """"}'}",10,9,186,1084511,Harlem (South),,
PC8670402,2026-09-03T10:20:18.000,Treatments,1654,UNION STREET,11213,Brooklyn,Bait applied,,,3014020009,3,1402,9,40.667938703943,-73.933568631815,"{'latitude': '40.667938703943', 'longitude': '-73.933568631815', 'human_address': '{""address"": """", ""city"": """", ""state"": """", ""zip"": """"}'}",9,35,35102,3037758,Crown Heights (South),,
PC8728366,2026-09-03T10:20:21.000,Treatments,252,West 74 street,10023,Manhattan,Bait applied,,,1011657502,1,1165,7502,40.780796749311,-73.982776235957,"{'latitude': '40.780796749311', 'longitude': '-73.982776235957', 'human_address': '{""address"": """", ""city"": """", ""state"": """", ""zip"": """"}'}",7,6,159,1070732,Upper West Side-Lincoln Square,,
PC8729258,2026-09-03T10:21:03.000,Treatments,1040,GRAND CONCOURSE,10456,Bronx,Bait applied,,,2024620001,2,2462,1,40.831056935201,-73.920360076922,"{'latitude': '40.831056935201', 'longitude': '-73.920360076922', 'human_address': '{""address"": """", ""city"": """", ""state"": """", ""zip"": """"}'}",4,16,18102,2002826,Concourse-Concourse Village,,
PC8748712,2026-09-03T10:21:19.000,Compliance,2239,3 AVENUE,10035,Manhattan,Failed for Rat Activity and Other Reason,Summons Issued,"Burrows, Harborage",1017860047,1,1786,47,40.801613591576,-73.937321209391,"{'latitude': '40.801613591576', 'longitude': '-73.937321209391', 'human_address': '{""address"": """", ""city"": """", ""state"": """", ""zip"": """"}'}",11,8,194,1054622,East Harlem (North),,
PC8455412,2026-09-03T10:21:47.000,Compliance,1360,OGDEN AVENUE,10452,Bronx,Failed for Rat Activity and Other Reason,Summons Issued,"Droppings, Burrows, Mice",2025220043,2,2522,43,40.841838370654,-73.924579324235,"{'latitude': '40.841838370654', 'longitude': '-73.924579324235', 'human_address': '{""address"": """", ""city"": """", ""state"": """", ""zip"": """"}'}",4,16,211,2003376,Highbridge,,
PC8736719,2026-09-03T10:22:00.000,Compliance,108-15,HORACE HARDING EXPWY,11368,Queens,Failed for Rat Activity and Other Reason,,"Droppings, Burrows, Runways, Garbage, Harborage",,4,1965,6,40.73785344948,-73.851458984952,"{'latitude': '40.73785344948', 'longitude': '-73.851458984952', 'human_address': '{""address"": """", ""city"": """", ""state"": """", ""zip"": """"}'}",4,21,43701,,Corona,,
PC8767817,2026-09-03T10:23:00.000,Stoppage,433,East 119 St,10035,Manhattan,Stoppage done,,,1018070015,1,1807,15,40.797576449472,-73.933135375944,"{'latitude': '40.797576449472', 'longitude': '-73.933135375944', 'human_address': '{""address"": """", ""city"": """", ""state"": """", ""zip"": """"}'}",11,8,192,1089085,East Harlem (North),,
PC8764168,2026-09-03T10:24:00.000,Initial,706,MONROE STREET,11221,Brooklyn,Failed for Other Reason,COTA,Harborage,3016420023,3,1642,23,40.687991738517,-73.928504050909,"{'latitude': '40.687991738517', 'longitude': '-73.928504050909', 'human_address': '{""address"": """", ""city"": """", ""state"": """", ""zip"": """"}'}",3,36,385,3044991,Bedford-Stuyvesant (East),1004078,189941
PC8768406,2026-09-03T10:25:04.000,Initial,1874,BATHGATE AVENUE,10457,Bronx,Failed for Rat Activity,COTA,Burrows,2029240006,2,2924,6,40.84605523947,-73.897455607363,"{'latitude': '40.84605523947', 'longitude': '-73.897455607363', 'human_address': '{""address"": """", ""city"": """", ""state"": """", ""zip"": """"}'}",6,15,395,2009603,Tremont,,
PC8737539,2026-09-03T10:25:12.000,Treatments,215,EAST   38 STREET,10016,Manhattan,Bait applied,,,1009190011,1,919,11,40.74796815387,-73.975624369531,"{'latitude': '40.74796815387', 'longitude': '-73.975624369531', 'human_address': '{""address"": """", ""city"": """", ""state"": """", ""zip"": """"}'}",6,4,78,1020355,Murray Hill-Kips Bay,991004,211785
PC8645672,2026-09-03T10:25:30.000,Treatments,540,EAST  142 STREET,10454,Bronx,Bait applied,,,2022680022,2,2268,22,40.809878297286,-73.916223988564,"{'latitude': '40.809878297286', 'longitude': '-73.916223988564', 'human_address': '{""address"": """", ""city"": """", ""state"": """", ""zip"": """"}'}",1,8,41,2128984,Mott Haven-Port Morris,1007352,234390
PC8739302,2026-09-03T10:25:38.000,Compliance,229,EAST 80 STREET,10075,Manhattan,Failed for Rat Activity,Summons Issued,Burrows,1015260014,1,1526,14,40.774635871915,-73.956005853043,"{'latitude': '40.774635871915', 'longitude': '-73.956005853043', 'human_address': '{""address"": """", ""city"": """", ""state"": """", ""zip"": """"}'}",8,5,138,1048528,Upper East Side-Yorkville,,
PC8770226,2026-09-03T10:27:00.000,Initial,1039,COLLEGE AVENUE,10456,Bronx,Failed for Other Reason,COTA,Harborage,2024370029,2,2437,29,40.829606783852,-73.915227017892,"{'latitude': '40.829606783852', 'longitude': '-73.915227017892', 'human_address': '{""address"": """", ""city"": """", ""state"": """", ""zip"": """"}'}",4,16,175,2002396,Concourse-Concourse Village,,
PC8773163,2026-09-03T10:29:00.000,Stoppage,81,EAST 115 STREET,10029,Manhattan,Stoppage done,,,1016210035,1,1621,35,40.798757049299,-73.944070809327,"{'latitude': '40.798757049299', 'longitude': '-73.944070809327', 'human_address': '{""address"": """", ""city"": """", ""state"": """", ""zip"": """"}'}",11,8,184,1051645,East Harlem (North),,
PC8764095,2026-09-03T10:30:00.000,Initial,924,METROPOLITAN AVENUE,11211,Brooklyn,Failed for Other Reason,COTA,"Harborage, Animal Nuisance",3029170007,3,2917,7,40.714555778338,-73.938178951171,"{'latitude': '40.714555778338', 'longitude': '-73.938178951171', 'human_address': '{""address"": """", ""city"": """", ""state"": """", ""zip"": """"}'}",1,34,481,3400362,East Williamsburg,1001388,199617
PC8648241,2026-09-03T10:30:03.000,Compliance,345,EAST 146 STREET,10451,Bronx,Failed for Rat Activity and Other Reason,Summons Issued,"Burrows, Harborage",2023290093,2,2329,93,40.81504448442,-73.920906769318,"{'latitude': '40.81504448442', 'longitude': '-73.920906769318', 'human_address': '{""address"": """", ""city"": """", ""state"": """", ""zip"": """"}'}",1,8,65,2000881,Melrose,,
PC8771750,2026-09-03T10:30:24.000,Initial,828,WILLOUGHBY AVENUE,11206,Brooklyn,Failed for Rat Activity,COTA,Burrows,3015920038,3,1592,38,40.695420552071,-73.935589471755,"{'latitude': '40.695420552071', 'longitude': '-73.935589471755', 'human_address': '{""address"": """", ""city"": """", ""state"": """", ""zip"": """"}'}",3,36,287,3255328,Bedford-Stuyvesant (East),,
PC8699129,2026-09-03T10:30:48.000,Treatments,3511,BAINBRIDGE AVENUE,10467,Bronx,Bait applied,,,2033280060,2,3328,60,40.881380553828,-73.878393435345,"{'latitude': '40.881380553828', 'longitude': '-73.878393435345', 'human_address': '{""address"": """", ""city"": """", ""state"": """", ""zip"": """"}'}",7,11,43101,2017800,Norwood,1017877,260414
PC8736961,2026-09-03T10:31:54.000,Treatments,75,FORT WASHINGTON AVENUE,10032,Manhattan,Bait applied,,,1021360140,1,2136,140,40.83749090413,-73.944142925526,"{'latitude': '40.83749090413', 'longitude': '-73.944142925526', 'human_address': '{""address"": """", ""city"": """", ""state"": """", ""zip"": """"}'}",12,7,247,1063331,Washington Heights (South),999706,244405
PC8720617,2026-09-03T10:33:00.000,Treatments,259,46 STREET,11220,Brooklyn,Bait applied,,,3007450059,3,745,59,40.650588220404,-74.013351996399,"{'latitude': '40.650588220404', 'longitude': '-74.013351996399', 'human_address': '{""address"": """", ""city"": """", ""state"": """", ""zip"": """"}'}",7,38,2,3011492,Sunset Park (West),980545,176306
PC8772585,2026-09-03T10:34:24.000,Initial,826,WILLOUGHBY AVENUE,11206,Brooklyn,Failed for Rat Activity,COTA,Burrows,3015920037,3,1592,37,40.695412354206,-73.9356543915,"{'latitude': '40.695412354206', 'longitude': '-73.9356543915', 'human_address': '{""address"": """", ""city"": """", ""state"": """", ""zip"": """"}'}",3,36,287,3255327,Bedford-Stuyvesant (East),,
PC8768403,2026-09-03T10:34:36.000,Initial,1870,BATHGATE AVENUE,10457,Bronx,Failed for Rat Activity and Other Reason,COTA,"Burrows, Harborage",2029240004,2,2924,4,40.845956477465,-73.897509976273,"{'latitude': '40.845956477465', 'longitude': '-73.897509976273', 'human_address': '{""address"": """", ""city"": """", ""state"": """", ""zip"": """"}'}",6,15,395,2009601,Tremont,,
PC8770069,2026-09-03T10:35:00.000,Initial,1043,COLLEGE AVENUE,10456,Bronx,Failed for Rat Activity and Other Reason,COTA,"Droppings, Harborage",2024370027,2,2437,27,40.829658912544,-73.915198043095,"{'latitude': '40.829658912544', 'longitude': '-73.915198043095', 'human_address': '{""address"": """", ""city"": """", ""state"": """", ""zip"": """"}'}",4,16,175,2002394,Concourse-Concourse Village,,
PC8768560,2026-09-03T10:35:58.000,Initial,2187,RYER AVENUE,10457,Bronx,Failed for Other Reason,COTA,Animal Nuisance,2031570054,2,3157,54,40.85486261143,-73.900023008247,"{'latitude': '40.85486261143', 'longitude': '-73.900023008247', 'human_address': '{""address"": """", ""city"": """", ""state"": """", ""zip"": """"}'}",5,15,381,2129757,Mount Hope,1011907,250745
PC8662019,2026-09-03T10:36:36.000,Compliance,1347,PROSPECT AVENUE,10459,Bronx,Failed for Rat Activity and Other Reason,Summons Issued,"Droppings, Harborage",2029680014,2,2968,14,40.829855738711,-73.897397558782,"{'latitude': '40.829855738711', 'longitude': '-73.897397558782', 'human_address': '{""address"": """", ""city"": """", ""state"": """", ""zip"": """"}'}",3,17,151,2010312,Morrisania,,
PC8764151,2026-09-03T10:36:45.000,Treatments,232,West 74 street,10023,Manhattan,Bait applied,,,1011650052,1,1165,52,40.780692411036,-73.982527114651,"{'latitude': '40.780692411036', 'longitude': '-73.982527114651', 'human_address': '{""address"": """", ""city"": """", ""state"": """", ""zip"": """"}'}",7,6,159,1030546,Upper West Side-Lincoln Square,,
PC8771129,2026-09-03T10:38:24.000,Initial,824,WILLOUGHBY AVENUE,11206,Brooklyn,Failed for Rat Activity,COTA,Burrows,3015920036,3,1592,36,40.695404158326,-73.935722917438,"{'latitude': '40.695404158326', 'longitude': '-73.935722917438', 'human_address': '{""address"": """", ""city"": """", ""state"": """", ""zip"": """"}'}",3,36,287,3255326,Bedford-Stuyvesant (East),,
PC8715702,2026-09-03T10:39:28.000,Compliance,1717,LEXINGTON AVENUE,10029,Manhattan,Failed for Rat Activity,Summons Issued,"Burrows, Runways",1016350022,1,1635,22,40.793153004779,-73.945599599243,"{'latitude': '40.793153004779', 'longitude': '-73.945599599243', 'human_address': '{""address"": """", ""city"": """", ""state"": """", ""zip"": """"}'}",11,8,172,1052071,East Harlem (South),,
PC8770495,2026-09-03T10:40:09.000,Initial,272,EAST 163 STREET,10451,Bronx,Failed for Other Reason,COTA,Harborage,2024220010,2,2422,10,40.827159978382,-73.917289773418,"{'latitude': '40.827159978382', 'longitude': '-73.917289773418', 'human_address': '{""address"": """", ""city"": """", ""state"": """", ""zip"": """"}'}",4,16,173,2001954,Concourse-Concourse Village,,
PC8739175,2026-09-03T10:40:11.000,Compliance,233,EAST 80 STREET,10075,Manhattan,Failed for Rat Activity,Summons Issued,Burrows,1015260016,1,1526,16,40.774608400829,-73.955944492497,"{'latitude': '40.774608400829', 'longitude': '-73.955944492497', 'human_address': '{""address"": """", ""city"": """", ""state"": """", ""zip"": """"}'}",8,5,138,1048529,Upper East Side-Yorkville,,
PC8590028,2026-09-03T10:40:30.000,Treatments,237,WILLIS AVENUE,10454,Bronx,Bait applied,,,2023010028,2,2301,28,40.809204967755,-73.922821082937,"{'latitude': '40.809204967755', 'longitude': '-73.922821082937', 'human_address': '{""address"": """", ""city"": """", ""state"": """", ""zip"": """"}'}",1,8,39,2000594,Mott Haven-Port Morris,1005615,234104
PC8773847,2026-09-03T10:42:00.000,Stoppage,2860,Broadway,10025,Manhattan,Stoppage done,,,1018837501,1,1883,7501,40.804955074368,-73.966107030805,"{'latitude': '40.804955074368', 'longitude': '-73.966107030805', 'human_address': '{""address"": """", ""city"": """", ""state"": """", ""zip"": """"}'}",9,7,199,1075433,Morningside Heights,,
PC8770606,2026-09-03T10:42:00.000,Initial,1051,COLLEGE AVENUE,10456,Bronx,Failed for Rat Activity,COTA,Droppings,2024370024,2,2437,24,40.829763169903,-73.915140093365,"{'latitude': '40.829763169903', 'longitude': '-73.915140093365', 'human_address': '{""address"": """", ""city"": """", ""state"": """", ""zip"": """"}'}",4,16,175,2002392,Concourse-Concourse Village,,
PC8751685,2026-09-03T10:42:00.000,Compliance,691,HANCOCK STREET,11233,Brooklyn,Failed for Other Reason,Summons Issued,Harborage,3016570056,3,1657,56,40.685117377014,-73.927576886364,"{'latitude': '40.685117377014', 'longitude': '-73.927576886364', 'human_address': '{""address"": """", ""city"": """", ""state"": """", ""zip"": """"}'}",3,36,383,3045898,Bedford-Stuyvesant (East),,
PC8696446,2026-09-03T10:42:34.000,Treatments,3563,BAINBRIDGE AVENUE,10467,Bronx,Bait applied,,,2033280102,2,3328,102,40.882864945234,-73.87791695864,"{'latitude': '40.882864945234', 'longitude': '-73.87791695864', 'human_address': '{""address"": """", ""city"": """", ""state"": """", ""zip"": """"}'}",7,11,43101,2017809,Norwood,1018008,260955
PC8639753,2026-09-03T10:44:19.000,Compliance,182,EAST 122 STREET,10035,Manhattan,Failed for Rat Activity,Summons Issued,Burrows,1017700041,1,1770,41,40.802009113942,-73.937833740661,"{'latitude': '40.802009113942', 'longitude': '-73.937833740661', 'human_address': '{""address"": """", ""city"": """", ""state"": """", ""zip"": """"}'}",11,8,196,1054395,East Harlem (North),,
PC8764642,2026-09-03T10:45:00.000,Initial,114-11,155 STREET,11434,Queens,Failed for Other Reason,COTA,Harborage,4121860011,4,12186,11,40.686661213478,-73.791819099909,"{'latitude': '40.686661213478', 'longitude': '-73.791819099909', 'human_address': '{""address"": """", ""city"": """", ""state"": """", ""zip"": """"}'}",12,28,274,4264094,Baisley Park,1041986,189517
PC8604484,2026-09-03T10:46:28.000,Compliance,1710,LEXINGTON AVENUE,10029,Manhattan,Failed for Rat Activity and Other Reason,Summons Issued,"Burrows, Harborage",1016340158,1,1634,158,40.792774370981,-73.945899664733,"{'latitude': '40.792774370981', 'longitude': '-73.945899664733', 'human_address': '{""address"": """", ""city"": """", ""state"": """", ""zip"": """"}'}",11,8,172,1000000,East Harlem (South),,
PC8749321,2026-09-03T10:46:29.000,Compliance,41,ST NICHOLAS TERRACE,10027,Manhattan,Failed for Rat Activity and Other Reason,Summons Issued,"Droppings, Burrows, Garbage, Harborage",1019690040,1,1969,40,40.813656067514,-73.951261849079,"{'latitude': '40.813656067514', 'longitude': '-73.951261849079', 'human_address': '{""address"": """", ""city"": """", ""state"": """", ""zip"": """"}'}",9,9,21303,1059613,Manhattanville-West Harlem,,
PC8738496,2026-09-03T10:46:37.000,Treatments,543,WEST 162 STREET,10032,Manhattan,Bait applied,,,1021220021,1,2122,21,40.836556168456,-73.941089975682,"{'latitude': '40.836556168456', 'longitude': '-73.941089975682', 'human_address': '{""address"": """", ""city"": """", ""state"": """", ""zip"": """"}'}",12,10,245,1062921,Washington Heights (South),,
PC8738276,2026-09-03T10:50:00.000,Treatments,657,CROTONA PARK NORTH,10457,Bronx,Bait applied,,,2029440005,2,2944,5,40.842413017108,-73.894472290139,"{'latitude': '40.842413017108', 'longitude': '-73.894472290139', 'human_address': '{""address"": """", ""city"": """", ""state"": """", ""zip"": """"}'}",6,15,36902,2009890,Tremont,1013389,246256
PC8741554,2026-09-03T10:51:16.000,Treatments,307,EAST 169 STREET,10456,Bronx,Bait applied,,,2027830087,2,2783,87,40.834917997018,-73.911769043082,"{'latitude': '40.834917997018', 'longitude': '-73.911769043082', 'human_address': '{""address"": """", ""city"": """", ""state"": """", ""zip"": """"}'}",4,16,17702,2007223,Mount Eden-Claremont (West),,
PC8773743,2026-09-03T10:51:47.000,Initial,31,WEST   69 STREET,10023,Manhattan,Failed for Rat Activity,COTA,"Droppings, Burrows",1011220117,1,1122,117,40.774763059732,-73.978506553096,"{'latitude': '40.774763059732', 'longitude': '-73.978506553096', 'human_address': '{""address"": """", ""city"": """", ""state"": """", ""zip"": """"}'}",7,6,15301,1028534,Upper West Side-Lincoln Square,,
PC8770244,2026-09-03T10:52:00.000,Initial,276,EAST 166 STREET,10456,Bronx,Failed for Rat Activity,COTA,Droppings,2024370119,2,2437,119,40.830402840518,-73.915338019972,"{'latitude': '40.830402840518', 'longitude': '-73.915338019972', 'human_address': '{""address"": """", ""city"": """", ""state"": """", ""zip"": """"}'}",4,16,175,2113002,Concourse-Concourse Village,,
PC8766511,2026-09-03T10:52:00.000,Initial,108-01,HORACE HARDING EXPRESSWAY,11368,Queens,Failed for Rat Activity,,"Droppings, Burrows",4019640065,4,1964,65,40.737725019608,-73.851903119594,"{'latitude': '40.737725019608', 'longitude': '-73.851903119594', 'human_address': '{""address"": """", ""city"": """", ""state"": """", ""zip"": """"}'}",4,21,43701,4048310,Corona,1025291,208087
PC8742864,2026-09-03T10:53:00.000,Treatments,450,49 STREET,11220,Brooklyn,Bait applied,,,3007830026,3,783,26,40.64630662948,-74.010825050838,"{'latitude': '40.64630662948', 'longitude': '-74.010825050838', 'human_address': '{""address"": """", ""city"": """", ""state"": """", ""zip"": """"}'}",7,38,78,3012921,Sunset Park (West),981246,174746
PC8761469,2026-09-03T10:53:19.000,Compliance,2253,3 AVENUE,10035,Manhattan,Failed for Rat Activity and Other Reason,Summons Issued,"Droppings, Runways, Garbage",1017870001,1,1787,1,40.802071782442,-73.936988471232,"{'latitude': '40.802071782442', 'longitude': '-73.936988471232', 'human_address': '{""address"": """", ""city"": """", ""state"": """", ""zip"": """"}'}",11,8,194,1054626,East Harlem (North),1001695,231502
PC8338686,2026-09-03T10:53:26.000,Treatments,500,ST JOHNS PLACE,11238,Brooklyn,Bait applied,,,3011770017,3,1177,17,40.673290113973,-73.961592231865,"{'latitude': '40.673290113973', 'longitude': '-73.961592231865', 'human_address': '{""address"": """", ""city"": """", ""state"": """", ""zip"": """"}'}",8,35,215,3029552,Prospect Heights,994904,184579
PC8773749,2026-09-03T10:54:31.000,Initial,33,WEST   69 STREET,10023,Manhattan,Failed for Rat Activity,COTA,Burrows,1011220017,1,1122,17,40.774787773327,-73.978564313489,"{'latitude': '40.774787773327', 'longitude': '-73.978564313489', 'human_address': '{""address"": """", ""city"": """", ""state"": """", ""zip"": """"}'}",7,6,15301,1028501,Upper West Side-Lincoln Square,,
PC8765639,2026-09-03T10:55:24.000,Initial,2158,AQUEDUCT AVENUE EAST,10453,Bronx,Failed for Rat Activity and Other Reason,COTA,"Droppings, Garbage, Harborage",2032070007,2,3207,7,40.857356507604,-73.908633853543,"{'latitude': '40.857356507604', 'longitude': '-73.908633853543', 'human_address': '{""address"": """", ""city"": """", ""state"": """", ""zip"": """"}'}",5,14,251,2130871,University Heights (South)-Morris Heights,1009524,251651
PC8664180,2026-09-03T10:55:30.000,Treatments,423,EAST  135 STREET,10454,Bronx,Bait applied,,,2022800069,2,2280,69,40.806839435277,-73.923477657614,"{'latitude': '40.806839435277', 'longitude': '-73.923477657614', 'human_address': '{""address"": """", ""city"": """", ""state"": """", ""zip"": """"}'}",1,8,25,2000212,Mott Haven-Port Morris,1005434,233242
PC8739212,2026-09-03T10:55:30.000,Compliance,1559,2 AVENUE,10028,Manhattan,Failed for Rat Activity,Summons Issued,Burrows,1015260028,1,1526,28,40.774558301155,-73.954171763943,"{'latitude': '40.774558301155', 'longitude': '-73.954171763943', 'human_address': '{""address"": """", ""city"": """", ""state"": """", ""zip"": """"}'}",8,5,138,1048536,Upper East Side-Yorkville,,
PC8657244,2026-09-03T10:56:00.000,Stoppage,1507,Ave O,11230,Brooklyn,Stoppage done,,,3067530053,3,6753,53,40.612989040956,-73.958799693719,"{'latitude': '40.612989040956', 'longitude': '-73.958799693719', 'human_address': '{""address"": """", ""city"": """", ""state"": """", ""zip"": """"}'}",14,48,544,3181407,Midwood,,
PC8758292,2026-09-03T10:56:06.000,Treatments,2109,BROADWAY,10023,Manhattan,Bait applied,,,1011657503,1,1165,7503,40.780401397603,-73.982075837493,"{'latitude': '40.780401397603', 'longitude': '-73.982075837493', 'human_address': '{""address"": """", ""city"": """", ""state"": """", ""zip"": """"}'}",7,6,159,1030544,Upper West Side-Lincoln Square,989214,223601
PC8773751,2026-09-03T10:57:50.000,Initial,37,WEST   69 STREET,10023,Manhattan,Failed for Rat Activity,COTA,"Burrows, Runways",1011220015,1,1122,15,40.77483720043,-73.978679834403,"{'latitude': '40.77483720043', 'longitude': '-73.978679834403', 'human_address': '{""address"": """", ""city"": """", ""state"": """", ""zip"": """"}'}",7,6,15301,1028499,Upper West Side-Lincoln Square,,
PC8736955,2026-09-03T10:58:00.000,Compliance,74,RALPH AVENUE,11221,Brooklyn,Failed for Rat Activity,Summons Issued,"Droppings, Runways",3016480044,3,1648,44,40.687486305723,-73.923636790783,"{'latitude': '40.687486305723', 'longitude': '-73.923636790783', 'human_address': '{""address"": """", ""city"": """", ""state"": """", ""zip"": """"}'}",3,41,385,3045338,Bedford-Stuyvesant (East),1005428,189758
PC8697989,2026-09-03T11:00:00.000,Treatments,2416,TIEBOUT AVENUE,10458,Bronx,Bait applied,,,2030220022,2,3022,22,40.859571609619,-73.895847636586,"{'latitude': '40.859571609619', 'longitude': '-73.895847636586', 'human_address': '{""address"": """", ""city"": """", ""state"": """", ""zip"": """"}'}",5,15,39902,2010988,Fordham Heights,,
PC8670639,2026-09-03T11:00:18.000,Treatments,328,UTICA AVENUE,11213,Brooklyn,Bait applied,,,3014080040,3,1408,40,40.666732427508,-73.931331347471,"{'latitude': '40.666732427508', 'longitude': '-73.931331347471', 'human_address': '{""address"": """", ""city"": """", ""state"": """", ""zip"": """"}'}",9,35,35102,3037943,Crown Heights (South),,
PC8745210,2026-09-03T11:00:43.000,Treatments,551,WEST 161 STREET,10032,Manhattan,Bait applied,,,1021200055,1,2120,55,40.835947095165,-73.941596457127,"{'latitude': '40.835947095165', 'longitude': '-73.941596457127', 'human_address': '{""address"": """", ""city"": """", ""state"": """", ""zip"": """"}'}",12,10,245,1062876,Washington Heights (South),,
PC8765127,2026-09-03T11:01:00.000,Compliance,39,WEST 69 STREET,10023,Manhattan,Failed for Rat Activity,Summons Issued,Burrows,1011220014,1,1122,14,40.774861913938,-73.978737594925,"{'latitude': '40.774861913938', 'longitude': '-73.978737594925', 'human_address': '{""address"": """", ""city"": """", ""state"": """", ""zip"": """"}'}",7,6,15301,1028498,Upper West Side-Lincoln Square,,
PC8769876,2026-09-03T11:04:00.000,Initial,1066,MORRIS AVENUE,10456,Bronx,Failed for Other Reason,COTA,Harborage,2024370016,2,2437,16,40.829953202104,-73.916017938246,"{'latitude': '40.829953202104', 'longitude': '-73.916017938246', 'human_address': '{""address"": """", ""city"": """", ""state"": """", ""zip"": """"}'}",4,16,175,2002388,Concourse-Concourse Village,,
PC8740604,2026-09-03T11:04:08.000,Compliance,339,EAST 88 STREET,10128,Manhattan,Failed for Rat Activity and Other Reason,Summons Issued,"Droppings, Burrows, Harborage",1015510022,1,1551,22,40.778580089517,-73.949359490506,"{'latitude': '40.778580089517', 'longitude': '-73.949359490506', 'human_address': '{""address"": """", ""city"": """", ""state"": """", ""zip"": """"}'}",8,5,14602,1050076,Upper East Side-Yorkville,,
PC8765126,2026-09-03T11:05:30.000,Compliance,51,WEST 69 STREET,10023,Manhattan,Failed for Rat Activity,Summons Issued,"Droppings, Burrows",1011220008,1,1122,8,40.775166712549,-73.979455995808,"{'latitude': '40.775166712549', 'longitude': '-73.979455995808', 'human_address': '{""address"": """", ""city"": """", ""state"": """", ""zip"": """"}'}",7,6,15301,1028493,Upper West Side-Lincoln Square,,
PC8535983,2026-09-03T11:06:28.000,Compliance,154,EAST 106 STREET,10029,Manhattan,Failed for Rat Activity and Other Reason,Summons Issued,"Droppings, Burrows, Runways, Garbage",1016330051,1,1633,51,40.791992030396,-73.945716118361,"{'latitude': '40.791992030396', 'longitude': '-73.945716118361', 'human_address': '{""address"": """", ""city"": """", ""state"": """", ""zip"": """"}'}",11,8,172,1052009,East Harlem (South),,
PC8741618,2026-09-03T11:06:38.000,Treatments,309,EAST 169 STREET,10456,Bronx,Bait applied,,,2027830086,2,2783,86,40.834906998643,-73.911743761111,"{'latitude': '40.834906998643', 'longitude': '-73.911743761111', 'human_address': '{""address"": """", ""city"": """", ""state"": """", ""zip"": """"}'}",4,16,17702,2007222,Mount Eden-Claremont (West),,
PC8769951,2026-09-03T11:07:00.000,Initial,1064,MORRIS AVENUE,10456,Bronx,Failed for Rat Activity,COTA,Burrows,2024370040,2,2437,40,40.829928507385,-73.916028810126,"{'latitude': '40.829928507385', 'longitude': '-73.916028810126', 'human_address': '{""address"": """", ""city"": """", ""state"": """", ""zip"": """"}'}",4,16,175,2002406,Concourse-Concourse Village,,
PC8770271,2026-09-03T11:08:09.000,Initial,312,EAST 163 STREET,10451,Bronx,Failed for Rat Activity,COTA,Burrows,2024220026,2,2422,26,40.826755576291,-73.916014762929,"{'latitude': '40.826755576291', 'longitude': '-73.916014762929', 'human_address': '{""address"": """", ""city"": """", ""state"": """", ""zip"": """"}'}",4,16,173,2001964,Concourse-Concourse Village,,
PC8633665,2026-09-03T11:08:57.000,Treatments,2594,BRIGGS AVENUE,10458,Bronx,Bait applied,,,2032930038,2,3293,38,40.864051481993,-73.89336766489,"{'latitude': '40.864051481993', 'longitude': '-73.89336766489', 'human_address': '{""address"": """", ""city"": """", ""state"": """", ""zip"": """"}'}",7,15,39901,2016793,University Heights (North)-Fordham,,
PC8740420,2026-09-03T11:09:00.000,Treatments,766,EAST  179 STREET,10460,Bronx,Bait applied,,,2031060116,2,3106,116,40.845587608158,-73.887556529882,"{'latitude': '40.845587608158', 'longitude': '-73.887556529882', 'human_address': '{""address"": """", ""city"": """", ""state"": """", ""zip"": """"}'}",6,15,371,2099531,Tremont,1015360,247370
PC8704584,2026-09-03T11:10:22.000,Treatments,540,ST JOHNS PLACE,11238,Brooklyn,Bait applied,,,3011780015,3,1178,15,40.672968448956,-73.960053086231,"{'latitude': '40.672968448956', 'longitude': '-73.960053086231', 'human_address': '{""address"": """", ""city"": """", ""state"": """", ""zip"": """"}'}",8,35,217,3029579,Crown Heights (North),,
PC8697992,2026-09-03T11:10:43.000,Treatments,355,EAST 187 STREET,10458,Bronx,Bait applied,,,2030220073,2,3022,73,40.859587394111,-73.895095660811,"{'latitude': '40.859587394111', 'longitude': '-73.895095660811', 'human_address': '{""address"": """", ""city"": """", ""state"": """", ""zip"": """"}'}",5,15,39902,2010999,Fordham Heights,,
PC8768389,2026-09-03T11:12:52.000,Initial,530,EAST TREMONT AVENUE,10457,Bronx,Failed for Rat Activity and Other Reason,City Agency Referral,"Burrows, Harborage",2029430001,2,2943,1,40.846622142315,-73.896055941237,"{'latitude': '40.846622142315', 'longitude': '-73.896055941237', 'human_address': '{""address"": """", ""city"": """", ""state"": """", ""zip"": """"}'}",6,15,395,2009889,Tremont,,
PC8739124,2026-09-03T11:12:57.000,Compliance,231,EAST 81 STREET,10028,Manhattan,Failed for Rat Activity and Other Reason,Summons Issued,"Droppings, Burrows, Runways, Rats, Harborage",1015270015,1,1527,15,40.775247754501,-73.955492749086,"{'latitude': '40.775247754501', 'longitude': '-73.955492749086', 'human_address': '{""address"": """", ""city"": """", ""state"": """", ""zip"": """"}'}",8,5,138,1048560,Upper East Side-Yorkville,,
PC8356083,2026-09-03T11:13:00.000,Treatments,542,50 STREET,11220,Brooklyn,Bait applied,,,3007920019,3,792,19,40.644495205048,-74.009336532065,"{'latitude': '40.644495205048', 'longitude': '-74.009336532065', 'human_address': '{""address"": """", ""city"": """", ""state"": """", ""zip"": """"}'}",7,38,98,3013315,Sunset Park (Central),981659,174086
PC8769965,2026-09-03T11:13:09.000,Initial,943,TELLER AVENUE,10451,Bronx,Failed for Rat Activity,COTA,"Burrows, Gnawing",2024220030,2,2422,30,40.826285823037,-73.915466131712,"{'latitude': '40.826285823037', 'longitude': '-73.915466131712', 'human_address': '{""address"": """", ""city"": """", ""state"": """", ""zip"": """"}'}",4,16,173,2001965,Concourse-Concourse Village,,
PC8750631,2026-09-03T11:13:41.000,Compliance,72,WEST 69 STREET,10023,Manhattan,Failed for Rat Activity,Summons Issued,Droppings,1011210062,1,1121,62,40.775265573137,-73.979733977618,,7,6,15301,1028481,Upper West Side-Lincoln Square,0,0
PC8760917,2026-09-03T11:14:20.000,Compliance,239,EAST   73 STREET,10021,Manhattan,Failed for Rat Activity,Summons Issued,Burrows,1014280120,1,1428,120,40.770034082359,-73.959160667468,"{'latitude': '40.770034082359', 'longitude': '-73.959160667468', 'human_address': '{""address"": """", ""city"": """", ""state"": """", ""zip"": """"}'}",8,5,12602,1044013,Upper East Side-Lenox Hill-Roosevelt Island,995562,219826
PC8739972,2026-09-03T11:15:11.000,Treatments,2594,BRIGGS AVENUE,10458,Bronx,Bait applied,,,2032930038,2,3293,38,40.864051481993,-73.89336766489,"{'latitude': '40.864051481993', 'longitude': '-73.89336766489', 'human_address': '{""address"": """", ""city"": """", ""state"": """", ""zip"": """"}'}",7,15,39901,2016793,University Heights (North)-Fordham,,
PC8707917,2026-09-03T11:15:50.000,Treatments,2460,BROADWAY,10025,Manhattan,Bait applied,,,1012390023,1,1239,23,40.791551786007,-73.974026540769,"{'latitude': '40.791551786007', 'longitude': '-73.974026540769', 'human_address': '{""address"": """", ""city"": """", ""state"": """", ""zip"": """"}'}",7,6,179,1033584,Upper West Side (Central),,
PC8639634,2026-09-03T11:16:19.000,Compliance,2026,LEXINGTON AVENUE,10035,Manhattan,Failed for Rat Activity and Other Reason,Summons Issued,"Droppings, Burrows, Runways, Garbage, Harborage",1017720055,1,1772,55,40.80325270831,-73.938247963451,"{'latitude': '40.80325270831', 'longitude': '-73.938247963451', 'human_address': '{""address"": """", ""city"": """", ""state"": """", ""zip"": """"}'}",11,9,196,1054448,East Harlem (North),,
PC8765124,2026-09-03T11:17:48.000,Compliance,74,WEST 69 STREET,10023,Manhattan,Failed for Rat Activity,Summons Issued,"Droppings, Burrows, Runways",1011210063,1,1121,63,40.775276556615,-73.979759248124,"{'latitude': '40.775276556615', 'longitude': '-73.979759248124', 'human_address': '{""address"": """", ""city"": """", ""state"": """", ""zip"": """"}'}",7,6,15301,1028482,Upper West Side-Lincoln Square,,
PC8740867,2026-09-03T11:20:00.000,Compliance,1701,1 AVENUE,10128,Manhattan,Failed for Rat Activity,Summons Issued,Droppings,1015510024,1,1551,24,40.77827497793,-73.948363166008,"{'latitude': '40.77827497793', 'longitude': '-73.948363166008', 'human_address': '{""address"": """", ""city"": """", ""state"": """", ""zip"": """"}'}",8,5,14602,1050077,Upper East Side-Yorkville,,
PC8764438,2026-09-03T11:20:00.000,Initial,115-38,141 STREET,11436,Queens,Failed for Other Reason,COTA,"Garbage, Harborage",4119840054,4,11984,54,40.681339570503,-73.801375812841,"{'latitude': '40.681339570503', 'longitude': '-73.801375812841', 'human_address': '{""address"": """", ""city"": """", ""state"": """", ""zip"": """"}'}",12,28,188,4259630,Baisley Park,1039340,187572
PC8670525,2026-09-03T11:20:18.000,Treatments,1633,CARROLL STREET,11213,Brooklyn,Bait applied,,,3014080054,3,1408,54,40.66617581049,-73.932294357374,"{'latitude': '40.66617581049', 'longitude': '-73.932294357374', 'human_address': '{""address"": """", ""city"": """", ""state"": """", ""zip"": """"}'}",9,35,35102,3037947,Crown Heights (South),,
PC8743209,2026-09-03T11:20:52.000,Treatments,1238,ST NICHOLAS AVENUE,10032,Manhattan,Bait applied,,,1021290001,1,2129,1,40.843586506563,-73.937903164569,"{'latitude': '40.843586506563', 'longitude': '-73.937903164569', 'human_address': '{""address"": """", ""city"": """", ""state"": """", ""zip"": """"}'}",12,10,253,1063086,Washington Heights (South),,
PC8770283,2026-09-03T11:21:00.000,Initial,1058,MORRIS AVENUE,10456,Bronx,Failed for Other Reason,COTA,Harborage,2024370013,2,2437,13,40.829854431141,-73.916072266288,"{'latitude': '40.829854431141', 'longitude': '-73.916072266288', 'human_address': '{""address"": """", ""city"": """", ""state"": """", ""zip"": """"}'}",4,16,175,2002386,Concourse-Concourse Village,,
PC8770594,2026-09-03T11:21:16.000,Initial,302,EAST 169 STREET,10456,Bronx,Failed for Rat Activity,COTA,Burrows,2024360022,2,2436,22,40.834915291124,-73.911819639916,"{'latitude': '40.834915291124', 'longitude': '-73.911819639916', 'human_address': '{""address"": """", ""city"": """", ""state"": """", ""zip"": """"}'}",4,16,17701,2002318,Concourse-Concourse Village,,
PC8765125,2026-09-03T11:23:21.000,Compliance,76,WEST 69 STREET,10023,Manhattan,Failed for Rat Activity,Summons Issued,Droppings,1011210064,1,1121,64,40.775287540723,-73.97978812919,"{'latitude': '40.775287540723', 'longitude': '-73.97978812919', 'human_address': '{""address"": """", ""city"": """", ""state"": """", ""zip"": """"}'}",7,6,15301,1028483,Upper West Side-Lincoln Square,,
PC8749891,2026-09-03T11:23:47.000,Compliance,760,GRAND CONCOURSE,10451,Bronx,Failed for Rat Activity and Other Reason,Summons Issued,"Droppings, Burrows, Runways, Harborage",2024580072,2,2458,72,40.823961697978,-73.924299768192,"{'latitude': '40.823961697978', 'longitude': '-73.924299768192', 'human_address': '{""address"": """", ""city"": """", ""state"": """", ""zip"": """"}'}",4,16,5902,2002788,Concourse-Concourse Village,1005201,239480
PC8645521,2026-09-03T11:25:00.000,Compliance,59-30,108 STREET,11368,Queens,Failed for Rat Activity,Summons Issued,Burrows,4019640001,4,1964,1,40.738958475848,-73.852723123853,"{'latitude': '40.738958475848', 'longitude': '-73.852723123853', 'human_address': '{""address"": """", ""city"": """", ""state"": """", ""zip"": """"}'}",4,21,43701,4048307,Corona,,
PC8718918,2026-09-03T11:26:24.000,Treatments,2596,BRIGGS AVENUE,10458,Bronx,Bait applied,,,2032930173,2,3293,173,40.864081657215,-73.893349539348,"{'latitude': '40.864081657215', 'longitude': '-73.893349539348', 'human_address': '{""address"": """", ""city"": """", ""state"": """", ""zip"": """"}'}",7,15,39901,2016831,University Heights (North)-Fordham,,
PC8697392,2026-09-03T11:27:04.000,Compliance,65,EAST 175 STREET,10453,Bronx,Failed for Rat Activity and Other Reason,Summons Issued,"Burrows, Garbage, Harborage",2028500067,2,2850,67,40.84709849357,-73.910928726162,"{'latitude': '40.84709849357', 'longitude': '-73.910928726162', 'human_address': '{""address"": """", ""city"": """", ""state"": """", ""zip"": """"}'}",5,14,22701,2008217,Mount Hope,,
PC8724255,2026-09-03T11:28:12.000,Treatments,545,2 Avenue,10016,Manhattan,Bait applied,,,1009110030,1,911,30,40.742388451783,-73.977582368073,"{'latitude': '40.742388451783', 'longitude': '-73.977582368073', 'human_address': '{""address"": """", ""city"": """", ""state"": """", ""zip"": """"}'}",6,2,7002,1019954,Murray Hill-Kips Bay,,
PC8769919,2026-09-03T11:29:00.000,Initial,1054,MORRIS AVENUE,10456,Bronx,Failed for Other Reason,COTA,Harborage,2024370011,2,2437,11,40.829807789068,-73.916097620014,"{'latitude': '40.829807789068', 'longitude': '-73.916097620014', 'human_address': '{""address"": """", ""city"": """", ""state"": """", ""zip"": """"}'}",4,16,175,2002384,Concourse-Concourse Village,,
PC8707954,2026-09-03T11:29:02.000,Treatments,250,WEST 91 STREET,10024,Manhattan,Bait applied,,,1012380052,1,1238,52,40.7916864208,-73.974662102366,"{'latitude': '40.7916864208', 'longitude': '-73.974662102366', 'human_address': '{""address"": """", ""city"": """", ""state"": """", ""zip"": """"}'}",7,6,179,1033561,Upper West Side (Central),,
PC8739284,2026-09-03T11:30:00.000,Compliance,233,EAST 81 STREET,10028,Manhattan,Failed for Rat Activity,Summons Issued,Burrows,1015270016,1,1527,16,40.775234016724,-73.955456652806,"{'latitude': '40.775234016724', 'longitude': '-73.955456652806', 'human_address': '{""address"": """", ""city"": """", ""state"": """", ""zip"": """"}'}",8,5,138,1048561,Upper East Side-Yorkville,,
PC8773147,2026-09-03T11:30:03.000,Initial,1308,EAST GUNHILL ROAD,10469,Bronx,Failed for Other Reason,COTA,Harborage,2045890045,2,4589,45,40.871515929701,-73.848313611997,"{'latitude': '40.871515929701', 'longitude': '-73.848313611997', 'human_address': '{""address"": """", ""city"": """", ""state"": """", ""zip"": """"}'}",11,12,350,2056099,Pelham Gardens,1026201,256833
PC8751279,2026-09-03T11:31:00.000,Compliance,40-12,94 STREET,11373,Queens,Failed for Rat Activity,Summons Issued,"Droppings, Runways",4015620026,4,1562,26,40.748473339275,-73.872303017572,"{'latitude': '40.748473339275', 'longitude': '-73.872303017572', 'human_address': '{""address"": """", ""city"": """", ""state"": """", ""zip"": """"}'}",4,21,467,4039041,Elmhurst,1019632,211994
PC8741240,2026-09-03T11:31:40.000,Treatments,1365,FINDLAY AVENUE,10456,Bronx,Bait applied,,,2027830042,2,2783,42,40.836889833553,-73.909670350147,"{'latitude': '40.836889833553', 'longitude': '-73.909670350147', 'human_address': '{""address"": """", ""city"": """", ""state"": """", ""zip"": """"}'}",4,16,17702,2007199,Mount Eden-Claremont (West),,
PC8719967,2026-09-03T11:32:19.000,Compliance,1969,MADISON AVENUE,10035,Manhattan,Failed for Rat Activity,Summons Issued,Droppings,1017500050,1,1750,50,40.806297677249,-73.94022102371,"{'latitude': '40.806297677249', 'longitude': '-73.94022102371', 'human_address': '{""address"": """", ""city"": """", ""state"": """", ""zip"": """"}'}",11,9,198,1079422,East Harlem (North),1000799,233041
PC8750351,2026-09-03T11:34:29.000,Compliance,505,WEST 144 STREET,10031,Manhattan,Failed for Rat Activity,Summons Issued,Burrows,1020760028,1,2076,28,40.824768364548,-73.94858348838,"{'latitude': '40.824768364548', 'longitude': '-73.94858348838', 'human_address': '{""address"": """", ""city"": """", ""state"": """", ""zip"": """"}'}",9,7,229,1061910,Hamilton Heights-Sugar Hill,,
PC8739538,2026-09-03T11:35:00.000,Compliance,278,CHAUNCEY STREET,11233,Brooklyn,Failed for Rat Activity,Summons Issued,"Droppings, Burrows, Runways",3015130014,3,1513,14,40.681289969525,-73.921596021052,"{'latitude': '40.681289969525', 'longitude': '-73.921596021052', 'human_address': '{""address"": """", ""city"": """", ""state"": """", ""zip"": """"}'}",3,41,379,3041003,Bedford-Stuyvesant (East),1005996,187501
PC8732016,2026-09-03T11:35:00.000,Compliance,724,METROPOLITAN AVENUE,11211,Brooklyn,Failed for Rat Activity and Other Reason,Summons Issued,"Droppings, Burrows, Harborage",3027640019,3,2764,19,40.714457703145,-73.945014771916,"{'latitude': '40.714457703145', 'longitude': '-73.945014771916', 'human_address': '{""address"": """", ""city"": """", ""state"": """", ""zip"": """"}'}",1,34,497,3068868,East Williamsburg,999493,199581
PC8707425,2026-09-03T11:36:00.000,Treatments,1027,FAILE STREET,10459,Bronx,Bait applied,,,2027490048,2,2749,48,40.824010409804,-73.889565943743,"{'latitude': '40.824010409804', 'longitude': '-73.889565943743', 'human_address': '{""address"": """", ""city"": """", ""state"": """", ""zip"": """"}'}",2,17,119,2006127,Longwood,1014814,239508
PC8763473,2026-09-03T11:36:32.000,Compliance,170,WILSON AVENUE,11237,Brooklyn,Failed for Rat Activity,Summons Issued,Burrows,3032340032,3,3234,32,40.699849173974,-73.924250098087,"{'latitude': '40.699849173974', 'longitude': '-73.924250098087', 'human_address': '{""address"": """", ""city"": """", ""state"": """", ""zip"": """"}'}",4,37,423,3073534,Bushwick (West),,
PC8770295,2026-09-03T11:39:00.000,Initial,1046,MORRIS AVENUE,10456,Bronx,Failed for Rat Activity and Other Reason,COTA,"Droppings, Harborage",2024370007,2,2437,7,40.829709020702,-73.916155561333,"{'latitude': '40.829709020702', 'longitude': '-73.916155561333', 'human_address': '{""address"": """", ""city"": """", ""state"": """", ""zip"": """"}'}",4,16,175,2002380,Concourse-Concourse Village,,
PC8768916,2026-09-03T11:39:50.000,Initial,2654,FREDRICK DOUGLASS BL,10030,Manhattan,Failed for Rat Activity,City Agency Referral,Burrows,1020270001,1,2027,1,40.820308637604,-73.94374913392,"{'latitude': '40.820308637604', 'longitude': '-73.94374913392', 'human_address': '{""address"": """", ""city"": """", ""state"": """", ""zip"": """"}'}",10,9,230,1086080,Harlem (North),,
PC8671921,2026-09-03T11:40:18.000,Treatments,895,EMPIRE BOULEVARD,11213,Brooklyn,Bait applied,,,3014240055,3,1424,55,40.663519123154,-73.932733206422,"{'latitude': '40.663519123154', 'longitude': '-73.932733206422', 'human_address': '{""address"": """", ""city"": """", ""state"": """", ""zip"": """"}'}",9,41,355,3038412,Crown Heights (South),,
PC8775228,2026-09-03T11:40:24.000,Initial,,,10468,Bronx,Failed for Other Reason,COTA,"Garbage, Harborage",,2,3315,122,,,,,,,,,,
PC8718719,2026-09-03T11:40:58.000,Treatments,2616,BRIGGS AVENUE,10458,Bronx,Bait applied,,,2032930047,2,3293,47,40.864394368006,-73.893146572879,"{'latitude': '40.864394368006', 'longitude': '-73.893146572879', 'human_address': '{""address"": """", ""city"": """", ""state"": """", ""zip"": """"}'}",7,15,39901,2016796,University Heights (North)-Fordham,,
PC8725428,2026-09-03T11:41:10.000,Compliance,276,WEST  135 STREET,10030,Manhattan,Failed for Rat Activity and Other Reason,Summons Issued,"Droppings, Burrows, Gnawing, Garbage, Harborage",1019400061,1,1940,61,40.81627496693,-73.946046675003,"{'latitude': '40.81627496693', 'longitude': '-73.946046675003', 'human_address': '{""address"": """", ""city"": """", ""state"": """", ""zip"": """"}'}",10,9,228,1084056,Harlem (North),999184,236675
PC8652292,2026-09-03T11:42:28.000,Compliance,1651,LEXINGTON AVENUE,10029,Manhattan,Failed for Rat Activity and Other Reason,Summons Issued,"Burrows, Runways, Garbage",1016320022,1,1632,22,40.791023802593,-73.947150640431,"{'latitude': '40.791023802593', 'longitude': '-73.947150640431', 'human_address': '{""address"": """", ""city"": """", ""state"": """", ""zip"": """"}'}",11,8,166,1051955,East Harlem (South),,
PC8750120,2026-09-03T11:42:29.000,Compliance,521,WEST 144 STREET,10031,Manhattan,Failed for Rat Activity,Summons Issued,Burrows,1020760021,1,2076,21,40.824900252366,-73.948897739269,"{'latitude': '40.824900252366', 'longitude': '-73.948897739269', 'human_address': '{""address"": """", ""city"": """", ""state"": """", ""zip"": """"}'}",9,7,229,1079491,Hamilton Heights-Sugar Hill,,
PC8740811,2026-09-03T11:42:35.000,Compliance,329,EAST 89 STREET,10128,Manhattan,Failed for Rat Activity,Summons Issued,Droppings,1015520019,1,1552,19,40.779461218938,-73.949503249009,"{'latitude': '40.779461218938', 'longitude': '-73.949503249009', 'human_address': '{""address"": """", ""city"": """", ""state"": """", ""zip"": """"}'}",8,5,15401,1050115,Upper East Side-Yorkville,,
PC8770153,2026-09-03T11:43:00.000,Initial,1044,MORRIS AVENUE,10456,Bronx,Failed for Rat Activity,COTA,Droppings,2024370006,2,2437,6,40.829687070708,-73.91616642965,"{'latitude': '40.829687070708', 'longitude': '-73.91616642965', 'human_address': '{""address"": """", ""city"": """", ""state"": """", ""zip"": """"}'}",4,16,175,2002379,Concourse-Concourse Village,,
PC8707909,2026-09-03T11:43:15.000,Treatments,268,WEST 91 STREET,10024,Manhattan,Bait applied,,,1012380059,1,1238,59,40.79179352236,-73.974918474459,"{'latitude': '40.79179352236', 'longitude': '-73.974918474459', 'human_address': '{""address"": """", ""city"": """", ""state"": """", ""zip"": """"}'}",7,6,179,1033566,Upper West Side (Central),,
PC8739202,2026-09-03T11:43:15.000,Compliance,237,EAST 81 STREET,10028,Manhattan,Failed for Rat Activity,Summons Issued,"Droppings, Burrows",1015270018,1,1527,18,40.775206543943,-73.955391681387,"{'latitude': '40.775206543943', 'longitude': '-73.955391681387', 'human_address': '{""address"": """", ""city"": """", ""state"": """", ""zip"": """"}'}",8,5,138,1048563,Upper East Side-Yorkville,,
PC8618689,2026-09-03T11:44:48.000,Treatments,1966,JEROME AVENUE,10453,Bronx,Bait applied,,,2028540001,2,2854,1,40.851916804859,-73.909085966267,"{'latitude': '40.851916804859', 'longitude': '-73.909085966267', 'human_address': '{""address"": """", ""city"": """", ""state"": """", ""zip"": """"}'}",5,14,241,2008258,Mount Hope,,
PC8735179,2026-09-03T11:45:00.000,Treatments,1024,FAILE STREET,10459,Bronx,Bait applied,,,2027480012,2,2748,12,40.82395823197,-73.889537125023,"{'latitude': '40.82395823197', 'longitude': '-73.889537125023', 'human_address': '{""address"": """", ""city"": """", ""state"": """", ""zip"": """"}'}",2,17,119,2006090,Longwood,,
PC8739034,2026-09-03T11:45:00.000,Compliance,114-31,139 STREET,11436,Queens,Failed for Other Reason,Summons Issued,Harborage,4119690049,4,11969,49,40.682702755102,-73.804000167613,"{'latitude': '40.682702755102', 'longitude': '-73.804000167613', 'human_address': '{""address"": """", ""city"": """", ""state"": """", ""zip"": """"}'}",12,28,192,4259110,Baisley Park,1038611,188067
PC8754258,2026-09-03T11:46:00.000,Compliance,40-41,ASKE STREET,11373,Queens,Failed for Rat Activity,Summons Issued,"Burrows, Rats",4015620005,4,1562,5,40.748207778908,-73.872917072616,"{'latitude': '40.748207778908', 'longitude': '-73.872917072616', 'human_address': '{""address"": """", ""city"": """", ""state"": """", ""zip"": """"}'}",4,21,467,4039032,Elmhurst,,
PC8727983,2026-09-03T11:47:00.000,Treatments,1026,FAILE STREET,10459,Bronx,Bait applied,,,2027480013,2,2748,13,40.82399666179,-73.889540674191,"{'latitude': '40.82399666179', 'longitude': '-73.889540674191', 'human_address': '{""address"": """", ""city"": """", ""state"": """", ""zip"": """"}'}",2,17,119,2006091,Longwood,1014821,239503
PC8770011,2026-09-03T11:47:00.000,Initial,1042,MORRIS AVENUE,10456,Bronx,Failed for Rat Activity,COTA,"Droppings, Burrows",2024370005,2,2437,5,40.82966237861,-73.916180914944,"{'latitude': '40.82966237861', 'longitude': '-73.916180914944', 'human_address': '{""address"": """", ""city"": """", ""state"": """", ""zip"": """"}'}",4,16,175,2002378,Concourse-Concourse Village,,
PC8760893,2026-09-03T11:49:45.000,Compliance,105,WEST   74 STREET,10023,Manhattan,Failed for Rat Activity,Summons Issued,Burrows,1011460027,1,1146,27,40.778877384286,-73.978176641913,"{'latitude': '40.778877384286', 'longitude': '-73.978176641913', 'human_address': '{""address"": """", ""city"": """", ""state"": """", ""zip"": """"}'}",7,6,161,1030068,Upper West Side (Central),990294,223046
PC8742428,2026-09-03T11:50:11.000,Compliance,321,EAST 83 STREET,10028,Manhattan,Failed for Rat Activity,Summons Issued,"Droppings, Burrows",1015460014,1,1546,14,40.775633553301,-73.95247044195,"{'latitude': '40.775633553301', 'longitude': '-73.95247044195', 'human_address': '{""address"": """", ""city"": """", ""state"": """", ""zip"": """"}'}",8,5,138,1049923,Upper East Side-Yorkville,,
PC8769989,2026-09-03T11:51:00.000,Initial,1040,MORRIS AVENUE,10456,Bronx,Failed for Rat Activity,COTA,Droppings,2024370004,2,2437,4,40.829637686511,-73.916195400227,"{'latitude': '40.829637686511', 'longitude': '-73.916195400227', 'human_address': '{""address"": """", ""city"": """", ""state"": """", ""zip"": """"}'}",4,16,175,2002377,Concourse-Concourse Village,,
PC8769863,2026-09-03T11:52:09.000,Initial,301,EAST 162 STREET,10451,Bronx,Failed for Rat Activity,COTA,Droppings,2024220047,2,2422,47,40.826138538648,-73.916741822787,"{'latitude': '40.826138538648', 'longitude': '-73.916741822787', 'human_address': '{""address"": """", ""city"": """", ""state"": """", ""zip"": """"}'}",4,16,173,2001977,Concourse-Concourse Village,,
PC8740472,2026-09-03T11:53:05.000,Compliance,325,EAST 89 STREET,10128,Manhattan,Failed for Rat Activity,Summons Issued,Droppings,1015520017,1,1552,17,40.779488696627,-73.949571832937,"{'latitude': '40.779488696627', 'longitude': '-73.949571832937', 'human_address': '{""address"": """", ""city"": """", ""state"": """", ""zip"": """"}'}",8,5,15401,1050113,Upper East Side-Yorkville,,
PC8718816,2026-09-03T11:53:15.000,Treatments,260,EAST 194 STREET,10458,Bronx,Bait applied,,,2032930050,2,3293,50,40.864893379132,-73.892578144131,"{'latitude': '40.864893379132', 'longitude': '-73.892578144131', 'human_address': '{""address"": """", ""city"": """", ""state"": """", ""zip"": """"}'}",7,15,39901,2016797,University Heights (North)-Fordham,,
PC8747862,2026-09-03T11:54:00.000,Compliance,315,HART STREET,11206,Brooklyn,Failed for Rat Activity and Other Reason,Summons Issued,"Runways, Harborage",3015910054,3,1591,54,40.694373544588,-73.93830952755,"{'latitude': '40.694373544588', 'longitude': '-73.93830952755', 'human_address': '{""address"": """", ""city"": """", ""state"": """", ""zip"": """"}'}",3,36,283,3043023,Bedford-Stuyvesant (East),1001357,192264
PC8707948,2026-09-03T11:54:40.000,Treatments,628,WEST END AVENUE,10024,Manhattan,Bait applied,,,1012380104,1,1238,104,40.791763506267,-73.975738284784,"{'latitude': '40.791763506267', 'longitude': '-73.975738284784', 'human_address': '{""address"": """", ""city"": """", ""state"": """", ""zip"": """"}'}",7,6,179,1033573,Upper West Side (Central),,
PC8773247,2026-09-03T11:55:03.000,Initial,833,EAST  214 STREET,10467,Bronx,Failed for Other Reason,COTA,"Garbage, Harborage",2046730023,2,4673,23,40.878884576802,-73.86057013438,"{'latitude': '40.878884576802', 'longitude': '-73.86057013438', 'human_address': '{""address"": """", ""city"": """", ""state"": """", ""zip"": """"}'}",12,12,380,2058281,Williamsbridge-Olinville,1022807,259512
PC8770304,2026-09-03T11:55:09.000,Initial,299,EAST 162 STREET,10451,Bronx,Failed for Rat Activity,COTA,Burrows,2024220048,2,2422,48,40.826155046354,-73.916796001919,"{'latitude': '40.826155046354', 'longitude': '-73.916796001919', 'human_address': '{""address"": """", ""city"": """", ""state"": """", ""zip"": """"}'}",4,16,173,2001978,Concourse-Concourse Village,,
PC8750159,2026-09-03T11:55:29.000,Compliance,529,WEST 144 STREET,10031,Manhattan,Failed for Rat Activity,Summons Issued,Burrows,1020760120,1,2076,120,40.82496619515,-73.949053058555,"{'latitude': '40.82496619515', 'longitude': '-73.949053058555', 'human_address': '{""address"": """", ""city"": """", ""state"": """", ""zip"": """"}'}",9,7,229,1061924,Hamilton Heights-Sugar Hill,,
PC8770007,2026-09-03T11:58:09.000,Initial,295,EAST 162 STREET,10451,Bronx,Failed for Rat Activity,COTA,Burrows,2024220050,2,2422,50,40.826190806428,-73.916904356825,"{'latitude': '40.826190806428', 'longitude': '-73.916904356825', 'human_address': '{""address"": """", ""city"": """", ""state"": """", ""zip"": """"}'}",4,16,173,2001979,Concourse-Concourse Village,,
PC8774282,2026-09-03T11:58:21.000,Initial,338,COLUMBUS AVENUE,10023,Manhattan,Failed for Rat Activity,COTA,Droppings,1011470033,1,1147,33,40.779898199163,-73.976981130206,"{'latitude': '40.779898199163', 'longitude': '-73.976981130206', 'human_address': '{""address"": """", ""city"": """", ""state"": """", ""zip"": """"}'}",7,6,161,1030137,Upper West Side (Central),990625,223418
PC8738543,2026-09-03T11:58:37.000,Compliance,51,AVENUE U,11223,Brooklyn,Failed for Other Reason,Summons Issued,Harborage,3070940042,3,7094,42,40.595947261777,-73.982590048278,"{'latitude': '40.595947261777', 'longitude': '-73.982590048278', 'human_address': '{""address"": """", ""city"": """", ""state"": """", ""zip"": """"}'}",11,43,402,3190837,Gravesend (West),989085,156399
PC8496754,2026-09-03T12:00:00.000,Compliance,301,HART STREET,11206,Brooklyn,Failed for Rat Activity and Other Reason,Summons Issued,"Burrows, Runways, Harborage",3015910062,3,1591,62,40.69432164137,-73.938771163156,"{'latitude': '40.69432164137', 'longitude': '-73.938771163156', 'human_address': '{""address"": """", ""city"": """", ""state"": """", ""zip"": """"}'}",3,36,283,3043029,Bedford-Stuyvesant (East),,
PC8726021,2026-09-03T12:00:12.000,Treatments,1,NATHAN D PERLMAN PL,10003,Manhattan,Bait applied,,,1009220002,1,922,2,40.732782791978,-73.983568074398,"{'latitude': '40.732782791978', 'longitude': '-73.983568074398', 'human_address': '{""address"": """", ""city"": """", ""state"": """", ""zip"": """"}'}",6,2,48,1020418,Gramercy,988226,206829
PC8750481,2026-09-03T12:01:29.000,Compliance,541,WEST 144 STREET,10031,Manhattan,Failed for Rat Activity,Summons Issued,Burrows,1020760016,1,2076,16,40.82506510973,-73.949287844693,"{'latitude': '40.82506510973', 'longitude': '-73.949287844693', 'human_address': '{""address"": """", ""city"": """", ""state"": """", ""zip"": """"}'}",9,7,229,1061902,Hamilton Heights-Sugar Hill,,
PC8741553,2026-09-03T12:01:31.000,Treatments,1315,FINDLAY AVENUE,10456,Bronx,Bait applied,,,2027830070,2,2783,70,40.835452455933,-73.910778141704,"{'latitude': '40.835452455933', 'longitude': '-73.910778141704', 'human_address': '{""address"": """", ""city"": """", ""state"": """", ""zip"": """"}'}",4,16,17702,2007211,Mount Eden-Claremont (West),,
PC8770160,2026-09-03T12:02:09.000,Initial,287,EAST 162 STREET,10451,Bronx,Failed for Rat Activity,COTA,Burrows,2024220054,2,2422,54,40.826256834184,-73.917117460524,"{'latitude': '40.826256834184', 'longitude': '-73.917117460524', 'human_address': '{""address"": """", ""city"": """", ""state"": """", ""zip"": """"}'}",4,16,173,2001981,Concourse-Concourse Village,,
PC8715550,2026-09-03T12:04:47.000,Compliance,1056,SHERMAN AVENUE,10456,Bronx,Failed for Rat Activity and Other Reason,Summons Issued,"Droppings, Harborage",2024510005,2,2451,5,40.830552825417,-73.917773370702,"{'latitude': '40.830552825417', 'longitude': '-73.917773370702', 'human_address': '{""address"": """", ""city"": """", ""state"": """", ""zip"": """"}'}",4,16,18101,2002625,Concourse-Concourse Village,1007005,241883
PC8740717,2026-09-03T12:06:43.000,Compliance,323A,EAST 89 STREET,10128,Manhattan,Failed for Rat Activity and Other Reason,Summons Issued,"Droppings, Burrows, Harborage",1015520016,1,1552,16,40.779502434664,-73.949604319532,"{'latitude': '40.779502434664', 'longitude': '-73.949604319532', 'human_address': '{""address"": """", ""city"": """", ""state"": """", ""zip"": """"}'}",8,5,15401,1050112,Upper East Side-Yorkville,,
PC8707918,2026-09-03T12:07:46.000,Treatments,204,WEST 92 STREET,10025,Manhattan,Bait applied,,,1012390038,1,1239,38,40.791614571615,-73.972549436754,"{'latitude': '40.791614571615', 'longitude': '-73.972549436754', 'human_address': '{""address"": """", ""city"": """", ""state"": """", ""zip"": """"}'}",7,6,179,1033596,Upper West Side (Central),,
PC8652312,2026-09-03T12:10:28.000,Compliance,177,EAST 104 STREET,10029,Manhattan,Failed for Rat Activity and Other Reason,Summons Issued,"Burrows, Harborage",1016320030,1,1632,30,40.790468886383,-73.946125450922,"{'latitude': '40.790468886383', 'longitude': '-73.946125450922', 'human_address': '{""address"": """", ""city"": """", ""state"": """", ""zip"": """"}'}",11,8,166,1051963,East Harlem (South),,
PC8718650,2026-09-03T12:10:34.000,Treatments,2605,BAINBRIDGE AVENUE,10458,Bronx,Bait applied,,,2032930056,2,3293,56,40.86422345279,-73.892351460125,"{'latitude': '40.86422345279', 'longitude': '-73.892351460125', 'human_address': '{""address"": """", ""city"": """", ""state"": """", ""zip"": """"}'}",7,15,39901,2016800,University Heights (North)-Fordham,,
PC8770599,2026-09-03T12:10:41.000,Initial,1263,FINDLAY AVENUE,10456,Bronx,Failed for Other Reason,COTA,Harborage,2024360030,2,2436,30,40.834066992531,-73.911593101936,"{'latitude': '40.834066992531', 'longitude': '-73.911593101936', 'human_address': '{""address"": """", ""city"": """", ""state"": """", ""zip"": """"}'}",4,16,17701,2002324,Concourse-Concourse Village,,
PC8706408,2026-09-03T12:12:10.000,Compliance,66,W 138th st,10037,Manhattan,Failed for Rat Activity and Other Reason,Summons Issued,"Burrows, Gnawing, Harborage",1017357502,1,1735,7502,40.815554722295,-73.938362950635,"{'latitude': '40.815554722295', 'longitude': '-73.938362950635', 'human_address': '{""address"": """", ""city"": """", ""state"": """", ""zip"": """"}'}",10,9,212,1053926,Harlem (North),,
PC8739303,2026-09-03T12:13:15.000,Compliance,223,EAST 82 STREET,10028,Manhattan,Failed for Rat Activity,Summons Issued,Burrows,1015280012,1,1528,12,40.775947543196,-73.955174547779,"{'latitude': '40.775947543196', 'longitude': '-73.955174547779', 'human_address': '{""address"": """", ""city"": """", ""state"": """", ""zip"": """"}'}",8,5,138,1048648,Upper East Side-Yorkville,,
PC8763362,2026-09-03T12:15:00.000,Initial,99-14,59 AVENUE,11368,Queens,Failed for Rat Activity and Other Reason,,"Burrows, Garbage",4019470001,4,1947,1,40.737193036667,-73.858832597445,"{'latitude': '40.737193036667', 'longitude': '-73.858832597445', 'human_address': '{""address"": """", ""city"": """", ""state"": """", ""zip"": """"}'}",4,21,43702,4431757,Corona,1023371,207890
PC8760104,2026-09-03T12:16:00.000,Initial,2866,FREDRICK DOUGLASS BL,10039,Manhattan,Failed for Rat Activity,COTA,Gnawing,1020380061,1,2038,61,40.827568503206,-73.938442114008,"{'latitude': '40.827568503206', 'longitude': '-73.938442114008', 'human_address': '{""address"": """", ""city"": """", ""state"": """", ""zip"": """"}'}",10,9,236,1060614,Harlem (North),,
PC8748823,2026-09-03T12:16:48.000,Treatments,1307,FINDLAY AVENUE,10456,Bronx,Bait applied,,,2027830074,2,2783,74,40.83530979416,-73.910861451708,"{'latitude': '40.83530979416', 'longitude': '-73.910861451708', 'human_address': '{""address"": """", ""city"": """", ""state"": """", ""zip"": """"}'}",4,16,17702,2007213,Mount Eden-Claremont (West),1008916,243618
PC8770204,2026-09-03T12:18:03.000,Initial,1261,FINDLAY AVENUE,10456,Bronx,Failed for Other Reason,COTA,Harborage,2024360031,2,2436,31,40.834028582898,-73.911614835694,"{'latitude': '40.834028582898', 'longitude': '-73.911614835694', 'human_address': '{""address"": """", ""city"": """", ""state"": """", ""zip"": """"}'}",4,16,17701,2002325,Concourse-Concourse Village,,
PC8770810,2026-09-03T12:18:21.000,Initial,2260,CROTONA AVENUE,10457,Bronx,Failed for Rat Activity and Other Reason,COTA,"Droppings, Harborage",2031010023,2,3101,23,40.851225751468,-73.885240787655,"{'latitude': '40.851225751468', 'longitude': '-73.885240787655', 'human_address': '{""address"": """", ""city"": """", ""state"": """", ""zip"": """"}'}",6,15,393,2012816,Belmont,1015998,249425
PC8724771,2026-09-03T12:20:00.000,Treatments,819,MANIDA STREET,10474,Bronx,Bait applied,,,2027400099,2,2740,99,40.817228049484,-73.889465243998,"{'latitude': '40.817228049484', 'longitude': '-73.889465243998', 'human_address': '{""address"": """", ""city"": """", ""state"": """", ""zip"": """"}'}",2,17,9301,2006001,Hunts Point,,
PC8775226,2026-09-03T12:20:00.000,Initial,,,11211,Brooklyn,Failed for Rat Activity and Other Reason,COTA,"Burrows, Harborage",,3,2759,22,,,,,,,,,,
PC8504907,2026-09-03T12:20:12.000,Treatments,606,1 AVENUE,10016,Manhattan,Bait applied,,,1009660001,1,966,1,40.744072814683,-73.973280045069,"{'latitude': '40.744072814683', 'longitude': '-73.973280045069', 'human_address': '{""address"": """", ""city"": """", ""state"": """", ""zip"": """"}'}",6,4,8601,1090887,Murray Hill-Kips Bay,,
PC8759812,2026-09-03T12:22:32.000,Initial,184,WYCKOFF AVENUE,11237,Brooklyn,Failed for Other Reason,COTA,Harborage,3033010032,3,3301,32,40.7019345267,-73.915433273207,"{'latitude': '40.7019345267', 'longitude': '-73.915433273207', 'human_address': '{""address"": """", ""city"": """", ""state"": """", ""zip"": """"}'}",4,37,441,3075491,Bushwick (West),1007698,195024
PC8620536,2026-09-03T12:23:22.000,Treatments,2554,MARION AVENUE,10458,Bronx,Bait applied,,,2032750015,2,3275,15,40.862505335032,-73.892441019346,"{'latitude': '40.862505335032', 'longitude': '-73.892441019346', 'human_address': '{""address"": """", ""city"": """", ""state"": """", ""zip"": """"}'}",7,15,39901,2016307,University Heights (North)-Fordham,,
PC8768872,2026-09-03T12:23:42.000,Initial,2674,FREDRICK DOUGLASS BL,10030,Manhattan,Failed for Rat Activity,City Agency Referral,Burrows,1020280001,1,2028,1,40.821043963466,-73.943210166244,"{'latitude': '40.821043963466', 'longitude': '-73.943210166244', 'human_address': '{""address"": """", ""city"": """", ""state"": """", ""zip"": """"}'}",10,9,232,1086081,Harlem (North),,
PC8731420,2026-09-03T12:26:47.000,Compliance,1229,CLAY AVENUE,10456,Bronx,Failed for Rat Activity,Summons Issued,Droppings,2024310026,2,2431,26,40.832685508251,-73.910456635226,"{'latitude': '40.832685508251', 'longitude': '-73.910456635226', 'human_address': '{""address"": """", ""city"": """", ""state"": """", ""zip"": """"}'}",4,16,17701,2109662,Concourse-Concourse Village,,
PC8724956,2026-09-03T12:27:00.000,Treatments,866,MANIDA STREET,10474,Bronx,Bait applied,,,2027400068,2,2740,68,40.817953063634,-73.889883129061,"{'latitude': '40.817953063634', 'longitude': '-73.889883129061', 'human_address': '{""address"": """", ""city"": """", ""state"": """", ""zip"": """"}'}",2,17,9301,2005978,Hunts Point,,
PC8740557,2026-09-03T12:29:43.000,Compliance,315,EAST 89 STREET,10128,Manhattan,Failed for Rat Activity,Summons Issued,"Droppings, Burrows",1015520011,1,1552,11,40.779560134635,-73.949741485534,"{'latitude': '40.779560134635', 'longitude': '-73.949741485534', 'human_address': '{""address"": """", ""city"": """", ""state"": """", ""zip"": """"}'}",8,5,15401,1050108,Upper East Side-Yorkville,,
PC8769185,2026-09-03T12:30:03.000,Initial,999,FREEMAN STREET,10459,Bronx,Failed for Other Reason,City Agency Referral,Harborage,2030070001,2,3007,1,40.829363568739,-73.887674390771,"{'latitude': '40.829363568739', 'longitude': '-73.887674390771', 'human_address': '{""address"": """", ""city"": """", ""state"": """", ""zip"": """"}'}",3,17,123,2010906,Crotona Park East,,
PC8760412,2026-09-03T12:31:04.000,Compliance,2370,LORILLARD PLACE,10458,Bronx,Failed for Rat Activity,Summons Issued,Burrows,2030540014,2,3054,14,40.855663024504,-73.889867448751,"{'latitude': '40.855663024504', 'longitude': '-73.889867448751', 'human_address': '{""address"": """", ""city"": """", ""state"": """", ""zip"": """"}'}",6,15,387,2011657,Belmont,,
PC8741615,2026-09-03T12:31:26.000,Treatments,1303,FINDLAY AVENUE,10456,Bronx,Bait applied,,,2027830078,2,2783,78,40.835238464651,-73.910904913484,"{'latitude': '40.835238464651', 'longitude': '-73.910904913484', 'human_address': '{""address"": """", ""city"": """", ""state"": """", ""zip"": """"}'}",4,16,17702,2007215,Mount Eden-Claremont (West),,
PC8770333,2026-09-03T12:32:03.000,Initial,928,COLLEGE AVENUE,10456,Bronx,Failed for Rat Activity and Other Reason,COTA,"Droppings, Burrows, Harborage",2024230053,2,2423,53,40.827104203047,-73.916075748596,"{'latitude': '40.827104203047', 'longitude': '-73.916075748596', 'human_address': '{""address"": """", ""city"": """", ""state"": """", ""zip"": """"}'}",4,16,173,2002016,Concourse-Concourse Village,,
PC8728428,2026-09-03T12:35:03.000,Compliance,3011,PAULDING AVENUE,10469,Bronx,Failed for Other Reason,Summons Issued,Harborage,2045760051,2,4576,51,40.869865661326,-73.858539009668,"{'latitude': '40.869865661326', 'longitude': '-73.858539009668', 'human_address': '{""address"": """", ""city"": """", ""state"": """", ""zip"": """"}'}",12,12,342,2055849,Allerton,1023374,256227
PC8768446,2026-09-03T12:35:58.000,Initial,3210,PERRY AVENUE,10467,Bronx,Failed for Rat Activity and Other Reason,COTA,"Droppings, Garbage, Harborage",2033460010,2,3346,10,40.87491513818,-73.876904671314,"{'latitude': '40.87491513818', 'longitude': '-73.876904671314', 'human_address': '{""address"": """", ""city"": """", ""state"": """", ""zip"": """"}'}",7,11,42901,2018333,Norwood,1018292,258059
PC8760002,2026-09-03T12:42:00.000,Compliance,2366,LORILLARD PLACE,10458,Bronx,Failed for Rat Activity and Other Reason,Summons Issued,"Droppings, Burrows, Garbage",2030540012,2,3054,12,40.855599951143,-73.889925392499,"{'latitude': '40.855599951143', 'longitude': '-73.889925392499', 'human_address': '{""address"": """", ""city"": """", ""state"": """", ""zip"": """"}'}",6,15,387,2011656,Belmont,,
PC8750611,2026-09-03T12:46:02.000,Compliance,184-07,NORTH CONDUIT AVENUE,11413,Queens,Failed for Other Reason,Summons Issued,"Garbage, Mice",4130940105,4,13094,105,40.666713453926,-73.760200205598,"{'latitude': '40.666713453926', 'longitude': '-73.760200205598', 'human_address': '{""address"": """", ""city"": """", ""state"": """", ""zip"": """"}'}",12,31,330,4281315,Springfield Gardens (North)-Rochdale Village,1050775,182272
PC8729148,2026-09-03T12:46:47.000,Compliance,1125,FINDLAY AVENUE,10456,Bronx,Failed for Rat Activity and Other Reason,Summons Issued,"Droppings, Burrows, Garbage",2024340032,2,2434,32,40.830766547674,-73.913534380973,"{'latitude': '40.830766547674', 'longitude': '-73.913534380973', 'human_address': '{""address"": """", ""city"": """", ""state"": """", ""zip"": """"}'}",4,16,175,2002261,Concourse-Concourse Village,,
PC8740785,2026-09-03T12:48:54.000,Compliance,304,EAST 89 STREET,10128,Manhattan,Failed for Rat Activity,Summons Issued,Burrows,1015510048,1,1551,48,40.779617851776,-73.949918370434,"{'latitude': '40.779617851776', 'longitude': '-73.949918370434', 'human_address': '{""address"": """", ""city"": """", ""state"": """", ""zip"": """"}'}",8,5,14602,1050098,Upper East Side-Yorkville,,
PC8498184,2026-09-03T12:50:00.000,Compliance,374,FRANKLIN AVENUE,11238,Brooklyn,Failed for Rat Activity,Summons Issued,Burrows,,3,1973,41,40.686081759658,-73.956673867191,"{'latitude': '40.686081759658', 'longitude': '-73.956673867191', 'human_address': '{""address"": """", ""city"": """", ""state"": """", ""zip"": """"}'}",3,36,229,,Bedford-Stuyvesant (West),,
PC8662316,2026-09-03T12:50:30.000,Treatments,299,EAST  158 STREET,10451,Bronx,Bait applied,,,2024180001,2,2418,1,40.823158373875,-73.917609111422,"{'latitude': '40.823158373875', 'longitude': '-73.917609111422', 'human_address': '{""address"": """", ""city"": """", ""state"": """", ""zip"": """"}'}",1,17,69,2001887,Melrose,1007053,239189
PC8759962,2026-09-03T12:51:00.000,Initial,490,ST NICHOLAS AVENUE,10030,Manhattan,Failed for Other Reason,COTA,Harborage,1019590056,1,1959,56,40.816627296705,-73.948224909205,"{'latitude': '40.816627296705', 'longitude': '-73.948224909205', 'human_address': '{""address"": """", ""city"": """", ""state"": """", ""zip"": """"}'}",10,9,22102,1059458,Harlem (North),,
PC8769329,2026-09-03T12:52:21.000,Initial,4646,PARK AVENUE,10458,Bronx,Failed for Rat Activity and Other Reason,COTA,"Droppings, Mice, Animal Nuisance",2030400003,2,3040,3,40.857521095021,-73.892647938037,"{'latitude': '40.857521095021', 'longitude': '-73.892647938037', 'human_address': '{""address"": """", ""city"": """", ""state"": """", ""zip"": """"}'}",6,15,385,2114972,Belmont,1013946,251716
PC8740585,2026-09-03T12:53:01.000,Compliance,302,EAST 90 STREET,10128,Manhattan,Failed for Rat Activity,Summons Issued,Droppings,1015520048,1,1552,48,40.780259938895,-73.949495419308,"{'latitude': '40.780259938895', 'longitude': '-73.949495419308', 'human_address': '{""address"": """", ""city"": """", ""state"": """", ""zip"": """"}'}",8,5,15401,1050136,Upper East Side-Yorkville,,
PC8738370,2026-09-03T12:54:00.000,Compliance,601,WILLOUGHBY AVENUE,11206,Brooklyn,Failed for Other Reason,Summons Issued,Harborage,3017600072,3,1760,72,40.694344067027,-73.945114365016,"{'latitude': '40.694344067027', 'longitude': '-73.945114365016', 'human_address': '{""address"": """", ""city"": """", ""state"": """", ""zip"": """"}'}",3,36,25901,3048878,Bedford-Stuyvesant (West),999470,192252
PC8726428,2026-09-03T12:55:03.000,Compliance,2942,THROOP AVENUE,10469,Bronx,Failed for Other Reason,Summons Issued,Harborage,2045630031,2,4563,31,40.868404047066,-73.850902299644,"{'latitude': '40.868404047066', 'longitude': '-73.850902299644', 'human_address': '{""address"": """", ""city"": """", ""state"": """", ""zip"": """"}'}",11,12,348,2055304,Pelham Gardens,1025487,255698
PC8760283,2026-09-03T12:58:34.000,Compliance,2364,LORILLARD PLACE,10458,Bronx,Failed for Rat Activity and Other Reason,Summons Issued,"Burrows, Harborage",2030540010,2,3054,10,40.855567038626,-73.889950751688,"{'latitude': '40.855567038626', 'longitude': '-73.889950751688', 'human_address': '{""address"": """", ""city"": """", ""state"": """", ""zip"": """"}'}",6,15,387,2011655,Belmont,,
PC8698716,2026-09-03T13:00:00.000,Treatments,961,WASHINGTON AVENUE,11225,Brooklyn,Bait applied,,,3011927502,3,1192,7502,40.665997200842,-73.961473890533,"{'latitude': '40.665997200842', 'longitude': '-73.961473890533', 'human_address': '{""address"": """", ""city"": """", ""state"": """", ""zip"": """"}'}",9,35,213,3029725,Crown Heights (South),994938,181922
PC8740076,2026-09-03T13:00:20.000,Compliance,909,3 AVENUE,10022,Manhattan,Failed for Rat Activity and Other Reason,Summons Issued,"Burrows, Animal Nuisance",1013280001,1,1328,1,40.758736890691,-73.96861768921,"{'latitude': '40.758736890691', 'longitude': '-73.96861768921', 'human_address': '{""address"": """", ""city"": """", ""state"": """", ""zip"": """"}'}",6,4,10801,1038570,East Midtown-Turtle Bay,992856,215558
PC8738849,2026-09-03T13:02:00.000,Treatments,6018,4 AVENUE,11220,Brooklyn,Bait applied,,,3057810040,3,5781,40,40.640676084061,-74.018603529803,"{'latitude': '40.640676084061', 'longitude': '-74.018603529803', 'human_address': '{""address"": """", ""city"": """", ""state"": """", ""zip"": """"}'}",7,38,72,3143387,Sunset Park (West),,
PC8760460,2026-09-03T13:02:00.000,Initial,2491,8 AVENUE,10030,Manhattan,Failed for Rat Activity,COTA,Burrows,1019590001,1,1959,1,40.815375306361,-73.947373281287,"{'latitude': '40.815375306361', 'longitude': '-73.947373281287', 'human_address': '{""address"": """", ""city"": """", ""state"": """", ""zip"": """"}'}",10,9,215,1059446,Harlem (North),,
PC8706156,2026-09-03T13:04:07.000,Treatments,1045,ST JOHNS PLACE,11213,Brooklyn,Bait applied,,,3012500053,3,1250,53,40.671265201158,-73.943478781107,"{'latitude': '40.671265201158', 'longitude': '-73.943478781107', 'human_address': '{""address"": """", ""city"": """", ""state"": """", ""zip"": """"}'}",8,35,339,3032046,Crown Heights (North),,
PC8767066,2026-09-03T13:05:00.000,Initial,68,JACKSON STREET,11211,Brooklyn,Failed for Rat Activity and Other Reason,COTA,"Burrows, Harborage, Animal Nuisance",3027470013,3,2747,13,40.716235376246,-73.948923657945,"{'latitude': '40.716235376246', 'longitude': '-73.948923657945', 'human_address': '{""address"": """", ""city"": """", ""state"": """", ""zip"": """"}'}",1,34,501,3322825,East Williamsburg,998409,200227
PC8769388,2026-09-03T13:05:03.000,Initial,232,QUINCY STREET,11216,Brooklyn,Failed for Rat Activity,COTA,Droppings,3018070039,3,1807,39,40.686766171492,-73.952191484768,"{'latitude': '40.686766171492', 'longitude': '-73.952191484768', 'human_address': '{""address"": """", ""city"": """", ""state"": """", ""zip"": """"}'}",3,36,243,3389244,Bedford-Stuyvesant (West),997509,189490
PC8760528,2026-09-03T13:05:34.000,Compliance,2356,LORILLARD PLACE,10458,Bronx,Failed for Other Reason,Summons Issued,Harborage,2030540006,2,3054,6,40.855440891789,-73.890066638749,"{'latitude': '40.855440891789', 'longitude': '-73.890066638749', 'human_address': '{""address"": """", ""city"": """", ""state"": """", ""zip"": """"}'}",6,15,387,2011652,Belmont,,
PC8636631,2026-09-03T13:06:47.000,Compliance,1420,GRAND CONCOURSE,10456,Bronx,Failed for Rat Activity and Other Reason,Summons Issued,"Droppings, Burrows, Rats, Garbage, Harborage",2028320008,2,2832,8,40.839242237023,-73.913447427794,"{'latitude': '40.839242237023', 'longitude': '-73.913447427794', 'human_address': '{""address"": """", ""city"": """", ""state"": """", ""zip"": """"}'}",4,16,225,2007988,Mount Eden-Claremont (West),,
PC8750946,2026-09-03T13:08:00.000,Compliance,905,MYRTLE AVENUE,11206,Brooklyn,Failed for Rat Activity and Other Reason,Summons Issued,"Droppings, Runways, Harborage",3017470035,3,1747,35,40.695656860257,-73.946793780441,"{'latitude': '40.695656860257', 'longitude': '-73.946793780441', 'human_address': '{""address"": """", ""city"": """", ""state"": """", ""zip"": """"}'}",3,36,257,3048529,Bedford-Stuyvesant (West),,
PC8383085,2026-09-03T13:08:10.000,Compliance,2802,FREDRICK DOUGLASS BL,10039,Manhattan,Failed for Rat Activity and Other Reason,Summons Issued,"Droppings, Burrows, Rats, Garbage",1020350001,1,2035,1,40.825409222594,-73.940012284142,"{'latitude': '40.825409222594', 'longitude': '-73.940012284142', 'human_address': '{""address"": """", ""city"": """", ""state"": """", ""zip"": """"}'}",10,9,234,1084148,Harlem (North),,
PC8676765,2026-09-03T13:17:00.000,Compliance,54,TOMPKINS AVENUE,11206,Brooklyn,Failed for Rat Activity and Other Reason,Summons Issued,"Burrows, Runways, Gnawing, Garbage",3017390038,3,1739,38,40.697833464223,-73.946792036694,"{'latitude': '40.697833464223', 'longitude': '-73.946792036694', 'human_address': '{""address"": """", ""city"": """", ""state"": """", ""zip"": """"}'}",3,36,257,3048509,Bedford-Stuyvesant (West),,
PC8751525,2026-09-03T13:17:20.000,Compliance,350,EAST   53 STREET,10022,Manhattan,Failed for Rat Activity and Other Reason,Summons Issued,"Droppings, Burrows, Garbage",1013450030,1,1345,30,40.756238401752,-73.965958657687,"{'latitude': '40.756238401752', 'longitude': '-73.965958657687', 'human_address': '{""address"": """", ""city"": """", ""state"": """", ""zip"": """"}'}",6,4,98,1039803,East Midtown-Turtle Bay,993681,214799
PC8730336,2026-09-03T13:17:32.000,Compliance,299,STANHOPE STREET,11237,Brooklyn,Failed for Rat Activity,Summons Issued,"Droppings, Burrows, Runways",3032590052,3,3259,52,40.702433719062,-73.918736276509,"{'latitude': '40.702433719062', 'longitude': '-73.918736276509', 'human_address': '{""address"": """", ""city"": """", ""state"": """", ""zip"": """"}'}",4,37,443,3074258,Bushwick (West),,
PC8762054,2026-09-03T13:17:46.000,Compliance,435,GATES AVENUE,11216,Brooklyn,Failed for Rat Activity,Summons Issued,Burrows,3018080174,3,1808,174,40.686317718247,-73.949725497317,"{'latitude': '40.686317718247', 'longitude': '-73.949725497317', 'human_address': '{""address"": """", ""city"": """", ""state"": """", ""zip"": """"}'}",3,36,251,3322227,Bedford-Stuyvesant (West),,
PC8760405,2026-09-03T13:19:34.000,Compliance,2348,LORILLARD PLACE,10458,Bronx,Failed for Other Reason,Summons Issued,Harborage,2030540004,2,3054,4,40.855312000104,-73.890182529917,"{'latitude': '40.855312000104', 'longitude': '-73.890182529917', 'human_address': '{""address"": """", ""city"": """", ""state"": """", ""zip"": """"}'}",6,15,387,2011651,Belmont,,
PC8736079,2026-09-03T13:23:00.000,Treatments,349,62 STREET,11220,Brooklyn,Bait applied,,,3057900054,3,5790,54,40.640209159303,-74.020433832384,"{'latitude': '40.640209159303', 'longitude': '-74.020433832384', 'human_address': '{""address"": """", ""city"": """", ""state"": """", ""zip"": """"}'}",7,38,72,3143706,Sunset Park (West),978579,172525
PC8538155,2026-09-03T13:30:51.000,Treatments,1546,ST JOHNS PLACE,11213,Brooklyn,Bait applied,,,3013860020,3,1386,20,40.670350127636,-73.927023416686,"{'latitude': '40.670350127636', 'longitude': '-73.927023416686', 'human_address': '{""address"": """", ""city"": """", ""state"": """", ""zip"": """"}'}",8,41,35701,3037163,Crown Heights (North),,
PC8738836,2026-09-03T13:43:00.000,Treatments,335,61 STREET,11220,Brooklyn,Bait applied,,,3057810058,3,5781,58,40.640928347558,-74.020120570365,"{'latitude': '40.640928347558', 'longitude': '-74.020120570365', 'human_address': '{""address"": """", ""city"": """", ""state"": """", ""zip"": """"}'}",7,38,72,3143403,Sunset Park (West),,
PC8693012,2026-09-03T13:47:23.000,Treatments,1588,ST JOHN PLACE,11213,Brooklyn,Bait applied,,,3013860043,3,1386,43,40.670286229444,-73.925826677536,"{'latitude': '40.670286229444', 'longitude': '-73.925826677536', 'human_address': '{""address"": """", ""city"": """", ""state"": """", ""zip"": """"}'}",8,41,35701,3037180,Crown Heights (North),1004826,183491
PC8767202,2026-09-03T13:51:32.000,Initial,775,COLUMBUS AVENUE,10025,Manhattan,Failed for Rat Activity,COTA,Burrows,1018337505,1,1833,7505,40.794042111674,-73.966643509442,"{'latitude': '40.794042111674', 'longitude': '-73.966643509442', 'human_address': '{""address"": """", ""city"": """", ""state"": """", ""zip"": """"}'}",7,7,185,1088481,Upper West Side-Manhattan Valley,993486,228572
PC8769282,2026-09-03T14:00:00.000,Initial,410,MANHATTAN AVENUE,11211,Brooklyn,Failed for Rat Activity and Other Reason,COTA,"Burrows, Harborage",3027347502,3,2734,7502,40.718185886457,-73.946681932537,"{'latitude': '40.718185886457', 'longitude': '-73.946681932537', 'human_address': '{""address"": """", ""city"": """", ""state"": """", ""zip"": """"}'}",1,34,497,3425138,East Williamsburg,999030,200938
PC8773902,2026-09-03T14:12:22.000,Initial,39,MACDONOUGH STREET,11216,Brooklyn,Failed for Rat Activity,COTA,"Droppings, Burrows",3018510055,3,1851,55,40.680889039075,-73.944815415358,"{'latitude': '40.680889039075', 'longitude': '-73.944815415358', 'human_address': '{""address"": """", ""city"": """", ""state"": """", ""zip"": """"}'}",3,36,269,3053336,Bedford-Stuyvesant (West),999556,187350
PC8764612,2026-09-03T14:15:02.000,Initial,161-17,121 AVENUE,11434,Queens,Failed for Other Reason,COTA,Harborage,4122520046,4,12252,46,40.679426642445,-73.781851338386,"{'latitude': '40.679426642445', 'longitude': '-73.781851338386', 'human_address': '{""address"": """", ""city"": """", ""state"": """", ""zip"": """"}'}",12,28,28802,4265853,Baisley Park,1044757,186888
PC8770781,2026-09-03T14:29:32.000,Initial,70,WILSON AVENUE,11237,Brooklyn,Failed for Rat Activity,COTA,Burrows,3031730028,3,3173,28,40.702113428472,-73.928232780789,"{'latitude': '40.702113428472', 'longitude': '-73.928232780789', 'human_address': '{""address"": """", ""city"": """", ""state"": """", ""zip"": """"}'}",4,34,425,3072285,Bushwick (West),1004149,195086
PC8746171,2026-09-03T14:30:00.000,Compliance,142,RICHARDSON STREET,11211,Brooklyn,Failed for Rat Activity,Summons Issued,Burrows,3027340014,3,2734,14,40.718660379917,-73.94593119704,"{'latitude': '40.718660379917', 'longitude': '-73.94593119704', 'human_address': '{""address"": """", ""city"": """", ""state"": """", ""zip"": """"}'}",1,34,497,3068078,East Williamsburg,999238,201111
PC8740991,2026-09-03T14:33:58.000,Compliance,788,COLUMBUS AVENUE,10025,Manhattan,Failed for Rat Activity,Summons Issued,Droppings,1018520020,1,1852,20,40.794511371062,-73.966325452699,"{'latitude': '40.794511371062', 'longitude': '-73.966325452699', 'human_address': '{""address"": """", ""city"": """", ""state"": """", ""zip"": """"}'}",7,7,185,1055902,Upper West Side-Manhattan Valley,993574,228743
PC8774275,2026-09-03T14:37:16.000,Initial,118,FENIMORE STREET,11225,Brooklyn,Failed for Rat Activity,COTA,"Droppings, Burrows",3050420035,3,5042,35,40.658179021645,-73.958468924664,"{'latitude': '40.658179021645', 'longitude': '-73.958468924664', 'human_address': '{""address"": """", ""city"": """", ""state"": """", ""zip"": """"}'}",9,40,79601,3115515,Prospect Lefferts Gardens-Wingate,995773,179074
PC8774274,2026-09-03T14:43:28.000,Initial,603,FLATBUSH AVENUE,11225,Brooklyn,Failed for Rat Activity and Other Reason,COTA,"Droppings, Burrows, Runways, Animal Nuisance",3050370010,3,5037,10,40.658613412939,-73.960494221051,"{'latitude': '40.658613412939', 'longitude': '-73.960494221051', 'human_address': '{""address"": """", ""city"": """", ""state"": """", ""zip"": """"}'}",9,40,79801,3115286,Prospect Lefferts Gardens-Wingate,995211,179232
PC8544771,2026-09-03T14:52:37.000,Compliance,77,SULLIVAN PLACE,11225,Brooklyn,Failed for Rat Activity and Other Reason,Summons Issued,"Droppings, Burrows, Garbage, Harborage",3013020001,3,1302,1,40.664223088335,-73.958645372878,"{'latitude': '40.664223088335', 'longitude': '-73.958645372878', 'human_address': '{""address"": """", ""city"": """", ""state"": """", ""zip"": """"}'}",9,35,325,3388697,Crown Heights (South),995695,181274
PC8770694,2026-09-03T14:55:43.000,Initial,13,HETT AVENUE,10306,Staten Island,Failed for Other Reason,COTA,Harborage,5040640038,5,4064,38,40.565598641754,-74.101176434833,"{'latitude': '40.565598641754', 'longitude': '-74.101176434833', 'human_address': '{""address"": """", ""city"": """", ""state"": """", ""zip"": """"}'}",2,50,12804,5056479,New Dorp-Midland Beach,956139,145358
PC8764103,2026-09-03T14:59:00.000,Initial,23,WINHAM AVENUE,10306,Staten Island,Failed for Other Reason,COTA,Harborage,5040410010,5,4041,10,40.566447286882,-74.103679185461,"{'latitude': '40.566447286882', 'longitude': '-74.103679185461', 'human_address': '{""address"": """", ""city"": """", ""state"": """", ""zip"": """"}'}",2,50,12804,5055915,New Dorp-Midland Beach,955444,145668
PC8767609,2026-09-03T15:05:00.000,Initial,100,POWERS STREET,11211,Brooklyn,Failed for Other Reason,COTA,Animal Nuisance,3027810009,3,2781,9,40.71209258173,-73.946859966987,"{'latitude': '40.71209258173', 'longitude': '-73.946859966987', 'human_address': '{""address"": """", ""city"": """", ""state"": """", ""zip"": """"}'}",1,34,503,3069374,East Williamsburg,998982,198718
PC8494710,2026-09-03T15:05:31.000,Compliance,1679,BEDFORD AVENUE,11225,Brooklyn,Failed for Rat Activity and Other Reason,Summons Issued,"Burrows, Harborage",3013040014,3,1304,14,40.665559154836,-73.956907128924,"{'latitude': '40.665559154836', 'longitude': '-73.956907128924', 'human_address': '{""address"": """", ""city"": """", ""state"": """", ""zip"": """"}'}",9,35,323,3034359,Crown Heights (South),,
PC8742771,2026-09-03T15:06:02.000,Compliance,83,CUBA AVENUE,10306,Staten Island,Failed for Other Reason,Summons Issued,Harborage,5040330039,5,4033,39,40.566327080592,-74.106058080701,"{'latitude': '40.566327080592', 'longitude': '-74.106058080701', 'human_address': '{""address"": """", ""city"": """", ""state"": """", ""zip"": """"}'}",2,50,12804,5105539,New Dorp-Midland Beach,954783,145625
PC8773815,2026-09-03T15:11:33.000,Initial,480,BUSHWICK AVENUE,11206,Brooklyn,Failed for Rat Activity and Other Reason,COTA,"Burrows, Animal Nuisance",3031380041,3,3138,41,40.701154989779,-73.9366802929,"{'latitude': '40.701154989779', 'longitude': '-73.9366802929', 'human_address': '{""address"": """", ""city"": """", ""state"": """", ""zip"": """"}'}",4,34,389,3071823,Bushwick (West),1001807,194735
PC8280150,2026-09-03T15:13:10.000,Compliance,400,MONTGOMERY STREET,11225,Brooklyn,Failed for Rat Activity,Summons Issued,Burrows,3013050038,3,1305,38,40.665417016515,-73.951514765774,"{'latitude': '40.665417016515', 'longitude': '-73.951514765774', 'human_address': '{""address"": """", ""city"": """", ""state"": """", ""zip"": """"}'}",9,35,321,3034443,Crown Heights (South),997701,181712
PC8749255,2026-09-03T15:28:17.000,Compliance,210,WEST 89 STREET,10024,Manhattan,Failed for Rat Activity,Summons Issued,Burrows,1012360037,1,1236,37,40.789852826957,-73.974211384738,"{'latitude': '40.789852826957', 'longitude': '-73.974211384738', 'human_address': '{""address"": """", ""city"": """", ""state"": """", ""zip"": """"}'}",7,6,175,1033300,Upper West Side (Central),991391,227045
PC8619663,2026-09-03T16:11:19.000,Treatments,EAST,4 STREET,10009,Manhattan,Bait applied,,,,1,387,46,,,,,,,,,,
PC8769105,2026-09-03T16:29:50.000,Initial,1101,HYLAN BOULEVARD,10305,Staten Island,Failed for Other Reason,COTA,Harborage,5032290071,5,3229,71,40.598536867082,-74.079350710066,"{'latitude': '40.598536867082', 'longitude': '-74.079350710066', 'human_address': '{""address"": """", ""city"": """", ""state"": """", ""zip"": """"}'}",2,50,64,5047385,Grasmere-Arrochar-South Beach-Dongan Hills,962214,157352
PC8770789,2026-09-03T17:01:10.000,Initial,28,BRAISTED AVENUE,10314,Staten Island,Failed for Other Reason,COTA,Harborage,5023730096,5,2373,96,40.588123089523,-74.150482133172,"{'latitude': '40.588123089523', 'longitude': '-74.150482133172', 'human_address': '{""address"": """", ""city"": """", ""state"": """", ""zip"": """"}'}",2,51,27704,5037894,New Springville-Willowbrook-Bulls Head-Travis,942454,153584
PC8754217,2026-09-03T17:10:39.000,Compliance,1087,CARROLL STREET,11225,Brooklyn,Failed for Rat Activity and Other Reason,Summons Issued,"Droppings, Burrows, Harborage",3012810040,3,1281,40,40.667358584878,-73.953964536695,"{'latitude': '40.667358584878', 'longitude': '-73.953964536695', 'human_address': '{""address"": """", ""city"": """", ""state"": """", ""zip"": """"}'}",9,35,323,3033491,Crown Heights (South),,
PC8767594,2026-09-03T17:18:42.000,Initial,302,EASTERN PARKWAY,11225,Brooklyn,Failed for Rat Activity and Other Reason,COTA,"Droppings, Burrows, Harborage",3011850034,3,1185,34,40.670824349998,-73.958843137115,"{'latitude': '40.670824349998', 'longitude': '-73.958843137115', 'human_address': '{""address"": """", ""city"": """", ""state"": """", ""zip"": """"}'}",9,35,213,3029673,Crown Heights (South),995707,183671
PC8640874,2026-09-03T17:22:18.000,Treatments,346,EAST 4 STREET,10009,Manhattan,Bait applied,,,1003730026,1,373,26,40.721522906218,-73.978408345277,"{'latitude': '40.721522906218', 'longitude': '-73.978408345277', 'human_address': '{""address"": """", ""city"": """", ""state"": """", ""zip"": """"}'}",3,2,2601,1000000,East Village,,
PC8482634,2026-09-03T17:23:53.000,Compliance,518,EASTERN PARKWAY,11225,Brooklyn,Failed for Rat Activity,Summons Issued,"Droppings, Burrows",3012680031,3,1268,31,40.669896431464,-73.951367303948,"{'latitude': '40.669896431464', 'longitude': '-73.951367303948', 'human_address': '{""address"": """", ""city"": """", ""state"": """", ""zip"": """"}'}",9,35,321,3032903,Crown Heights (South),,
PC8773734,2026-09-03T17:30:20.000,Initial,1702,UNION STREET,11213,Brooklyn,Failed for Rat Activity,COTA,"Droppings, Burrows",3014020029,3,1402,29,40.66785825411,-73.932116011924,"{'latitude': '40.66785825411', 'longitude': '-73.932116011924', 'human_address': '{""address"": """", ""city"": """", ""state"": """", ""zip"": """"}'}",9,35,35102,3343280,Crown Heights (South),1003082,182605
PC8765530,2026-09-03T17:35:26.000,Initial,602,MAPLE STREET,11203,Brooklyn,Failed for Rat Activity,COTA,"Droppings, Burrows",3047990028,3,4799,28,40.661415650414,-73.940928059286,"{'latitude': '40.661415650414', 'longitude': '-73.940928059286', 'human_address': '{""address"": """", ""city"": """", ""state"": """", ""zip"": """"}'}",9,40,806,3106820,Prospect Lefferts Gardens-Wingate,1000639,180256
PC8750240,2026-09-04T07:50:00.000,Compliance,2681,BAINBRIDGE AVENUE,10458,Bronx,Failed for Rat Activity,Summons Issued,Droppings,2032940060,2,3294,60,40.865660706041,-73.891304250722,"{'latitude': '40.865660706041', 'longitude': '-73.891304250722', 'human_address': '{""address"": """", ""city"": """", ""state"": """", ""zip"": """"}'}",7,15,40501,2016855,Bedford Park,,
PC8748869,2026-09-04T07:58:00.000,Compliance,2677,BAINBRIDGE AVENUE,10458,Bronx,Failed for Other Reason,Summons Issued,Harborage,2032940062,2,3294,62,40.865603118066,-73.891358577373,"{'latitude': '40.865603118066', 'longitude': '-73.891358577373', 'human_address': '{""address"": """", ""city"": """", ""state"": """", ""zip"": """"}'}",7,15,40501,2000000,Bedford Park,,
PC8750096,2026-09-04T07:58:25.000,Compliance,356,BEDFORD PARK BLVD,10458,Bronx,Failed for Rat Activity,Summons Issued,Burrows,2032840062,2,3284,62,40.868429078232,-73.884585479949,"{'latitude': '40.868429078232', 'longitude': '-73.884585479949', 'human_address': '{""address"": """", ""city"": """", ""state"": """", ""zip"": """"}'}",7,15,40702,2016566,Bedford Park,,
PC8749814,2026-09-04T08:00:00.000,Compliance,135-43,130 AVENUE,11420,Queens,Failed for Other Reason,,"Garbage, Harborage",4117750086,4,11775,86,40.671207765307,-73.802494783391,"{'latitude': '40.671207765307', 'longitude': '-73.802494783391', 'human_address': '{""address"": """", ""city"": """", ""state"": """", ""zip"": """"}'}",10,28,814,4255700,South Ozone Park,1039038,183880
PC8768954,2026-09-04T08:00:17.000,Initial,90,LENOX AVENUE,10026,Manhattan,Failed for Rat Activity and Other Reason,City Agency Referral,"Droppings, Burrows, Garbage",1015960001,1,1596,1,40.801007910143,-73.950407888735,"{'latitude': '40.801007910143', 'longitude': '-73.950407888735', 'human_address': '{""address"": """", ""city"": """", ""state"": """", ""zip"": """"}'}",10,9,186,1083313,Harlem (South),,
PC8750217,2026-09-04T08:06:25.000,Compliance,375,EAST 199 STREET,10458,Bronx,Failed for Rat Activity and Other Reason,Summons Issued,"Droppings, Burrows, Harborage",2032840046,2,3284,46,40.867672095467,-73.885147215381,"{'latitude': '40.867672095467', 'longitude': '-73.885147215381', 'human_address': '{""address"": """", ""city"": """", ""state"": """", ""zip"": """"}'}",7,15,40702,2016563,Bedford Park,,
PC8741974,2026-09-04T08:07:00.000,Compliance,173,EAST 3 STREET,10009,Manhattan,Failed for Rat Activity,Summons Issued,Droppings,1003990011,1,399,51,40.723222870317,-73.984266730673,"{'latitude': '40.723222870317', 'longitude': '-73.984266730673', 'human_address': '{""address"": """", ""city"": """", ""state"": """", ""zip"": """"}'}",3,2,32,1004990,East Village,,
PC8770248,2026-09-04T08:14:00.000,Initial,63,WEST 125 STREET,10027,Manhattan,Failed for Rat Activity and Other Reason,,"Gnawing, Garbage",1017230009,1,1723,9,40.807331816825,-73.944432030624,"{'latitude': '40.807331816825', 'longitude': '-73.944432030624', 'human_address': '{""address"": """", ""city"": """", ""state"": """", ""zip"": """"}'}",10,9,200,1053498,Harlem (South),,
PC8750309,2026-09-04T08:16:00.000,Compliance,2839,DECATUR AVENUE,10458,Bronx,Failed for Rat Activity and Other Reason,Summons Issued,"Droppings, Burrows, Gnawing, Harborage",2032840034,2,3284,34,40.867394968507,-73.885238085252,"{'latitude': '40.867394968507', 'longitude': '-73.885238085252', 'human_address': '{""address"": """", ""city"": """", ""state"": """", ""zip"": """"}'}",7,15,40702,2016559,Bedford Park,,
PC8739268,2026-09-04T08:16:30.000,Compliance,232,EAST 83 STREET,10028,Manhattan,Failed for Rat Activity,Summons Issued,Droppings,1015280034,1,1528,34,40.776496254103,-73.954563982486,"{'latitude': '40.776496254103', 'longitude': '-73.954563982486', 'human_address': '{""address"": """", ""city"": """", ""state"": """", ""zip"": """"}'}",8,5,138,1048669,Upper East Side-Yorkville,,
PC8742546,2026-09-04T08:17:45.000,Compliance,175,EAST 3 STREET,10009,Manhattan,Failed for Other Reason,Summons Issued,Harborage,1003990050,1,399,50,40.723198159482,-73.984209013021,"{'latitude': '40.723198159482', 'longitude': '-73.984209013021', 'human_address': '{""address"": """", ""city"": """", ""state"": """", ""zip"": """"}'}",3,2,32,1005007,East Village,,
PC8769837,2026-09-04T08:18:00.000,Initial,55,WEST 125 STREET,10027,Manhattan,Failed for Rat Activity,,Burrows,1017230010,1,1723,10,40.807263119418,-73.944269534966,"{'latitude': '40.807263119418', 'longitude': '-73.944269534966', 'human_address': '{""address"": """", ""city"": """", ""state"": """", ""zip"": """"}'}",10,9,200,1053499,Harlem (South),,
PC8698683,2026-09-04T08:20:00.000,Compliance,135-30,ROCKAWAY BOULEVARD,11420,Queens,Failed for Rat Activity,,Burrows,4117600115,4,11760,115,40.674446792081,-73.80260051697,"{'latitude': '40.674446792081', 'longitude': '-73.80260051697', 'human_address': '{""address"": """", ""city"": """", ""state"": """", ""zip"": """"}'}",10,28,814,4255228,South Ozone Park,,
PC8773928,2026-09-04T08:25:00.000,Initial,356,CHERRY STREET,10002,Manhattan,Failed for Rat Activity,,Burrows,1002590028,1,259,28,40.711637383312,-73.98563295626,"{'latitude': '40.711637383312', 'longitude': '-73.98563295626', 'human_address': '{""address"": """", ""city"": """", ""state"": """", ""zip"": """"}'}",3,1,201,1000000,Chinatown-Two Bridges,,
PC8749893,2026-09-04T08:26:05.000,Compliance,372,EAST 199 STREET,10458,Bronx,Failed for Other Reason,Summons Issued,Harborage,2032840032,2,3284,32,40.867694096611,-73.885190564336,"{'latitude': '40.867694096611', 'longitude': '-73.885190564336', 'human_address': '{""address"": """", ""city"": """", ""state"": """", ""zip"": """"}'}",7,15,40702,2120787,Bedford Park,,
PC8750286,2026-09-04T08:34:00.000,Compliance,2850,MARION AVENUE,10458,Bronx,Failed for Rat Activity,Summons Issued,"Burrows, Runways",2032840029,2,3284,29,40.868059602755,-73.885649113542,"{'latitude': '40.868059602755', 'longitude': '-73.885649113542', 'human_address': '{""address"": """", ""city"": """", ""state"": """", ""zip"": """"}'}",7,15,40702,2086843,Bedford Park,,
PC8767141,2026-09-04T08:37:00.000,Initial,44-19,48 AVENUE,11377,Queens,Failed for Rat Activity,,"Droppings, Runways",4001710061,4,171,61,40.739495207026,-73.921061754137,"{'latitude': '40.739495207026', 'longitude': '-73.921061754137', 'human_address': '{""address"": """", ""city"": """", ""state"": """", ""zip"": """"}'}",2,26,18502,4002098,Sunnyside,1006125,208707
PC8742370,2026-09-04T08:38:40.000,Compliance,191,EAST 3 STREET,10009,Manhattan,Failed for Rat Activity,Summons Issued,Burrows,1003990041,1,399,41,40.722994979158,-73.983725628449,"{'latitude': '40.722994979158', 'longitude': '-73.983725628449', 'human_address': '{""address"": """", ""city"": """", ""state"": """", ""zip"": """"}'}",3,2,32,1005002,East Village,,
PC8736414,2026-09-04T08:40:00.000,Compliance,134-02,FOCH BOULEVARD,11420,Queens,Failed for Other Reason,,"Garbage, Harborage",4116980001,4,11698,1,40.677075440924,-73.805311044961,"{'latitude': '40.677075440924', 'longitude': '-73.805311044961', 'human_address': '{""address"": """", ""city"": """", ""state"": """", ""zip"": """"}'}",10,28,180,4253119,South Ozone Park,1038252,186016
PC8760883,2026-09-04T08:41:00.000,Treatments,101,GREENE AVENUE,11238,Brooklyn,Bait applied,,,3019430044,3,1943,44,40.686420438329,-73.96834176279,"{'latitude': '40.686420438329', 'longitude': '-73.96834176279', 'human_address': '{""address"": """", ""city"": """", ""state"": """", ""zip"": """"}'}",2,35,197,3055466,Clinton Hill,,
PC8770132,2026-09-04T08:43:00.000,Initial,5,WEST 125 STREET,10027,Manhattan,Failed for Rat Activity,COTA,Burrows,1017230031,1,1723,31,40.806559640745,-73.942597651846,"{'latitude': '40.806559640745', 'longitude': '-73.942597651846', 'human_address': '{""address"": """", ""city"": """", ""state"": """", ""zip"": """"}'}",10,9,200,1089797,Harlem (South),,
PC8678468,2026-09-04T08:46:20.000,Treatments,401,MADISON STREET,11221,Brooklyn,Bait applied,,,3018200056,3,1820,56,40.685655548611,-73.942446128806,"{'latitude': '40.685655548611', 'longitude': '-73.942446128806', 'human_address': '{""address"": """", ""city"": """", ""state"": """", ""zip"": """"}'}",3,36,265,3051517,Bedford-Stuyvesant (West),,
PC8750464,2026-09-04T08:48:00.000,Compliance,383,EAST 198 STREET,10458,Bronx,Failed for Rat Activity,Summons Issued,Droppings,2032790004,2,3279,4,40.866427133217,-73.886299110065,"{'latitude': '40.866427133217', 'longitude': '-73.886299110065', 'human_address': '{""address"": """", ""city"": """", ""state"": """", ""zip"": """"}'}",7,15,40702,2016406,Bedford Park,,
PC8750425,2026-09-04T08:50:05.000,Compliance,355,OLIVER PLACE,10458,Bronx,Failed for Rat Activity,Summons Issued,Burrows,2032840040,2,3284,40,40.867601750429,-73.886170548391,"{'latitude': '40.867601750429', 'longitude': '-73.886170548391', 'human_address': '{""address"": """", ""city"": """", ""state"": """", ""zip"": """"}'}",7,15,40702,2120788,Bedford Park,,
PC8769942,2026-09-04T08:56:44.000,Initial,154,WEST 121 STREET,10027,Manhattan,Failed for Rat Activity,COTA,Gnawing,1019050057,1,1905,57,40.805837992685,-73.948872696437,"{'latitude': '40.805837992685', 'longitude': '-73.948872696437', 'human_address': '{""address"": """", ""city"": """", ""state"": """", ""zip"": """"}'}",10,9,220,1057654,Harlem (South),,
PC8738123,2026-09-04T08:58:00.000,Treatments,257,GREENE AVENUE,11238,Brooklyn,Bait applied,,,3019520016,3,1952,16,40.687225267473,-73.961378645675,"{'latitude': '40.687225267473', 'longitude': '-73.961378645675', 'human_address': '{""address"": """", ""city"": """", ""state"": """", ""zip"": """"}'}",2,35,231,3329903,Clinton Hill,994961,189656
PC8773857,2026-09-04T08:59:00.000,Stoppage,333,EAST 92 STREET,10128,Manhattan,Stoppage done,,,1015550019,1,1555,19,40.781310537949,-73.9480574889,"{'latitude': '40.781310537949', 'longitude': '-73.9480574889', 'human_address': '{""address"": """", ""city"": """", ""state"": """", ""zip"": """"}'}",8,5,15402,1050255,Upper East Side-Yorkville,,
PC8673207,2026-09-04T09:00:15.000,Treatments,771,EAST 169 STREET,10456,Bronx,Bait applied,,,2029610013,2,2961,13,40.830719540118,-73.899607728981,"{'latitude': '40.830719540118', 'longitude': '-73.899607728981', 'human_address': '{""address"": """", ""city"": """", ""state"": """", ""zip"": """"}'}",3,17,151,2010167,Morrisania,,
PC8696638,2026-09-04T09:00:47.000,Treatments,2006,ADAM C POWELL BLVD,10027,Manhattan,Bait applied,,,1019260029,1,1926,29,40.805932049572,-73.95055230686,"{'latitude': '40.805932049572', 'longitude': '-73.95055230686', 'human_address': '{""address"": """", ""city"": """", ""state"": """", ""zip"": """"}'}",10,9,220,1079501,Harlem (South),,
PC8654842,2026-09-04T09:00:59.000,Treatments,308,EAST   51 STREET,10022,Manhattan,Bait applied,,,1013430047,1,1343,47,40.755258976688,-73.967525666896,"{'latitude': '40.755258976688', 'longitude': '-73.967525666896', 'human_address': '{""address"": """", ""city"": """", ""state"": """", ""zip"": """"}'}",6,4,98,1039626,East Midtown-Turtle Bay,993247,214442
PC8750489,2026-09-04T09:04:00.000,Compliance,2820,DECATUR AVENUE,10458,Bronx,Failed for Rat Activity and Other Reason,Summons Issued,"Burrows, Harborage",2032790006,2,3279,6,40.866953747946,-73.885922188841,"{'latitude': '40.866953747946', 'longitude': '-73.885922188841', 'human_address': '{""address"": """", ""city"": """", ""state"": """", ""zip"": """"}'}",7,15,40702,2016407,Bedford Park,,
PC8770388,2026-09-04T09:04:00.000,Initial,2038,5 AVENUE,10035,Manhattan,Failed for Rat Activity,COTA,Gnawing,1017230039,1,1723,39,40.806932571902,-73.941892935144,"{'latitude': '40.806932571902', 'longitude': '-73.941892935144', 'human_address': '{""address"": """", ""city"": """", ""state"": """", ""zip"": """"}'}",10,9,200,1053507,Harlem (South),,
PC8682613,2026-09-04T09:04:02.000,Treatments,2015,BELMONT AVENUE,10457,Bronx,Bait applied,,,2030800046,2,3080,46,40.847500951708,-73.890672587754,"{'latitude': '40.847500951708', 'longitude': '-73.890672587754', 'human_address': '{""address"": """", ""city"": """", ""state"": """", ""zip"": """"}'}",6,15,373,2012325,Tremont,,
PC8679119,2026-09-04T09:04:42.000,Treatments,411,MADISON STREET,11221,Brooklyn,Bait applied,,,3018200051,3,1820,51,40.685688338885,-73.942154040093,"{'latitude': '40.685688338885', 'longitude': '-73.942154040093', 'human_address': '{""address"": """", ""city"": """", ""state"": """", ""zip"": """"}'}",3,36,265,3051512,Bedford-Stuyvesant (West),,
PC8774386,2026-09-04T09:06:00.000,Stoppage,1730,2ND AVENUE,10128,Manhattan,Stoppage done,,,1015527502,1,1552,7502,40.780334241764,-73.949939494504,"{'latitude': '40.780334241764', 'longitude': '-73.949939494504', 'human_address': '{""address"": """", ""city"": """", ""state"": """", ""zip"": """"}'}",8,5,15401,1073503,Upper East Side-Yorkville,,
PC8675907,2026-09-04T09:07:30.000,Compliance,2013,ADAM C POWELL BLVD,10027,Manhattan,Failed for Rat Activity and Other Reason,Summons Issued,"Droppings, Burrows, Garbage",1019050063,1,1905,63,40.80616252564,-73.950360686581,"{'latitude': '40.80616252564', 'longitude': '-73.950360686581', 'human_address': '{""address"": """", ""city"": """", ""state"": """", ""zip"": """"}'}",10,9,220,1057660,Harlem (South),,
PC8750408,2026-09-04T09:08:05.000,Compliance,2825,DECATUR AVENUE,10458,Bronx,Failed for Other Reason,Summons Issued,Harborage,2032840011,2,3284,11,40.866975709338,-73.885925766574,"{'latitude': '40.866975709338', 'longitude': '-73.885925766574', 'human_address': '{""address"": """", ""city"": """", ""state"": """", ""zip"": """"}'}",7,15,40702,2016545,Bedford Park,,
PC8625111,2026-09-04T09:10:09.000,Treatments,320,MANHATTAN AVENUE,10026,Manhattan,Bait applied,,,1018470068,1,1847,68,40.803407104976,-73.958005918554,"{'latitude': '40.803407104976', 'longitude': '-73.958005918554', 'human_address': '{""address"": """", ""city"": """", ""state"": """", ""zip"": """"}'}",10,9,19702,1055821,Harlem (South),,
PC8773789,2026-09-04T09:12:17.000,Initial,172,3 AVENUE,11217,Brooklyn,Failed for Other Reason,COTA,Harborage,3004120029,3,412,29,40.68078315128,-73.983786445416,"{'latitude': '40.68078315128', 'longitude': '-73.983786445416', 'human_address': '{""address"": """", ""city"": """", ""state"": """", ""zip"": """"}'}",6,39,127,3000000,Carroll Gardens-Cobble Hill-Gowanus-Red Hook,988747,187307
PC8739320,2026-09-04T09:12:18.000,Compliance,208,EAST 83 STREET,10028,Manhattan,Failed for Rat Activity and Other Reason,Summons Issued,"Droppings, Harborage",1015280043,1,1528,43,40.77665834686,-73.954950208569,"{'latitude': '40.77665834686', 'longitude': '-73.954950208569', 'human_address': '{""address"": """", ""city"": """", ""state"": """", ""zip"": """"}'}",8,5,138,1048677,Upper East Side-Yorkville,,
PC8721036,2026-09-04T09:15:00.000,Initial,126-20,116 AVENUE,11420,Queens,Failed for Other Reason,,Harborage,4116830009,4,11683,9,40.677065208792,-73.812341259016,"{'latitude': '40.677065208792', 'longitude': '-73.812341259016', 'human_address': '{""address"": """", ""city"": """", ""state"": """", ""zip"": """"}'}",10,28,178,4252654,South Ozone Park,1036302,186008
PC8738150,2026-09-04T09:15:15.000,Treatments,635,EAST  169 STREET,10456,Bronx,Bait applied,,,2029330067,2,2933,67,40.831407028257,-73.901109950052,"{'latitude': '40.831407028257', 'longitude': '-73.901109950052', 'human_address': '{""address"": """", ""city"": """", ""state"": """", ""zip"": """"}'}",3,17,149,2009743,Morrisania,1011637,242191
PC8711361,2026-09-04T09:15:30.000,Compliance,2021,ADAM C POWELL BLVD,10027,Manhattan,Failed for Rat Activity,Summons Issued,Burrows,1019060001,1,1906,1,40.806497278201,-73.950114802818,"{'latitude': '40.806497278201', 'longitude': '-73.950114802818', 'human_address': '{""address"": """", ""city"": """", ""state"": """", ""zip"": """"}'}",10,9,220,1057675,Harlem (South),,
PC8693662,2026-09-04T09:16:00.000,Treatments,425,GREENE AVENUE,11216,Brooklyn,Bait applied,,,3017930094,3,1793,94,40.68811719108,-73.953629232286,"{'latitude': '40.68811719108', 'longitude': '-73.953629232286', 'human_address': '{""address"": """", ""city"": """", ""state"": """", ""zip"": """"}'}",3,36,243,3050154,Bedford-Stuyvesant (West),,
PC8738961,2026-09-04T09:16:12.000,Treatments,262,WEST  121 STREET,10027,Manhattan,Bait applied,,,1019260058,1,1926,58,40.807090881862,-73.951844640483,"{'latitude': '40.807090881862', 'longitude': '-73.951844640483', 'human_address': '{""address"": """", ""city"": """", ""state"": """", ""zip"": """"}'}",10,9,220,1090073,Harlem (South),997581,233328
PC8733329,2026-09-04T09:19:58.000,Compliance,336,EAST 4 STREET,10009,Manhattan,Failed for Rat Activity,Summons Issued,Droppings,1003730021,1,373,21,40.721717871353,-73.978873667282,"{'latitude': '40.721717871353', 'longitude': '-73.978873667282', 'human_address': '{""address"": """", ""city"": """", ""state"": """", ""zip"": """"}'}",3,2,2601,1004388,East Village,,
PC8640466,2026-09-04T09:20:00.000,Compliance,31-18,37 STREET,11103,Queens,Failed for Rat Activity,Summons Issued,Burrows,4006490042,4,649,42,40.761476692707,-73.919176554102,"{'latitude': '40.761476692707', 'longitude': '-73.919176554102', 'human_address': '{""address"": """", ""city"": """", ""state"": """", ""zip"": """"}'}",1,22,61,4436900,Astoria (Central),1006640,216716
PC8722633,2026-09-04T09:20:00.000,Initial,41-24,50 STREET,11377,Queens,Failed for Rat Activity and Other Reason,,"Droppings, Burrows, Harborage",4001340039,4,134,39,40.745858257322,-73.914366796411,"{'latitude': '40.745858257322', 'longitude': '-73.914366796411', 'human_address': '{""address"": """", ""city"": """", ""state"": """", ""zip"": """"}'}",2,26,25301,4001168,Sunnyside,1007978,211027
PC8706018,2026-09-04T09:20:59.000,Treatments,311,EAST 37 STREET,10016,Manhattan,Bait applied,,,1009430007,1,943,7,40.746452674307,-73.973935921885,"{'latitude': '40.746452674307', 'longitude': '-73.973935921885', 'human_address': '{""address"": """", ""city"": """", ""state"": """", ""zip"": """"}'}",6,4,78,1084286,Murray Hill-Kips Bay,991472,211233
PC8750172,2026-09-04T09:21:05.000,Compliance,2823,DECATUR AVENUE,10458,Bronx,Failed for Rat Activity,Summons Issued,Burrows,2032840012,2,3284,12,40.86695378741,-73.885961959838,"{'latitude': '40.86695378741', 'longitude': '-73.885961959838', 'human_address': '{""address"": """", ""city"": """", ""state"": """", ""zip"": """"}'}",7,15,40702,2016546,Bedford Park,,
PC8678822,2026-09-04T09:23:16.000,Treatments,404,MADISON STREET,11221,Brooklyn,Monitoring visit,,,3018250031,3,1825,31,40.685652744034,-73.942327143769,"{'latitude': '40.685652744034', 'longitude': '-73.942327143769', 'human_address': '{""address"": """", ""city"": """", ""state"": """", ""zip"": """"}'}",3,36,267,3051737,Bedford-Stuyvesant (West),,
PC8674795,2026-09-04T09:25:49.000,Treatments,346,MANHATTAN AVENUE,10026,Manhattan,Bait applied,,,1018480031,1,1848,31,40.804032735891,-73.957539559135,"{'latitude': '40.804032735891', 'longitude': '-73.957539559135', 'human_address': '{""address"": """", ""city"": """", ""state"": """", ""zip"": """"}'}",10,9,20102,1055849,Harlem (South),,
PC8625573,2026-09-04T09:27:30.000,Compliance,221,WEST 121 STREET,10027,Manhattan,Failed for Rat Activity,Summons Issued,"Droppings, Burrows, Runways",1019270020,1,1927,20,40.806777644864,-73.951050169147,"{'latitude': '40.806777644864', 'longitude': '-73.951050169147', 'human_address': '{""address"": """", ""city"": """", ""state"": """", ""zip"": """"}'}",10,9,220,1058505,Harlem (South),,
PC8773767,2026-09-04T09:28:00.000,Stoppage,433,East 83rd street,10028,Manhattan,Stoppage done,,,1015630011,1,1563,11,40.774570259054,-73.949943844256,"{'latitude': '40.774570259054', 'longitude': '-73.949943844256', 'human_address': '{""address"": """", ""city"": """", ""state"": """", ""zip"": """"}'}",8,5,13604,1085243,Upper East Side-Yorkville,,
PC8768455,2026-09-04T09:28:50.000,Initial,94,ROCKAWAY PARKWAY,11212,Brooklyn,Failed for Other Reason,COTA,"Harborage, Mice",3046150011,3,4615,11,40.663952361994,-73.923299781609,"{'latitude': '40.663952361994', 'longitude': '-73.923299781609', 'human_address': '{""address"": """", ""city"": """", ""state"": """", ""zip"": """"}'}",17,41,892,3100106,East Flatbush-Remsen Village,1005529,181184
PC8712189,2026-09-04T09:30:12.000,Treatments,227,WEST 121 STREET,10027,Manhattan,Bait applied,,,1019270017,1,1927,17,40.806824353218,-73.951162115033,"{'latitude': '40.806824353218', 'longitude': '-73.951162115033', 'human_address': '{""address"": """", ""city"": """", ""state"": """", ""zip"": """"}'}",10,9,220,1058503,Harlem (South),,
PC8658547,2026-09-04T09:30:15.000,Treatments,1229,FRANKLIN AVENUE,10456,Bronx,Bait applied,,,2026120058,2,2612,58,40.830552482562,-73.903239614736,"{'latitude': '40.830552482562', 'longitude': '-73.903239614736', 'human_address': '{""address"": """", ""city"": """", ""state"": """", ""zip"": """"}'}",3,17,149,2004257,Morrisania,1011024,241884
PC8742552,2026-09-04T09:31:37.000,Compliance,625,EAST 6 STREET,10009,Manhattan,Failed for Rat Activity,Summons Issued,Droppings,1003890048,1,389,48,40.723957864053,-73.98035213629,"{'latitude': '40.723957864053', 'longitude': '-73.98035213629', 'human_address': '{""address"": """", ""city"": """", ""state"": """", ""zip"": """"}'}",3,2,2602,1004696,East Village,,
PC8468996,2026-09-04T09:32:00.000,Treatments,432,GREENE AVENUE,11216,Brooklyn,Bait applied,,,3017970024,3,1797,24,40.688139016067,-73.953301087839,"{'latitude': '40.688139016067', 'longitude': '-73.953301087839', 'human_address': '{""address"": """", ""city"": """", ""state"": """", ""zip"": """"}'}",3,36,243,3050339,Bedford-Stuyvesant (West),,
PC8773858,2026-09-04T09:32:00.000,Stoppage,1670,YORK AVENUE,10128,Manhattan,Stoppage done,,,1015840049,1,1584,49,40.777063582157,-73.946273542985,"{'latitude': '40.777063582157', 'longitude': '-73.946273542985', 'human_address': '{""address"": """", ""city"": """", ""state"": """", ""zip"": """"}'}",8,5,14402,1078788,Upper East Side-Yorkville,,
PC8771852,2026-09-04T09:33:14.000,Initial,119,MARCUS GARVEY BLVD,11206,Brooklyn,Failed for Rat Activity,COTA,Droppings,3015910008,3,1591,8,40.69461890943,-73.940350390541,"{'latitude': '40.69461890943', 'longitude': '-73.940350390541', 'human_address': '{""address"": """", ""city"": """", ""state"": """", ""zip"": """"}'}",3,36,283,3043000,Bedford-Stuyvesant (East),,
PC8773834,2026-09-04T09:35:30.000,Initial,229,WEST  121 STREET,10027,Manhattan,Failed for Rat Activity and Other Reason,COTA,"Droppings, Runways, Garbage, Mice",1019270015,1,1927,15,40.806838093838,-73.95120183989,"{'latitude': '40.806838093838', 'longitude': '-73.95120183989', 'human_address': '{""address"": """", ""city"": """", ""state"": """", ""zip"": """"}'}",10,9,220,1058502,Harlem (South),997759,233236
PC8693029,2026-09-04T09:35:59.000,Treatments,123,EAST   36 STREET,10016,Manhattan,Bait applied,,,1008920013,1,892,13,40.747938698149,-73.979381416265,"{'latitude': '40.747938698149', 'longitude': '-73.979381416265', 'human_address': '{""address"": """", ""city"": """", ""state"": """", ""zip"": """"}'}",6,4,80,1018945,Murray Hill-Kips Bay,989963,211774
PC8773859,2026-09-04T09:36:00.000,Stoppage,510,EAST 88 STREET,10128,Manhattan,Stoppage done,,,1015840045,1,1584,45,40.776991921081,-73.945641738054,"{'latitude': '40.776991921081', 'longitude': '-73.945641738054', 'human_address': '{""address"": """", ""city"": """", ""state"": """", ""zip"": """"}'}",8,5,14402,1051335,Upper East Side-Yorkville,,
PC8764350,2026-09-04T09:36:00.000,Initial,49-15,SKILLMAN AVENUE,11377,Queens,Failed for Rat Activity,,"Droppings, Burrows",4001320067,4,132,67,40.746221035345,-73.914997898489,"{'latitude': '40.746221035345', 'longitude': '-73.914997898489', 'human_address': '{""address"": """", ""city"": """", ""state"": """", ""zip"": """"}'}",2,26,169,4001048,Sunnyside,1007803,211159
PC8750295,2026-09-04T09:37:05.000,Compliance,2830,MARION AVENUE,10458,Bronx,Failed for Rat Activity,Summons Issued,"Droppings, Burrows",2032840006,2,3284,6,40.867544350834,-73.886412891123,"{'latitude': '40.867544350834', 'longitude': '-73.886412891123', 'human_address': '{""address"": """", ""city"": """", ""state"": """", ""zip"": """"}'}",7,15,40702,2016543,Bedford Park,,
PC8678381,2026-09-04T09:38:36.000,Treatments,406,MADISON STREET,11221,Brooklyn,Bait applied,,,3018250032,3,1825,32,40.685658204541,-73.94226944813,"{'latitude': '40.685658204541', 'longitude': '-73.94226944813', 'human_address': '{""address"": """", ""city"": """", ""state"": """", ""zip"": """"}'}",3,36,267,3051738,Bedford-Stuyvesant (West),,
PC8770280,2026-09-04T09:39:00.000,Initial,28,WEST 126 STREET,10027,Manhattan,Failed for Rat Activity,COTA,Burrows,1017230049,1,1723,49,40.807525913691,-73.942842452265,"{'latitude': '40.807525913691', 'longitude': '-73.942842452265', 'human_address': '{""address"": """", ""city"": """", ""state"": """", ""zip"": """"}'}",10,9,200,1053513,Harlem (South),,
PC8684442,2026-09-04T09:40:00.000,Compliance,119-20,Rockaway Boulevard,11420,Queens,Failed for Other Reason,,Garbage,4117120045,4,11712,45,40.676060136472,-73.818865845942,"{'latitude': '40.676060136472', 'longitude': '-73.818865845942', 'human_address': '{""address"": """", ""city"": """", ""state"": """", ""zip"": """"}'}",10,28,840,4253536,South Ozone Park,1034680,185601
PC8712125,2026-09-04T09:40:17.000,Treatments,304,WEST 114 STREET,10026,Manhattan,Bait applied,,,1018477502,1,1847,7502,40.803230929667,-73.956629829904,"{'latitude': '40.803230929667', 'longitude': '-73.956629829904', 'human_address': '{""address"": """", ""city"": """", ""state"": """", ""zip"": """"}'}",10,9,19702,1088150,Harlem (South),,
PC8711535,2026-09-04T09:40:43.000,Treatments,223,WEST 121 STREET,10027,Manhattan,Bait applied,,,1019270019,1,1927,19,40.806791385523,-73.951089893953,"{'latitude': '40.806791385523', 'longitude': '-73.951089893953', 'human_address': '{""address"": """", ""city"": """", ""state"": """", ""zip"": """"}'}",10,9,220,1087416,Harlem (South),,
PC8776078,2026-09-04T09:41:34.000,Initial,,,10458,Bronx,Failed for Rat Activity and Other Reason,COTA,"Droppings, Burrows, Garbage, Harborage",,2,3286,34,,,,,,,,,,
PC8770460,2026-09-04T09:42:00.000,Initial,30,WEST 126 STREET,10027,Manhattan,Failed for Rat Activity,COTA,Gnawing,1017237502,1,1723,7502,40.807545150272,-73.942889395705,"{'latitude': '40.807545150272', 'longitude': '-73.942889395705', 'human_address': '{""address"": """", ""city"": """", ""state"": """", ""zip"": """"}'}",10,9,200,1053514,Harlem (South),,
PC8728111,2026-09-04T09:42:49.000,Compliance,172,EAST 90 STREET,10128,Manhattan,Failed for Rat Activity,Summons Issued,Droppings,1015180041,1,1518,41,40.781674914877,-73.952852479242,"{'latitude': '40.781674914877', 'longitude': '-73.952852479242', 'human_address': '{""address"": """", ""city"": """", ""state"": """", ""zip"": """"}'}",8,5,14802,1048127,Upper East Side-Carnegie Hill,,
PC8774055,2026-09-04T09:42:56.000,Initial,215,MADISON STREET,10002,Manhattan,Failed for Rat Activity,COTA,Burrows,1002710041,1,271,41,40.712705497076,-73.989275945757,"{'latitude': '40.712705497076', 'longitude': '-73.989275945757', 'human_address': '{""address"": """", ""city"": """", ""state"": """", ""zip"": """"}'}",3,1,6,1003229,Chinatown-Two Bridges,,
PC8773770,2026-09-04T09:43:00.000,Stoppage,445,East 85 street,10028,Manhattan,Stoppage done,,,1015650022,1,1565,22,40.775675817606,-73.948635982283,"{'latitude': '40.775675817606', 'longitude': '-73.948635982283', 'human_address': '{""address"": """", ""city"": """", ""state"": """", ""zip"": """"}'}",8,5,14401,1050540,Upper East Side-Yorkville,,
PC8742004,2026-09-04T09:43:46.000,Compliance,631,EAST 6 STREET,10009,Manhattan,Failed for Rat Activity,Summons Issued,"Droppings, Burrows",1003890045,1,389,45,40.723889216338,-73.980186199792,"{'latitude': '40.723889216338', 'longitude': '-73.980186199792', 'human_address': '{""address"": """", ""city"": """", ""state"": """", ""zip"": """"}'}",3,2,2602,1004693,East Village,,
PC8569854,2026-09-04T09:44:00.000,Compliance,5123,7 AVENUE,11220,Brooklyn,Failed for Rat Activity,Summons Issued,Burrows,3008020001,3,802,1,40.64170120424,-74.006666097364,"{'latitude': '40.64170120424', 'longitude': '-74.006666097364', 'human_address': '{""address"": """", ""city"": """", ""state"": """", ""zip"": """"}'}",7,43,10801,3013726,Sunset Park (Central),982400,173068
PC8663387,2026-09-04T09:45:15.000,Treatments,1268,CLAY AVENUE,10456,Bronx,Bait applied,,,2024270018,2,2427,18,40.833777399078,-73.90979745929,"{'latitude': '40.833777399078', 'longitude': '-73.90979745929', 'human_address': '{""address"": """", ""city"": """", ""state"": """", ""zip"": """"}'}",4,16,17701,2002100,Concourse-Concourse Village,,
PC8770427,2026-09-04T09:48:00.000,Initial,32,WEST 126 STREET,10027,Manhattan,Failed for Rat Activity,COTA,Droppings,1017230150,1,1723,150,40.807564385038,-73.942932726863,"{'latitude': '40.807564385038', 'longitude': '-73.942932726863', 'human_address': '{""address"": """", ""city"": """", ""state"": """", ""zip"": """"}'}",10,9,200,1053534,Harlem (South),,
PC8563798,2026-09-04T09:50:00.000,Treatments,472A,GREENE AVENUE,11216,Brooklyn,Bait applied,,,3017970047,3,1797,47,40.688264826861,-73.952212041039,"{'latitude': '40.688264826861', 'longitude': '-73.952212041039', 'human_address': '{""address"": """", ""city"": """", ""state"": """", ""zip"": """"}'}",3,36,243,3050362,Bedford-Stuyvesant (West),,
PC8773769,2026-09-04T09:50:00.000,Stoppage,435,East 85 street,10028,Manhattan,Stoppage done,,,1015650017,1,1565,17,40.775733518755,-73.94877313953,"{'latitude': '40.775733518755', 'longitude': '-73.94877313953', 'human_address': '{""address"": """", ""city"": """", ""state"": """", ""zip"": """"}'}",8,5,14401,1050539,Upper East Side-Yorkville,,
PC8739059,2026-09-04T09:50:00.000,Initial,39-76,50 STREET,11377,Queens,Failed for Rat Activity,,"Burrows, Rats",4001320063,4,132,63,40.746780362002,-73.914185156433,"{'latitude': '40.746780362002', 'longitude': '-73.914185156433', 'human_address': '{""address"": """", ""city"": """", ""state"": """", ""zip"": """"}'}",2,26,169,4001044,Sunnyside,1008028,211363
PC8750388,2026-09-04T09:50:05.000,Compliance,2775,WEBSTER AVENUE,10458,Bronx,Failed for Rat Activity,Summons Issued,"Droppings, Burrows",2032790023,2,3279,23,40.866020397648,-73.885779176121,"{'latitude': '40.866020397648', 'longitude': '-73.885779176121', 'human_address': '{""address"": """", ""city"": """", ""state"": """", ""zip"": """"}'}",7,15,40702,2016412,Bedford Park,,
PC8625166,2026-09-04T09:50:16.000,Treatments,219,WEST 121 STREET,10027,Manhattan,Bait applied,,,1019270021,1,1927,21,40.806761160987,-73.951014058651,"{'latitude': '40.806761160987', 'longitude': '-73.951014058651', 'human_address': '{""address"": """", ""city"": """", ""state"": """", ""zip"": """"}'}",10,9,220,1058506,Harlem (South),,
PC8593563,2026-09-04T09:50:59.000,Treatments,234,EAST   33 STREET,10016,Manhattan,Bait applied,,,1009130044,1,913,44,40.744666633307,-73.977729562879,"{'latitude': '40.744666633307', 'longitude': '-73.977729562879', 'human_address': '{""address"": """", ""city"": """", ""state"": """", ""zip"": """"}'}",6,4,7002,1078800,Murray Hill-Kips Bay,990421,210582
PC8752340,2026-09-04T09:52:00.000,Compliance,30-52,35 STREET,11103,Queens,Failed for Rat Activity,,"Droppings, Burrows, Runways",4006260066,4,626,66,40.76415834027,-73.919202166928,"{'latitude': '40.76415834027', 'longitude': '-73.919202166928', 'human_address': '{""address"": """", ""city"": """", ""state"": """", ""zip"": """"}'}",1,22,63,4009105,Astoria (Central),1006632,217693
PC8773948,2026-09-04T09:52:56.000,Initial,211,MADISON STREET,10002,Manhattan,Failed for Rat Activity,COTA,Droppings,1002710039,1,271,39,40.712697270832,-73.989362518653,"{'latitude': '40.712697270832', 'longitude': '-73.989362518653', 'human_address': '{""address"": """", ""city"": """", ""state"": """", ""zip"": """"}'}",3,1,6,1003227,Chinatown-Two Bridges,,
PC8771641,2026-09-04T09:53:00.000,Initial,40,HALSEY STREET,11216,Brooklyn,Failed for Rat Activity,COTA,Droppings,3018420026,3,1842,26,40.6815291048,-73.952105117366,"{'latitude': '40.6815291048', 'longitude': '-73.952105117366', 'human_address': '{""address"": """", ""city"": """", ""state"": """", ""zip"": """"}'}",3,36,245,3052957,Bedford-Stuyvesant (West),,
PC8772853,2026-09-04T09:54:13.000,Initial,42,HALSEY STREET,11216,Brooklyn,Failed for Rat Activity,COTA,Burrows,3018420027,3,1842,27,40.681537315005,-73.952047424131,"{'latitude': '40.681537315005', 'longitude': '-73.952047424131', 'human_address': '{""address"": """", ""city"": """", ""state"": """", ""zip"": """"}'}",3,36,245,3052958,Bedford-Stuyvesant (West),,
PC8773871,2026-09-04T09:55:00.000,Stoppage,220,EAST 85 STREET,10028,Manhattan,Stoppage done,,,1015300038,1,1530,38,40.77784912527,-73.953830085336,"{'latitude': '40.77784912527', 'longitude': '-73.953830085336', 'human_address': '{""address"": """", ""city"": """", ""state"": """", ""zip"": """"}'}",8,5,14601,1048749,Upper East Side-Yorkville,,
PC8771767,2026-09-04T09:55:13.000,Initial,44,HALSEY STREET,11216,Brooklyn,Failed for Rat Activity,,"Droppings, Burrows",3018420028,3,1842,28,40.681542780406,-73.951989732866,"{'latitude': '40.681542780406', 'longitude': '-73.951989732866', 'human_address': '{""address"": """", ""city"": """", ""state"": """", ""zip"": """"}'}",3,36,245,3052959,Bedford-Stuyvesant (West),,
PC8729553,2026-09-04T09:56:47.000,Treatments,233,WEST 113 STREET,10026,Manhattan,Bait applied,,,1018290021,1,1829,21,40.801638254482,-73.954759862155,"{'latitude': '40.801638254482', 'longitude': '-73.954759862155', 'human_address': '{""address"": """", ""city"": """", ""state"": """", ""zip"": """"}'}",10,9,216,1055151,Harlem (South),,
PC8774164,2026-09-04T09:57:56.000,Initial,209,MADISON STREET,10002,Manhattan,Failed for Rat Activity,COTA,Droppings,1002710038,1,271,38,40.712694529737,-73.989402197726,"{'latitude': '40.712694529737', 'longitude': '-73.989402197726', 'human_address': '{""address"": """", ""city"": """", ""state"": """", ""zip"": """"}'}",3,1,6,1003226,Chinatown-Two Bridges,,
PC8770952,2026-09-04T09:58:13.000,Initial,46,HALSEY STREET,11216,Brooklyn,Failed for Rat Activity,COTA,Burrows,3018420029,3,1842,29,40.68154824729,-73.951935647048,"{'latitude': '40.68154824729', 'longitude': '-73.951935647048', 'human_address': '{""address"": """", ""city"": """", ""state"": """", ""zip"": """"}'}",3,36,245,3052960,Bedford-Stuyvesant (West),,
PC8768760,2026-09-04T10:00:00.000,Initial,1531,SEMINOLE STREET,10461,Bronx,Failed for Other Reason,COTA,Garbage,2042200035,2,4220,35,40.854537706483,-73.842706045001,"{'latitude': '40.854537706483', 'longitude': '-73.842706045001', 'human_address': '{""address"": """", ""city"": """", ""state"": """", ""zip"": """"}'}",11,13,296,2047058,Morris Park,1027763,250650
PC8738535,2026-09-04T10:00:04.000,Treatments,202,WEST 122ND STREET,10027,Manhattan,Bait applied,,,1019270038,1,1927,38,40.807252156901,-73.950284012652,"{'latitude': '40.807252156901', 'longitude': '-73.950284012652', 'human_address': '{""address"": """", ""city"": """", ""state"": """", ""zip"": """"}'}",10,9,220,1058516,Harlem (South),,
PC8745448,2026-09-04T10:00:06.000,Treatments,384,LAFAYETTE AVENUE,11238,Brooklyn,Bait applied,,,3019490006,3,1949,6,40.688871644161,-73.959956981473,"{'latitude': '40.688871644161', 'longitude': '-73.959956981473', 'human_address': '{""address"": """", ""city"": """", ""state"": """", ""zip"": """"}'}",3,36,233,3335009,Bedford-Stuyvesant (West),,
PC8741192,2026-09-04T10:00:15.000,Treatments,1185,MORRIS AVENUE,10456,Bronx,Bait applied,,,2024490064,2,2449,64,40.832754389833,-73.914402685595,"{'latitude': '40.832754389833', 'longitude': '-73.914402685595', 'human_address': '{""address"": """", ""city"": """", ""state"": """", ""zip"": """"}'}",4,16,18101,2002602,Concourse-Concourse Village,,
PC8745240,2026-09-04T10:03:00.000,Treatments,480,GREENE AVENUE,11216,Brooklyn,Bait applied,,,3017970051,3,1797,51,40.688289439428,-73.951995673909,"{'latitude': '40.688289439428', 'longitude': '-73.951995673909', 'human_address': '{""address"": """", ""city"": """", ""state"": """", ""zip"": """"}'}",3,36,243,3050366,Bedford-Stuyvesant (West),,
PC8742255,2026-09-04T10:04:53.000,Compliance,637,EAST 6 STREET,10009,Manhattan,Failed for Rat Activity,Summons Issued,Droppings,1003890042,1,389,42,40.723817822987,-73.980016656711,"{'latitude': '40.723817822987', 'longitude': '-73.980016656711', 'human_address': '{""address"": """", ""city"": """", ""state"": """", ""zip"": """"}'}",3,2,2602,1004690,East Village,,
PC8765625,2026-09-04T10:05:30.000,Initial,232,WEST  122 STREET,10027,Manhattan,Failed for Rat Activity and Other Reason,COTA,"Droppings, Rats, Garbage",1019270049,1,1927,49,40.807502183685,-73.950876243511,"{'latitude': '40.807502183685', 'longitude': '-73.950876243511', 'human_address': '{""address"": """", ""city"": """", ""state"": """", ""zip"": """"}'}",10,9,220,1058526,Harlem (South),997849,233478
PC8747194,2026-09-04T10:05:34.000,Compliance,2565,MARION AVENUE,10458,Bronx,Failed for Rat Activity and Other Reason,Summons Issued,"Droppings, Garbage, Harborage",2032860051,2,3286,51,40.86292506829,-73.892216187341,"{'latitude': '40.86292506829', 'longitude': '-73.892216187341', 'human_address': '{""address"": """", ""city"": """", ""state"": """", ""zip"": """"}'}",7,15,39901,2016602,University Heights (North)-Fordham,,
PC8769560,2026-09-04T10:05:42.000,Initial,895,FAIRMOUNT PLACE,10460,Bronx,Failed for Other Reason,COTA,Harborage,2029600001,2,2960,1,40.841381482469,-73.886349310236,"{'latitude': '40.841381482469', 'longitude': '-73.886349310236', 'human_address': '{""address"": """", ""city"": """", ""state"": """", ""zip"": """"}'}",6,15,36502,2010150,Tremont,,
PC8681541,2026-09-04T10:05:54.000,Treatments,601,EAST 180 STREET,10457,Bronx,Bait applied,,,2030700001,2,3070,1,40.849387250727,-73.891374321016,"{'latitude': '40.849387250727', 'longitude': '-73.891374321016', 'human_address': '{""address"": """", ""city"": """", ""state"": """", ""zip"": """"}'}",6,15,373,2012024,Tremont,,
PC8770546,2026-09-04T10:08:00.000,Initial,42,WEST 126 STREET,10027,Manhattan,Failed for Rat Activity,COTA,Gnawing,1017230054,1,1723,54,40.807660565776,-73.943163832287,"{'latitude': '40.807660565776', 'longitude': '-73.943163832287', 'human_address': '{""address"": """", ""city"": """", ""state"": """", ""zip"": """"}'}",10,9,200,1053517,Harlem (South),,
PC8749486,2026-09-04T10:09:00.000,Compliance,642,51 STREET,11220,Brooklyn,Failed for Other Reason,,Animal Nuisance,3008010023,3,801,23,40.642604171498,-74.007714761267,"{'latitude': '40.642604171498', 'longitude': '-74.007714761267', 'human_address': '{""address"": """", ""city"": """", ""state"": """", ""zip"": """"}'}",7,43,98,3013675,Sunset Park (Central),982109,173397
PC8769351,2026-09-04T10:10:19.000,Initial,680,MELROSE AVENUE,10455,Bronx,Failed for Rat Activity and Other Reason,COTA,"Burrows, Rats, Animal Nuisance",2023750006,2,2375,6,40.819421783434,-73.916233605713,"{'latitude': '40.819421783434', 'longitude': '-73.916233605713', 'human_address': '{""address"": """", ""city"": """", ""state"": """", ""zip"": """"}'}",1,17,67,2001366,Melrose,1007435,237828
PC8732008,2026-09-04T10:10:30.000,Treatments,228,WEST  122 STREET,10027,Manhattan,Bait applied,,,1019270046,1,1927,46,40.807469212717,-73.950796797226,"{'latitude': '40.807469212717', 'longitude': '-73.950796797226', 'human_address': '{""address"": """", ""city"": """", ""state"": """", ""zip"": """"}'}",10,9,220,1058524,Harlem (South),997871,233466
PC8774058,2026-09-04T10:11:56.000,Initial,,nul,10002,Manhattan,Failed for Rat Activity,,Droppings,,1,271,36,,,,,,,,,,
PC8493444,2026-09-04T10:13:00.000,Treatments,1154,INTERVALE AVENUE,10459,Bronx,Bait applied,,,2027060048,2,2706,48,40.827546009366,-73.895840144773,"{'latitude': '40.827546009366', 'longitude': '-73.895840144773', 'human_address': '{""address"": """", ""city"": """", ""state"": """", ""zip"": """"}'}",2,17,131,2005500,Longwood,,
PC8749932,2026-09-04T10:14:05.000,Compliance,382,EAST 199 STREET,10458,Bronx,Failed for Rat Activity,Summons Issued,Burrows,2032790031,2,3279,31,40.867350716704,-73.884901913621,"{'latitude': '40.867350716704', 'longitude': '-73.884901913621', 'human_address': '{""address"": """", ""city"": """", ""state"": """", ""zip"": """"}'}",7,15,40702,2016413,Bedford Park,,
PC8763263,2026-09-04T10:15:00.000,Initial,28-46,34 STREET,11103,Queens,Failed for Rat Activity and Other Reason,,"Droppings, Burrows, Garbage",4006270039,4,627,39,40.767069629814,-73.917935084136,"{'latitude': '40.767069629814', 'longitude': '-73.917935084136', 'human_address': '{""address"": """", ""city"": """", ""state"": """", ""zip"": """"}'}",1,22,6501,4009149,Astoria (Central),1006982,218754
PC8741444,2026-09-04T10:15:15.000,Treatments,1175,MORRIS AVENUE,10456,Bronx,Bait applied,,,2024490068,2,2449,68,40.832543136536,-73.914525823303,"{'latitude': '40.832543136536', 'longitude': '-73.914525823303', 'human_address': '{""address"": """", ""city"": """", ""state"": """", ""zip"": """"}'}",4,16,18101,2002603,Concourse-Concourse Village,,
PC8624017,2026-09-04T10:15:54.000,Treatments,2605,GRAND AVENUE,10468,Bronx,Bait applied,,,2032150151,2,3215,151,40.866829816835,-73.90022549517,"{'latitude': '40.866829816835', 'longitude': '-73.90022549517', 'human_address': '{""address"": """", ""city"": """", ""state"": """", ""zip"": """"}'}",7,14,265,2115310,University Heights (North)-Fordham,,
PC8505664,2026-09-04T10:15:59.000,Treatments,245,EAST   30 STREET,10016,Manhattan,Bait applied,,,1009110026,1,911,26,40.742426974687,-73.978080364569,"{'latitude': '40.742426974687', 'longitude': '-73.978080364569', 'human_address': '{""address"": """", ""city"": """", ""state"": """", ""zip"": """"}'}",6,2,7002,1019952,Murray Hill-Kips Bay,990324,209766
PC8564396,2026-09-04T10:17:32.000,Treatments,469,LAFAYETTE AVENUE,11205,Brooklyn,Bait applied,,,3019420052,3,1942,52,40.689353246591,-73.955928921697,"{'latitude': '40.689353246591', 'longitude': '-73.955928921697', 'human_address': '{""address"": """", ""city"": """", ""state"": """", ""zip"": """"}'}",3,36,233,3334977,Bedford-Stuyvesant (West),,
PC8769524,2026-09-04T10:19:54.000,Initial,890,ELSMERE PLACE,10460,Bronx,Failed for Rat Activity and Other Reason,COTA,"Burrows, Harborage",2029600039,2,2960,39,40.842081196305,-73.886152943734,"{'latitude': '40.842081196305', 'longitude': '-73.886152943734', 'human_address': '{""address"": """", ""city"": """", ""state"": """", ""zip"": """"}'}",6,15,36502,2010153,Tremont,,
PC8721759,2026-09-04T10:20:00.000,Compliance,4509,6 AVENUE,11220,Brooklyn,Failed for Rat Activity and Other Reason,Summons Issued,"Burrows, Harborage",3007490005,3,749,5,40.64644974621,-74.005315241124,"{'latitude': '40.64644974621', 'longitude': '-74.005315241124', 'human_address': '{""address"": """", ""city"": """", ""state"": """", ""zip"": """"}'}",7,38,96,3324376,Sunset Park (Central),982775,174798
PC8774250,2026-09-04T10:20:56.000,Initial,27,RUTGERS STREET,10002,Manhattan,Failed for Rat Activity,COTA,Droppings,1002710064,1,271,64,40.712853780429,-73.990004567554,"{'latitude': '40.712853780429', 'longitude': '-73.990004567554', 'human_address': '{""address"": """", ""city"": """", ""state"": """", ""zip"": """"}'}",3,1,6,1003246,Chinatown-Two Bridges,,
PC8769906,2026-09-04T10:21:00.000,Initial,56,WEST 126 STREET,10027,Manhattan,Failed for Other Reason,COTA,Harborage,1017230059,1,1723,59,40.807795216959,-73.943485213615,"{'latitude': '40.807795216959', 'longitude': '-73.943485213615', 'human_address': '{""address"": """", ""city"": """", ""state"": """", ""zip"": """"}'}",10,9,200,1053521,Harlem (South),,
PC8770442,2026-09-04T10:21:00.000,Initial,918,MORRIS AVENUE,10451,Bronx,Failed for Rat Activity,COTA,Burrows,2024220004,2,2445,28,40.826924224076,-73.917698378,"{'latitude': '40.826924224076', 'longitude': '-73.917698378', 'human_address': '{""address"": """", ""city"": """", ""state"": """", ""zip"": """"}'}",4,16,173,2001951,Concourse-Concourse Village,,
PC8613390,2026-09-04T10:21:30.000,Compliance,220,WEST  122 STREET,10027,Manhattan,Failed for Rat Activity and Other Reason,Summons Issued,"Droppings, Burrows, Runways, Garbage",1019270043,1,1927,43,40.807403270615,-73.950637904894,"{'latitude': '40.807403270615', 'longitude': '-73.950637904894', 'human_address': '{""address"": """", ""city"": """", ""state"": """", ""zip"": """"}'}",10,9,220,1058521,Harlem (South),997915,233442
PC8750492,2026-09-04T10:22:05.000,Compliance,2863,WEBSTER AVENUE,10458,Bronx,Failed for Other Reason,Summons Issued,Animal Nuisance,2032790050,2,3279,50,40.866924594376,-73.884215699539,"{'latitude': '40.866924594376', 'longitude': '-73.884215699539', 'human_address': '{""address"": """", ""city"": """", ""state"": """", ""zip"": """"}'}",7,15,40702,2016419,Bedford Park,,
PC8763603,2026-09-04T10:25:00.000,Compliance,91,HARMAN STREET,11221,Brooklyn,Failed for Rat Activity,Summons Issued,Droppings,3032750070,3,3275,70,40.695594017959,-73.923111779156,"{'latitude': '40.695594017959', 'longitude': '-73.923111779156', 'human_address': '{""address"": """", ""city"": """", ""state"": """", ""zip"": """"}'}",4,37,421,3074734,Bushwick (West),,
PC8743265,2026-09-04T10:25:30.000,Treatments,2042,ADAM C POWELL BLVD,10027,Manhattan,Bait applied,,,1019280029,1,1928,29,40.807131125355,-73.949680851523,"{'latitude': '40.807131125355', 'longitude': '-73.949680851523', 'human_address': '{""address"": """", ""city"": """", ""state"": """", ""zip"": """"}'}",10,9,222,1058563,Harlem (South),,
PC8728824,2026-09-04T10:26:35.000,Treatments,269,WEST 113 STREET,10026,Manhattan,Bait applied,,,1018290008,1,1829,8,40.802102544109,-73.955857597235,"{'latitude': '40.802102544109', 'longitude': '-73.955857597235', 'human_address': '{""address"": """", ""city"": """", ""state"": """", ""zip"": """"}'}",10,9,216,1055140,Harlem (South),,
PC8425557,2026-09-04T10:26:44.000,Compliance,361,EAST 188 STREET,10458,Bronx,Failed for Rat Activity and Other Reason,Summons Issued,"Droppings, Burrows, Garbage, Mice",2030260001,2,3026,1,40.860140597157,-73.893753553401,"{'latitude': '40.860140597157', 'longitude': '-73.893753553401', 'human_address': '{""address"": """", ""city"": """", ""state"": """", ""zip"": """"}'}",5,15,39902,2011065,Fordham Heights,,
PC8711301,2026-09-04T10:27:30.000,Compliance,2030,ADAM C POWELL BLVD,10027,Manhattan,Failed for Rat Activity,Summons Issued,"Droppings, Runways",1019270033,1,1927,33,40.806700335975,-73.949991833094,"{'latitude': '40.806700335975', 'longitude': '-73.949991833094', 'human_address': '{""address"": """", ""city"": """", ""state"": """", ""zip"": """"}'}",10,9,220,1058515,Harlem (South),,
PC8580344,2026-09-04T10:28:00.000,Stoppage,67,St Nicholas Place,10031,Manhattan,Stoppage done,,,,1,2069,1,40.828986212635,-73.94115813284,"{'latitude': '40.828986212635', 'longitude': '-73.94115813284', 'human_address': '{""address"": """", ""city"": """", ""state"": """", ""zip"": """"}'}",9,9,23501,,Hamilton Heights-Sugar Hill,,
PC8663008,2026-09-04T10:30:15.000,Treatments,1194,SHERMAN AVENUE,10456,Bronx,Bait applied,,,2024520051,2,2452,51,40.833222324531,-73.916205322477,"{'latitude': '40.833222324531', 'longitude': '-73.916205322477', 'human_address': '{""address"": """", ""city"": """", ""state"": """", ""zip"": """"}'}",4,16,18101,2002664,Concourse-Concourse Village,,
PC8766907,2026-09-04T10:30:22.000,Initial,1667,POPHAM AVENUE,10453,Bronx,Failed for Other Reason,COTA,Harborage,2028770274,2,2877,274,40.849359076708,-73.920695923862,"{'latitude': '40.849359076708', 'longitude': '-73.920695923862', 'human_address': '{""address"": """", ""city"": """", ""state"": """", ""zip"": """"}'}",5,14,20501,2008886,University Heights (South)-Morris Heights,,
PC8770527,2026-09-04T10:30:23.000,Initial,1264,FINDLAY AVENUE,10456,Bronx,Failed for Other Reason,COTA,"Garbage, Harborage",2024360062,2,2436,62,40.834097151258,-73.911549696614,"{'latitude': '40.834097151258', 'longitude': '-73.911549696614', 'human_address': '{""address"": """", ""city"": """", ""state"": """", ""zip"": """"}'}",4,16,17701,2002342,Concourse-Concourse Village,,
PC8736975,2026-09-04T10:30:34.000,Treatments,2538,CRESTON AVENUE,10468,Bronx,Bait applied,,,2031670032,2,3167,32,40.863810857471,-73.897384738638,"{'latitude': '40.863810857471', 'longitude': '-73.897384738638', 'human_address': '{""address"": """", ""city"": """", ""state"": """", ""zip"": """"}'}",7,14,401,2013815,University Heights (North)-Fordham,1012633,254006
PC8520241,2026-09-04T10:30:59.000,Treatments,137,EAST 26 STREET,10010,Manhattan,Bait applied,,,1008820031,1,882,31,40.741310707099,-73.983111266375,"{'latitude': '40.741310707099', 'longitude': '-73.983111266375', 'human_address': '{""address"": """", ""city"": """", ""state"": """", ""zip"": """"}'}",6,2,68,1018135,Gramercy,,
PC8771978,2026-09-04T10:31:11.000,Initial,1211,FULTON STREET,11216,Brooklyn,Failed for Rat Activity,COTA,Burrows,3018420066,3,1842,66,40.680609953216,-73.952945839844,"{'latitude': '40.680609953216', 'longitude': '-73.952945839844', 'human_address': '{""address"": """", ""city"": """", ""state"": """", ""zip"": """"}'}",3,36,245,3000000,Bedford-Stuyvesant (West),,
PC8741459,2026-09-04T10:32:19.000,Compliance,375,EAST 163 STREET,10451,Bronx,Failed for Other Reason,Summons Issued,Harborage,2024090078,2,2409,78,40.825680756086,-73.913819239135,"{'latitude': '40.825680756086', 'longitude': '-73.913819239135', 'human_address': '{""address"": """", ""city"": """", ""state"": """", ""zip"": """"}'}",3,16,143,2001814,Concourse-Concourse Village,,
PC8714712,2026-09-04T10:33:00.000,Treatments,472,LAFAYETTE AVENUE,11205,Brooklyn,Monitoring visit,,,3019500019,3,1950,19,40.68928753482,-73.956354458877,"{'latitude': '40.68928753482', 'longitude': '-73.956354458877', 'human_address': '{""address"": """", ""city"": """", ""state"": """", ""zip"": """"}'}",3,36,233,3055677,Bedford-Stuyvesant (West),,
PC8749974,2026-09-04T10:34:05.000,Compliance,2850,DECATUR AVENUE,10458,Bronx,Failed for Other Reason,Summons Issued,Harborage,2032790059,2,3279,59,40.867600454106,-73.884868939418,"{'latitude': '40.867600454106', 'longitude': '-73.884868939418', 'human_address': '{""address"": """", ""city"": """", ""state"": """", ""zip"": """"}'}",7,15,40702,2016423,Bedford Park,,
PC8693079,2026-09-04T10:35:08.000,Compliance,1169,EAST  223 STREET,10466,Bronx,Failed for Other Reason,Summons Issued,Harborage,2049020009,2,4902,9,40.881934276145,-73.847826854781,"{'latitude': '40.881934276145', 'longitude': '-73.847826854781', 'human_address': '{""address"": """", ""city"": """", ""state"": """", ""zip"": """"}'}",12,12,386,2065879,Eastchester-Edenwald-Baychester,1026329,260629
PC8665343,2026-09-04T10:35:19.000,Compliance,251,CENTRAL AVENUE,11221,Brooklyn,Failed for Rat Activity and Other Reason,Summons Issued,"Droppings, Burrows, Runways, Mice",3032760001,3,3276,1,40.696631192055,-73.922591274472,"{'latitude': '40.696631192055', 'longitude': '-73.922591274472', 'human_address': '{""address"": """", ""city"": """", ""state"": """", ""zip"": """"}'}",4,37,421,3325657,Bushwick (West),,
PC8767632,2026-09-04T10:36:20.000,Initial,2085,AMSTERDAM AVENUE,10032,Manhattan,Failed for Rat Activity,COTA,"Droppings, Burrows",1021100062,1,2110,62,40.836689687373,-73.939221471698,"{'latitude': '40.836689687373', 'longitude': '-73.939221471698', 'human_address': '{""address"": """", ""city"": """", ""state"": """", ""zip"": """"}'}",12,10,24301,1062617,Washington Heights (South),1001068,244114
PC8766790,2026-09-04T10:38:22.000,Initial,1503,POPHAM AVENUE,10453,Bronx,Failed for Other Reason,COTA,Harborage,2028770701,2,2877,701,40.84795730832,-73.92185063123,"{'latitude': '40.84795730832', 'longitude': '-73.92185063123', 'human_address': '{""address"": """", ""city"": """", ""state"": """", ""zip"": """"}'}",5,14,20501,2099882,University Heights (South)-Morris Heights,,
PC8758193,2026-09-04T10:39:00.000,Compliance,471,45 STREET,11220,Brooklyn,Failed for Rat Activity,Summons Issued,Burrows,3007380046,3,738,46,40.648368180144,-74.008165887491,"{'latitude': '40.648368180144', 'longitude': '-74.008165887491', 'human_address': '{""address"": """", ""city"": """", ""state"": """", ""zip"": """"}'}",7,38,80,3011211,Sunset Park (West),981984,175497
PC8744036,2026-09-04T10:40:20.000,Compliance,113,Elizabeth street,10013,Manhattan,Failed for Rat Activity and Other Reason,,"Runways, Harborage",1004700025,1,470,25,40.719051818504,-73.99559524997,"{'latitude': '40.719051818504', 'longitude': '-73.99559524997', 'human_address': '{""address"": """", ""city"": """", ""state"": """", ""zip"": """"}'}",2,1,41,1006932,SoHo-Little Italy-Hudson Square,,
PC8730541,2026-09-04T10:40:31.000,Treatments,2090,FREDRICK DOUGLASS BL,10026,Manhattan,Bait applied,,,1018290001,1,1829,1,40.802572216296,-73.956698889473,"{'latitude': '40.802572216296', 'longitude': '-73.956698889473', 'human_address': '{""address"": """", ""city"": """", ""state"": """", ""zip"": """"}'}",10,9,216,1055134,Harlem (South),,
PC8743846,2026-09-04T10:40:37.000,Treatments,2058,ADAM C POWELL BLVD,10027,Manhattan,Bait applied,,,1019280036,1,1928,36,40.807520752244,-73.94939157119,"{'latitude': '40.807520752244', 'longitude': '-73.94939157119', 'human_address': '{""address"": """", ""city"": """", ""state"": """", ""zip"": """"}'}",10,9,222,1058567,Harlem (South),,
PC8769984,2026-09-04T10:42:33.000,Initial,WEST,130 STREET,10027,Manhattan,Failed for Other Reason,,Harborage,,1,1914,40,,,,,,,,,,
PC8771522,2026-09-04T10:42:53.000,Initial,732,WILLOUGHBY AVENUE,11206,Brooklyn,Failed for Rat Activity,COTA,Droppings,3015910015,3,1591,15,40.694969798085,-73.939506227717,"{'latitude': '40.694969798085', 'longitude': '-73.939506227717', 'human_address': '{""address"": """", ""city"": """", ""state"": """", ""zip"": """"}'}",3,36,283,3043005,Bedford-Stuyvesant (East),,
PC8734679,2026-09-04T10:43:00.000,Compliance,511,WEST 145 STREET,10031,Manhattan,Failed for Rat Activity,Summons Issued,"Burrows, Runways",1020770023,1,2077,23,40.825490062463,-73.948207146697,"{'latitude': '40.825490062463', 'longitude': '-73.948207146697', 'human_address': '{""address"": """", ""city"": """", ""state"": """", ""zip"": """"}'}",9,7,229,1061936,Hamilton Heights-Sugar Hill,,
PC8740885,2026-09-04T10:44:15.000,Compliance,317,EAST 89 STREET,10128,Manhattan,Failed for Rat Activity,Summons Issued,"Droppings, Burrows",1015520012,1,1552,12,40.779546395055,-73.949705388099,"{'latitude': '40.779546395055', 'longitude': '-73.949705388099', 'human_address': '{""address"": """", ""city"": """", ""state"": """", ""zip"": """"}'}",8,5,15401,1050109,Upper East Side-Yorkville,,
PC8723813,2026-09-04T10:44:51.000,Treatments,511,WEST  179 STREET,10033,Manhattan,Bait applied,,,1021520058,1,2152,58,40.847074756714,-73.932489042168,"{'latitude': '40.847074756714', 'longitude': '-73.932489042168', 'human_address': '{""address"": """", ""city"": """", ""state"": """", ""zip"": """"}'}",12,10,261,1063610,Washington Heights (South),1002928,247899
PC8741717,2026-09-04T10:45:15.000,Treatments,975,SHERMAN AVENUE,10456,Bronx,Bait applied,,,2024550028,2,2455,28,40.828720103344,-73.918848843185,"{'latitude': '40.828720103344', 'longitude': '-73.918848843185', 'human_address': '{""address"": """", ""city"": """", ""state"": """", ""zip"": """"}'}",4,16,18302,2002712,Concourse-Concourse Village,,
PC8768089,2026-09-04T10:45:22.000,Treatments,20,WEST 190 STREET,10468,Bronx,Bait applied,,,2032000014,2,3200,14,40.8641105024,-73.901050285522,"{'latitude': '40.8641105024', 'longitude': '-73.901050285522', 'human_address': '{""address"": """", ""city"": """", ""state"": """", ""zip"": """"}'}",7,14,265,2014359,University Heights (North)-Fordham,,
PC8670809,2026-09-04T10:46:00.000,Treatments,693,EAST 189 STREET,10458,Bronx,Bait applied,,,2030910095,2,3091,95,40.856128808217,-73.883468194259,"{'latitude': '40.856128808217', 'longitude': '-73.883468194259', 'human_address': '{""address"": """", ""city"": """", ""state"": """", ""zip"": """"}'}",6,15,389,2012604,Belmont,,
PC8749837,2026-09-04T10:48:00.000,Stoppage,2502,Fredrick Douglass Blvd,10030,Manhattan,Stoppage done,,,1019390062,1,1939,62,40.815592056504,-73.947188859088,"{'latitude': '40.815592056504', 'longitude': '-73.947188859088', 'human_address': '{""address"": """", ""city"": """", ""state"": """", ""zip"": """"}'}",10,9,226,1058820,Harlem (North),,
PC8744140,2026-09-04T10:48:51.000,Treatments,505,LAFAYETTE AVENUE,11205,Brooklyn,Bait applied,,,3017830095,3,1783,95,40.689563870946,-73.954086170717,"{'latitude': '40.689563870946', 'longitude': '-73.954086170717', 'human_address': '{""address"": """", ""city"": """", ""state"": """", ""zip"": """"}'}",3,36,241,3049762,Bedford-Stuyvesant (West),,
PC8272674,2026-09-04T10:49:50.000,Compliance,177,LENOX ROAD,11226,Brooklyn,Failed for Rat Activity,Summons Issued,"Droppings, Burrows",3050650080,3,5065,80,40.653917358323,-73.953854916814,"{'latitude': '40.653917358323', 'longitude': '-73.953854916814', 'human_address': '{""address"": """", ""city"": """", ""state"": """", ""zip"": """"}'}",17,40,822,3116248,East Flatbush-Erasmus,997054,177522
PC8741423,2026-09-04T10:50:15.000,Treatments,967,SHERMAN AVENUE,10456,Bronx,Bait applied,,,2024550033,2,2455,33,40.828621331028,-73.918903165997,"{'latitude': '40.828621331028', 'longitude': '-73.918903165997', 'human_address': '{""address"": """", ""city"": """", ""state"": """", ""zip"": """"}'}",4,16,18302,2002713,Concourse-Concourse Village,,
PC8703144,2026-09-04T10:50:59.000,Treatments,400,2 AVENUE,10010,Manhattan,Bait applied,,,1009290001,1,929,1,40.737975459584,-73.980820703252,"{'latitude': '40.737975459584', 'longitude': '-73.980820703252', 'human_address': '{""address"": """", ""city"": """", ""state"": """", ""zip"": """"}'}",6,2,64,1084709,Gramercy,989565,208144
PC8770679,2026-09-04T10:51:00.000,Initial,429,45 STREET,11220,Brooklyn,Failed for Rat Activity,COTA,"Droppings, Burrows",3007380065,3,738,65,40.648766124403,-74.008825409625,"{'latitude': '40.648766124403', 'longitude': '-74.008825409625', 'human_address': '{""address"": """", ""city"": """", ""state"": """", ""zip"": """"}'}",7,38,80,3011230,Sunset Park (West),981801,175642
PC8770578,2026-09-04T10:51:00.000,Initial,68,WEST 126 STREET,10027,Manhattan,Failed for Rat Activity,COTA,Gnawing,1017230063,1,1723,63,40.807910631036,-73.94375965227,"{'latitude': '40.807910631036', 'longitude': '-73.94375965227', 'human_address': '{""address"": """", ""city"": """", ""state"": """", ""zip"": """"}'}",10,9,200,1053524,Harlem (South),,
PC8735638,2026-09-04T10:52:00.000,Treatments,724,EAST 181 STREET,10457,Bronx,Bait applied,,,2030960061,2,3096,61,40.848529790832,-73.887378038943,"{'latitude': '40.848529790832', 'longitude': '-73.887378038943', 'human_address': '{""address"": """", ""city"": """", ""state"": """", ""zip"": """"}'}",6,15,371,2012701,Tremont,,
PC8759839,2026-09-04T10:52:14.000,Initial,250,WEST  131 STREET,10027,Manhattan,Failed for Rat Activity and Other Reason,City Agency Referral,"Droppings, Burrows, Garbage",1019330050,1,1933,50,40.813602329177,-73.947652861904,"{'latitude': '40.813602329177', 'longitude': '-73.947652861904', 'human_address': '{""address"": """", ""city"": """", ""state"": """", ""zip"": """"}'}",10,9,224,1081513,Harlem (North),998740,235701
PC8729314,2026-09-04T10:52:52.000,Treatments,2092,FREDRICK DOUGLASS BL,10026,Manhattan,Bait applied,,,1018290002,1,1829,2,40.802627096248,-73.956659121182,"{'latitude': '40.802627096248', 'longitude': '-73.956659121182', 'human_address': '{""address"": """", ""city"": """", ""state"": """", ""zip"": """"}'}",10,9,216,1055135,Harlem (South),,
PC8734782,2026-09-04T10:53:00.000,Compliance,529,WEST 145 STREET,10031,Manhattan,Failed for Rat Activity,Summons Issued,Burrows,1020770013,1,2077,13,40.825638435928,-73.94855752041,"{'latitude': '40.825638435928', 'longitude': '-73.94855752041', 'human_address': '{""address"": """", ""city"": """", ""state"": """", ""zip"": """"}'}",9,7,229,1061932,Hamilton Heights-Sugar Hill,,
PC8706515,2026-09-04T10:53:22.000,Compliance,1590,UNDERCLIFF AVENUE,10453,Bronx,Failed for Other Reason,Summons Issued,Harborage,2028770166,2,2877,166,40.848487462852,-73.922471707209,"{'latitude': '40.848487462852', 'longitude': '-73.922471707209', 'human_address': '{""address"": """", ""city"": """", ""state"": """", ""zip"": """"}'}",5,14,20501,2092064,University Heights (South)-Morris Heights,1005682,248388
PC8647351,2026-09-04T10:53:30.000,Compliance,230,WEST 123 STREET,10027,Manhattan,Failed for Rat Activity and Other Reason,Summons Issued,"Droppings, Runways, Harborage",1019280047,1,1928,47,40.808108553436,-73.950366454319,"{'latitude': '40.808108553436', 'longitude': '-73.950366454319', 'human_address': '{""address"": """", ""city"": """", ""state"": """", ""zip"": """"}'}",10,9,222,1058578,Harlem (South),,
PC8770545,2026-09-04T10:55:00.000,Initial,695,WALTON AVENUE,10451,Bronx,Failed for Rat Activity,COTA,Droppings,2024730055,2,2473,55,40.823551288625,-73.926301939848,"{'latitude': '40.823551288625', 'longitude': '-73.926301939848', 'human_address': '{""address"": """", ""city"": """", ""state"": """", ""zip"": """"}'}",4,16,6301,2002899,Concourse-Concourse Village,,
PC8767307,2026-09-04T10:55:14.000,Initial,452,WEST  164 STREET,10032,Manhattan,Failed for Rat Activity,COTA,"Droppings, Burrows, Runways",1021100070,1,2110,70,40.836870199027,-73.938021488714,"{'latitude': '40.836870199027', 'longitude': '-73.938021488714', 'human_address': '{""address"": """", ""city"": """", ""state"": """", ""zip"": """"}'}",12,10,24301,1062622,Washington Heights (South),1001400,244180
PC8774307,2026-09-04T10:56:49.000,Initial,201,EAST   88 STREET,10128,Manhattan,Failed for Rat Activity,,Burrows,1015347501,1,1534,7501,40.780033534874,-73.952810316187,"{'latitude': '40.780033534874', 'longitude': '-73.952810316187', 'human_address': '{""address"": """", ""city"": """", ""state"": """", ""zip"": """"}'}",8,5,14602,1000000,Upper East Side-Yorkville,997319,223470
PC8769609,2026-09-04T10:57:49.000,Initial,1900,MARMION AVENUE,10460,Bronx,Failed for Other Reason,City Agency Referral,Harborage,2029600021,2,2960,21,40.842195323252,-73.887771909489,"{'latitude': '40.842195323252', 'longitude': '-73.887771909489', 'human_address': '{""address"": """", ""city"": """", ""state"": """", ""zip"": """"}'}",6,15,36502,2000000,Tremont,,
PC8735104,2026-09-04T11:00:00.000,Compliance,531,WEST 145 STREET,10031,Manhattan,Failed for Rat Activity,Summons Issued,"Droppings, Burrows",1020770012,1,2077,12,40.825654922162,-73.948597253874,"{'latitude': '40.825654922162', 'longitude': '-73.948597253874', 'human_address': '{""address"": """", ""city"": """", ""state"": """", ""zip"": """"}'}",9,7,229,1061931,Hamilton Heights-Sugar Hill,,
PC8754710,2026-09-04T11:00:00.000,Initial,323,STAGG STREET,11206,Brooklyn,Failed for Rat Activity,COTA,Droppings,3030300030,3,3030,30,40.71019595727,-73.936123405439,"{'latitude': '40.71019595727', 'longitude': '-73.936123405439', 'human_address': '{""address"": """", ""city"": """", ""state"": """", ""zip"": """"}'}",1,34,485,3070852,East Williamsburg,1001959,198029
PC8718878,2026-09-04T11:00:36.000,Treatments,2450,DAVIDSON AVENUE,10468,Bronx,Bait applied,,,2032000001,2,3200,1,40.862928435138,-73.902114958374,"{'latitude': '40.862928435138', 'longitude': '-73.902114958374', 'human_address': '{""address"": """", ""city"": """", ""state"": """", ""zip"": """"}'}",7,14,265,2014355,University Heights (North)-Fordham,,
PC8743284,2026-09-04T11:00:49.000,Treatments,270,WEST 123 STREET,10027,Manhattan,Bait applied,,,1019280061,1,1928,61,40.808441006802,-73.951157311862,"{'latitude': '40.808441006802', 'longitude': '-73.951157311862', 'human_address': '{""address"": """", ""city"": """", ""state"": """", ""zip"": """"}'}",10,9,222,1058592,Harlem (South),,
PC8766609,2026-09-04T11:01:00.000,Initial,64-04,35 AVENUE,11377,Queens,Failed for Rat Activity,,"Droppings, Burrows, Runways",4012020013,4,1202,13,40.750319274294,-73.898491406325,"{'latitude': '40.750319274294', 'longitude': '-73.898491406325', 'human_address': '{""address"": """", ""city"": """", ""state"": """", ""zip"": """"}'}",2,26,293,4027492,Woodside,1012375,212657
PC8622268,2026-09-04T11:01:31.000,Treatments,289,AUDUBON AVENUE,10033,Manhattan,Bait applied,,,1021520038,1,2152,38,40.847772234099,-73.933026892459,"{'latitude': '40.847772234099', 'longitude': '-73.933026892459', 'human_address': '{""address"": """", ""city"": """", ""state"": """", ""zip"": """"}'}",12,10,261,1063597,Washington Heights (South),,
PC8734019,2026-09-04T11:02:11.000,Compliance,4646,PARK AVENUE,10458,Bronx,Failed for Rat Activity and Other Reason,Summons Issued,"Droppings, Burrows, Harborage",2030400003,2,3040,3,40.857521095021,-73.892647938037,"{'latitude': '40.857521095021', 'longitude': '-73.892647938037', 'human_address': '{""address"": """", ""city"": """", ""state"": """", ""zip"": """"}'}",6,15,385,2114972,Belmont,1013946,251716
PC8766801,2026-09-04T11:03:00.000,Initial,1644,UNDERCLIFF AVENUE,10453,Bronx,Failed for Other Reason,COTA,Harborage,2028770260,2,2877,260,40.849269292947,-73.921852698447,"{'latitude': '40.849269292947', 'longitude': '-73.921852698447', 'human_address': '{""address"": """", ""city"": """", ""state"": """", ""zip"": """"}'}",5,14,20501,2008882,University Heights (South)-Morris Heights,,
PC8740641,2026-09-04T11:03:30.000,Compliance,160,WEST 123 STREET,10027,Manhattan,Failed for Rat Activity,Summons Issued,Burrows,1019070058,1,1907,58,40.807141383856,-73.948062539026,"{'latitude': '40.807141383856', 'longitude': '-73.948062539026', 'human_address': '{""address"": """", ""city"": """", ""state"": """", ""zip"": """"}'}",10,9,222,1057753,Harlem (South),,
PC8712238,2026-09-04T11:03:30.000,Treatments,2075,FREDRICK DOUGLASS BL,10026,Manhattan,Bait applied,,,1018470021,1,1847,21,40.802070074008,-73.957089314555,"{'latitude': '40.802070074008', 'longitude': '-73.957089314555', 'human_address': '{""address"": """", ""city"": """", ""state"": """", ""zip"": """"}'}",10,9,19702,1075301,Harlem (South),,
PC8728080,2026-09-04T11:04:04.000,Treatments,562,LAFAYETTE AVENUE,11205,Brooklyn,Bait applied,,,3017880042,3,1788,42,40.689703300361,-73.952723043977,"{'latitude': '40.689703300361', 'longitude': '-73.952723043977', 'human_address': '{""address"": """", ""city"": """", ""state"": """", ""zip"": """"}'}",3,36,243,3049884,Bedford-Stuyvesant (West),997361,190561
PC8771683,2026-09-04T11:04:11.000,Initial,100,MACON STREET,11216,Brooklyn,Failed for Rat Activity,COTA,Droppings,,3,1850,18,40.681378605003,-73.946924196176,"{'latitude': '40.681378605003', 'longitude': '-73.946924196176', 'human_address': '{""address"": """", ""city"": """", ""state"": """", ""zip"": """"}'}",3,36,249,,Bedford-Stuyvesant (West),,
PC8693940,2026-09-04T11:06:00.000,Treatments,642,GREENE AVENUE,11221,Brooklyn,Bait applied,,,3018000029,3,1800,29,40.689287315,-73.943308392686,"{'latitude': '40.689287315', 'longitude': '-73.943308392686', 'human_address': '{""address"": """", ""city"": """", ""state"": """", ""zip"": """"}'}",3,36,263,3050464,Bedford-Stuyvesant (West),,
PC8728000,2026-09-04T11:07:00.000,Stoppage,51,MORNINGSIDE AVENUE,10026,Manhattan,Stoppage done,,,,1,1946,1,40.807630794694,-73.95672448435,"{'latitude': '40.807630794694', 'longitude': '-73.95672448435', 'human_address': '{""address"": """", ""city"": """", ""state"": """", ""zip"": """"}'}",10,9,257,,Harlem (South),,
PC8770029,2026-09-04T11:08:00.000,Initial,690,GERARD AVENUE,10451,Bronx,Failed for Other Reason,,Harborage,2024730001,2,2473,1,40.823579328036,-73.927230496892,"{'latitude': '40.823579328036', 'longitude': '-73.927230496892', 'human_address': '{""address"": """", ""city"": """", ""state"": """", ""zip"": """"}'}",4,16,6301,2002894,Concourse-Concourse Village,,
PC8772586,2026-09-04T11:08:11.000,Initial,102,MACON STREET,11216,Brooklyn,Failed for Rat Activity,COTA,Droppings,3018500020,3,1850,20,40.681384064483,-73.946859293732,"{'latitude': '40.681384064483', 'longitude': '-73.946859293732', 'human_address': '{""address"": """", ""city"": """", ""state"": """", ""zip"": """"}'}",3,36,249,3053273,Bedford-Stuyvesant (West),,
PC8766757,2026-09-04T11:08:22.000,Initial,1642,UNDERCLIFF AVENUE,10453,Bronx,Failed for Rat Activity and Other Reason,COTA,"Burrows, Garbage",2028770259,2,2877,259,40.849247347377,-73.921870797247,"{'latitude': '40.849247347377', 'longitude': '-73.921870797247', 'human_address': '{""address"": """", ""city"": """", ""state"": """", ""zip"": """"}'}",5,14,20501,2008881,University Heights (South)-Morris Heights,,
PC8757851,2026-09-04T11:08:30.000,Compliance,147,WEST 123 STREET,10027,Manhattan,Failed for Rat Activity,Summons Issued,"Droppings, Burrows",1019080009,1,1908,9,40.807042446884,-73.947784470817,"{'latitude': '40.807042446884', 'longitude': '-73.947784470817', 'human_address': '{""address"": """", ""city"": """", ""state"": """", ""zip"": """"}'}",10,9,222,1057779,Harlem (South),,
PC8770542,2026-09-04T11:13:00.000,Initial,613,GRAND CONCOURSE,10451,Bronx,Failed for Rat Activity,City Agency Referral,Burrows,2024670001,2,2467,1,40.820326329256,-73.926478949483,"{'latitude': '40.820326329256', 'longitude': '-73.926478949483', 'human_address': '{""address"": """", ""city"": """", ""state"": """", ""zip"": """"}'}",4,8,6301,2000000,Concourse-Concourse Village,,
PC8770256,2026-09-04T11:13:14.000,Initial,350,EAST 169 STREET,10456,Bronx,Failed for Other Reason,COTA,"Garbage, Harborage",2024360070,2,2436,70,40.834582416555,-73.910833519725,"{'latitude': '40.834582416555', 'longitude': '-73.910833519725', 'human_address': '{""address"": """", ""city"": """", ""state"": """", ""zip"": """"}'}",4,16,17701,2002350,Concourse-Concourse Village,,
PC8722200,2026-09-04T11:15:00.000,Compliance,40-08,30 AVENUE,11103,Queens,Failed for Rat Activity and Other Reason,,"Droppings, Burrows, Garbage",4006810114,4,681,114,40.763721387139,-73.914668634108,"{'latitude': '40.763721387139', 'longitude': '-73.914668634108', 'human_address': '{""address"": """", ""city"": """", ""state"": """", ""zip"": """"}'}",1,22,149,4011283,Astoria (East)-Woodside (North),,
PC8748263,2026-09-04T11:15:26.000,Treatments,216,WEST  125 STREET,10027,Manhattan,Bait applied,,,1019300037,1,1930,37,40.80921680496,-73.94893872654,"{'latitude': '40.80921680496', 'longitude': '-73.94893872654', 'human_address': '{""address"": """", ""city"": """", ""state"": """", ""zip"": """"}'}",10,9,222,1058641,Harlem (South),998385,234103
PC8717639,2026-09-04T11:15:59.000,Treatments,213,East 21 street,10010,Manhattan,Bait applied,,,1009020012,1,902,12,40.737319883673,-73.983541691764,"{'latitude': '40.737319883673', 'longitude': '-73.983541691764', 'human_address': '{""address"": """", ""city"": """", ""state"": """", ""zip"": """"}'}",6,2,64,1019636,Gramercy,,
PC8712089,2026-09-04T11:16:10.000,Treatments,2109,FREDRICK DOUGLASS BL,10026,Manhattan,Bait applied,,,1018470060,1,1847,60,40.803016751869,-73.956398797996,"{'latitude': '40.803016751869', 'longitude': '-73.956398797996', 'human_address': '{""address"": """", ""city"": """", ""state"": """", ""zip"": """"}'}",10,9,19702,1055816,Harlem (South),,
PC8638231,2026-09-04T11:16:43.000,Treatments,2422,WEBSTER AVENUE,10458,Bronx,Bait applied,,,2030320007,2,3032,7,40.859338952589,-73.893556006544,"{'latitude': '40.859338952589', 'longitude': '-73.893556006544', 'human_address': '{""address"": """", ""city"": """", ""state"": """", ""zip"": """"}'}",6,15,38304,2011220,Belmont,,
PC8693031,2026-09-04T11:17:30.000,Compliance,100,WEST  124 STREET,10027,Manhattan,Failed for Rat Activity,Summons Issued,Burrows,1019080035,1,1908,35,40.807286117139,-73.946454954277,"{'latitude': '40.807286117139', 'longitude': '-73.946454954277', 'human_address': '{""address"": """", ""city"": """", ""state"": """", ""zip"": """"}'}",10,9,222,1057790,Harlem (South),999073,233400
PC8566827,2026-09-04T11:18:50.000,Compliance,974,NEW YORK AVENUE,11203,Brooklyn,Failed for Rat Activity,Summons Issued,"Droppings, Burrows, Runways",3048860029,3,4886,29,40.649733885874,-73.946556660488,"{'latitude': '40.649733885874', 'longitude': '-73.946556660488', 'human_address': '{""address"": """", ""city"": """", ""state"": """", ""zip"": """"}'}",17,40,824,3109344,East Flatbush-Erasmus,999080,175999
PC8748246,2026-09-04T11:20:00.000,Treatments,2297,SEDGWICK AVENUE,10468,Bronx,Bait applied,,,2032340057,2,3234,57,40.861729592379,-73.909553330337,"{'latitude': '40.861729592379', 'longitude': '-73.909553330337', 'human_address': '{""address"": """", ""city"": """", ""state"": """", ""zip"": """"}'}",7,14,257,2015104,University Heights (North)-Fordham,,
PC8760914,2026-09-04T11:20:00.000,Initial,111-29,116 STREET,11420,Queens,Failed for Other Reason,,Harborage,4116210052,4,11621,52,40.679498687434,-73.823723697693,"{'latitude': '40.679498687434', 'longitude': '-73.823723697693', 'human_address': '{""address"": """", ""city"": """", ""state"": """", ""zip"": """"}'}",10,28,102,4250371,South Ozone Park,1033143,186888
PC8673554,2026-09-04T11:21:48.000,Treatments,619,WEST  179 STREET,10033,Manhattan,Bait applied,,,1021620048,1,2162,48,40.848259358489,-73.935307168064,"{'latitude': '40.848259358489', 'longitude': '-73.935307168064', 'human_address': '{""address"": """", ""city"": """", ""state"": """", ""zip"": """"}'}",12,10,263,1063905,Washington Heights (South),1002148,248330
PC8578721,2026-09-04T11:22:00.000,Stoppage,216,WEST125TH STREET,10027,Manhattan,Stoppage done,,,1019300037,1,1930,37,40.80921680496,-73.94893872654,"{'latitude': '40.80921680496', 'longitude': '-73.94893872654', 'human_address': '{""address"": """", ""city"": """", ""state"": """", ""zip"": """"}'}",10,9,222,1058641,Harlem (South),,
PC8762749,2026-09-04T11:22:00.000,Compliance,663,DEKALB AVENUE,11216,Brooklyn,Failed for Other Reason,Summons Issued,Harborage,3017740062,3,1774,62,40.691571195213,-73.949678248848,"{'latitude': '40.691571195213', 'longitude': '-73.949678248848', 'human_address': '{""address"": """", ""city"": """", ""state"": """", ""zip"": """"}'}",3,36,253,3049461,Bedford-Stuyvesant (West),,
PC8693704,2026-09-04T11:22:19.000,Compliance,1041,GRANT AVENUE,10456,Bronx,Failed for Other Reason,Summons Issued,Harborage,2024510038,2,2451,38,40.829868949504,-73.917167146577,"{'latitude': '40.829868949504', 'longitude': '-73.917167146577', 'human_address': '{""address"": """", ""city"": """", ""state"": """", ""zip"": """"}'}",4,16,18101,2002638,Concourse-Concourse Village,,
PC8769533,2026-09-04T11:23:24.000,Initial,873,FAIRMOUNT PLACE,10460,Bronx,Failed for Other Reason,COTA,Harborage,2029600107,2,2960,107,40.841681257396,-73.886955977101,"{'latitude': '40.841681257396', 'longitude': '-73.886955977101', 'human_address': '{""address"": """", ""city"": """", ""state"": """", ""zip"": """"}'}",6,15,36502,2103779,Tremont,,
PC8637461,2026-09-04T11:23:31.000,Treatments,642,LAFAYETTE AVENUE,11216,Brooklyn,Bait applied,,,3017890035,3,1789,35,40.690110764525,-73.949199767577,"{'latitude': '40.690110764525', 'longitude': '-73.949199767577', 'human_address': '{""address"": """", ""city"": """", ""state"": """", ""zip"": """"}'}",3,36,251,3049954,Bedford-Stuyvesant (West),,
PC8765693,2026-09-04T11:24:00.000,Initial,461,48 STREET,11220,Brooklyn,Failed for Rat Activity and Other Reason,COTA,"Droppings, Harborage",3007650050,3,765,50,40.646781545552,-74.01006837821,"{'latitude': '40.646781545552', 'longitude': '-74.01006837821', 'human_address': '{""address"": """", ""city"": """", ""state"": """", ""zip"": """"}'}",7,38,80,3012252,Sunset Park (West),981456,174919
PC8739420,2026-09-04T11:24:00.000,Compliance,624,EAST  183 STREET,10458,Bronx,Failed for Rat Activity and Other Reason,Summons Issued,"Droppings, Runways, Harborage",2030710053,2,3071,53,40.85280155828,-73.888361227438,"{'latitude': '40.85280155828', 'longitude': '-73.888361227438', 'human_address': '{""address"": """", ""city"": """", ""state"": """", ""zip"": """"}'}",6,15,391,2012092,Belmont,1015134,249998
PC8746843,2026-09-04T11:25:00.000,Treatments,651,GREENE AVENUE,11221,Brooklyn,Bait applied,,,3017950055,3,1795,55,40.689339322666,-73.943019877824,"{'latitude': '40.689339322666', 'longitude': '-73.943019877824', 'human_address': '{""address"": """", ""city"": """", ""state"": """", ""zip"": """"}'}",3,36,263,3050252,Bedford-Stuyvesant (West),,
PC8758092,2026-09-04T11:25:30.000,Compliance,2089,ADAM C POWELL BLVD,10027,Manhattan,Failed for Rat Activity,Summons Issued,Burrows,1019090063,1,1909,63,40.808596333,-73.948581580091,"{'latitude': '40.808596333', 'longitude': '-73.948581580091', 'human_address': '{""address"": """", ""city"": """", ""state"": """", ""zip"": """"}'}",10,9,222,1057837,Harlem (South),,
PC8743502,2026-09-04T11:25:44.000,Treatments,249,WEST 131 STREET,10027,Manhattan,Bait applied,,,1019370012,1,1937,12,40.813577577035,-73.947544502308,"{'latitude': '40.813577577035', 'longitude': '-73.947544502308', 'human_address': '{""address"": """", ""city"": """", ""state"": """", ""zip"": """"}'}",10,9,226,1058695,Harlem (North),,
PC8769764,2026-09-04T11:26:00.000,Initial,479,WEST  146 STREET,10031,Manhattan,Failed for Rat Activity and Other Reason,COTA,"Droppings, Burrows, Garbage, Harborage",1020610001,1,2061,1,40.825667707479,-73.946541277998,"{'latitude': '40.825667707479', 'longitude': '-73.946541277998', 'human_address': '{""address"": """", ""city"": """", ""state"": """", ""zip"": """"}'}",9,7,231,1061376,Hamilton Heights-Sugar Hill,999045,240097
PC8773087,2026-09-04T11:28:50.000,Initial,1063,NEW YORK AVENUE,11203,Brooklyn,Failed for Other Reason,COTA,Harborage,3049040047,3,4904,47,40.647433637283,-73.946295446759,"{'latitude': '40.647433637283', 'longitude': '-73.946295446759', 'human_address': '{""address"": """", ""city"": """", ""state"": """", ""zip"": """"}'}",17,45,856,3110161,East Flatbush-Erasmus,999153,175161
PC8773223,2026-09-04T11:30:00.000,Initial,125,LEONARD STREET,11206,Brooklyn,Failed for Rat Activity and Other Reason,COTA,"Droppings, Runways, Gnawing, Harborage",3030410017,3,3041,17,40.707854574505,-73.946683014169,"{'latitude': '40.707854574505', 'longitude': '-73.946683014169', 'human_address': '{""address"": """", ""city"": """", ""state"": """", ""zip"": """"}'}",1,34,511,3400428,East Williamsburg,999032,197174
PC8681515,2026-09-04T11:30:12.000,Treatments,2378,WEBSTER AVENUE,10458,Bronx,Bait applied,,,2030310036,2,3031,36,40.858118288928,-73.894360512977,"{'latitude': '40.858118288928', 'longitude': '-73.894360512977', 'human_address': '{""address"": """", ""city"": """", ""state"": """", ""zip"": """"}'}",6,15,38304,2011196,Belmont,,
PC8770000,2026-09-04T11:31:24.000,Initial,356,EAST 169 STREET,10456,Bronx,Failed for Other Reason,COTA,Harborage,2024360073,2,2436,73,40.83454115289,-73.910714320436,"{'latitude': '40.83454115289', 'longitude': '-73.910714320436', 'human_address': '{""address"": """", ""city"": """", ""state"": """", ""zip"": """"}'}",4,16,17701,2002353,Concourse-Concourse Village,,
PC8697489,2026-09-04T11:31:30.000,Compliance,268,WEST 125 STREET,10027,Manhattan,Failed for Rat Activity,Summons Issued,"Burrows, Runways",1019300059,1,1930,59,40.809815780231,-73.950354338977,"{'latitude': '40.809815780231', 'longitude': '-73.950354338977', 'human_address': '{""address"": """", ""city"": """", ""state"": """", ""zip"": """"}'}",10,9,222,1058651,Harlem (South),,
PC8571760,2026-09-04T11:31:50.000,Compliance,1071,NEW YORK AVENUE,11203,Brooklyn,Failed for Rat Activity,Summons Issued,Burrows,3049040044,3,4904,44,40.64729364674,-73.946281145475,"{'latitude': '40.64729364674', 'longitude': '-73.946281145475', 'human_address': '{""address"": """", ""city"": """", ""state"": """", ""zip"": """"}'}",17,45,856,3110158,East Flatbush-Erasmus,999157,175110
PC8772259,2026-09-04T11:32:38.000,Initial,72A,ROGERS AVENUE,11216,Brooklyn,Failed for Rat Activity,,Burrows,3012320020,3,1232,20,40.674198131338,-73.952885489936,"{'latitude': '40.674198131338', 'longitude': '-73.952885489936', 'human_address': '{""address"": """", ""city"": """", ""state"": """", ""zip"": """"}'}",8,36,221,3031175,Crown Heights (North),,
PC8703146,2026-09-04T11:32:59.000,Treatments,211,EAST   21 STREET,10010,Manhattan,Bait applied,,,1009020011,1,902,11,40.737333612147,-73.983574164748,"{'latitude': '40.737333612147', 'longitude': '-73.983574164748', 'human_address': '{""address"": """", ""city"": """", ""state"": """", ""zip"": """"}'}",6,2,64,1019635,Gramercy,988802,207910
PC8762377,2026-09-04T11:33:00.000,Compliance,30,PULASKI STREET,11206,Brooklyn,Failed for Other Reason,Summons Issued,Harborage,3017740022,3,1774,22,40.692208335751,-73.950489124339,"{'latitude': '40.692208335751', 'longitude': '-73.950489124339', 'human_address': '{""address"": """", ""city"": """", ""state"": """", ""zip"": """"}'}",3,36,253,3049434,Bedford-Stuyvesant (West),,
PC8769766,2026-09-04T11:33:00.000,Initial,475,WEST  146 STREET,10031,Manhattan,Failed for Rat Activity,COTA,Droppings,1020610005,1,2061,5,40.825637481683,-73.946469036468,"{'latitude': '40.825637481683', 'longitude': '-73.946469036468', 'human_address': '{""address"": """", ""city"": """", ""state"": """", ""zip"": """"}'}",9,7,231,1088902,Hamilton Heights-Sugar Hill,999065,240086
PC8772736,2026-09-04T11:33:19.000,Initial,LINDEN,STREET,11221,Brooklyn,Failed for Rat Activity,City Agency Referral,Burrows,,3,3324,40,,,,,,,,,,
PC8748245,2026-09-04T11:35:11.000,Treatments,2285,SEDGWICK AVENUE,10468,Bronx,Bait applied,,,2032340049,2,3234,49,40.86152662745,-73.90973798539,"{'latitude': '40.86152662745', 'longitude': '-73.90973798539', 'human_address': '{""address"": """", ""city"": """", ""state"": """", ""zip"": """"}'}",7,14,257,2015102,University Heights (North)-Fordham,,
PC8743058,2026-09-04T11:35:18.000,Treatments,209,WEST 131 STREET,10027,Manhattan,Bait applied,,,1019370025,1,1937,25,40.812995045992,-73.946150497182,"{'latitude': '40.812995045992', 'longitude': '-73.946150497182', 'human_address': '{""address"": """", ""city"": """", ""state"": """", ""zip"": """"}'}",10,9,226,1058708,Harlem (North),,
PC8770876,2026-09-04T11:35:38.000,Initial,74,ROGERS AVENUE,11216,Brooklyn,Failed for Rat Activity,COTA,Burrows,3012320021,3,1232,21,40.674137749231,-73.952892742868,"{'latitude': '40.674137749231', 'longitude': '-73.952892742868', 'human_address': '{""address"": """", ""city"": """", ""state"": """", ""zip"": """"}'}",8,36,221,3031176,Crown Heights (North),,
PC8768815,2026-09-04T11:36:00.000,Initial,4815,4 AVENUE,11220,Brooklyn,Failed for Rat Activity and Other Reason,COTA,"Burrows, Runways, Animal Nuisance",3007740004,3,774,4,40.647437408386,-74.011549559991,"{'latitude': '40.647437408386', 'longitude': '-74.011549559991', 'human_address': '{""address"": """", ""city"": """", ""state"": """", ""zip"": """"}'}",7,38,78,3012573,Sunset Park (West),981045,175158
PC8758154,2026-09-04T11:38:00.000,Compliance,23,PULASKI STREET,11206,Brooklyn,Failed for Other Reason,Summons Issued,Harborage,3017700086,3,1770,86,40.69220293324,-73.950691066393,"{'latitude': '40.69220293324', 'longitude': '-73.950691066393', 'human_address': '{""address"": """", ""city"": """", ""state"": """", ""zip"": """"}'}",3,36,253,3049309,Bedford-Stuyvesant (West),,
PC8770528,2026-09-04T11:39:37.000,Initial,358,EAST 169 STREET,10456,Bronx,Failed for Other Reason,COTA,Harborage,2024360074,2,2436,74,40.834527398307,-73.910674587372,"{'latitude': '40.834527398307', 'longitude': '-73.910674587372', 'human_address': '{""address"": """", ""city"": """", ""state"": """", ""zip"": """"}'}",4,16,17701,2002354,Concourse-Concourse Village,,
PC8755489,2026-09-04T11:40:35.000,Compliance,590,WEST 172 STREET,10032,Manhattan,Failed for Rat Activity and Other Reason,Summons Issued,"Droppings, Burrows, Animal Nuisance",1021280008,1,2128,8,40.843339333638,-73.937632326628,"{'latitude': '40.843339333638', 'longitude': '-73.937632326628', 'human_address': '{""address"": """", ""city"": """", ""state"": """", ""zip"": """"}'}",12,10,253,1063063,Washington Heights (South),1001506,246537
PC8704399,2026-09-04T11:40:55.000,Initial,000,Rockaway Beach Boulevard,,Queens,Failed for Other Reason,,Harborage,,4,16169,38,0.00000000000000000000,0.00000000000000000000,,,,,,,0,0
PC8637325,2026-09-04T11:42:15.000,Treatments,652,LAFAYETTE AVENUE,11216,Brooklyn,Bait applied,,,3017897504,3,1789,7504,40.690165446459,-73.948720137648,"{'latitude': '40.690165446459', 'longitude': '-73.948720137648', 'human_address': '{""address"": """", ""city"": """", ""state"": """", ""zip"": """"}'}",3,36,251,3049958,Bedford-Stuyvesant (West),,
PC8744959,2026-09-04T11:43:00.000,Treatments,670,GREENE AVENUE,11221,Brooklyn,Bait applied,,,3018010010,3,1801,10,40.689478624166,-73.941663944249,"{'latitude': '40.689478624166', 'longitude': '-73.941663944249', 'human_address': '{""address"": """", ""city"": """", ""state"": """", ""zip"": """"}'}",3,36,279,3050506,Bedford-Stuyvesant (East),,
PC8751131,2026-09-04T11:44:00.000,Compliance,506,WEST 151 STREET,10031,Manhattan,Failed for Rat Activity and Other Reason,Summons Issued,"Burrows, Harborage",1020820039,1,2082,39,40.829232575235,-73.945371245095,"{'latitude': '40.829232575235', 'longitude': '-73.945371245095', 'human_address': '{""address"": """", ""city"": """", ""state"": """", ""zip"": """"}'}",9,7,237,1062157,Hamilton Heights-Sugar Hill,,
PC8757903,2026-09-04T11:45:00.000,Compliance,2,HART STREET,11206,Brooklyn,Failed for Rat Activity,Summons Issued,"Droppings, Burrows, Runways",3017700008,3,1770,8,40.692834599911,-73.951556054361,"{'latitude': '40.692834599911', 'longitude': '-73.951556054361', 'human_address': '{""address"": """", ""city"": """", ""state"": """", ""zip"": """"}'}",3,36,253,3049237,Bedford-Stuyvesant (West),,
PC8755559,2026-09-04T11:46:02.000,Compliance,224,WEST  124 STREET,10027,Manhattan,Failed for Rat Activity,Summons Issued,Burrows,1019290057,1,1929,57,40.808687446605,-73.949795266264,"{'latitude': '40.808687446605', 'longitude': '-73.949795266264', 'human_address': '{""address"": """", ""city"": """", ""state"": """", ""zip"": """"}'}",10,9,222,1091647,Harlem (South),998148,233910
PC8764459,2026-09-04T11:50:00.000,Initial,31-67,49 STREET,11377,Queens,Failed for Rat Activity,,Burrows,4007380050,4,738,50,40.756982698644,-73.910663471674,"{'latitude': '40.756982698644', 'longitude': '-73.910663471674', 'human_address': '{""address"": """", ""city"": """", ""state"": """", ""zip"": """"}'}",1,26,163,4430999,Astoria (East)-Woodside (North),1009000,215081
PC8768257,2026-09-04T11:50:00.000,Initial,22,HART STREET,11206,Brooklyn,Failed for Other Reason,COTA,Harborage,3017700018,3,1770,18,40.692905700226,-73.950935757717,"{'latitude': '40.692905700226', 'longitude': '-73.950935757717', 'human_address': '{""address"": """", ""city"": """", ""state"": """", ""zip"": """"}'}",3,36,253,3049249,Bedford-Stuyvesant (West),997856,191727
PC8718682,2026-09-04T11:50:08.000,Treatments,2305,UNIVERSITY AVENUE,10468,Bronx,Bait applied,,,2032180058,2,3218,58,40.860917532411,-73.906597188345,"{'latitude': '40.860917532411', 'longitude': '-73.906597188345', 'human_address': '{""address"": """", ""city"": """", ""state"": """", ""zip"": """"}'}",7,14,255,2014745,University Heights (North)-Fordham,,
PC8718498,2026-09-04T11:50:11.000,Compliance,547,EAST 180 STREET,10457,Bronx,Failed for Rat Activity and Other Reason,Summons Issued,"Droppings, Burrows, Garbage",2030620017,2,3062,17,40.850443240357,-73.893523306654,"{'latitude': '40.850443240357', 'longitude': '-73.893523306654', 'human_address': '{""address"": """", ""city"": """", ""state"": """", ""zip"": """"}'}",6,15,37504,2011854,Tremont,,
PC8769614,2026-09-04T11:52:35.000,Initial,885,ELSMERE PLACE,10460,Bronx,Failed for Other Reason,COTA,Harborage,2029600143,2,2960,143,40.842166415459,-73.886286522692,"{'latitude': '40.842166415459', 'longitude': '-73.886286522692', 'human_address': '{""address"": """", ""city"": """", ""state"": """", ""zip"": """"}'}",6,15,36502,2115024,Tremont,,
PC8746282,2026-09-04T11:53:03.000,Compliance,70,EAST  162 STREET,10452,Bronx,Failed for Rat Activity,,Burrows,2024840015,2,2484,15,40.828567565768,-73.924590811254,"{'latitude': '40.828567565768', 'longitude': '-73.924590811254', 'human_address': '{""address"": """", ""city"": """", ""state"": """", ""zip"": """"}'}",4,16,195,2002989,Concourse-Concourse Village,1005119,241158
PC8769842,2026-09-04T11:53:05.000,Initial,961,TELLER AVENUE,10456,Bronx,Failed for Rat Activity,,Burrows,2024230180,2,2423,180,40.826914112518,-73.915118447305,"{'latitude': '40.826914112518', 'longitude': '-73.915118447305', 'human_address': '{""address"": """", ""city"": """", ""state"": """", ""zip"": """"}'}",4,16,173,2092377,Concourse-Concourse Village,,
PC8773971,2026-09-04T11:53:22.000,Initial,291,BROOME STREET,10002,Manhattan,Failed for Rat Activity,COTA,Burrows,1004180044,1,418,44,40.71860970799,-73.991879585338,"{'latitude': '40.71860970799', 'longitude': '-73.991879585338', 'human_address': '{""address"": """", ""city"": """", ""state"": """", ""zip"": """"}'}",3,1,18,1005570,Lower East Side,,
PC8578735,2026-09-04T11:54:00.000,Stoppage,111,EAST 125TH STREET,10035,Manhattan,Stoppage done,,,1017740007,1,1774,7,40.804787101033,-73.938394632979,"{'latitude': '40.804787101033', 'longitude': '-73.938394632979', 'human_address': '{""address"": """", ""city"": """", ""state"": """", ""zip"": """"}'}",11,9,196,1054475,East Harlem (North),,
PC8751744,2026-09-04T11:58:55.000,Compliance,193,GREENLEAF AVENUE,10310,Staten Island,Failed for Other Reason,Summons Issued,Harborage,5003510001,5,351,1,40.625626848378,-74.126373102702,"{'latitude': '40.625626848378', 'longitude': '-74.126373102702', 'human_address': '{""address"": """", ""city"": """", ""state"": """", ""zip"": """"}'}",1,50,151,5009610,Westerleigh-Castleton Corners,949170,167237
PC8624630,2026-09-04T12:00:09.000,Treatments,707,WEST 179 STREET,10033,Manhattan,Bait applied,,,1021760027,1,2176,27,40.849009849407,-73.93743541714,"{'latitude': '40.849009849407', 'longitude': '-73.93743541714', 'human_address': '{""address"": """", ""city"": """", ""state"": """", ""zip"": """"}'}",12,10,265,1064261,Washington Heights (North),,
PC8675946,2026-09-04T12:00:19.000,Compliance,190,GROVE STREET,11221,Brooklyn,Failed for Rat Activity,Summons Issued,"Droppings, Burrows, Runways, Rats",3033240019,3,3324,19,40.695700479021,-73.918297342861,"{'latitude': '40.695700479021', 'longitude': '-73.918297342861', 'human_address': '{""address"": """", ""city"": """", ""state"": """", ""zip"": """"}'}",4,37,417,3076116,Bushwick (East),,
PC8770643,2026-09-04T12:01:00.000,Initial,190,EDGECOMBE AVENUE,10030,Manhattan,Failed for Rat Activity and Other Reason,COTA,"Droppings, Garbage",1020510104,1,2051,104,40.822238556425,-73.944499023144,"{'latitude': '40.822238556425', 'longitude': '-73.944499023144', 'human_address': '{""address"": """", ""city"": """", ""state"": """", ""zip"": """"}'}",9,9,227,1061085,Hamilton Heights-Sugar Hill,999627,238894
PC8718594,2026-09-04T12:01:24.000,Treatments,2325,UNIVERSITY AVENUE,10468,Bronx,Bait applied,,,2032180052,2,3218,52,40.861208261763,-73.906336481408,"{'latitude': '40.861208261763', 'longitude': '-73.906336481408', 'human_address': '{""address"": """", ""city"": """", ""state"": """", ""zip"": """"}'}",7,14,255,2014743,University Heights (North)-Fordham,,
PC8600330,2026-09-04T12:05:00.000,Compliance,490,WILLOUGHBY AVENUE,11206,Brooklyn,Failed for Rat Activity and Other Reason,Summons Issued,"Droppings, Burrows, Runways, Harborage",3017660031,3,1766,31,40.693737063168,-73.950231950274,"{'latitude': '40.693737063168', 'longitude': '-73.950231950274', 'human_address': '{""address"": """", ""city"": """", ""state"": """", ""zip"": """"}'}",3,36,253,3049054,Bedford-Stuyvesant (West),,
PC8761501,2026-09-04T12:10:00.000,Compliance,336,51 STREET,11220,Brooklyn,Failed for Rat Activity and Other Reason,Summons Issued,"Droppings, Harborage",3007980020,3,798,20,40.646569749767,-74.014280907584,"{'latitude': '40.646569749767', 'longitude': '-74.014280907584', 'human_address': '{""address"": """", ""city"": """", ""state"": """", ""zip"": """"}'}",7,38,78,3013495,Sunset Park (West),980287,174842
PC8731985,2026-09-04T12:10:19.000,Compliance,1405,COLLEGE AVENUE,10456,Bronx,Failed for Rat Activity,Summons Issued,Burrows,2027860030,2,2786,30,40.837752297275,-73.910457017259,"{'latitude': '40.837752297275', 'longitude': '-73.910457017259', 'human_address': '{""address"": """", ""city"": """", ""state"": """", ""zip"": """"}'}",4,16,225,2007304,Mount Eden-Claremont (West),,
PC8685744,2026-09-04T12:12:00.000,Compliance,2170,BATHGATE AVENUE,10457,Bronx,Failed for Rat Activity and Other Reason,Summons Issued,"Droppings, Burrows, Garbage",2030480009,2,3048,9,40.852329218087,-73.893896210203,"{'latitude': '40.852329218087', 'longitude': '-73.893896210203', 'human_address': '{""address"": """", ""city"": """", ""state"": """", ""zip"": """"}'}",6,15,37504,2011516,Tremont,1013603,249824
PC8775638,2026-09-04T12:15:13.000,Initial,,,11101,Queens,Failed for Rat Activity,COTA,"Burrows, Runways",,4,389,1,,,,,,,,,,
PC8748848,2026-09-04T12:15:15.000,Treatments,917,SHERIDAN AVENUE,10451,Bronx,Bait applied,,,2024610022,2,2461,22,40.827916916839,-73.920309648395,"{'latitude': '40.827916916839', 'longitude': '-73.920309648395', 'human_address': '{""address"": """", ""city"": """", ""state"": """", ""zip"": """"}'}",4,16,18301,2002811,Concourse-Concourse Village,1006304,240922
PC8601114,2026-09-04T12:16:03.000,Compliance,1048,MORRIS AVENUE,10456,Bronx,Failed for Rat Activity and Other Reason,Summons Issued,"Droppings, Burrows, Garbage",2024370008,2,2437,8,40.829733712796,-73.916141076019,"{'latitude': '40.829733712796', 'longitude': '-73.916141076019', 'human_address': '{""address"": """", ""city"": """", ""state"": """", ""zip"": """"}'}",4,16,175,2002381,Concourse-Concourse Village,,
PC8736007,2026-09-04T12:20:00.000,Compliance,37-10,ASTORIA BOULEVARD,11103,Queens,Failed for Other Reason,,Harborage,4006530046,4,653,46,40.769113360338,-73.91270496071,"{'latitude': '40.769113360338', 'longitude': '-73.91270496071', 'human_address': '{""address"": """", ""city"": """", ""state"": """", ""zip"": """"}'}",1,22,6502,4010185,Astoria (Central),1008430,219500
PC8747163,2026-09-04T12:24:07.000,Treatments,4262,3 AVENUE,10457,Bronx,Bait applied,,,2030610001,2,3061,1,40.848032406757,-73.895471791536,"{'latitude': '40.848032406757', 'longitude': '-73.895471791536', 'human_address': '{""address"": """", ""city"": """", ""state"": """", ""zip"": """"}'}",6,15,37504,2011830,Tremont,,
PC8697276,2026-09-04T12:29:03.000,Compliance,381,EAST  165 STREET,10456,Bronx,Failed for Rat Activity,,Burrows,2024250001,2,2425,1,40.828103580687,-73.912782647753,"{'latitude': '40.828103580687', 'longitude': '-73.912782647753', 'human_address': '{""address"": """", ""city"": """", ""state"": """", ""zip"": """"}'}",4,16,143,2002048,Concourse-Concourse Village,1008387,240992
PC8731063,2026-09-04T12:30:00.000,Treatments,1275,GRAND CONCOURSE,10452,Bronx,Bait applied,,,2024660026,2,2466,26,40.836085069145,-73.916180019759,"{'latitude': '40.836085069145', 'longitude': '-73.916180019759', 'human_address': '{""address"": """", ""city"": """", ""state"": """", ""zip"": """"}'}",4,16,22102,2002861,Mount Eden-Claremont (West),,
PC8729935,2026-09-04T12:30:15.000,Treatments,1269,GRAND CONCOURSE,10452,Bronx,Bait applied,,,2024660032,2,2466,32,40.835956158745,-73.916306667857,"{'latitude': '40.835956158745', 'longitude': '-73.916306667857', 'human_address': '{""address"": """", ""city"": """", ""state"": """", ""zip"": """"}'}",4,16,22102,2002862,Mount Eden-Claremont (West),,
PC8764427,2026-09-04T12:30:47.000,Compliance,102,ELIZABETH STREET,10310,Staten Island,Failed for Rat Activity,Summons Issued,Droppings,5002210058,5,221,58,40.631553850912,-74.120338955785,"{'latitude': '40.631553850912', 'longitude': '-74.120338955785', 'human_address': '{""address"": """", ""city"": """", ""state"": """", ""zip"": """"}'}",1,49,125,5005969,West New Brighton-Silver Lake-Grymes Hill,950848,169394
PC8774313,2026-09-04T12:30:50.000,Initial,1352,NEW YORK AVENUE,11210,Brooklyn,Failed for Other Reason,COTA,Animal Nuisance,3049640040,3,4964,40,40.639909817476,-73.945505218386,"{'latitude': '40.639909817476', 'longitude': '-73.945505218386', 'human_address': '{""address"": """", ""city"": """", ""state"": """", ""zip"": """"}'}",17,45,830,3337097,East Flatbush-Farragut,999374,172420
PC8775601,2026-09-04T12:31:00.000,Initial,,,11216,Brooklyn,Failed for Rat Activity,COTA,"Droppings, Runways, Gnawing",,3,1789,6,,,,,,,,,,
PC8773970,2026-09-04T12:38:00.000,Initial,106,CHRYSTIE STREET,10002,Manhattan,Failed for Rat Activity,City Agency Referral,Burrows,1004180001,1,418,1,40.718274963396,-73.993748286251,"{'latitude': '40.718274963396', 'longitude': '-73.993748286251', 'human_address': '{""address"": """", ""city"": """", ""state"": """", ""zip"": """"}'}",3,1,18,1086508,Lower East Side,,
PC8738977,2026-09-04T12:40:00.000,Compliance,314,SOUTH    4 STREET,11211,Brooklyn,Failed for Rat Activity,Summons Issued,"Droppings, Burrows",3024490009,3,2449,9,40.70915659784,-73.955464908689,"{'latitude': '40.70915659784', 'longitude': '-73.955464908689', 'human_address': '{""address"": """", ""city"": """", ""state"": """", ""zip"": """"}'}",1,34,527,3321316,Williamsburg,996597,197647
PC8763433,2026-09-04T12:45:19.000,Compliance,357,LINDEN STREET,11237,Brooklyn,Failed for Rat Activity,,"Droppings, Runways, Gnawing",3033280042,3,3328,42,40.699758967739,-73.91316037504,"{'latitude': '40.699758967739', 'longitude': '-73.91316037504', 'human_address': '{""address"": """", ""city"": """", ""state"": """", ""zip"": """"}'}",4,37,441,3076187,Bushwick (West),,
PC8758723,2026-09-04T12:50:35.000,Compliance,633,CLASSON AVENUE,11238,Brooklyn,Failed for Other Reason,Summons Issued,Harborage,3011340008,3,1134,8,40.678858231136,-73.958621841221,"{'latitude': '40.678858231136', 'longitude': '-73.958621841221', 'human_address': '{""address"": """", ""city"": """", ""state"": """", ""zip"": """"}'}",8,35,305,3027757,Crown Heights (North),,
PC8744901,2026-09-04T12:56:27.000,Treatments,727,LAFAYETTE AVENUE,11221,Brooklyn,Bait applied,,,3017860060,3,1786,60,40.69072043732,-73.944021148751,"{'latitude': '40.69072043732', 'longitude': '-73.944021148751', 'human_address': '{""address"": """", ""city"": """", ""state"": """", ""zip"": """"}'}",3,36,261,3000000,Bedford-Stuyvesant (West),,
PC8745434,2026-09-04T12:57:00.000,Treatments,977,GREENE AVENUE,11221,Brooklyn,Bait applied,,,3016170048,3,1617,48,40.691019152983,-73.928389007015,"{'latitude': '40.691019152983', 'longitude': '-73.928389007015', 'human_address': '{""address"": """", ""city"": """", ""state"": """", ""zip"": """"}'}",3,36,387,3043895,Bedford-Stuyvesant (East),,
PC8767579,2026-09-04T13:00:00.000,Initial,340,SOUTH    4 STREET,11211,Brooklyn,Failed for Rat Activity,COTA,Runways,3024500006,3,2450,6,40.708736195472,-73.954314578718,"{'latitude': '40.708736195472', 'longitude': '-73.954314578718', 'human_address': '{""address"": """", ""city"": """", ""state"": """", ""zip"": """"}'}",1,34,527,3063496,Williamsburg,996916,197494
PC8730458,2026-09-04T13:00:15.000,Treatments,125,EAST 168 STREET,10452,Bronx,Bait applied,,,2024660044,2,2466,44,40.836237209734,-73.91781329847,"{'latitude': '40.836237209734', 'longitude': '-73.91781329847', 'human_address': '{""address"": """", ""city"": """", ""state"": """", ""zip"": """"}'}",4,16,22102,2002864,Mount Eden-Claremont (West),,
PC8763754,2026-09-04T13:05:19.000,Compliance,247,HARMAN STREET,11237,Brooklyn,Failed for Rat Activity,Summons Issued,"Droppings, Runways",3032780038,3,3278,38,40.698923929666,-73.919836917384,"{'latitude': '40.698923929666', 'longitude': '-73.919836917384', 'human_address': '{""address"": """", ""city"": """", ""state"": """", ""zip"": """"}'}",4,37,431,3074791,Bushwick (West),,
PC8723101,2026-09-04T13:08:03.000,Compliance,1011,CARROLL PLACE,10456,Bronx,Failed for Rat Activity and Other Reason,Summons Issued,"Burrows, Garbage",2024610111,2,2461,111,40.82981014359,-73.919385923621,"{'latitude': '40.82981014359', 'longitude': '-73.919385923621', 'human_address': '{""address"": """", ""city"": """", ""state"": """", ""zip"": """"}'}",4,16,18301,2002824,Concourse-Concourse Village,1006559,241612
PC8719866,2026-09-04T13:09:00.000,Treatments,979,GREENE AVENUE,11221,Brooklyn,Bait applied,,,3016170047,3,1617,47,40.691027348991,-73.928327696638,"{'latitude': '40.691027348991', 'longitude': '-73.928327696638', 'human_address': '{""address"": """", ""city"": """", ""state"": """", ""zip"": """"}'}",3,36,387,3043894,Bedford-Stuyvesant (East),1004126,191047
PC8747428,2026-09-04T13:10:19.000,Compliance,639,EAST  169 STREET,10456,Bronx,Failed for Rat Activity and Other Reason,Summons Issued,"Burrows, Mice",2029330065,2,2933,65,40.831384998787,-73.901026869884,"{'latitude': '40.831384998787', 'longitude': '-73.901026869884', 'human_address': '{""address"": """", ""city"": """", ""state"": """", ""zip"": """"}'}",3,17,149,2009742,Morrisania,1011639,242191
PC8742457,2026-09-04T13:11:16.000,Compliance,1391,BEDFORD AVENUE,11216,Brooklyn,Failed for Rat Activity,Summons Issued,Burrows,3012180001,3,1218,1,40.675617339814,-73.953273838153,"{'latitude': '40.675617339814', 'longitude': '-73.953273838153', 'human_address': '{""address"": """", ""city"": """", ""state"": """", ""zip"": """"}'}",8,36,221,3030631,Crown Heights (North),,
PC8683703,2026-09-04T13:13:27.000,Treatments,735,LAFAYETTE AVENUE,11221,Brooklyn,Bait applied,,,3017867504,3,1786,7504,40.690747768588,-73.943783132531,"{'latitude': '40.690747768588', 'longitude': '-73.943783132531', 'human_address': '{""address"": """", ""city"": """", ""state"": """", ""zip"": """"}'}",3,36,261,3049840,Bedford-Stuyvesant (West),,
PC8741519,2026-09-04T13:15:15.000,Treatments,50,EAST 168 STREET,10452,Bronx,Bait applied,,,2024800001,2,2480,1,40.836718586397,-73.919290786763,"{'latitude': '40.836718586397', 'longitude': '-73.919290786763', 'human_address': '{""address"": """", ""city"": """", ""state"": """", ""zip"": """"}'}",4,16,197,2101464,Concourse-Concourse Village,,
PC8745098,2026-09-04T13:21:00.000,Treatments,981,GREENE AVENUE,11221,Brooklyn,Bait applied,,,3016170046,3,1617,46,40.69103554271,-73.928262780274,"{'latitude': '40.69103554271', 'longitude': '-73.928262780274', 'human_address': '{""address"": """", ""city"": """", ""state"": """", ""zip"": """"}'}",3,36,387,3043893,Bedford-Stuyvesant (East),,
PC8763303,2026-09-04T13:22:07.000,Compliance,592,PROSPECT PLACE,11238,Brooklyn,Failed for Rat Activity,Summons Issued,Droppings,3011630043,3,1163,43,40.675165917691,-73.957019866347,"{'latitude': '40.675165917691', 'longitude': '-73.957019866347', 'human_address': '{""address"": """", ""city"": """", ""state"": """", ""zip"": """"}'}",8,35,305,3029007,Crown Heights (North),996172,185263
PC8727737,2026-09-04T13:28:18.000,Treatments,765,LAFAYETTE AVENUE,11221,Brooklyn,Bait applied,,,3017870001,3,1787,1,40.690941807469,-73.942095375316,"{'latitude': '40.690941807469', 'longitude': '-73.942095375316', 'human_address': '{""address"": """", ""city"": """", ""state"": """", ""zip"": """"}'}",3,36,281,3348295,Bedford-Stuyvesant (East),1000308,191013
PC8439075,2026-09-04T13:36:00.000,Compliance,392,SAINT JOHNS PLACE,11238,Brooklyn,Failed for Rat Activity,Summons Issued,"Droppings, Burrows, Runways",3011760027,3,1176,27,40.673985604718,-73.964904868134,"{'latitude': '40.673985604718', 'longitude': '-73.964904868134', 'human_address': '{""address"": """", ""city"": """", ""state"": """", ""zip"": """"}'}",8,35,215,3029523,Prospect Heights,993985,184832
PC8746781,2026-09-04T13:37:00.000,Treatments,1130,GREENE AVENUE,11221,Brooklyn,Bait applied,,,3032950007,3,3295,7,40.693568903462,-73.923903861854,"{'latitude': '40.693568903462', 'longitude': '-73.923903861854', 'human_address': '{""address"": """", ""city"": """", ""state"": """", ""zip"": """"}'}",4,37,395,3075326,Bushwick (East),,
PC8769125,2026-09-04T13:46:48.000,Initial,359,ST JOHNS PLACE,11238,Brooklyn,Failed for Rat Activity,COTA,"Droppings, Burrows",3011730082,3,1173,82,40.67414775204,-73.965582532994,"{'latitude': '40.67414775204', 'longitude': '-73.965582532994', 'human_address': '{""address"": """", ""city"": """", ""state"": """", ""zip"": """"}'}",8,35,207,3029418,Prospect Heights,993797,184891
PC8729741,2026-09-04T13:48:00.000,Treatments,1115,GREENE AVENUE,11221,Brooklyn,Bait applied,,,3032840032,3,3284,32,40.693697840669,-73.92380274282,"{'latitude': '40.693697840669', 'longitude': '-73.92380274282', 'human_address': '{""address"": """", ""city"": """", ""state"": """", ""zip"": """"}'}",4,37,395,3074998,Bushwick (East),,
PC8749256,2026-09-04T14:10:00.000,Compliance,9,COOK STREET,11206,Brooklyn,Failed for Rat Activity,,Burrows,3031130032,3,3113,32,40.702237280127,-73.943564224721,"{'latitude': '40.702237280127', 'longitude': '-73.943564224721', 'human_address': '{""address"": """", ""city"": """", ""state"": """", ""zip"": """"}'}",1,34,491,3425067,East Williamsburg,999898,195128
PC8775233,2026-09-04T14:11:41.000,Initial,148,HANCOCK STREET,11216,Brooklyn,Failed for Rat Activity,COTA,"Droppings, Burrows",3018380001,3,1838,1,40.68258470822,-73.949461514469,"{'latitude': '40.68258470822', 'longitude': '-73.949461514469', 'human_address': '{""address"": """", ""city"": """", ""state"": """", ""zip"": """"}'}",3,36,249,3052653,Bedford-Stuyvesant (West),998267,187967
PC8764028,2026-09-04T14:26:19.000,Compliance,192,WILSON AVENUE,11237,Brooklyn,Failed for Rat Activity,Summons Issued,Burrows,3032450036,3,3245,36,40.699294082845,-73.923276997278,"{'latitude': '40.699294082845', 'longitude': '-73.923276997278', 'human_address': '{""address"": """", ""city"": """", ""state"": """", ""zip"": """"}'}",4,37,421,3073805,Bushwick (West),,
PC8768550,2026-09-04T14:28:51.000,Initial,104,HANCOCK STREET,11216,Brooklyn,Failed for Other Reason,COTA,Harborage,3018370035,3,1837,35,40.682333129973,-73.951643033622,"{'latitude': '40.682333129973', 'longitude': '-73.951643033622', 'human_address': '{""address"": """", ""city"": """", ""state"": """", ""zip"": """"}'}",3,36,245,3052591,Bedford-Stuyvesant (West),997662,187875
PC8769571,2026-09-04T14:36:00.000,Initial,907,EAST 175 STREET,10460,Bronx,Failed for Other Reason,City Agency Referral,Harborage,2029580120,2,2958,120,40.839502148274,-73.887172923341,"{'latitude': '40.839502148274', 'longitude': '-73.887172923341', 'human_address': '{""address"": """", ""city"": """", ""state"": """", ""zip"": """"}'}",6,15,367,2000000,Tremont,,
PC8769561,2026-09-04T14:43:03.000,Initial,1823,TRAFALGAR PLACE,10460,Bronx,Failed for Rat Activity and Other Reason,COTA,"Burrows, Garbage, Harborage",2029580087,2,2958,87,40.840078467891,-73.88709604636,"{'latitude': '40.840078467891', 'longitude': '-73.88709604636', 'human_address': '{""address"": """", ""city"": """", ""state"": """", ""zip"": """"}'}",6,15,367,2010138,Tremont,,
PC8769415,2026-09-04T14:55:11.000,Initial,1827,TRAFALGAR PLACE,10460,Bronx,Failed for Other Reason,COTA,Harborage,2029580086,2,2958,86,40.84013605047,-73.887038122847,"{'latitude': '40.84013605047', 'longitude': '-73.887038122847', 'human_address': '{""address"": """", ""city"": """", ""state"": """", ""zip"": """"}'}",6,15,367,2010137,Tremont,,
PC8488671,2026-09-05T07:55:42.000,Treatments,15,BUCHANAN PLACE,10453,Bronx,Bait applied,,,2031960092,2,3196,92,40.857896877751,-73.904830069356,"{'latitude': '40.857896877751', 'longitude': '-73.904830069356', 'human_address': '{""address"": """", ""city"": """", ""state"": """", ""zip"": """"}'}",5,14,239,2000000,Fordham Heights,,
PC8677236,2026-09-05T08:48:31.000,Treatments,924,MELROSE AVENUE,10451,Bronx,Bait applied,,,2023840009,2,2384,1,40.825123204261,-73.91332855953,"{'latitude': '40.825123204261', 'longitude': '-73.91332855953', 'human_address': '{""address"": """", ""city"": """", ""state"": """", ""zip"": """"}'}",3,17,141,2000000,Morrisania,,
PC8775695,2026-09-05T09:10:00.000,Initial,1123,ST MARKS AVENUE,11213,Brooklyn,Failed for Rat Activity and Other Reason,City Agency Referral,"Burrows, Runways, Harborage",3013540080,3,1354,80,40.674251041926,-73.932455565933,"{'latitude': '40.674251041926', 'longitude': '-73.932455565933', 'human_address': '{""address"": """", ""city"": """", ""state"": """", ""zip"": """"}'}",8,36,309,3000000,Crown Heights (North),,
PC8775697,2026-09-05T09:30:00.000,Initial,1680,PACIFIC STREET,11213,Brooklyn,Failed for Other Reason,City Agency Referral,"Garbage, Harborage",3013420008,3,1342,8,40.676705004641,-73.932680198305,"{'latitude': '40.676705004641', 'longitude': '-73.932680198305', 'human_address': '{""address"": """", ""city"": """", ""state"": """", ""zip"": """"}'}",8,36,309,3000000,Crown Heights (North),,
PC8724171,2026-09-05T09:41:57.000,Treatments,1735,WALTON AVENUE,10453,Bronx,Bait applied,,,2028490068,2,2849,68,40.846716908441,-73.910842492381,"{'latitude': '40.846716908441', 'longitude': '-73.910842492381', 'human_address': '{""address"": """", ""city"": """", ""state"": """", ""zip"": """"}'}",5,14,22701,2000000,Mount Hope,,
PC8775699,2026-09-05T09:50:00.000,Initial,9,ROCHESTER AVENUE,11233,Brooklyn,Failed for Other Reason,City Agency Referral,Harborage,3017030002,3,1703,2,40.678826224987,-73.927378242075,"{'latitude': '40.678826224987', 'longitude': '-73.927378242075', 'human_address': '{""address"": """", ""city"": """", ""state"": """", ""zip"": """"}'}",3,41,299,3000000,Bedford-Stuyvesant (East),,
PC8658600,2026-09-05T09:55:00.000,Treatments,490,GREENE AVENUE,11216,Brooklyn,Bait applied,,,3017970057,3,1797,57,40.688322261623,-73.951721607452,"{'latitude': '40.688322261623', 'longitude': '-73.951721607452', 'human_address': '{""address"": """", ""city"": """", ""state"": """", ""zip"": """"}'}",3,36,243,3000000,Bedford-Stuyvesant (West),,
PC8775700,2026-09-05T10:10:00.000,Initial,11A,LOUIS PLACE,11233,Brooklyn,Failed for Rat Activity,City Agency Referral,"Burrows, Runways, Gnawing",3015610012,3,1561,12,40.677447020596,-73.917317535792,"{'latitude': '40.677447020596', 'longitude': '-73.917317535792', 'human_address': '{""address"": """", ""city"": """", ""state"": """", ""zip"": """"}'}",3,41,301,3042407,Ocean Hill,,
PC8775707,2026-09-05T10:33:00.000,Initial,774,HALSEY STREET,11233,Brooklyn,Failed for Rat Activity and Other Reason,City Agency Referral,"Droppings, Harborage",3014930001,3,1493,1,40.684911080197,-73.922702284521,"{'latitude': '40.684911080197', 'longitude': '-73.922702284521', 'human_address': '{""address"": """", ""city"": """", ""state"": """", ""zip"": """"}'}",3,41,377,3039988,Bedford-Stuyvesant (East),,
PC8677234,2026-09-05T10:33:30.000,Treatments,668,ST.ANNS AVENUE,10455,Bronx,Bait applied,,,2026170017,2,2617,17,40.817118118648,-73.911474803878,"{'latitude': '40.817118118648', 'longitude': '-73.911474803878', 'human_address': '{""address"": """", ""city"": """", ""state"": """", ""zip"": """"}'}",1,17,75,2000000,Melrose,,
PC8757365,2026-09-05T10:59:00.000,Treatments,340,TOMPKINS AVENUE,11216,Brooklyn,Bait applied,,,3018190043,3,1819,43,40.685980420931,-73.944450615729,"{'latitude': '40.685980420931', 'longitude': '-73.944450615729', 'human_address': '{""address"": """", ""city"": """", ""state"": """", ""zip"": """"}'}",3,36,265,3051459,Bedford-Stuyvesant (West),,
PC8738153,2026-09-05T11:20:17.000,Treatments,464,EAST 136 STREET,10454,Bronx,Bait applied,,,2022800038,2,2280,38,40.807008598339,-73.921974753541,"{'latitude': '40.807008598339', 'longitude': '-73.921974753541', 'human_address': '{""address"": """", ""city"": """", ""state"": """", ""zip"": """"}'}",1,8,25,2000000,Mott Haven-Port Morris,,
PC8772906,2026-09-05T11:36:00.000,Initial,213,MADISON STREET,11216,Brooklyn,Failed for Rat Activity and Other Reason,City Agency Referral,"Burrows, Runways, Gnawing, Harborage",3018170057,3,1817,57,40.684674148312,-73.95099592211,"{'latitude': '40.684674148312', 'longitude': '-73.95099592211', 'human_address': '{""address"": """", ""city"": """", ""state"": """", ""zip"": """"}'}",3,36,245,3000000,Bedford-Stuyvesant (West),,
PC8727008,2026-09-05T11:59:00.000,Treatments,462,HALSEY STREET,11233,Brooklyn,Bait applied,,,3016640040,3,1664,40,40.683387679991,-73.935979722726,"{'latitude': '40.683387679991', 'longitude': '-73.935979722726', 'human_address': '{""address"": """", ""city"": """", ""state"": """", ""zip"": """"}'}",3,36,275,3000000,Bedford-Stuyvesant (East),,
PC8771503,2026-09-05T12:06:00.000,Initial,100,QUINCY STREET,11238,Brooklyn,Failed for Other Reason,City Agency Referral,Harborage,3019730038,3,1973,38,40.686029826898,-73.957254418915,"{'latitude': '40.686029826898', 'longitude': '-73.957254418915', 'human_address': '{""address"": """", ""city"": """", ""state"": """", ""zip"": """"}'}",3,36,229,3056545,Bedford-Stuyvesant (West),,
PC8771011,2026-09-05T12:45:00.000,Initial,606,MARCY AVENUE,11206,Brooklyn,Failed for Other Reason,City Agency Referral,Harborage,3017660044,3,1766,44,40.693722749112,-73.948890484831,"{'latitude': '40.693722749112', 'longitude': '-73.948890484831', 'human_address': '{""address"": """", ""city"": """", ""state"": """", ""zip"": """"}'}",3,36,253,3000000,Bedford-Stuyvesant (West),,
PC8772116,2026-09-05T12:45:00.000,Initial,604,MARCY AVENUE,11206,Brooklyn,Failed for Other Reason,City Agency Referral,Harborage,3017660043,3,1766,43,40.693788630077,-73.948904858624,"{'latitude': '40.693788630077', 'longitude': '-73.948904858624', 'human_address': '{""address"": """", ""city"": """", ""state"": """", ""zip"": """"}'}",3,36,253,3000000,Bedford-Stuyvesant (West),,
PC8737498,2026-09-05T12:50:13.000,Treatments,157,West 133 Street,10030,Manhattan,Bait applied,,,1019180011,1,1918,11,40.813534490205,-73.943505609663,"{'latitude': '40.813534490205', 'longitude': '-73.943505609663', 'human_address': '{""address"": """", ""city"": """", ""state"": """", ""zip"": """"}'}",10,9,226,1000000,Harlem (North),,
PC8487238,2026-09-05T13:08:00.000,Treatments,1035,PUTNAM AVENUE,11221,Brooklyn,Bait applied,,,3014840031,3,1484,31,40.687492023454,-73.919948069923,"{'latitude': '40.687492023454', 'longitude': '-73.919948069923', 'human_address': '{""address"": """", ""city"": """", ""state"": """", ""zip"": """"}'}",3,41,375,3000000,Bedford-Stuyvesant (East),,
