inspection_type,job_id,boro_code,block,lot,house_number,street_name,zip_code,latitude,longitude,borough,inspection_date,result,location,community_board,council_district,census_tract,nta,bbl,bin,x_coord,y_coord
Initial,PC8761059,1,430,10,112,EAST 3 STREET,10009,40.724326602099,-73.986939834493,Manhattan,2026-08-10T07:30:35.000,Failed for Rat Activity,"{'latitude': '40.724326602099', 'longitude': '-73.986939834493', 'human_address': '{""address"": """", ""city"": """", ""state"": """", ""zip"": """"}'}",3,2,3002,East Village,,,,
Initial,PC8764614,1,428,1,000,1 AVENUE,,0.00000000000000000000,0.00000000000000000000,Manhattan,2026-08-10T08:00:10.000,Failed for Rat Activity and Other Reason,"{'latitude': '0.0', 'longitude': '0.0', 'human_address': '{""address"": """", ""city"": """", ""state"": """", ""zip"": """"}'}",,,,,,,,
Compliance,PC8721592,2,2620,11,3212,3 AVENUE,10451,40.823058751565,-73.909248392584,Bronx,2026-08-10T08:00:37.000,Failed for Rat Activity,"{'latitude': '40.823058751565', 'longitude': '-73.909248392584', 'human_address': '{""address"": """", ""city"": """", ""state"": """", ""zip"": """"}'}",3,17,141,Morrisania,2026200011,2004369,,
Compliance,PC8721341,2,2620,22,3246,3 AVENUE,10451,40.823955895103,-73.908759381661,Bronx,2026-08-10T08:10:27.000,Failed for Rat Activity,"{'latitude': '40.823955895103', 'longitude': '-73.908759381661', 'human_address': '{""address"": """", ""city"": """", ""state"": """", ""zip"": """"}'}",3,17,141,Morrisania,2026200022,2004375,,
Compliance,PC8721201,2,2620,31,923,EAGLE AVENUE,10456,40.823211462527,-73.907998028636,Bronx,2026-08-10T08:20:30.000,Failed for Rat Activity and Other Reason,"{'latitude': '40.823211462527', 'longitude': '-73.907998028636', 'human_address': '{""address"": """", ""city"": """", ""state"": """", ""zip"": """"}'}",3,17,141,Morrisania,2026200031,2000000,,
Initial,PC8758764,3,1201,57,1327,PACIFIC STREET,11216,40.677574987835,-73.948329674215,Brooklyn,2026-08-10T08:26:43.000,Failed for Rat Activity,"{'latitude': '40.677574987835', 'longitude': '-73.948329674215', 'human_address': '{""address"": """", ""city"": """", ""state"": """", ""zip"": """"}'}",8,36,315,Crown Heights (North),3012010057,3029814,,
Initial,PC8761312,1,434,1,100,1 AVENUE,10009,40.726472909735,-73.9860915564,Manhattan,2026-08-10T08:29:16.000,Failed for Rat Activity and Other Reason,"{'latitude': '40.726472909735', 'longitude': '-73.9860915564', 'human_address': '{""address"": """", ""city"": """", ""state"": """", ""zip"": """"}'}",3,2,32,East Village,1004340001,1005769,,
Compliance,PC8721361,2,2620,34,917,EAGLE AVENUE,10456,40.823115428455,-73.908037906675,Bronx,2026-08-10T08:30:34.000,Failed for Rat Activity,"{'latitude': '40.823115428455', 'longitude': '-73.908037906675', 'human_address': '{""address"": """", ""city"": """", ""state"": """", ""zip"": """"}'}",3,17,141,Morrisania,2026200034,2004381,,
Treatments,PC8720681,3,1638,63,789,MONROE STREET,11221,40.68839853146,-73.925092497542,Brooklyn,2026-08-10T08:31:00.000,Bait applied,"{'latitude': '40.68839853146', 'longitude': '-73.925092497542', 'human_address': '{""address"": """", ""city"": """", ""state"": """", ""zip"": """"}'}",3,41,385,Bedford-Stuyvesant (East),3016380063,3044741,,
Initial,PC8761201,1,434,54,407,EAST 6 STREET,10009,40.72622034738,-73.985734428851,Manhattan,2026-08-10T08:39:52.000,Failed for Rat Activity,"{'latitude': '40.72622034738', 'longitude': '-73.985734428851', 'human_address': '{""address"": """", ""city"": """", ""state"": """", ""zip"": """"}'}",3,2,32,East Village,1004340054,1005811,,
Compliance,PC8721674,2,2620,35,915,EAGLE AVENUE,10456,40.823082503145,-73.908052404982,Bronx,2026-08-10T08:40:17.000,Failed for Rat Activity,"{'latitude': '40.823082503145', 'longitude': '-73.908052404982', 'human_address': '{""address"": """", ""city"": """", ""state"": """", ""zip"": """"}'}",3,17,141,Morrisania,2026200035,2128779,,
Initial,PC8762377,3,1774,22,30,PULASKI STREET,11206,40.692208335751,-73.950489124339,Brooklyn,2026-08-10T08:41:19.000,Failed for Other Reason,"{'latitude': '40.692208335751', 'longitude': '-73.950489124339', 'human_address': '{""address"": """", ""city"": """", ""state"": """", ""zip"": """"}'}",3,36,253,Bedford-Stuyvesant (West),3017740022,3049434,,
Treatments,PC8720682,3,1638,76,767,MONROE STREET,11221,40.688319388018,-73.925792117057,Brooklyn,2026-08-10T08:42:00.000,Bait applied,"{'latitude': '40.688319388018', 'longitude': '-73.925792117057', 'human_address': '{""address"": """", ""city"": """", ""state"": """", ""zip"": """"}'}",3,41,385,Bedford-Stuyvesant (East),3016380076,3044754,,
Initial,PC8760954,1,434,53,409,EAST 6 STREET,10009,40.726206619506,-73.985701960856,Manhattan,2026-08-10T08:44:46.000,Failed for Rat Activity,"{'latitude': '40.726206619506', 'longitude': '-73.985701960856', 'human_address': '{""address"": """", ""city"": """", ""state"": """", ""zip"": """"}'}",3,2,32,East Village,1004340053,1005810,,
Initial,PC8764605,1,405,24,532,EAST 12 STREET,10009,40.728700836598,-73.980448148968,Manhattan,2026-08-10T08:46:11.000,Failed for Rat Activity,"{'latitude': '40.728700836598', 'longitude': '-73.980448148968', 'human_address': '{""address"": """", ""city"": """", ""state"": """", ""zip"": """"}'}",3,2,34,East Village,1004050024,1005175,,
Treatments,PC8528433,3,3394,38,1242,BUSHWICK AVENUE,11221,40.687556904588,-73.91476287289,Brooklyn,2026-08-10T08:46:27.000,Bait applied,"{'latitude': '40.687556904588', 'longitude': '-73.91476287289', 'human_address': '{""address"": """", ""city"": """", ""state"": """", ""zip"": """"}'}",4,37,397,Bushwick (East),3033940038,3078171,,
Treatments,PC8720747,3,1638,79,757,MONROE STREET,11221,40.688283913266,-73.926113075039,Brooklyn,2026-08-10T08:54:00.000,Bait applied,"{'latitude': '40.688283913266', 'longitude': '-73.926113075039', 'human_address': '{""address"": """", ""city"": """", ""state"": """", ""zip"": """"}'}",3,41,385,Bedford-Stuyvesant (East),3016380079,3044757,,
Treatments,PC8740036,1,1198,26,9,West 84 street,10024,40.784225289366,-73.970880583967,Manhattan,2026-08-10T08:54:32.000,Bait applied,"{'latitude': '40.784225289366', 'longitude': '-73.970880583967', 'human_address': '{""address"": """", ""city"": """", ""state"": """", ""zip"": """"}'}",7,6,169,Upper West Side (Central),1011980026,1031309,,
Initial,PC8758738,3,1201,35,60,NEW YORK AVENUE,11216,40.677994312642,-73.94695934737,Brooklyn,2026-08-10T08:56:43.000,Failed for Other Reason,"{'latitude': '40.677994312642', 'longitude': '-73.94695934737', 'human_address': '{""address"": """", ""city"": """", ""state"": """", ""zip"": """"}'}",8,36,315,Crown Heights (North),3012010035,3029795,,
Compliance,PC8721630,2,2620,50,589,EAST 161 STREET,10456,40.822245853181,-73.908675020706,Bronx,2026-08-10T09:00:33.000,Failed for Other Reason,"{'latitude': '40.822245853181', 'longitude': '-73.908675020706', 'human_address': '{""address"": """", ""city"": """", ""state"": """", ""zip"": """"}'}",3,17,141,Morrisania,2026200050,2000000,,
Treatments,PC8719037,3,3366,43,1146,BUSHWICK AVENUE,11221,40.689269094504,-73.917767977957,Brooklyn,2026-08-10T09:05:45.000,Bait applied,"{'latitude': '40.689269094504', 'longitude': '-73.917767977957', 'human_address': '{""address"": """", ""city"": """", ""state"": """", ""zip"": """"}'}",4,37,397,Bushwick (East),3033660043,3076944,1007055,190409
Treatments,PC8720709,3,1638,84,751,MONROE STREET,11221,40.688262078101,-73.926304207944,Brooklyn,2026-08-10T09:06:00.000,Bait applied,"{'latitude': '40.688262078101', 'longitude': '-73.926304207944', 'human_address': '{""address"": """", ""city"": """", ""state"": """", ""zip"": """"}'}",3,41,385,Bedford-Stuyvesant (East),3016380084,3044762,,
Initial,PC8758746,3,1134,39,1096,PACIFIC STREET,11238,40.678635186341,-73.956678723677,Brooklyn,2026-08-10T09:07:24.000,Failed for Other Reason,"{'latitude': '40.678635186341', 'longitude': '-73.956678723677', 'human_address': '{""address"": """", ""city"": """", ""state"": """", ""zip"": """"}'}",8,35,305,Crown Heights (North),3011340039,3027765,,
Initial,PC8759884,3,5256,252,219,SEELEY STREET,11218,40.65517549835,-73.974797042698,Brooklyn,2026-08-10T09:09:11.000,Failed for Other Reason,"{'latitude': '40.65517549835', 'longitude': '-73.974797042698', 'human_address': '{""address"": """", ""city"": """", ""state"": """", ""zip"": """"}'}",7,39,171,Windsor Terrace-South Slope,3052560252,3121870,991243,177978
Compliance,PC8721494,2,2627,1,611,EAST 161 STREET,10456,40.82210540747,-73.908093504434,Bronx,2026-08-10T09:10:20.000,Failed for Other Reason,"{'latitude': '40.82210540747', 'longitude': '-73.908093504434', 'human_address': '{""address"": """", ""city"": """", ""state"": """", ""zip"": """"}'}",3,17,18502,Morrisania,2026270001,2126615,,
Treatments,PC8691829,1,1229,8,2261,BROADWAY,10024,40.785248098613,-73.978940097761,Manhattan,2026-08-10T09:10:27.000,Bait applied,"{'latitude': '40.785248098613', 'longitude': '-73.978940097761', 'human_address': '{""address"": """", ""city"": """", ""state"": """", ""zip"": """"}'}",7,6,167,Upper West Side (Central),1012290008,1032679,,
Initial,PC8762749,3,1774,62,663,DEKALB AVENUE,11216,40.691571195213,-73.949678248848,Brooklyn,2026-08-10T09:13:12.000,Failed for Other Reason,"{'latitude': '40.691571195213', 'longitude': '-73.949678248848', 'human_address': '{""address"": """", ""city"": """", ""state"": """", ""zip"": """"}'}",3,36,253,Bedford-Stuyvesant (West),3017740062,3049461,,
Initial,PC8758875,3,1134,77,1001,DEAN STREET,11238,40.677921714219,-73.957129846538,Brooklyn,2026-08-10T09:13:24.000,Failed for Rat Activity,"{'latitude': '40.677921714219', 'longitude': '-73.957129846538', 'human_address': '{""address"": """", ""city"": """", ""state"": """", ""zip"": """"}'}",8,35,305,Crown Heights (North),3011340077,3027783,,
Initial,PC8751047,2,2870,50,1985,DAVIDSON AVENUE,10453,40.852518376935,-73.909688806177,Bronx,2026-08-10T09:15:09.000,Failed for Other Reason,"{'latitude': '40.852518376935', 'longitude': '-73.909688806177', 'human_address': '{""address"": """", ""city"": """", ""state"": """", ""zip"": """"}'}",5,14,243,University Heights (South)-Morris Heights,2028700050,2008636,1009234,249888
Treatments,PC8684147,4,128,39,51-24,39 AVENUE,11377,40.748694437071,-73.911851198149,Queens,2026-08-10T09:15:48.000,Bait applied,"{'latitude': '40.748694437071', 'longitude': '-73.911851198149', 'human_address': '{""address"": """", ""city"": """", ""state"": """", ""zip"": """"}'}",2,26,169,Sunnyside,4001280039,4000873,1008674,212061
Compliance,PC8721243,2,2627,2,892,EAGLE AVENUE,10456,40.822423964815,-73.908302623812,Bronx,2026-08-10T09:20:20.000,Failed for Rat Activity and Other Reason,"{'latitude': '40.822423964815', 'longitude': '-73.908302623812', 'human_address': '{""address"": """", ""city"": """", ""state"": """", ""zip"": """"}'}",3,17,18502,Morrisania,2026270002,2000000,,
Treatments,PC8691610,1,1228,36,434,AMSTERDAM AVENUE,10024,40.784317350045,-73.97747792057,Manhattan,2026-08-10T09:22:41.000,Bait applied,"{'latitude': '40.784317350045', 'longitude': '-73.97747792057', 'human_address': '{""address"": """", ""city"": """", ""state"": """", ""zip"": """"}'}",7,6,167,Upper West Side (Central),1012280036,1032669,,
Stoppage,PC8726038,3,1605,7,374,KOSCIUSZKO STREET,11221,40.692016205575,-73.939097830791,Brooklyn,2026-08-10T09:23:00.000,Stoppage done,"{'latitude': '40.692016205575', 'longitude': '-73.939097830791', 'human_address': '{""address"": """", ""city"": """", ""state"": """", ""zip"": """"}'}",3,36,281,Bedford-Stuyvesant (East),3016050007,3425607,,
Treatments,PC8490513,3,3348,42,1098,BUSHWICK AVENUE,11221,40.690126534771,-73.919274192841,Brooklyn,2026-08-10T09:23:00.000,Bait applied,"{'latitude': '40.690126534771', 'longitude': '-73.919274192841', 'human_address': '{""address"": """", ""city"": """", ""state"": """", ""zip"": """"}'}",4,37,397,Bushwick (East),3033480042,3076539,1006637,190721
Treatments,PC8695879,2,2456,40,1064,SHERIDAN AVENUE,10456,40.83082791668,-73.918640288431,Bronx,2026-08-10T09:23:00.000,Bait applied,"{'latitude': '40.83082791668', 'longitude': '-73.918640288431', 'human_address': '{""address"": """", ""city"": """", ""state"": """", ""zip"": """"}'}",4,16,18102,Concourse-Concourse Village,2024560040,2002735,,
Compliance,PC8746892,3,1709,24,12,SUYDAM PLACE,11233,40.677961087975,-73.926542766588,Brooklyn,2026-08-10T09:25:00.000,Failed for Other Reason,"{'latitude': '40.677961087975', 'longitude': '-73.926542766588', 'human_address': '{""address"": """", ""city"": """", ""state"": """", ""zip"": """"}'}",3,41,299,Bedford-Stuyvesant (East),3017090024,3048181,,
Treatments,PC8653319,3,1634,1,700,GATES AVENUE,11221,40.687801660441,-73.936667781616,Brooklyn,2026-08-10T09:27:02.000,Bait applied,"{'latitude': '40.687801660441', 'longitude': '-73.936667781616', 'human_address': '{""address"": """", ""city"": """", ""state"": """", ""zip"": """"}'}",3,36,277,Bedford-Stuyvesant (East),3016340001,3325018,1001814,189870
Initial,PC8758723,3,1134,8,633,CLASSON AVENUE,11238,40.678858231136,-73.958621841221,Brooklyn,2026-08-10T09:27:24.000,Failed for Other Reason,"{'latitude': '40.678858231136', 'longitude': '-73.958621841221', 'human_address': '{""address"": """", ""city"": """", ""state"": """", ""zip"": """"}'}",8,35,305,Crown Heights (North),3011340008,3027757,,
Stoppage,PC8725472,3,1607,66,985,LAFAYETTE AVENUE,11221,40.692039995897,-73.932563686706,Brooklyn,2026-08-10T09:30:00.000,Stoppage done,"{'latitude': '40.692039995897', 'longitude': '-73.932563686706', 'human_address': '{""address"": """", ""city"": """", ""state"": """", ""zip"": """"}'}",3,36,289,Bedford-Stuyvesant (East),3016070066,3043484,,
Initial,PC8764616,1,267,50,1,JACKSON STREET,10002,40.714150905327,-73.980924980274,Manhattan,2026-08-10T09:30:10.000,Failed for Rat Activity,"{'latitude': '40.714150905327', 'longitude': '-73.980924980274', 'human_address': '{""address"": """", ""city"": """", ""state"": """", ""zip"": """"}'}",3,1,202,Lower East Side,1002670050,1003222,,
Treatments,PC8669269,2,3068,77,614,EAST 179 STREET,10457,40.847771176236,-73.891984207003,Bronx,2026-08-10T09:30:32.000,Bait applied,"{'latitude': '40.847771176236', 'longitude': '-73.891984207003', 'human_address': '{""address"": """", ""city"": """", ""state"": """", ""zip"": """"}'}",6,15,373,Tremont,2030680077,2119194,,
Initial,PC8761371,3,1105,43,451,16 STREET,11215,40.660729390922,-73.981048444973,Brooklyn,2026-08-10T09:32:11.000,Failed for Rat Activity,"{'latitude': '40.660729390922', 'longitude': '-73.981048444973', 'human_address': '{""address"": """", ""city"": """", ""state"": """", ""zip"": """"}'}",7,39,169,Windsor Terrace-South Slope,3011050043,3026710,989508,180001
Treatments,PC8692119,1,1229,36,454,AMSTERDAM AVENUE,10024,40.784951296907,-73.977019098362,Manhattan,2026-08-10T09:33:27.000,Bait applied,"{'latitude': '40.784951296907', 'longitude': '-73.977019098362', 'human_address': '{""address"": """", ""city"": """", ""state"": """", ""zip"": """"}'}",7,6,167,Upper West Side (Central),1012290036,1032687,,
Treatments,PC8709501,3,1628,14,800,LEXINGTON AVENUE,11221,40.690433548903,-73.926857113538,Brooklyn,2026-08-10T09:34:52.000,Bait applied,"{'latitude': '40.690433548903', 'longitude': '-73.926857113538', 'human_address': '{""address"": """", ""city"": """", ""state"": """", ""zip"": """"}'}",3,41,387,Bedford-Stuyvesant (East),3016280014,3044423,,
Stoppage,PC8725471,3,1607,61,995,LAFAYETTE AVENUE,11221,40.692075490832,-73.932246320047,Brooklyn,2026-08-10T09:35:00.000,Stoppage done,"{'latitude': '40.692075490832', 'longitude': '-73.932246320047', 'human_address': '{""address"": """", ""city"": """", ""state"": """", ""zip"": """"}'}",3,36,289,Bedford-Stuyvesant (East),3016070061,3043479,,
Treatments,PC8694409,2,2456,8,1064,CARROLL PLACE,10456,40.831113782515,-73.919225339875,Bronx,2026-08-10T09:37:00.000,Bait applied,"{'latitude': '40.831113782515', 'longitude': '-73.919225339875', 'human_address': '{""address"": """", ""city"": """", ""state"": """", ""zip"": """"}'}",4,16,18102,Concourse-Concourse Village,2024560008,2002727,,
Treatments,PC8717681,3,1586,59,363,VERNON AVENUE,11206,40.696101672403,-73.936335304588,Brooklyn,2026-08-10T09:40:00.000,Bait applied,"{'latitude': '40.696101672403', 'longitude': '-73.936335304588', 'human_address': '{""address"": """", ""city"": """", ""state"": """", ""zip"": """"}'}",3,36,287,Bedford-Stuyvesant (East),3015860059,3042907,1001898,192893
Treatments,PC8694046,1,763,45,306,WEST 40 STREET,10018,40.756166266299,-73.991279419821,Manhattan,2026-08-10T09:40:52.000,Bait applied,"{'latitude': '40.756166266299', 'longitude': '-73.991279419821', 'human_address': '{""address"": """", ""city"": """", ""state"": """", ""zip"": """"}'}",4,3,115,Hell's Kitchen,1007630045,1013689,,
Stoppage,PC8752308,3,3777,1,429,DUMONT AVENUE,11212,40.664991235188,-73.903311293715,Brooklyn,2026-08-10T09:42:00.000,Stoppage done,"{'latitude': '40.664991235188', 'longitude': '-73.903311293715', 'human_address': '{""address"": """", ""city"": """", ""state"": """", ""zip"": """"}'}",16,41,910,Brownsville,3037770001,3328046,1011074,181568
Treatments,PC8734072,4,129,69,50-15,SKILLMAN AVENUE,11377,40.74611329609,-73.914066923096,Queens,2026-08-10T09:42:48.000,Bait applied,"{'latitude': '40.74611329609', 'longitude': '-73.914066923096', 'human_address': '{""address"": """", ""city"": """", ""state"": """", ""zip"": """"}'}",2,26,169,Sunnyside,4001290069,4000948,1008061,211120
Compliance,PC8741894,3,1708,43,24,ROCHESTER AVENUE,11233,40.678208703209,-73.927461838496,Brooklyn,2026-08-10T09:43:00.000,Failed for Rat Activity and Other Reason,"{'latitude': '40.678208703209', 'longitude': '-73.927461838496', 'human_address': '{""address"": """", ""city"": """", ""state"": """", ""zip"": """"}'}",3,36,299,Bedford-Stuyvesant (East),3017080043,3048151,1004370,186377
Compliance,PC8746808,1,1643,7,115,EAST 115 STREET,10029,40.798399811943,-73.943215111361,Manhattan,2026-08-10T09:44:25.000,Failed for Rat Activity and Other Reason,"{'latitude': '40.798399811943', 'longitude': '-73.943215111361', 'human_address': '{""address"": """", ""city"": """", ""state"": """", ""zip"": """"}'}",11,8,182,East Harlem (North),1016430007,1052232,,
Treatments,PC8709765,3,1628,13,798,LEXINGTON AVENUE,11221,40.690425353681,-73.926918423549,Brooklyn,2026-08-10T09:44:52.000,Bait applied,"{'latitude': '40.690425353681', 'longitude': '-73.926918423549', 'human_address': '{""address"": """", ""city"": """", ""state"": """", ""zip"": """"}'}",3,41,387,Bedford-Stuyvesant (East),3016280013,3044422,,
Treatments,PC8718498,2,3062,17,547,EAST 180 STREET,10457,40.850443240357,-73.893523306654,Bronx,2026-08-10T09:45:25.000,Bait applied,"{'latitude': '40.850443240357', 'longitude': '-73.893523306654', 'human_address': '{""address"": """", ""city"": """", ""state"": """", ""zip"": """"}'}",6,15,37504,Tremont,2030620017,2011854,,
Compliance,PC8747536,1,1540,42,210,EAST   95 STREET,10128,40.78413804092,-73.9489652553,Manhattan,2026-08-10T09:45:46.000,Failed for Rat Activity and Other Reason,"{'latitude': '40.78413804092', 'longitude': '-73.9489652553', 'human_address': '{""address"": """", ""city"": """", ""state"": """", ""zip"": """"}'}",8,5,15601,Upper East Side-Yorkville,1015400042,1049236,998367,224974
Compliance,PC8721426,2,2627,58,621,EAST 161 STREET,10456,40.822064097473,-73.907920132818,Bronx,2026-08-10T09:45:54.000,Failed for Other Reason,"{'latitude': '40.822064097473', 'longitude': '-73.907920132818', 'human_address': '{""address"": """", ""city"": """", ""state"": """", ""zip"": """"}'}",3,17,18502,Morrisania,2026270058,2124474,,
Initial,PC8759192,3,1205,1,607,FRANKLIN AVENUE,11238,40.677734410568,-73.955403052314,Brooklyn,2026-08-10T09:47:24.000,Failed for Rat Activity,"{'latitude': '40.677734410568', 'longitude': '-73.955403052314', 'human_address': '{""address"": """", ""city"": """", ""state"": """", ""zip"": """"}'}",8,35,221,Crown Heights (North),3012050001,3029952,,
Initial,PC8761351,2,3095,5,2006,CROTONA AVENUE,10457,40.846912788603,-73.889845847359,Bronx,2026-08-10T09:48:29.000,Failed for Rat Activity and Other Reason,"{'latitude': '40.846912788603', 'longitude': '-73.889845847359', 'human_address': '{""address"": """", ""city"": """", ""state"": """", ""zip"": """"}'}",6,15,371,Tremont,2030950005,2012656,1014726,247852
Compliance,PC8746555,1,1643,8,117,EAST 115 STREET,10029,40.798383323801,-73.943175395566,Manhattan,2026-08-10T09:49:00.000,Failed for Rat Activity and Other Reason,"{'latitude': '40.798383323801', 'longitude': '-73.943175395566', 'human_address': '{""address"": """", ""city"": """", ""state"": """", ""zip"": """"}'}",11,8,182,East Harlem (North),1016430008,1052233,,
Initial,PC8758026,1,1915,29,401,WEST 130 STREET,10027,40.814320257132,-73.951171043838,Manhattan,2026-08-10T09:49:40.000,Failed for Rat Activity,"{'latitude': '40.814320257132', 'longitude': '-73.951171043838', 'human_address': '{""address"": """", ""city"": """", ""state"": """", ""zip"": """"}'}",9,9,21703,Manhattanville-West Harlem,1019570005,1087599,,
Initial,PC8764619,3,363,10,307,COLUMBIA STREET,11231,40.681615883063,-74.004330158561,Brooklyn,2026-08-10T09:50:00.000,Failed for Other Reason,"{'latitude': '40.681615883063', 'longitude': '-74.004330158561', 'human_address': '{""address"": """", ""city"": """", ""state"": """", ""zip"": """"}'}",6,39,51,Carroll Gardens-Cobble Hill-Gowanus-Red Hook,3003630010,3000000,,
Initial,PC8761283,1,422,72,48,STANTON STREET,10002,40.722136648969,-73.990753563545,Manhattan,2026-08-10T09:50:00.000,Failed for Other Reason,"{'latitude': '40.722136648969', 'longitude': '-73.990753563545', 'human_address': '{""address"": """", ""city"": """", ""state"": """", ""zip"": """"}'}",3,1,3601,Lower East Side,1004220072,1005626,,
Treatments,PC8695770,1,763,46,308,WEST 40 STREET,10018,40.756185482625,-73.991319121935,Manhattan,2026-08-10T09:51:52.000,Bait applied,"{'latitude': '40.756185482625', 'longitude': '-73.991319121935', 'human_address': '{""address"": """", ""city"": """", ""state"": """", ""zip"": """"}'}",4,3,115,Hell's Kitchen,1007630046,1013690,,
Initial,PC8758884,3,1205,3,605,FRANKLIN AVENUE,11238,40.677789299059,-73.955384989199,Brooklyn,2026-08-10T09:52:24.000,Failed for Rat Activity,"{'latitude': '40.677789299059', 'longitude': '-73.955384989199', 'human_address': '{""address"": """", ""city"": """", ""state"": """", ""zip"": """"}'}",8,35,221,Crown Heights (North),3012050003,3029953,,
Stoppage,PC8758243,3,3514,36,1512,PITKIN AVENUE,11212,40.668625639625,-73.917782712668,Brooklyn,2026-08-10T09:53:00.000,Stoppage done,"{'latitude': '40.668625639625', 'longitude': '-73.917782712668', 'human_address': '{""address"": """", ""city"": """", ""state"": """", ""zip"": """"}'}",16,41,900,Brownsville,3035140036,3080924,,
Compliance,PC8721340,2,2627,55,875,CAULDWELL AVENUE,10456,40.822252990531,-73.90730564136,Bronx,2026-08-10T09:55:10.000,Failed for Rat Activity,"{'latitude': '40.822252990531', 'longitude': '-73.90730564136', 'human_address': '{""address"": """", ""city"": """", ""state"": """", ""zip"": """"}'}",3,17,18502,Morrisania,2026270055,2114195,,
Initial,PC8757117,2,2461,130,1011,SHERIDAN AVENUE,10456,40.829406738003,-73.919487592305,Bronx,2026-08-10T09:55:42.000,Failed for Rat Activity,"{'latitude': '40.829406738003', 'longitude': '-73.919487592305', 'human_address': '{""address"": """", ""city"": """", ""state"": """", ""zip"": """"}'}",4,16,18301,Concourse-Concourse Village,2024610130,2002825,,
Treatments,PC8672839,3,1622,42,42,PATCHEN AVENUE,11221,40.690983027271,-73.927682275724,Brooklyn,2026-08-10T09:55:52.000,Bait applied,"{'latitude': '40.690983027271', 'longitude': '-73.927682275724', 'human_address': '{""address"": """", ""city"": """", ""state"": """", ""zip"": """"}'}",3,36,387,Bedford-Stuyvesant (East),3016220042,3044156,,
Treatments,PC8722555,2,3294,61,2679,BAINBRIDGE AVENUE,10458,40.865630541403,-73.891333224047,Bronx,2026-08-10T09:55:59.000,Bait applied,"{'latitude': '40.865630541403', 'longitude': '-73.891333224047', 'human_address': '{""address"": """", ""city"": """", ""state"": """", ""zip"": """"}'}",7,15,40501,Bedford Park,2032940061,2016856,1014306,254671
Stoppage,PC8712391,3,3395,51,87,WEIRFIELD STREET,11221,40.688275385549,-73.913892947291,Brooklyn,2026-08-10T09:56:00.000,Stoppage done,"{'latitude': '40.688275385549', 'longitude': '-73.913892947291', 'human_address': '{""address"": """", ""city"": """", ""state"": """", ""zip"": """"}'}",4,37,399,Bushwick (East),3033950051,3078221,,
Treatments,PC8573431,3,1634,64,497,MONROE STREET,11221,40.687011451432,-73.937187763716,Brooklyn,2026-08-10T09:56:12.000,Bait applied,"{'latitude': '40.687011451432', 'longitude': '-73.937187763716', 'human_address': '{""address"": """", ""city"": """", ""state"": """", ""zip"": """"}'}",3,36,277,Bedford-Stuyvesant (East),3016340064,3044616,,
Initial,PC8757771,1,1915,31,405,LENOX AVENUE,10037,40.811143584385,-73.943034408744,Manhattan,2026-08-10T09:56:40.000,Failed for Rat Activity,"{'latitude': '40.811143584385', 'longitude': '-73.943034408744', 'human_address': '{""address"": """", ""city"": """", ""state"": """", ""zip"": """"}'}",10,9,226,Harlem (North),1019150031,1058044,,
Treatments,PC8711865,3,1586,68,347,VERNON AVENUE,11206,40.696041578593,-73.93686187396,Brooklyn,2026-08-10T09:58:00.000,Bait applied,"{'latitude': '40.696041578593', 'longitude': '-73.93686187396', 'human_address': '{""address"": """", ""city"": """", ""state"": """", ""zip"": """"}'}",3,36,287,Bedford-Stuyvesant (East),3015860068,3042916,,
Compliance,PC8735978,3,1682,76,225,BAINBRIDGE STREET,11233,40.68133252946,-73.927891081069,Brooklyn,2026-08-10T09:58:00.000,Failed for Rat Activity,"{'latitude': '40.68133252946', 'longitude': '-73.927891081069', 'human_address': '{""address"": """", ""city"": """", ""state"": """", ""zip"": """"}'}",3,36,381,Bedford-Stuyvesant (East),3016820076,3047614,1004250,187515
Treatments,PC8684439,2,3062,6,2112,QUARRY ROAD,10457,40.85101961376,-73.893500692355,Bronx,2026-08-10T10:00:02.000,Bait applied,"{'latitude': '40.85101961376', 'longitude': '-73.893500692355', 'human_address': '{""address"": """", ""city"": """", ""state"": """", ""zip"": """"}'}",6,15,37504,Tremont,2030620006,2011852,,
Initial,PC8764126,1,2052,1,319,WEST  145 STREET,10039,40.823319278776,-73.943056463838,Manhattan,2026-08-10T10:00:25.000,Failed for Rat Activity and Other Reason,"{'latitude': '40.823319278776', 'longitude': '-73.943056463838', 'human_address': '{""address"": """", ""city"": """", ""state"": """", ""zip"": """"}'}",10,9,231,Hamilton Heights-Sugar Hill,1020520001,1084164,,
Treatments,PC8718316,4,185,17,41-11,40 STREET,11104,40.746391861373,-73.9237350241,Queens,2026-08-10T10:00:48.000,Bait applied,"{'latitude': '40.746391861373', 'longitude': '-73.9237350241', 'human_address': '{""address"": """", ""city"": """", ""state"": """", ""zip"": """"}'}",2,26,18101,Sunnyside,4001850017,4002388,1005382,211219
Compliance,PC8746479,1,1643,25,163,EAST 115 STREET,10029,40.797682571474,-73.941500133737,Manhattan,2026-08-10T10:02:25.000,Failed for Rat Activity,"{'latitude': '40.797682571474', 'longitude': '-73.941500133737', 'human_address': '{""address"": """", ""city"": """", ""state"": """", ""zip"": """"}'}",11,8,182,East Harlem (North),1016430025,1052243,,
Initial,PC8759199,3,1205,11,1134,PACIFIC STREET,11216,40.678181453266,-73.954497828187,Brooklyn,2026-08-10T10:04:00.000,Failed for Other Reason,"{'latitude': '40.678181453266', 'longitude': '-73.954497828187', 'human_address': '{""address"": """", ""city"": """", ""state"": """", ""zip"": """"}'}",8,35,221,Crown Heights (North),3012050011,3251075,,
Initial,PC8758956,3,1227,25,748,ST MARKS AVENUE,11216,40.675104745116,-73.948454169097,Brooklyn,2026-08-10T10:04:12.000,Failed for Rat Activity,"{'latitude': '40.675104745116', 'longitude': '-73.948454169097', 'human_address': '{""address"": """", ""city"": """", ""state"": """", ""zip"": """"}'}",8,36,31701,Crown Heights (North),3012270025,3031000,,
Treatments,PC8702178,1,758,37,481,8 AVENUE,10001,40.752288062254,-73.9934021983,Manhattan,2026-08-10T10:05:18.000,Bait applied,"{'latitude': '40.752288062254', 'longitude': '-73.9934021983', 'human_address': '{""address"": """", ""city"": """", ""state"": """", ""zip"": """"}'}",4,3,111,Chelsea-Hudson Yards,1007580037,1013561,,
Compliance,PC8721518,2,2627,53,879,CAULDWELL AVENUE,10456,40.822318840967,-73.907276644352,Bronx,2026-08-10T10:05:30.000,Failed for Rat Activity,"{'latitude': '40.822318840967', 'longitude': '-73.907276644352', 'human_address': '{""address"": """", ""city"": """", ""state"": """", ""zip"": """"}'}",3,17,18502,Morrisania,2026270053,2004477,,
Initial,PC8758984,3,1205,14,1142,PACIFIC STREET,11216,40.678131955478,-73.954267124661,Brooklyn,2026-08-10T10:06:24.000,Failed for Rat Activity and Other Reason,"{'latitude': '40.678131955478', 'longitude': '-73.954267124661', 'human_address': '{""address"": """", ""city"": """", ""state"": """", ""zip"": """"}'}",8,35,221,Crown Heights (North),3012050014,3324459,,
Initial,PC8751418,3,5026,100,580,FLATBUSH AVENUE,11225,40.659568624418,-73.960576551276,Brooklyn,2026-08-10T10:08:10.000,Failed for Rat Activity and Other Reason,"{'latitude': '40.659568624418', 'longitude': '-73.960576551276', 'human_address': '{""address"": """", ""city"": """", ""state"": """", ""zip"": """"}'}",9,40,79802,Prospect Lefferts Gardens-Wingate,3050260100,3114603,995188,179580
Compliance,PC8746766,1,1643,28,169,EAST 115 STREET,10029,40.797630358631,-73.941377379639,Manhattan,2026-08-10T10:08:25.000,Failed for Rat Activity,"{'latitude': '40.797630358631', 'longitude': '-73.941377379639', 'human_address': '{""address"": """", ""city"": """", ""state"": """", ""zip"": """"}'}",11,8,182,East Harlem (North),1016430028,1052246,,
Initial,PC8757882,1,1915,25,111,WEST 130 STREET,10027,40.811220825145,-73.943821869494,Manhattan,2026-08-10T10:09:00.000,Failed for Rat Activity,"{'latitude': '40.811220825145', 'longitude': '-73.943821869494', 'human_address': '{""address"": """", ""city"": """", ""state"": """", ""zip"": """"}'}",10,9,226,Harlem (North),1019150025,1058039,,
Stoppage,PC8755557,3,1666,41,262,Malcolm X Boulevard,11233,40.684050733824,-73.929297917751,Brooklyn,2026-08-10T10:09:00.000,Stoppage done,"{'latitude': '40.684050733824', 'longitude': '-73.929297917751', 'human_address': '{""address"": """", ""city"": """", ""state"": """", ""zip"": """"}'}",3,36,295,Bedford-Stuyvesant (East),3016660041,3046512,,
Initial,PC8763369,2,2948,58,1790,CLINTON AVENUE,10457,40.841931183523,-73.892846673838,Bronx,2026-08-10T10:09:29.000,Failed for Other Reason,"{'latitude': '40.841931183523', 'longitude': '-73.892846673838', 'human_address': '{""address"": """", ""city"": """", ""state"": """", ""zip"": """"}'}",6,15,36902,Tremont,2029480058,2009945,1013898,246036
Initial,PC8759312,3,1142,38,DEAN,STREET,11238,,,Brooklyn,2026-08-10T10:11:57.000,Failed for Other Reason,,,,,,,,,
Stoppage,PC8726992,3,1500,7,189,RALPH AVENUE,11233,40.68329720442,-73.922779879092,Brooklyn,2026-08-10T10:13:00.000,Stoppage done,"{'latitude': '40.68329720442', 'longitude': '-73.922779879092', 'human_address': '{""address"": """", ""city"": """", ""state"": """", ""zip"": """"}'}",3,41,377,Bedford-Stuyvesant (East),3015000007,3040259,,
Initial,PC8756901,2,2461,58,960,GRAND CONCOURSE,10451,40.82929823514,-73.9213450609,Bronx,2026-08-10T10:13:10.000,Failed for Other Reason,"{'latitude': '40.82929823514', 'longitude': '-73.9213450609', 'human_address': '{""address"": """", ""city"": """", ""state"": """", ""zip"": """"}'}",4,16,18301,Concourse-Concourse Village,2024610058,2002815,,
Treatments,PC8720316,3,1634,65,493,MONROE STREET,11221,40.686997794675,-73.937310372265,Brooklyn,2026-08-10T10:14:07.000,Bait applied,"{'latitude': '40.686997794675', 'longitude': '-73.937310372265', 'human_address': '{""address"": """", ""city"": """", ""state"": """", ""zip"": """"}'}",3,36,277,Bedford-Stuyvesant (East),3016340065,3044617,,
Initial,PC8758865,3,1227,21,732,ST MARKS AVENUE,11216,40.675126895462,-73.948883159928,Brooklyn,2026-08-10T10:14:12.000,Failed for Rat Activity,"{'latitude': '40.675126895462', 'longitude': '-73.948883159928', 'human_address': '{""address"": """", ""city"": """", ""state"": """", ""zip"": """"}'}",8,36,31701,Crown Heights (North),3012270021,3030998,,
Initial,PC8758770,3,1205,19,1150,PACIFIC STREET,11216,40.678085202001,-73.954036419579,Brooklyn,2026-08-10T10:14:24.000,Failed for Rat Activity,"{'latitude': '40.678085202001', 'longitude': '-73.954036419579', 'human_address': '{""address"": """", ""city"": """", ""state"": """", ""zip"": """"}'}",8,35,221,Crown Heights (North),3012050019,3029960,,
Initial,PC8750616,1,2128,26,565,WEST  171 STREET,10032,40.842565306666,-73.937611369785,Manhattan,2026-08-10T10:14:41.000,Failed for Other Reason,"{'latitude': '40.842565306666', 'longitude': '-73.937611369785', 'human_address': '{""address"": """", ""city"": """", ""state"": """", ""zip"": """"}'}",12,10,253,Washington Heights (South),1021280026,1063070,1001512,246255
Compliance,PC8721181,2,2627,52,881,CAULDWELL AVENUE,10456,40.822354513839,-73.9072657551,Bronx,2026-08-10T10:15:00.000,Failed for Rat Activity and Other Reason,"{'latitude': '40.822354513839', 'longitude': '-73.9072657551', 'human_address': '{""address"": """", ""city"": """", ""state"": """", ""zip"": """"}'}",3,17,18502,Morrisania,2026270052,2004476,,
Treatments,PC8718834,2,3037,69,2195,WASHINGTON AVENUE,10457,40.854094249656,-73.894077740976,Bronx,2026-08-10T10:15:02.000,Bait applied,"{'latitude': '40.854094249656', 'longitude': '-73.894077740976', 'human_address': '{""address"": """", ""city"": """", ""state"": """", ""zip"": """"}'}",6,15,395,Tremont,2030370069,2011319,,
Initial,PC8761198,1,434,29,109,AVENUE A,10009,40.725962055374,-73.983609449249,Manhattan,2026-08-10T10:15:44.000,Failed for Rat Activity and Other Reason,"{'latitude': '40.725962055374', 'longitude': '-73.983609449249', 'human_address': '{""address"": """", ""city"": """", ""state"": """", ""zip"": """"}'}",3,2,32,East Village,1004340029,1005791,,
Treatments,PC8612918,2,3283,1,343,EAST 195 STREET,10458,40.865167999148,-73.889833569527,Bronx,2026-08-10T10:15:59.000,Bait applied,"{'latitude': '40.865167999148', 'longitude': '-73.889833569527', 'human_address': '{""address"": """", ""city"": """", ""state"": """", ""zip"": """"}'}",7,15,40502,Bedford Park,2032830001,2016492,,
Initial,PC8759100,3,1205,20,1152,PACIFIC STREET,11216,40.678071454978,-73.953978744785,Brooklyn,2026-08-10T10:16:24.000,Failed for Rat Activity,"{'latitude': '40.678071454978', 'longitude': '-73.953978744785', 'human_address': '{""address"": """", ""city"": """", ""state"": """", ""zip"": """"}'}",8,35,221,Crown Heights (North),3012050020,3029961,,
Compliance,PC8738210,1,1539,7502,200,EAST 94 STREET,10128,40.783734996386,-73.949951371841,Manhattan,2026-08-10T10:16:46.000,Failed for Other Reason,"{'latitude': '40.783734996386', 'longitude': '-73.949951371841', 'human_address': '{""address"": """", ""city"": """", ""state"": """", ""zip"": """"}'}",8,5,15403,Upper East Side-Yorkville,1015397502,1048916,,
Treatments,PC8711181,3,1585,44,333,VERNON AVENUE,11206,40.695913180631,-73.937972717322,Brooklyn,2026-08-10T10:17:00.000,Bait applied,"{'latitude': '40.695913180631', 'longitude': '-73.937972717322', 'human_address': '{""address"": """", ""city"": """", ""state"": """", ""zip"": """"}'}",3,36,283,Bedford-Stuyvesant (East),3015850044,3042885,,
Treatments,PC8716684,4,137,13,41-29,46 STREET,11104,40.746278157051,-73.918058236557,Queens,2026-08-10T10:17:48.000,Monitoring visit,"{'latitude': '40.746278157051', 'longitude': '-73.918058236557', 'human_address': '{""address"": """", ""city"": """", ""state"": """", ""zip"": """"}'}",2,26,25301,Sunnyside,4001370013,4001248,1006955,211179
Treatments,PC8694235,2,2456,65,1112,CARROLL PLACE,10456,40.831991734115,-73.918707519012,Bronx,2026-08-10T10:18:00.000,Bait applied,"{'latitude': '40.831991734115', 'longitude': '-73.918707519012', 'human_address': '{""address"": """", ""city"": """", ""state"": """", ""zip"": """"}'}",4,16,18102,Concourse-Concourse Village,2024560065,2002740,,
Treatments,PC8699504,1,760,39,523,8 AVENUE,10018,40.753619211007,-73.992431144576,Manhattan,2026-08-10T10:18:18.000,Bait applied,"{'latitude': '40.753619211007', 'longitude': '-73.992431144576', 'human_address': '{""address"": """", ""city"": """", ""state"": """", ""zip"": """"}'}",4,3,111,Chelsea-Hudson Yards,1007600039,1085726,,
Initial,PC8759076,3,1142,8,651,CLASSON AVENUE,11238,40.678089793946,-73.958899925628,Brooklyn,2026-08-10T10:19:57.000,Failed for Rat Activity,"{'latitude': '40.678089793946', 'longitude': '-73.958899925628', 'human_address': '{""address"": """", ""city"": """", ""state"": """", ""zip"": """"}'}",8,35,305,Crown Heights (North),3011420008,3325253,,
Compliance,PC8734066,3,374,13,62,4 PLACE,11231,40.678231655519,-73.999437576749,Brooklyn,2026-08-10T10:20:00.000,Failed for Rat Activity,"{'latitude': '40.678231655519', 'longitude': '-73.999437576749', 'human_address': '{""address"": """", ""city"": """", ""state"": """", ""zip"": """"}'}",6,39,65,Carroll Gardens-Cobble Hill-Gowanus-Red Hook,3003740013,3005498,984406,186377
Initial,PC8758894,3,1205,24,1162,PACIFIC STREET,11216,40.678013698528,-73.953690363521,Brooklyn,2026-08-10T10:20:24.000,Failed for Rat Activity,"{'latitude': '40.678013698528', 'longitude': '-73.953690363521', 'human_address': '{""address"": """", ""city"": """", ""state"": """", ""zip"": """"}'}",8,35,221,Crown Heights (North),3012050024,3029963,,
Compliance,PC8746731,1,1643,44,168,EAST 116 STREET,10029,40.798286090425,-73.940863923623,Manhattan,2026-08-10T10:20:25.000,Failed for Rat Activity,"{'latitude': '40.798286090425', 'longitude': '-73.940863923623', 'human_address': '{""address"": """", ""city"": """", ""state"": """", ""zip"": """"}'}",11,8,182,East Harlem (North),1016430044,1052256,,
Treatments,PC8727754,1,1244,31,83,RIVERSIDE DRIVE,10024,40.785874377881,-73.981716856721,Manhattan,2026-08-10T10:20:54.000,Bait applied,"{'latitude': '40.785874377881', 'longitude': '-73.981716856721', 'human_address': '{""address"": """", ""city"": """", ""state"": """", ""zip"": """"}'}",7,6,167,Upper West Side (Central),1012440031,1033730,989313,225595
Initial,PC8759223,3,1205,25,1164,PACIFIC STREET,11216,40.67799995133,-73.953632688861,Brooklyn,2026-08-10T10:21:24.000,Failed for Rat Activity,"{'latitude': '40.67799995133', 'longitude': '-73.953632688861', 'human_address': '{""address"": """", ""city"": """", ""state"": """", ""zip"": """"}'}",8,35,221,Crown Heights (North),3012050025,3029964,,
Stoppage,PC8701953,3,1457,13,455,RALPH AVENUE,11233,40.673541829529,-73.922131498199,Brooklyn,2026-08-10T10:22:00.000,Stoppage done,"{'latitude': '40.673541829529', 'longitude': '-73.922131498199', 'human_address': '{""address"": """", ""city"": """", ""state"": """", ""zip"": """"}'}",16,41,363,Ocean Hill,3014570013,3000000,,
Stoppage,PC8759893,3,1599,27,464,PULASKI STREET,11221,40.694304245749,-73.932244046449,Brooklyn,2026-08-10T10:23:00.000,Stoppage done,"{'latitude': '40.694304245749', 'longitude': '-73.932244046449', 'human_address': '{""address"": """", ""city"": """", ""state"": """", ""zip"": """"}'}",3,36,289,Bedford-Stuyvesant (East),3015990027,3043173,,
Initial,PC8757116,2,2461,45,940,GRAND CONCOURSE,10451,40.828776920038,-73.921616689573,Bronx,2026-08-10T10:25:00.000,Failed for Other Reason,"{'latitude': '40.828776920038', 'longitude': '-73.921616689573', 'human_address': '{""address"": """", ""city"": """", ""state"": """", ""zip"": """"}'}",4,16,18301,Concourse-Concourse Village,2024610045,2002814,,
Compliance,PC8692316,1,1760,101,2181,MADISON AVENUE,10037,40.81259438873,-73.935630976192,Manhattan,2026-08-10T10:25:32.000,Failed for Rat Activity and Other Reason,"{'latitude': '40.81259438873', 'longitude': '-73.935630976192', 'human_address': '{""address"": """", ""city"": """", ""state"": """", ""zip"": """"}'}",11,9,210,East Harlem (North),1017600101,1082614,1002073,235346
Initial,PC8759015,3,1205,127,1336,GRANT SQUARE,11216,40.677651021966,-73.952792910017,Brooklyn,2026-08-10T10:25:51.000,Failed for Rat Activity,"{'latitude': '40.677651021966', 'longitude': '-73.952792910017', 'human_address': '{""address"": """", ""city"": """", ""state"": """", ""zip"": """"}'}",8,35,221,Crown Heights (North),,,,
Initial,PC8761425,1,1988,134,540,WEST  136 STREET,10031,40.820197623188,-73.953262253875,Manhattan,2026-08-10T10:27:07.000,Failed for Other Reason,"{'latitude': '40.820197623188', 'longitude': '-73.953262253875', 'human_address': '{""address"": """", ""city"": """", ""state"": """", ""zip"": """"}'}",9,7,22301,Manhattanville-West Harlem,1019880134,1059810,997186,238103
Treatments,PC8693611,3,3226,6,735,BUSHWICK AVENUE,11221,40.696128241701,-73.930114498222,Brooklyn,2026-08-10T10:28:30.000,Bait applied,"{'latitude': '40.696128241701', 'longitude': '-73.930114498222', 'human_address': '{""address"": """", ""city"": """", ""state"": """", ""zip"": """"}'}",4,34,393,Bushwick (West),3032260006,3073370,,
Treatments,PC8718666,2,3050,6,2196,WASHINGTON AVENUE,10457,40.854132635886,-73.894034301393,Bronx,2026-08-10T10:30:07.000,Bait applied,"{'latitude': '40.854132635886', 'longitude': '-73.894034301393', 'human_address': '{""address"": """", ""city"": """", ""state"": """", ""zip"": """"}'}",6,15,385,Belmont,2030500006,2011544,,
Compliance,PC8721601,2,2632,1,665,EAST 163 STREET,10456,40.823443283612,-73.906165826102,Bronx,2026-08-10T10:30:33.000,Failed for Rat Activity,"{'latitude': '40.823443283612', 'longitude': '-73.906165826102', 'human_address': '{""address"": """", ""city"": """", ""state"": """", ""zip"": """"}'}",3,17,18502,Morrisania,2026320001,2004497,,
Treatments,PC8726455,2,3278,26,2746,DECATUR AVENUE,10458,40.865679336308,-73.887840588781,Bronx,2026-08-10T10:30:36.000,Bait applied,"{'latitude': '40.865679336308', 'longitude': '-73.887840588781', 'human_address': '{""address"": """", ""city"": """", ""state"": """", ""zip"": """"}'}",7,15,40502,Bedford Park,2032780026,2016381,1015284,254703
Treatments,PC8688582,1,768,16,237,WEST 18 STREET,10011,40.741542505999,-73.999011211721,Manhattan,2026-08-10T10:30:52.000,Bait applied,"{'latitude': '40.741542505999', 'longitude': '-73.999011211721', 'human_address': '{""address"": """", ""city"": """", ""state"": """", ""zip"": """"}'}",4,3,87,Chelsea-Hudson Yards,1007680016,1013875,,
Stoppage,PC8759894,3,1599,101,1047,DEKALB AVENUE,11221,40.693413013245,-73.933644123354,Brooklyn,2026-08-10T10:31:00.000,Stoppage done,"{'latitude': '40.693413013245', 'longitude': '-73.933644123354', 'human_address': '{""address"": """", ""city"": """", ""state"": """", ""zip"": """"}'}",3,36,289,Bedford-Stuyvesant (East),3015990101,3388844,,
Compliance,PC8738552,3,5026,39,115,OCEAN AVENUE,11225,40.659928904645,-73.962710074017,Brooklyn,2026-08-10T10:32:10.000,Failed for Rat Activity,"{'latitude': '40.659928904645', 'longitude': '-73.962710074017', 'human_address': '{""address"": """", ""city"": """", ""state"": """", ""zip"": """"}'}",9,40,79802,Prospect Lefferts Gardens-Wingate,3050260039,3114592,994596,179711
Stoppage,PC8709886,3,1644,65,599,putnam ave,11221,40.685496399645,-73.93730457786,Brooklyn,2026-08-10T10:33:00.000,Stoppage done,"{'latitude': '40.685496399645', 'longitude': '-73.93730457786', 'human_address': '{""address"": """", ""city"": """", ""state"": """", ""zip"": """"}'}",3,36,277,Bedford-Stuyvesant (East),3016440065,3045110,,
Initial,PC8761501,3,798,20,336,51 STREET,11220,40.646569749767,-74.014280907584,Brooklyn,2026-08-10T10:33:08.000,Failed for Rat Activity and Other Reason,"{'latitude': '40.646569749767', 'longitude': '-74.014280907584', 'human_address': '{""address"": """", ""city"": """", ""state"": """", ""zip"": """"}'}",7,38,78,Sunset Park (West),3007980020,3013495,980287,174842
Treatments,PC8644878,4,141,51,46-11,QUEENS BOULEVARD,11104,40.743132964385,-73.918487958699,Queens,2026-08-10T10:34:48.000,Bait applied,"{'latitude': '40.743132964385', 'longitude': '-73.918487958699', 'human_address': '{""address"": """", ""city"": """", ""state"": """", ""zip"": """"}'}",2,26,25301,Sunnyside,4001410051,4000000,1006837,210033
Treatments,PC8732118,1,1211,11,157,WEST   80 STREET,10024,40.783419689583,-73.976842690276,Manhattan,2026-08-10T10:34:58.000,Bait applied,"{'latitude': '40.783419689583', 'longitude': '-73.976842690276', 'human_address': '{""address"": """", ""city"": """", ""state"": """", ""zip"": """"}'}",7,6,165,Upper West Side (Central),1012110011,1031958,990663,224701
Treatments,PC8723104,3,3669,11,41,SHEFFIELD AVENUE,11207,40.676520237861,-73.898052573119,Brooklyn,2026-08-10T10:35:32.000,Bait applied,"{'latitude': '40.676520237861', 'longitude': '-73.898052573119', 'human_address': '{""address"": """", ""city"": """", ""state"": """", ""zip"": """"}'}",5,37,1198,East New York (North),3036690011,3083270,1012528,185770
Treatments,PC8696499,3,1761,15,234A,VERNON AVENUE,11206,40.695407622937,-73.942232124026,Brooklyn,2026-08-10T10:36:00.000,Bait applied,"{'latitude': '40.695407622937', 'longitude': '-73.942232124026', 'human_address': '{""address"": """", ""city"": """", ""state"": """", ""zip"": """"}'}",3,36,283,Bedford-Stuyvesant (East),3017610015,3048892,1000269,192640
Initial,PC8757943,1,344,1,178,RIVINGTON STREET,10002,40.718866936462,-73.984354342525,Manhattan,2026-08-10T10:36:10.000,Failed for Other Reason,"{'latitude': '40.718866936462', 'longitude': '-73.984354342525', 'human_address': '{""address"": """", ""city"": """", ""state"": """", ""zip"": """"}'}",3,1,2201,Lower East Side,1003440001,1004091,,
Treatments,PC8703028,1,754,12,353,WEST 30 STREET,10001,40.750314723409,-73.996762553537,Manhattan,2026-08-10T10:36:18.000,Bait applied,"{'latitude': '40.750314723409', 'longitude': '-73.996762553537', 'human_address': '{""address"": """", ""city"": """", ""state"": """", ""zip"": """"}'}",4,3,103,Chelsea-Hudson Yards,1007540012,1087497,,
Initial,PC8753062,2,2960,53,853,ELSMERE PLACE,10460,40.842554199899,-73.887073757248,Bronx,2026-08-10T10:37:29.000,Failed for Other Reason,"{'latitude': '40.842554199899', 'longitude': '-73.887073757248', 'human_address': '{""address"": """", ""city"": """", ""state"": """", ""zip"": """"}'}",6,15,36502,Tremont,2029600053,2010155,1015495,246265
Initial,PC8758882,3,1142,83,891,BERGEN STREET,11238,40.677255018449,-73.957898189613,Brooklyn,2026-08-10T10:37:57.000,Failed for Rat Activity,"{'latitude': '40.677255018449', 'longitude': '-73.957898189613', 'human_address': '{""address"": """", ""city"": """", ""state"": """", ""zip"": """"}'}",8,35,305,Crown Heights (North),3011420083,3028023,,
Initial,PC8757598,1,1915,13,141,WEST 130 STREET,10027,40.811462640425,-73.944392443207,Manhattan,2026-08-10T10:39:00.000,Failed for Rat Activity,"{'latitude': '40.811462640425', 'longitude': '-73.944392443207', 'human_address': '{""address"": """", ""city"": """", ""state"": """", ""zip"": """"}'}",10,9,226,Harlem (North),1019150013,1058028,,
Treatments,PC8695672,3,1603,153,563,KOSCIUSZKO STREET,11221,40.69281116856,-73.932378994164,Brooklyn,2026-08-10T10:39:15.000,Bait applied,"{'latitude': '40.69281116856', 'longitude': '-73.932378994164', 'human_address': '{""address"": """", ""city"": """", ""state"": """", ""zip"": """"}'}",3,36,289,Bedford-Stuyvesant (East),3016030153,3335630,,
Stoppage,PC8760879,3,1800,3,263,TOMPKINS AVENUE,11216,40.688986225925,-73.945025039843,Brooklyn,2026-08-10T10:40:00.000,Stoppage done,"{'latitude': '40.688986225925', 'longitude': '-73.945025039843', 'human_address': '{""address"": """", ""city"": """", ""state"": """", ""zip"": """"}'}",3,36,263,Bedford-Stuyvesant (West),3018000003,3050453,,
Compliance,PC8740392,3,2541,23,174,INDIA STREET,11222,40.732461444281,-73.953017330581,Brooklyn,2026-08-10T10:40:00.000,Failed for Rat Activity,"{'latitude': '40.732461444281', 'longitude': '-73.953017330581', 'human_address': '{""address"": """", ""city"": """", ""state"": """", ""zip"": """"}'}",1,33,575,Greenpoint,3025410023,3064483,997271,206138
Stoppage,PC8723062,3,1210,3,97,KINGSTON AVENUE,11213,40.676630248258,-73.941502177122,Brooklyn,2026-08-10T10:40:00.000,Stoppage done,"{'latitude': '40.676630248258', 'longitude': '-73.941502177122', 'human_address': '{""address"": """", ""city"": """", ""state"": """", ""zip"": """"}'}",8,36,311,Crown Heights (North),3012100003,3030186,,
Initial,PC8755489,1,2128,8,590,WEST  172 STREET,10032,40.843339333638,-73.937632326628,Manhattan,2026-08-10T10:40:19.000,Failed for Rat Activity and Other Reason,"{'latitude': '40.843339333638', 'longitude': '-73.937632326628', 'human_address': '{""address"": """", ""city"": """", ""state"": """", ""zip"": """"}'}",12,10,253,Washington Heights (South),1021280008,1063063,1001506,246537
Compliance,PC8739556,1,2088,43,620,WEST  141 STREET,10031,40.82415542522,-73.952977632569,Manhattan,2026-08-10T10:41:07.000,Failed for Rat Activity,"{'latitude': '40.82415542522', 'longitude': '-73.952977632569', 'human_address': '{""address"": """", ""city"": """", ""state"": """", ""zip"": """"}'}",9,7,225,Hamilton Heights-Sugar Hill,1020880043,1062323,997264,239545
Compliance,PC8737532,5,43,64,137,WINTER AVENUE,10301,40.638622180128,-74.086302159039,Staten Island,2026-08-10T10:43:57.000,Failed for Other Reason,"{'latitude': '40.638622180128', 'longitude': '-74.086302159039', 'human_address': '{""address"": """", ""city"": """", ""state"": """", ""zip"": """"}'}",1,49,11,St. George-New Brighton,5000430064,5000989,960298,171958
Compliance,PC8700380,1,1760,1,2225,5 AVENUE,10037,40.81305098678,-73.937386261156,Manhattan,2026-08-10T10:44:00.000,Failed for Rat Activity,"{'latitude': '40.81305098678', 'longitude': '-73.937386261156', 'human_address': '{""address"": """", ""city"": """", ""state"": """", ""zip"": """"}'}",11,9,210,East Harlem (North),1017600001,1081109,,
Treatments,PC8621967,2,3273,85,2742,WEBSTER AVENUE,10458,40.864573109352,-73.887737614489,Bronx,2026-08-10T10:45:18.000,Bait applied,"{'latitude': '40.864573109352', 'longitude': '-73.887737614489', 'human_address': '{""address"": """", ""city"": """", ""state"": """", ""zip"": """"}'}",7,15,397,Belmont,,,,
Treatments,PC8598556,1,767,1,144,8 AVENUE,10011,40.741745617836,-74.001057357126,Manhattan,2026-08-10T10:45:52.000,Bait applied,"{'latitude': '40.741745617836', 'longitude': '-74.001057357126', 'human_address': '{""address"": """", ""city"": """", ""state"": """", ""zip"": """"}'}",4,3,81,Chelsea-Hudson Yards,1007670001,1013844,,
Treatments,PC8700621,2,3053,4,507,EAST 183 STREET,10458,40.854866596916,-73.892283520111,Bronx,2026-08-10T10:45:53.000,Bait applied,"{'latitude': '40.854866596916', 'longitude': '-73.892283520111', 'human_address': '{""address"": """", ""city"": """", ""state"": """", ""zip"": """"}'}",6,15,385,Belmont,2030530004,2011613,,
Treatments,PC8702619,1,754,25,325,WEST 30 STREET,10001,40.750067677666,-73.996199533518,Manhattan,2026-08-10T10:46:18.000,Bait applied,"{'latitude': '40.750067677666', 'longitude': '-73.996199533518', 'human_address': '{""address"": """", ""city"": """", ""state"": """", ""zip"": """"}'}",4,3,103,Chelsea-Hudson Yards,1007540025,1013523,,
Initial,PC8736955,3,1648,44,74,RALPH AVENUE,11221,40.687486305723,-73.923636790783,Brooklyn,2026-08-10T10:48:00.000,Failed for Rat Activity,"{'latitude': '40.687486305723', 'longitude': '-73.923636790783', 'human_address': '{""address"": """", ""city"": """", ""state"": """", ""zip"": """"}'}",3,41,385,Bedford-Stuyvesant (East),3016480044,3045338,1005428,189758
Initial,PC8761002,1,434,20,112,EAST 7 STREET,10009,40.726467224508,-73.984561809306,Manhattan,2026-08-10T10:48:40.000,Failed for Rat Activity,"{'latitude': '40.726467224508', 'longitude': '-73.984561809306', 'human_address': '{""address"": """", ""city"": """", ""state"": """", ""zip"": """"}'}",3,2,32,East Village,1004340020,1005785,,
Initial,PC8758014,1,1915,1,2201,ADAM C POWELL BLVD,10027,40.812226415834,-73.945934367617,Manhattan,2026-08-10T10:49:00.000,Failed for Rat Activity,"{'latitude': '40.812226415834', 'longitude': '-73.945934367617', 'human_address': '{""address"": """", ""city"": """", ""state"": """", ""zip"": """"}'}",10,9,226,Harlem (North),1019150001,1087837,,
Compliance,PC8742980,1,1911,119,127,WEST 126 STREET,10027,40.808853133207,-73.945955180242,Manhattan,2026-08-10T10:49:59.000,Failed for Rat Activity and Other Reason,"{'latitude': '40.808853133207', 'longitude': '-73.945955180242', 'human_address': '{""address"": """", ""city"": """", ""state"": """", ""zip"": """"}'}",10,9,224,Harlem (North),1019110119,1057892,,
Treatments,PC8693405,3,1605,8,376,KOSCIUSZKO STREET,11221,40.692024409227,-73.93904012684,Brooklyn,2026-08-10T10:50:42.000,Bait applied,"{'latitude': '40.692024409227', 'longitude': '-73.93904012684', 'human_address': '{""address"": """", ""city"": """", ""state"": """", ""zip"": """"}'}",3,36,281,Bedford-Stuyvesant (East),3016050008,3043321,,
Initial,PC8760263,4,10101,27,92-32,UNION HALL STREET,11433,40.703763401669,-73.797651577359,Queens,2026-08-10T10:50:56.000,Failed for Rat Activity,"{'latitude': '40.703763401669', 'longitude': '-73.797651577359', 'human_address': '{""address"": """", ""city"": """", ""state"": """", ""zip"": """"}'}",12,27,44601,Jamaica,4101010027,4215619,,
Treatments,PC8727756,4,171,27,47-05,44 STREET,11377,40.741026749456,-73.921009410926,Queens,2026-08-10T10:51:02.000,Bait applied,"{'latitude': '40.741026749456', 'longitude': '-73.921009410926', 'human_address': '{""address"": """", ""city"": """", ""state"": """", ""zip"": """"}'}",2,26,18502,Sunnyside,4001710027,4002077,1006139,209265
Stoppage,PC8761475,3,1818,103,377A,Nostrand Avenue,11216,40.685008793828,-73.950490884846,Brooklyn,2026-08-10T10:52:00.000,Stoppage done,"{'latitude': '40.685008793828', 'longitude': '-73.950490884846', 'human_address': '{""address"": """", ""city"": """", ""state"": """", ""zip"": """"}'}",3,36,249,Bedford-Stuyvesant (West),3018180103,3391426,,
Initial,PC8757663,1,1915,64,2207,ADAM C POWELL BLVD,10027,40.812385556514,-73.945818635501,Manhattan,2026-08-10T10:54:00.000,Failed for Rat Activity,"{'latitude': '40.812385556514', 'longitude': '-73.945818635501', 'human_address': '{""address"": """", ""city"": """", ""state"": """", ""zip"": """"}'}",10,9,226,Harlem (North),1019150064,1058071,,
Treatments,PC8739033,1,1211,7,165,WEST   80 STREET,10024,40.783548755889,-73.977156802381,Manhattan,2026-08-10T10:54:14.000,Bait applied,"{'latitude': '40.783548755889', 'longitude': '-73.977156802381', 'human_address': '{""address"": """", ""city"": """", ""state"": """", ""zip"": """"}'}",7,6,165,Upper West Side (Central),1012110007,1031954,990576,224748
Treatments,PC8703205,3,1638,51,48,RALPH AVENUE,11221,40.688642008567,-73.923866236125,Brooklyn,2026-08-10T10:54:18.000,Bait applied,"{'latitude': '40.688642008567', 'longitude': '-73.923866236125', 'human_address': '{""address"": """", ""city"": """", ""state"": """", ""zip"": """"}'}",3,41,385,Bedford-Stuyvesant (East),3016380051,3044731,,
Compliance,PC8746223,3,2541,25,178,INDIA STREET,11222,40.732475113346,-73.952883816621,Brooklyn,2026-08-10T10:55:00.000,Failed for Rat Activity,"{'latitude': '40.732475113346', 'longitude': '-73.952883816621', 'human_address': '{""address"": """", ""city"": """", ""state"": """", ""zip"": """"}'}",1,33,575,Greenpoint,3025410025,3064485,997308,206143
Treatments,PC8741088,3,3486,1,50,VERMONT STREET,11207,40.679133941513,-73.895751967728,Brooklyn,2026-08-10T10:55:32.000,Bait applied,"{'latitude': '40.679133941513', 'longitude': '-73.895751967728', 'human_address': '{""address"": """", ""city"": """", ""state"": """", ""zip"": """"}'}",5,37,114201,Cypress Hills,3034860001,3080594,1013165,186723
Treatments,PC8614888,3,1755,49,133,VERNON AVENUE,11206,40.694877430217,-73.946978320096,Brooklyn,2026-08-10T10:57:00.000,Bait applied,"{'latitude': '40.694877430217', 'longitude': '-73.946978320096', 'human_address': '{""address"": """", ""city"": """", ""state"": """", ""zip"": """"}'}",3,36,25901,Bedford-Stuyvesant (West),3017550049,3048648,,
Stoppage,PC8698111,3,1280,8,1010,PRESIDENT STREET,11225,40.668765468011,-73.958018921493,Brooklyn,2026-08-10T10:58:00.000,Stoppage done,"{'latitude': '40.668765468011', 'longitude': '-73.958018921493', 'human_address': '{""address"": """", ""city"": """", ""state"": """", ""zip"": """"}'}",9,35,325,Crown Heights (South),3012800008,3033448,,
Treatments,PC8700706,2,3273,100,2768,WEBSTER AVENUE,10458,40.865982000227,-73.885808166314,Bronx,2026-08-10T10:58:33.000,Bait applied,"{'latitude': '40.865982000227', 'longitude': '-73.885808166314', 'human_address': '{""address"": """", ""city"": """", ""state"": """", ""zip"": """"}'}",7,15,397,Belmont,2032730100,2016233,,
Treatments,PC8707609,3,1626,10,159,STUYVESANT AVENUE,11221,40.689575654078,-73.933359485366,Brooklyn,2026-08-10T10:58:52.000,Bait applied,"{'latitude': '40.689575654078', 'longitude': '-73.933359485366', 'human_address': '{""address"": """", ""city"": """", ""state"": """", ""zip"": """"}'}",3,36,291,Bedford-Stuyvesant (East),3016260010,3000000,,
Treatments,PC8733221,2,3039,19,466,EAST 185 STREET,10458,40.856612596513,-73.892656640061,Bronx,2026-08-10T11:00:17.000,Bait applied,"{'latitude': '40.856612596513', 'longitude': '-73.892656640061', 'human_address': '{""address"": """", ""city"": """", ""state"": """", ""zip"": """"}'}",6,15,385,Belmont,2030390019,2011358,,
Compliance,PC8721354,2,2621,1,3250,3 AVENUE,10456,40.824205565898,-73.908632575351,Bronx,2026-08-10T11:00:20.000,Failed for Rat Activity and Other Reason,"{'latitude': '40.824205565898', 'longitude': '-73.908632575351', 'human_address': '{""address"": """", ""city"": """", ""state"": """", ""zip"": """"}'}",3,17,18502,Morrisania,2026210001,2116529,,
Treatments,PC8694684,3,1605,10,380,KOSCIUSZKO STREET,11221,40.692038071671,-73.938924721419,Brooklyn,2026-08-10T11:00:51.000,Bait applied,"{'latitude': '40.692038071671', 'longitude': '-73.938924721419', 'human_address': '{""address"": """", ""city"": """", ""state"": """", ""zip"": """"}'}",3,36,281,Bedford-Stuyvesant (East),3016050010,3043323,,
Treatments,PC8685060,1,766,7502,124,8 AVENUE,10011,40.741199405728,-74.001450696472,Manhattan,2026-08-10T11:00:52.000,Bait applied,"{'latitude': '40.741199405728', 'longitude': '-74.001450696472', 'human_address': '{""address"": """", ""city"": """", ""state"": """", ""zip"": """"}'}",4,3,81,Chelsea-Hudson Yards,1007667502,1076135,,
Treatments,PC8694321,2,2458,26,750,GRAND CONCOURSE,10451,40.822885990185,-73.924651471804,Bronx,2026-08-10T11:03:00.000,Bait applied,"{'latitude': '40.822885990185', 'longitude': '-73.924651471804', 'human_address': '{""address"": """", ""city"": """", ""state"": """", ""zip"": """"}'}",4,16,5902,Concourse-Concourse Village,2024580026,2002784,,
Initial,PC8759408,3,460,63,3,3 STREET,11231,40.678665240271,-73.995428478612,Brooklyn,2026-08-10T11:03:00.000,Failed for Other Reason,"{'latitude': '40.678665240271', 'longitude': '-73.995428478612', 'human_address': '{""address"": """", ""city"": """", ""state"": """", ""zip"": """"}'}",6,39,77,Carroll Gardens-Cobble Hill-Gowanus-Red Hook,3004600063,3000000,985518,186535
Initial,PC8758710,3,1163,64,623,PARK PLACE,11238,40.674282182112,-73.957240346924,Brooklyn,2026-08-10T11:03:12.000,Failed for Rat Activity,"{'latitude': '40.674282182112', 'longitude': '-73.957240346924', 'human_address': '{""address"": """", ""city"": """", ""state"": """", ""zip"": """"}'}",8,35,305,Crown Heights (North),3011630064,3029020,,
Initial,PC8755946,3,1185,39,320,EASTERN PARKWAY,11225,40.670736364905,-73.958421421718,Brooklyn,2026-08-10T11:05:10.000,Failed for Rat Activity,"{'latitude': '40.670736364905', 'longitude': '-73.958421421718', 'human_address': '{""address"": """", ""city"": """", ""state"": """", ""zip"": """"}'}",9,35,213,Crown Heights (South),3011850039,3029674,995805,183643
Treatments,PC8727808,1,745,49,320,WEST 22 STREET,10011,40.744965228879,-73.99980872817,Manhattan,2026-08-10T11:06:18.000,Bait applied,"{'latitude': '40.744965228879', 'longitude': '-73.99980872817', 'human_address': '{""address"": """", ""city"": """", ""state"": """", ""zip"": """"}'}",4,3,89,Chelsea-Hudson Yards,1007450049,1013317,,
Compliance,PC8738849,3,5781,40,6018,4 AVENUE,11220,40.640676084061,-74.018603529803,Brooklyn,2026-08-10T11:06:44.000,Failed for Rat Activity,"{'latitude': '40.640676084061', 'longitude': '-74.018603529803', 'human_address': '{""address"": """", ""city"": """", ""state"": """", ""zip"": """"}'}",7,38,72,Sunset Park (West),3057810040,3143387,,
Stoppage,PC8761473,3,1860,88,,,11216,,,Brooklyn,2026-08-10T11:08:00.000,Stoppage done,,,,,,,,,
Treatments,PC8681639,4,202,23,48-21,40 STREET,11104,40.739305806964,-73.925139693031,Queens,2026-08-10T11:08:02.000,Bait applied,"{'latitude': '40.739305806964', 'longitude': '-73.925139693031', 'human_address': '{""address"": """", ""city"": """", ""state"": """", ""zip"": """"}'}",2,26,18501,Sunnyside,4002020023,4002866,1004995,208637
Compliance,PC8735142,1,2089,29,601,WEST 142 STREET,10031,40.824665627866,-73.952204036808,Manhattan,2026-08-10T11:10:07.000,Failed for Rat Activity,"{'latitude': '40.824665627866', 'longitude': '-73.952204036808', 'human_address': '{""address"": """", ""city"": """", ""state"": """", ""zip"": """"}'}",9,7,229,Hamilton Heights-Sugar Hill,1020890029,1062345,,
Treatments,PC8695681,3,1605,11,382,KOSCIUSZKO STREET,11221,40.692043530464,-73.938867019954,Brooklyn,2026-08-10T11:10:26.000,Bait applied,"{'latitude': '40.692043530464', 'longitude': '-73.938867019954', 'human_address': '{""address"": """", ""city"": """", ""state"": """", ""zip"": """"}'}",3,36,281,Bedford-Stuyvesant (East),3016050011,3043324,,
Initial,PC8756013,3,1642,8,680,MONROE STREET,11221,40.687896187931,-73.92933709425,Brooklyn,2026-08-10T11:11:00.000,Failed for Rat Activity,"{'latitude': '40.687896187931', 'longitude': '-73.92933709425', 'human_address': '{""address"": """", ""city"": """", ""state"": """", ""zip"": """"}'}",3,36,385,Bedford-Stuyvesant (East),3016420008,3044979,1003847,189906
Treatments,PC8693848,3,1755,58,117,VERNON AVENUE,11206,40.694828228599,-73.947421919368,Brooklyn,2026-08-10T11:13:00.000,Bait applied,"{'latitude': '40.694828228599', 'longitude': '-73.947421919368', 'human_address': '{""address"": """", ""city"": """", ""state"": """", ""zip"": """"}'}",3,36,25901,Bedford-Stuyvesant (West),3017550058,3048652,,
Treatments,PC8671577,2,3279,62,380,BEDFORD PARK BOULEVARD,10458,40.86772311622,-73.884022677369,Bronx,2026-08-10T11:13:28.000,Bait applied,"{'latitude': '40.86772311622', 'longitude': '-73.884022677369', 'human_address': '{""address"": """", ""city"": """", ""state"": """", ""zip"": """"}'}",7,15,40702,Bedford Park,2032790062,2016424,,
Initial,PC8757920,1,1915,52,142,WEST 131 STREET,10027,40.812088249018,-73.943994537219,Manhattan,2026-08-10T11:13:40.000,Failed for Other Reason,"{'latitude': '40.812088249018', 'longitude': '-73.943994537219', 'human_address': '{""address"": """", ""city"": """", ""state"": """", ""zip"": """"}'}",10,9,226,Harlem (North),1019150052,1000000,,
Initial,PC8763345,2,3122,159,2081,DALY AVENUE,10460,40.844031353004,-73.882090733556,Bronx,2026-08-10T11:14:29.000,Failed for Other Reason,"{'latitude': '40.844031353004', 'longitude': '-73.882090733556', 'human_address': '{""address"": """", ""city"": """", ""state"": """", ""zip"": """"}'}",6,15,363,West Farms,2031220159,2000000,1016873,246805
Initial,PC8759128,3,1163,71,605,PARK PLACE,11238,40.67446366213,-73.958119867981,Brooklyn,2026-08-10T11:15:00.000,Failed for Rat Activity,"{'latitude': '40.67446366213', 'longitude': '-73.958119867981', 'human_address': '{""address"": """", ""city"": """", ""state"": """", ""zip"": """"}'}",8,35,305,Crown Heights (North),3011630071,3393246,,
Treatments,PC8685017,1,765,21,227,WEST 15 STREET,10011,40.739645878912,-74.000129910076,Manhattan,2026-08-10T11:15:52.000,Bait applied,"{'latitude': '40.739645878912', 'longitude': '-74.000129910076', 'human_address': '{""address"": """", ""city"": """", ""state"": """", ""zip"": """"}'}",4,3,81,Chelsea-Hudson Yards,1007650021,1013769,,
Treatments,PC8569542,3,1625,15,612,LEXINGTON AVENUE,11221,40.689453275038,-73.935342846194,Brooklyn,2026-08-10T11:17:52.000,Bait applied,"{'latitude': '40.689453275038', 'longitude': '-73.935342846194', 'human_address': '{""address"": """", ""city"": """", ""state"": """", ""zip"": """"}'}",3,36,291,Bedford-Stuyvesant (East),3016250015,3259334,,
Compliance,PC8698222,1,1630,63,124,EAST 103 STREET,10029,40.790596185079,-73.948389686642,Manhattan,2026-08-10T11:19:25.000,Failed for Rat Activity and Other Reason,"{'latitude': '40.790596185079', 'longitude': '-73.948389686642', 'human_address': '{""address"": """", ""city"": """", ""state"": """", ""zip"": """"}'}",11,8,166,East Harlem (South),1016300063,1051902,,
Initial,PC8739741,4,139,11,43-17,48 STREET,11104,40.744262425878,-73.916566654861,Queens,2026-08-10T11:20:00.000,Failed for Other Reason,"{'latitude': '40.744262425878', 'longitude': '-73.916566654861', 'human_address': '{""address"": """", ""city"": """", ""state"": """", ""zip"": """"}'}",2,26,25301,Sunnyside,4001390011,4001294,1007369,210445
Treatments,PC8694110,3,1605,12,384,KOSCIUSZKO STREET,11221,40.692051734,-73.938809315951,Brooklyn,2026-08-10T11:20:12.000,Bait applied,"{'latitude': '40.692051734', 'longitude': '-73.938809315951', 'human_address': '{""address"": """", ""city"": """", ""state"": """", ""zip"": """"}'}",3,36,281,Bedford-Stuyvesant (East),3016050012,3043325,,
Compliance,PC8740675,1,1726,47,16,WEST 129 STREET,10027,40.809457601915,-73.94162340358,Manhattan,2026-08-10T11:20:59.000,Failed for Other Reason,"{'latitude': '40.809457601915', 'longitude': '-73.94162340358', 'human_address': '{""address"": """", ""city"": """", ""state"": """", ""zip"": """"}'}",10,9,208,Harlem (North),1017260047,1053699,,
Initial,PC8751831,4,9833,4,175-10,88 AVENUE,11432,40.711067237101,-73.787031747126,Queens,2026-08-10T11:21:00.000,Failed for Other Reason,"{'latitude': '40.711067237101', 'longitude': '-73.787031747126', 'human_address': '{""address"": """", ""city"": """", ""state"": """", ""zip"": """"}'}",12,27,462,Jamaica,4098330004,4448804,,
Initial,PC8759458,1,404,38,335,EAST 10 STREET,10009,40.727144573398,-73.980560453273,Manhattan,2026-08-10T11:22:03.000,Failed for Rat Activity,"{'latitude': '40.727144573398', 'longitude': '-73.980560453273', 'human_address': '{""address"": """", ""city"": """", ""state"": """", ""zip"": """"}'}",3,2,34,East Village,1004040038,1005146,,
Compliance,PC8663387,2,2427,18,1268,CLAY AVENUE,10456,40.833777399078,-73.90979745929,Bronx,2026-08-10T11:23:03.000,Failed for Rat Activity and Other Reason,"{'latitude': '40.833777399078', 'longitude': '-73.90979745929', 'human_address': '{""address"": """", ""city"": """", ""state"": """", ""zip"": """"}'}",4,16,17701,Concourse-Concourse Village,2024270018,2002100,,
Treatments,PC8727800,1,744,48,312,WEST 21 STREET,10011,40.744273548944,-74.000090221621,Manhattan,2026-08-10T11:24:18.000,Bait applied,"{'latitude': '40.744273548944', 'longitude': '-74.000090221621', 'human_address': '{""address"": """", ""city"": """", ""state"": """", ""zip"": """"}'}",4,3,89,Chelsea-Hudson Yards,1007440048,1013271,,
Compliance,PC8735916,2,3064,1,,ST BARNABAS HOSPITAL,10457,,,Bronx,2026-08-10T11:25:00.000,Failed for Rat Activity,,6,15,37504,Tremont,2030640001,2094217,1014380,250183
Initial,PC8751278,3,1266,47,1115,UNION STREET,11225,40.669390663188,-73.956374738602,Brooklyn,2026-08-10T11:26:10.000,Failed for Rat Activity,"{'latitude': '40.669390663188', 'longitude': '-73.956374738602', 'human_address': '{""address"": """", ""city"": """", ""state"": """", ""zip"": """"}'}",9,35,325,Crown Heights (South),3012660047,3032881,996352,183159
Initial,PC8759564,1,404,39,331,EAST 10 STREET,10009,40.727196745283,-73.980686715776,Manhattan,2026-08-10T11:26:10.000,Failed for Rat Activity,"{'latitude': '40.727196745283', 'longitude': '-73.980686715776', 'human_address': '{""address"": """", ""city"": """", ""state"": """", ""zip"": """"}'}",3,2,34,East Village,1004040039,1005147,,
Stoppage,PC8726772,3,1928,63,978,BEDFORD AVENUE,11205,40.69156539028,-73.955556035744,Brooklyn,2026-08-10T11:27:00.000,Stoppage done,"{'latitude': '40.69156539028', 'longitude': '-73.955556035744', 'human_address': '{""address"": """", ""city"": """", ""state"": """", ""zip"": """"}'}",3,33,235,Bedford-Stuyvesant (West),3019280063,3055256,,
Treatments,PC8658059,3,1624,127,562,LEXINGTON AVENUE,11221,40.689163728875,-73.937874449886,Brooklyn,2026-08-10T11:27:52.000,Bait applied,"{'latitude': '40.689163728875', 'longitude': '-73.937874449886', 'human_address': '{""address"": """", ""city"": """", ""state"": """", ""zip"": """"}'}",3,36,279,Bedford-Stuyvesant (East),3016240127,3341789,,
Treatments,PC8569579,3,1625,114,610,LEXINGTON AVENUE,11221,40.689445075278,-73.935404154253,Brooklyn,2026-08-10T11:27:52.000,Bait applied,"{'latitude': '40.689445075278', 'longitude': '-73.935404154253', 'human_address': '{""address"": """", ""city"": """", ""state"": """", ""zip"": """"}'}",3,36,291,Bedford-Stuyvesant (East),3016250114,3259333,,
Treatments,PC8712542,3,3314,36,86,MENAHAN STREET,11221,40.69447248291,-73.920664494677,Brooklyn,2026-08-10T11:27:56.000,Bait applied,"{'latitude': '40.69447248291', 'longitude': '-73.920664494677', 'human_address': '{""address"": """", ""city"": """", ""state"": """", ""zip"": """"}'}",4,37,419,Bushwick (East),3033140036,3075886,,
Treatments,PC8694242,3,1755,62,109,VERNON AVENUE,11206,40.694803626323,-73.94764191567,Brooklyn,2026-08-10T11:28:00.000,Bait applied,"{'latitude': '40.694803626323', 'longitude': '-73.94764191567', 'human_address': '{""address"": """", ""city"": """", ""state"": """", ""zip"": """"}'}",3,36,25901,Bedford-Stuyvesant (West),3017550062,3048656,,
Initial,PC8758818,3,1163,81,581,PARK PLACE,11238,40.674587395461,-73.958721838326,Brooklyn,2026-08-10T11:30:12.000,Failed for Rat Activity,"{'latitude': '40.674587395461', 'longitude': '-73.958721838326', 'human_address': '{""address"": """", ""city"": """", ""state"": """", ""zip"": """"}'}",8,35,305,Crown Heights (North),3011630081,3029028,,
Treatments,PC8693636,3,1607,27,540,KOSCIUSZKO STREET,11221,40.692783778226,-73.932476385892,Brooklyn,2026-08-10T11:30:12.000,Bait applied,"{'latitude': '40.692783778226', 'longitude': '-73.932476385892', 'human_address': '{""address"": """", ""city"": """", ""state"": """", ""zip"": """"}'}",3,36,289,Bedford-Stuyvesant (East),3016070026,3043454,,
Treatments,PC8688679,3,3947,17,107,VAN SICLEN AVENUE,11207,40.677609443307,-73.891557853435,Brooklyn,2026-08-10T11:30:32.000,Bait applied,"{'latitude': '40.677609443307', 'longitude': '-73.891557853435', 'human_address': '{""address"": """", ""city"": """", ""state"": """", ""zip"": """"}'}",5,37,1198,East New York (North),3039470017,3397940,,
Treatments,PC8684903,1,764,71,100,8 AVENUE,10011,40.740329306061,-74.002085799922,Manhattan,2026-08-10T11:30:52.000,Bait applied,"{'latitude': '40.740329306061', 'longitude': '-74.002085799922', 'human_address': '{""address"": """", ""city"": """", ""state"": """", ""zip"": """"}'}",4,3,81,Chelsea-Hudson Yards,1007640071,1084278,,
Initial,PC8751270,3,5100,68,612,OCEAN AVENUE,11226,40.647895086446,-73.960608700925,Brooklyn,2026-08-10T11:32:25.000,Failed for Rat Activity and Other Reason,"{'latitude': '40.647895086446', 'longitude': '-73.960608700925', 'human_address': '{""address"": """", ""city"": """", ""state"": """", ""zip"": """"}'}",14,40,51002,Flatbush,3051000068,3117131,995181,175327
Initial,PC8756499,3,1644,8,498,MADISON STREET,11221,40.686163697607,-73.937888072841,Brooklyn,2026-08-10T11:33:00.000,Failed for Rat Activity,"{'latitude': '40.686163697607', 'longitude': '-73.937888072841', 'human_address': '{""address"": """", ""city"": """", ""state"": """", ""zip"": """"}'}",3,36,277,Bedford-Stuyvesant (East),3016440008,3045055,1001476,189273
Treatments,PC8691530,4,2431,23,46-01,67 STREET,11377,40.739545330697,-73.897652643297,Queens,2026-08-10T11:33:02.000,Bait applied,"{'latitude': '40.739545330697', 'longitude': '-73.897652643297', 'human_address': '{""address"": """", ""city"": """", ""state"": """", ""zip"": """"}'}",2,26,243,Woodside,4024310023,4056316,1012612,208732
Compliance,PC8709224,1,1728,108,63,WEST  130 STREET,10037,40.810368948826,-73.941803224321,Manhattan,2026-08-10T11:33:59.000,Failed for Rat Activity,"{'latitude': '40.810368948826', 'longitude': '-73.941803224321', 'human_address': '{""address"": """", ""city"": """", ""state"": """", ""zip"": """"}'}",10,9,208,Harlem (North),1017280108,1053815,1000360,234524
Initial,PC8760549,2,3066,55,2461,ARTHUR AVENUE,10458,40.85691674665,-73.886409421363,Bronx,2026-08-10T11:34:09.000,Failed for Other Reason,"{'latitude': '40.85691674665', 'longitude': '-73.886409421363', 'human_address': '{""address"": """", ""city"": """", ""state"": """", ""zip"": """"}'}",6,15,389,Belmont,2030660055,2101389,,
Compliance,PC8680768,1,1631,47,168,EAST 104 STREET,10029,40.790661249988,-73.946620055052,Manhattan,2026-08-10T11:34:25.000,Failed for Rat Activity and Other Reason,"{'latitude': '40.790661249988', 'longitude': '-73.946620055052', 'human_address': '{""address"": """", ""city"": """", ""state"": """", ""zip"": """"}'}",11,8,166,East Harlem (South),1016310047,1051935,,
Compliance,PC8732362,4,188,29,43-14,42 STREET,11104,40.744930582123,-73.922148786456,Queens,2026-08-10T11:37:00.000,Failed for Rat Activity and Other Reason,"{'latitude': '40.744930582123', 'longitude': '-73.922148786456', 'human_address': '{""address"": """", ""city"": """", ""state"": """", ""zip"": """"}'}",2,26,18102,Sunnyside,4001880029,4002459,1005822,210687
Initial,PC8759504,1,404,43,325,EAST 10 STREET,10009,40.727276374932,-73.980874305536,Manhattan,2026-08-10T11:37:00.000,Failed for Rat Activity and Other Reason,"{'latitude': '40.727276374932', 'longitude': '-73.980874305536', 'human_address': '{""address"": """", ""city"": """", ""state"": """", ""zip"": """"}'}",3,2,34,East Village,1004040043,1082472,,
Initial,PC8758988,3,1163,37,PROSPECT,PLACE,11238,,,Brooklyn,2026-08-10T11:39:55.000,Failed for Rat Activity,,,,,,,,,
Compliance,PC8746592,1,1632,44,168,EAST 105 STREET,10029,40.791245609949,-73.946038145838,Manhattan,2026-08-10T11:41:25.000,Failed for Rat Activity,"{'latitude': '40.791245609949', 'longitude': '-73.946038145838', 'human_address': '{""address"": """", ""city"": """", ""state"": """", ""zip"": """"}'}",11,8,166,East Harlem (South),1016320044,1051972,,
Compliance,PC8743982,4,10085,15,146-22,TUSKEGEE AIRMEN WAY,11435,40.693491309702,-73.8033120177,Queens,2026-08-10T11:42:07.000,Failed for Other Reason,"{'latitude': '40.693491309702', 'longitude': '-73.8033120177', 'human_address': '{""address"": """", ""city"": """", ""state"": """", ""zip"": """"}'}",12,28,198,South Jamaica,4100850015,4448655,1038793,191998
Initial,PC8763308,2,3051,7501,4511,3 AVENUE,10457,40.853622373498,-73.89137099253,Bronx,2026-08-10T11:42:29.000,Failed for Rat Activity and Other Reason,"{'latitude': '40.853622373498', 'longitude': '-73.89137099253', 'human_address': '{""address"": """", ""city"": """", ""state"": """", ""zip"": """"}'}",6,15,385,Belmont,2030517501,2128231,1014301,250296
Compliance,PC8747136,1,1750,23,57,EAST 125 STREET,10035,40.805548346598,-73.940192801677,Manhattan,2026-08-10T11:42:32.000,Failed for Rat Activity,"{'latitude': '40.805548346598', 'longitude': '-73.940192801677', 'human_address': '{""address"": """", ""city"": """", ""state"": """", ""zip"": """"}'}",11,9,198,East Harlem (North),1017500023,1054034,,
Compliance,PC8738218,1,1535,39,214,EAST 90 STREET,10128,40.781136408205,-73.951567391934,Manhattan,2026-08-10T11:43:46.000,Failed for Rat Activity,"{'latitude': '40.781136408205', 'longitude': '-73.951567391934', 'human_address': '{""address"": """", ""city"": """", ""state"": """", ""zip"": """"}'}",8,5,15401,Upper East Side-Yorkville,1015350039,1048905,,
Treatments,PC8656007,3,1758,12,12,VERNON AVENUE,11206,40.694341464712,-73.95151889375,Brooklyn,2026-08-10T11:44:00.000,Bait applied,"{'latitude': '40.694341464712', 'longitude': '-73.95151889375', 'human_address': '{""address"": """", ""city"": """", ""state"": """", ""zip"": """"}'}",3,36,253,Bedford-Stuyvesant (West),3017580012,3048743,997694,192250
Treatments,PC8705585,1,741,36,155,8 AVENUE,10011,40.742061267265,-74.000851663715,Manhattan,2026-08-10T11:44:18.000,Bait applied,"{'latitude': '40.742061267265', 'longitude': '-74.000851663715', 'human_address': '{""address"": """", ""city"": """", ""state"": """", ""zip"": """"}'}",4,3,83,Chelsea-Hudson Yards,1007410036,1013081,,
Initial,PC8754221,1,2154,88,360,AUDOBON AVENUE,10033,40.850049396311,-73.931387164802,Manhattan,2026-08-10T11:44:45.000,Failed for Rat Activity,"{'latitude': '40.850049396311', 'longitude': '-73.931387164802', 'human_address': '{""address"": """", ""city"": """", ""state"": """", ""zip"": """"}'}",12,10,269,Washington Heights (North),1021540088,1063681,1003232,248983
Treatments,PC8694918,3,1607,37,558,KOSCIUSZKO STREET,11221,40.692843849768,-73.931946232311,Brooklyn,2026-08-10T11:45:01.000,Bait applied,"{'latitude': '40.692843849768', 'longitude': '-73.931946232311', 'human_address': '{""address"": """", ""city"": """", ""state"": """", ""zip"": """"}'}",3,36,289,Bedford-Stuyvesant (East),3016070037,3043461,,
Treatments,PC8671321,4,1282,15,69-20,38 AVENUE,11377,40.746993326966,-73.896211986928,Queens,2026-08-10T11:45:02.000,Bait applied,"{'latitude': '40.746993326966', 'longitude': '-73.896211986928', 'human_address': '{""address"": """", ""city"": """", ""state"": """", ""zip"": """"}'}",2,26,263,Woodside,4012820015,4029703,,
Compliance,PC8721211,2,2622,27,599,EAST 164 STREET,10456,40.824892788941,-73.906510646776,Bronx,2026-08-10T11:45:30.000,Failed for Other Reason,"{'latitude': '40.824892788941', 'longitude': '-73.906510646776', 'human_address': '{""address"": """", ""city"": """", ""state"": """", ""zip"": """"}'}",3,17,18502,Morrisania,2026220027,2004398,,
Initial,PC8758885,3,1163,33,566,PROSPECT PLACE,11238,40.675388637099,-73.958079628539,Brooklyn,2026-08-10T11:45:55.000,Failed for Rat Activity,"{'latitude': '40.675388637099', 'longitude': '-73.958079628539', 'human_address': '{""address"": """", ""city"": """", ""state"": """", ""zip"": """"}'}",8,35,305,Crown Heights (North),3011630033,3029002,,
Compliance,PC8746947,1,1750,24,59,EAST 125 STREET,10035,40.805531859305,-73.94015669455,Manhattan,2026-08-10T11:47:32.000,Failed for Rat Activity,"{'latitude': '40.805531859305', 'longitude': '-73.94015669455', 'human_address': '{""address"": """", ""city"": """", ""state"": """", ""zip"": """"}'}",11,9,198,East Harlem (North),1017500024,1054035,,
Treatments,PC8694718,3,3310,60,309,MENAHAN STREET,11237,40.700207794402,-73.915067611848,Brooklyn,2026-08-10T11:48:36.000,Bait applied,"{'latitude': '40.700207794402', 'longitude': '-73.915067611848', 'human_address': '{""address"": """", ""city"": """", ""state"": """", ""zip"": """"}'}",4,37,441,Bushwick (West),3033100060,3075773,,
Treatments,PC8569515,3,1624,126,560,LEXINGTON AVENUE,11221,40.689155529713,-73.937939363234,Brooklyn,2026-08-10T11:48:52.000,Bait applied,"{'latitude': '40.689155529713', 'longitude': '-73.937939363234', 'human_address': '{""address"": """", ""city"": """", ""state"": """", ""zip"": """"}'}",3,36,279,Bedford-Stuyvesant (East),3016240126,3341788,,
Initial,PC8758791,3,1163,31,560,PROSPECT PLACE,11238,40.675416133567,-73.958213000809,Brooklyn,2026-08-10T11:49:55.000,Failed for Rat Activity,"{'latitude': '40.675416133567', 'longitude': '-73.958213000809', 'human_address': '{""address"": """", ""city"": """", ""state"": """", ""zip"": """"}'}",8,35,305,Crown Heights (North),3011630031,3029001,,
Treatments,PC8684973,1,764,75,92,8 AVENUE,10011,40.740134425233,-74.002226530749,Manhattan,2026-08-10T11:50:52.000,Bait applied,"{'latitude': '40.740134425233', 'longitude': '-74.002226530749', 'human_address': '{""address"": """", ""city"": """", ""state"": """", ""zip"": """"}'}",4,3,81,Chelsea-Hudson Yards,1007640075,1000000,,
Initial,PC8760397,2,3066,35,2454,HOFFMAN STREET,10458,40.857162034085,-73.887432050617,Bronx,2026-08-10T11:52:09.000,Failed for Other Reason,"{'latitude': '40.857162034085', 'longitude': '-73.887432050617', 'human_address': '{""address"": """", ""city"": """", ""state"": """", ""zip"": """"}'}",6,15,389,Belmont,2030660035,2103808,,
Compliance,PC8743058,1,1937,25,209,WEST 131 STREET,10027,40.812995045992,-73.946150497182,Manhattan,2026-08-10T11:52:59.000,Failed for Rat Activity,"{'latitude': '40.812995045992', 'longitude': '-73.946150497182', 'human_address': '{""address"": """", ""city"": """", ""state"": """", ""zip"": """"}'}",10,9,226,Harlem (North),1019370025,1058708,,
Compliance,PC8746668,1,1632,20,1655,LEXINGTON AVENUE,10029,40.791103373731,-73.947092794401,Manhattan,2026-08-10T11:53:00.000,Failed for Rat Activity and Other Reason,"{'latitude': '40.791103373731', 'longitude': '-73.947092794401', 'human_address': '{""address"": """", ""city"": """", ""state"": """", ""zip"": """"}'}",11,8,166,East Harlem (South),1016320020,1000000,,
Compliance,PC8747011,1,1750,26,63,EAST 125 STREET,10035,40.805501627546,-73.940080865674,Manhattan,2026-08-10T11:53:32.000,Failed for Rat Activity and Other Reason,"{'latitude': '40.805501627546', 'longitude': '-73.940080865674', 'human_address': '{""address"": """", ""city"": """", ""state"": """", ""zip"": """"}'}",11,9,198,East Harlem (North),1017500026,1054037,,
Compliance,PC8622366,1,2154,80,552,WEST 184 STREET,10033,40.850669748944,-73.931458815637,Manhattan,2026-08-10T11:53:42.000,Failed for Rat Activity,"{'latitude': '40.850669748944', 'longitude': '-73.931458815637', 'human_address': '{""address"": """", ""city"": """", ""state"": """", ""zip"": """"}'}",12,10,269,Washington Heights (North),1021540080,1063679,,
Initial,PC8758938,3,1163,7501,552,PROSPECT PLACE,11238,40.675454626007,-73.958393232946,Brooklyn,2026-08-10T11:53:55.000,Failed for Rat Activity,"{'latitude': '40.675454626007', 'longitude': '-73.958393232946', 'human_address': '{""address"": """", ""city"": """", ""state"": """", ""zip"": """"}'}",8,35,305,Crown Heights (North),3011637501,3029000,,
Compliance,PC8733943,3,5100,72,622,OCEAN AVENUE,11226,40.647708428991,-73.960572775332,Brooklyn,2026-08-10T11:54:25.000,Failed for Rat Activity and Other Reason,"{'latitude': '40.647708428991', 'longitude': '-73.960572775332', 'human_address': '{""address"": """", ""city"": """", ""state"": """", ""zip"": """"}'}",14,40,51002,Flatbush,3051000072,3117132,995191,175259
Initial,PC8759462,1,404,46,319,EAST 10 STREET,10009,40.727356004274,-73.981061895747,Manhattan,2026-08-10T11:54:57.000,Failed for Rat Activity,"{'latitude': '40.727356004274', 'longitude': '-73.981061895747', 'human_address': '{""address"": """", ""city"": """", ""state"": """", ""zip"": """"}'}",3,2,34,East Village,1004040046,1005152,,
Stoppage,PC8760881,3,806,22,338,52 STREET,11220,40.645990530975,-74.014832122986,Brooklyn,2026-08-10T11:56:00.000,Stoppage done,"{'latitude': '40.645990530975', 'longitude': '-74.014832122986', 'human_address': '{""address"": """", ""city"": """", ""state"": """", ""zip"": """"}'}",7,38,76,Sunset Park (West),3008060022,3013840,,
Treatments,PC8727871,1,744,36,197,8 AVENUE,10011,40.743507760111,-73.999794297077,Manhattan,2026-08-10T11:56:18.000,Monitoring visit,"{'latitude': '40.743507760111', 'longitude': '-73.999794297077', 'human_address': '{""address"": """", ""city"": """", ""state"": """", ""zip"": """"}'}",4,3,89,Chelsea-Hudson Yards,1007440036,1013263,,
Compliance,PC8738513,1,2156,23,507,WEST  184 STREET,10033,40.850070512644,-73.929991896468,Manhattan,2026-08-10T11:58:06.000,Failed for Rat Activity,"{'latitude': '40.850070512644', 'longitude': '-73.929991896468', 'human_address': '{""address"": """", ""city"": """", ""state"": """", ""zip"": """"}'}",12,10,269,Washington Heights (North),1021560023,1063722,1003618,248991
Compliance,PC8704366,4,201,1,41-15,50 AVENUE,11104,40.737974004942,-73.924239064206,Queens,2026-08-10T11:59:00.000,Failed for Rat Activity,"{'latitude': '40.737974004942', 'longitude': '-73.924239064206', 'human_address': '{""address"": """", ""city"": """", ""state"": """", ""zip"": """"}'}",2,26,18501,Sunnyside,4002010001,4002801,1005245,208152
Treatments,PC8694662,3,1607,38,560,KOSCIUSZKO STREET,11221,40.692852047677,-73.931884920688,Brooklyn,2026-08-10T12:00:41.000,Bait applied,"{'latitude': '40.692852047677', 'longitude': '-73.931884920688', 'human_address': '{""address"": """", ""city"": """", ""state"": """", ""zip"": """"}'}",3,36,289,Bedford-Stuyvesant (East),3016070038,3043462,,
Treatments,PC8636462,2,2474,28,835,WALTON AVENUE,10451,40.8261111308,-73.924756205312,Bronx,2026-08-10T12:01:00.000,Bait applied,"{'latitude': '40.8261111308', 'longitude': '-73.924756205312', 'human_address': '{""address"": """", ""city"": """", ""state"": """", ""zip"": """"}'}",4,16,6301,Concourse-Concourse Village,2024740028,2002904,,
Initial,PC8760248,2,3066,38,2464,HOFFMAN STREET,10458,40.857359484458,-73.887258193808,Bronx,2026-08-10T12:01:09.000,Failed for Other Reason,"{'latitude': '40.857359484458', 'longitude': '-73.887258193808', 'human_address': '{""address"": """", ""city"": """", ""state"": """", ""zip"": """"}'}",6,15,389,Belmont,2030660038,2116235,,
Stoppage,PC8749220,3,756,27,450,46 st,11220,40.647981097768,-74.009073956293,Brooklyn,2026-08-10T12:02:00.000,Stoppage done,"{'latitude': '40.647981097768', 'longitude': '-74.009073956293', 'human_address': '{""address"": """", ""city"": """", ""state"": """", ""zip"": """"}'}",7,38,80,Sunset Park (West),3007560027,3011844,,
Initial,PC8759305,3,1163,1,520,PROSPECT PLACE,11238,40.675603100806,-73.959106956693,Brooklyn,2026-08-10T12:03:55.000,Failed for Rat Activity,"{'latitude': '40.675603100806', 'longitude': '-73.959106956693', 'human_address': '{""address"": """", ""city"": """", ""state"": """", ""zip"": """"}'}",8,35,305,Crown Heights (North),3011630001,3330782,,
Compliance,PC8743502,1,1937,12,249,WEST 131 STREET,10027,40.813577577035,-73.947544502308,Manhattan,2026-08-10T12:03:59.000,Failed for Rat Activity and Other Reason,"{'latitude': '40.813577577035', 'longitude': '-73.947544502308', 'human_address': '{""address"": """", ""city"": """", ""state"": """", ""zip"": """"}'}",10,9,226,Harlem (North),1019370012,1058695,,
Compliance,PC8706033,4,2602,115,56-05,48 Street,11378,40.721048307846,-73.922050525339,Queens,2026-08-10T12:04:00.000,Failed for Rat Activity,"{'latitude': '40.721048307846', 'longitude': '-73.922050525339', 'human_address': '{""address"": """", ""city"": """", ""state"": """", ""zip"": """"}'}",5,30,219,Maspeth,4026020115,4000000,1005929,202230
Stoppage,PC8760880,3,738,46,4424,5 AVENUE,11220,40.648283168119,-74.007016311829,Brooklyn,2026-08-10T12:05:00.000,Stoppage done,"{'latitude': '40.648283168119', 'longitude': '-74.007016311829', 'human_address': '{""address"": """", ""city"": """", ""state"": """", ""zip"": """"}'}",7,38,80,Sunset Park (West),3007380046,3011211,,
Treatments,PC8701638,3,1812,57,197,MONROE STREET,11216,40.685390646538,-73.951258607179,Brooklyn,2026-08-10T12:06:00.000,Bait applied,"{'latitude': '40.685390646538', 'longitude': '-73.951258607179', 'human_address': '{""address"": """", ""city"": """", ""state"": """", ""zip"": """"}'}",3,36,243,Bedford-Stuyvesant (West),3018120057,3051077,997768,188989
Treatments,PC8685127,2,3319,72,2914,JEROME AVENUE,10468,40.871917661899,-73.890223699902,Bronx,2026-08-10T12:06:59.000,Bait applied,"{'latitude': '40.871917661899', 'longitude': '-73.890223699902', 'human_address': '{""address"": """", ""city"": """", ""state"": """", ""zip"": """"}'}",7,14,40701,Bedford Park,2033190072,2017597,1014610,256962
Compliance,PC8738213,1,1535,15,223,EAST 89 STREET,10128,40.780464075868,-73.951882025445,Manhattan,2026-08-10T12:07:46.000,Failed for Rat Activity,"{'latitude': '40.780464075868', 'longitude': '-73.951882025445', 'human_address': '{""address"": """", ""city"": """", ""state"": """", ""zip"": """"}'}",8,5,15401,Upper East Side-Yorkville,1015350015,1048885,,
Initial,PC8761469,1,1787,1,2253,3 AVENUE,10035,40.802071782442,-73.936988471232,Manhattan,2026-08-10T12:09:00.000,Failed for Rat Activity and Other Reason,"{'latitude': '40.802071782442', 'longitude': '-73.936988471232', 'human_address': '{""address"": """", ""city"": """", ""state"": """", ""zip"": """"}'}",11,8,194,East Harlem (North),1017870001,1054626,1001695,231502
Treatments,PC8704999,3,1619,51,208,LEWIS AVENUE,11221,40.68945384005,-73.936352494099,Brooklyn,2026-08-10T12:10:07.000,Bait applied,"{'latitude': '40.68945384005', 'longitude': '-73.936352494099', 'human_address': '{""address"": """", ""city"": """", ""state"": """", ""zip"": """"}'}",3,36,279,Bedford-Stuyvesant (East),3016190051,3043987,,
Initial,PC8751963,1,2180,157,725,WEST  184 STREET,10033,40.852398745101,-73.935892331543,Manhattan,2026-08-10T12:13:30.000,Failed for Rat Activity,"{'latitude': '40.852398745101', 'longitude': '-73.935892331543', 'human_address': '{""address"": """", ""city"": """", ""state"": """", ""zip"": """"}'}",12,10,271,Washington Heights (North),1021800157,1064432,1001985,249838
Treatments,PC8675015,2,2473,12,710,GERARD AVENUE,10451,40.823968936735,-73.927002437269,Bronx,2026-08-10T12:14:00.000,Bait applied,"{'latitude': '40.823968936735', 'longitude': '-73.927002437269', 'human_address': '{""address"": """", ""city"": """", ""state"": """", ""zip"": """"}'}",4,16,6301,Concourse-Concourse Village,2024730012,2002895,,
Treatments,PC8721122,4,841,37,24-16,29 STREET,11102,40.772654394949,-73.916801727391,Queens,2026-08-10T12:15:02.000,Bait applied,"{'latitude': '40.772654394949', 'longitude': '-73.916801727391', 'human_address': '{""address"": """", ""city"": """", ""state"": """", ""zip"": """"}'}",1,22,125,Astoria (North)-Ditmars-Steinway,4008410037,4431082,1007293,220789
Treatments,PC8719924,3,1625,8,211A,LEWIS AVENUE,11221,40.689165594826,-73.936273441125,Brooklyn,2026-08-10T12:15:52.000,Bait applied,"{'latitude': '40.689165594826', 'longitude': '-73.936273441125', 'human_address': '{""address"": """", ""city"": """", ""state"": """", ""zip"": """"}'}",3,36,291,Bedford-Stuyvesant (East),3016250008,3044267,,
Treatments,PC8670809,2,3091,95,693,EAST 189 STREET,10458,40.856128808217,-73.883468194259,Bronx,2026-08-10T12:15:57.000,Bait applied,"{'latitude': '40.856128808217', 'longitude': '-73.883468194259', 'human_address': '{""address"": """", ""city"": """", ""state"": """", ""zip"": """"}'}",6,15,389,Belmont,2030910095,2012604,,
Treatments,PC8705615,1,738,57,330,WEST 15 STREET,10011,40.740859023864,-74.003045725232,Manhattan,2026-08-10T12:16:18.000,Bait applied,"{'latitude': '40.740859023864', 'longitude': '-74.003045725232', 'human_address': '{""address"": """", ""city"": """", ""state"": """", ""zip"": """"}'}",4,3,83,Chelsea-Hudson Yards,1007380057,1013028,,
Compliance,PC8735480,2,3112,25,770,GARDEN STREET,10460,40.849841330134,-73.884169643931,Bronx,2026-08-10T12:18:34.000,Failed for Rat Activity and Other Reason,"{'latitude': '40.849841330134', 'longitude': '-73.884169643931', 'human_address': '{""address"": """", ""city"": """", ""state"": """", ""zip"": """"}'}",6,15,393,Belmont,2031120025,2013017,,
Treatments,PC8719375,2,3318,119,18,EAST  198 STREET,10468,40.871200940121,-73.892763167284,Bronx,2026-08-10T12:19:10.000,Bait applied,"{'latitude': '40.871200940121', 'longitude': '-73.892763167284', 'human_address': '{""address"": """", ""city"": """", ""state"": """", ""zip"": """"}'}",7,14,40303,Bedford Park,2033180119,2017539,1013908,256700
Treatments,PC8711143,3,1620,4,203,LEWIS AVENUE,11221,40.689604806561,-73.93635956123,Brooklyn,2026-08-10T12:20:13.000,Bait applied,"{'latitude': '40.689604806561', 'longitude': '-73.93635956123', 'human_address': '{""address"": """", ""city"": """", ""state"": """", ""zip"": """"}'}",3,36,291,Bedford-Stuyvesant (East),3016200004,3044017,,
Initial,PC8759541,1,404,52,307,EAST 10 STREET,10009,40.727515262035,-73.981437077518,Manhattan,2026-08-10T12:20:43.000,Failed for Rat Activity,"{'latitude': '40.727515262035', 'longitude': '-73.981437077518', 'human_address': '{""address"": """", ""city"": """", ""state"": """", ""zip"": """"}'}",3,2,34,East Village,1004040052,1005158,,
Initial,PC8760609,2,3066,13,HOFFMAN,STREET,10458,,,Bronx,2026-08-10T12:21:09.000,Failed for Other Reason,,,,,,,,,
Initial,PC8755944,3,1425,13,1024,MONTGOMERY STREET,11213,40.664264427897,-73.930594971256,Brooklyn,2026-08-10T12:24:10.000,Failed for Other Reason,"{'latitude': '40.664264427897', 'longitude': '-73.930594971256', 'human_address': '{""address"": """", ""city"": """", ""state"": """", ""zip"": """"}'}",9,41,355,Crown Heights (South),3014250013,3038417,1003505,181296
Compliance,PC8734084,3,5123,25,700,OCEAN AVENUE,11226,40.646003807029,-73.960245865322,Brooklyn,2026-08-10T12:24:25.000,Failed for Rat Activity,"{'latitude': '40.646003807029', 'longitude': '-73.960245865322', 'human_address': '{""address"": """", ""city"": """", ""state"": """", ""zip"": """"}'}",14,40,51001,Flatbush,3051230025,3117613,995282,174638
Compliance,PC8743344,1,1937,44,228,WEST 132 STREET,10027,40.813810236594,-73.946153447699,Manhattan,2026-08-10T12:24:59.000,Failed for Rat Activity and Other Reason,"{'latitude': '40.813810236594', 'longitude': '-73.946153447699', 'human_address': '{""address"": """", ""city"": """", ""state"": """", ""zip"": """"}'}",10,9,226,Harlem (North),1019370044,1058721,,
Compliance,PC8731727,4,2632,23,52-20,FLUSHING AVENUE,11378,40.714063165567,-73.914750489108,Queens,2026-08-10T12:25:00.000,Failed for Rat Activity and Other Reason,"{'latitude': '40.714063165567', 'longitude': '-73.914750489108', 'human_address': '{""address"": """", ""city"": """", ""state"": """", ""zip"": """"}'}",5,30,53501,Maspeth,4026320023,4059140,1007886,199447
Initial,PC8759469,1,404,53,305,EAST 10 STREET,10009,40.727539974838,-73.981498405847,Manhattan,2026-08-10T12:25:00.000,Failed for Rat Activity,"{'latitude': '40.727539974838', 'longitude': '-73.981498405847', 'human_address': '{""address"": """", ""city"": """", ""state"": """", ""zip"": """"}'}",3,2,34,East Village,1004040053,1005159,,
Initial,PC8760547,2,3066,112,2426,HOFFMAN STREET,10458,40.856572419041,-73.887946380226,Bronx,2026-08-10T12:25:09.000,Failed for Other Reason,"{'latitude': '40.856572419041', 'longitude': '-73.887946380226', 'human_address': '{""address"": """", ""city"": """", ""state"": """", ""zip"": """"}'}",6,15,389,Belmont,2030660112,2116234,,
Compliance,PC8736448,5,293,84,15,HARTFORD AVENUE,10310,40.625061940899,-74.109905470452,Staten Island,2026-08-10T12:25:22.000,Failed for Other Reason,"{'latitude': '40.625061940899', 'longitude': '-74.109905470452', 'human_address': '{""address"": """", ""city"": """", ""state"": """", ""zip"": """"}'}",1,49,121,West New Brighton-Silver Lake-Grymes Hill,5002930084,5007905,953741,167025
Treatments,PC8349965,3,1625,10,209,LEWIS AVENUE,11221,40.689280720604,-73.935995678071,Brooklyn,2026-08-10T12:25:52.000,Bait applied,"{'latitude': '40.689280720604', 'longitude': '-73.935995678071', 'human_address': '{""address"": """", ""city"": """", ""state"": """", ""zip"": """"}'}",3,36,291,Bedford-Stuyvesant (East),3016250010,3044269,,
Compliance,PC8683138,1,2180,406,660,FT WASHINGTON AVENUE,10040,40.856425378345,-73.936090873951,Manhattan,2026-08-10T12:27:49.000,Failed for Rat Activity,"{'latitude': '40.856425378345', 'longitude': '-73.936090873951', 'human_address': '{""address"": """", ""city"": """", ""state"": """", ""zip"": """"}'}",12,10,281,Washington Heights (North),1021800406,1064449,,
Initial,PC8759857,1,2051,145,31,BRADHURST AVENUE,10030,40.822438530399,-73.943693129726,Manhattan,2026-08-10T12:28:15.000,Failed for Other Reason,"{'latitude': '40.822438530399', 'longitude': '-73.943693129726', 'human_address': '{""address"": """", ""city"": """", ""state"": """", ""zip"": """"}'}",9,9,227,Hamilton Heights-Sugar Hill,1020510145,1061120,999834,238921
Treatments,PC8711640,3,1620,3,203A,LEWIS AVENUE,11221,40.689604806561,-73.93635956123,Brooklyn,2026-08-10T12:30:34.000,Bait applied,"{'latitude': '40.689604806561', 'longitude': '-73.93635956123', 'human_address': '{""address"": """", ""city"": """", ""state"": """", ""zip"": """"}'}",3,36,291,Bedford-Stuyvesant (East),3016200003,3044016,,
Treatments,PC8700794,2,3089,4,2306,CAMBRELENG AVENUE,10458,40.852903576603,-73.886036749054,Bronx,2026-08-10T12:30:50.000,Bait applied,"{'latitude': '40.852903576603', 'longitude': '-73.886036749054', 'human_address': '{""address"": """", ""city"": """", ""state"": """", ""zip"": """"}'}",6,15,391,Belmont,2030890004,2092290,,
Initial,PC8759506,1,404,55,301,EAST 10 STREET,10009,40.727594890455,-73.981624669079,Manhattan,2026-08-10T12:32:00.000,Failed for Rat Activity,"{'latitude': '40.727594890455', 'longitude': '-73.981624669079', 'human_address': '{""address"": """", ""city"": """", ""state"": """", ""zip"": """"}'}",3,2,34,East Village,1004040055,1005160,,
Compliance,PC8736121,3,407,10,566,BALTIC STREET,11217,40.681285287013,-73.982704689949,Brooklyn,2026-08-10T12:32:00.000,Failed for Rat Activity,"{'latitude': '40.681285287013', 'longitude': '-73.982704689949', 'human_address': '{""address"": """", ""city"": """", ""state"": """", ""zip"": """"}'}",6,39,127,Carroll Gardens-Cobble Hill-Gowanus-Red Hook,3004070010,3006472,989047,187490
Compliance,PC8739701,3,4588,19,890,EAST NEW YORK AVENUE,11203,40.662627432762,-73.933354071334,Brooklyn,2026-08-10T12:33:10.000,Failed for Rat Activity and Other Reason,"{'latitude': '40.662627432762', 'longitude': '-73.933354071334', 'human_address': '{""address"": """", ""city"": """", ""state"": """", ""zip"": """"}'}",9,41,88001,Prospect Lefferts Gardens-Wingate,3045880019,3099111,1002740,180699
Initial,PC8759969,2,3066,9,2420,HOFFMAN STREET,10458,40.856473693359,-73.888033306702,Bronx,2026-08-10T12:33:16.000,Failed for Other Reason,"{'latitude': '40.856473693359', 'longitude': '-73.888033306702', 'human_address': '{""address"": """", ""city"": """", ""state"": """", ""zip"": """"}'}",6,15,389,Belmont,2030660009,2094644,,
Compliance,PC8653484,1,1786,7,215,EAST 121 STREET,10035,40.800905338234,-73.937123221724,Manhattan,2026-08-10T12:34:00.000,Failed for Rat Activity and Other Reason,"{'latitude': '40.800905338234', 'longitude': '-73.937123221724', 'human_address': '{""address"": """", ""city"": """", ""state"": """", ""zip"": """"}'}",11,8,194,East Harlem (North),1017860007,1054606,,
Compliance,PC8644550,4,9755,7501,89-14,PARSONS BOULEVARD,11432,40.705524094725,-73.801530701954,Queens,2026-08-10T12:36:00.000,Failed for Rat Activity and Other Reason,"{'latitude': '40.705524094725', 'longitude': '-73.801530701954', 'human_address': '{""address"": """", ""city"": """", ""state"": """", ""zip"": """"}'}",12,27,240,Jamaica,4097557501,4208831,,
Initial,PC8760821,4,2379,52,55-21,HAMILTON PLACE,11378,40.726361799818,-73.900295907244,Queens,2026-08-10T12:38:00.000,Failed for Other Reason,"{'latitude': '40.726361799818', 'longitude': '-73.900295907244', 'human_address': '{""address"": """", ""city"": """", ""state"": """", ""zip"": """"}'}",5,30,511,Maspeth,4023790052,4054870,1011885,203928
Compliance,PC8652926,4,202,32,40-14,GREENPOINT AVENUE,11104,40.739602085634,-73.924901190457,Queens,2026-08-10T12:38:00.000,Failed for Rat Activity,"{'latitude': '40.739602085634', 'longitude': '-73.924901190457', 'human_address': '{""address"": """", ""city"": """", ""state"": """", ""zip"": """"}'}",2,26,18501,Sunnyside,4002020032,4002869,,
Initial,PC8760617,2,3066,7,2416,HOFFMAN STREET,10458,40.8564078762,-73.888091257542,Bronx,2026-08-10T12:38:05.000,Failed for Rat Activity and Other Reason,"{'latitude': '40.8564078762', 'longitude': '-73.888091257542', 'human_address': '{""address"": """", ""city"": """", ""state"": """", ""zip"": """"}'}",6,15,389,Belmont,2030660007,2113788,,
Initial,PC8751683,3,5151,1,735,OCEAN AVENUE,11226,40.644581908998,-73.959954836115,Brooklyn,2026-08-10T12:38:25.000,Failed for Rat Activity,"{'latitude': '40.644581908998', 'longitude': '-73.959954836115', 'human_address': '{""address"": """", ""city"": """", ""state"": """", ""zip"": """"}'}",14,40,514,Flatbush,3051510001,3118543,995363,174120
Compliance,PC8623917,2,3215,6,2604,UNIVERSITY AVENUE,10468,40.867223738078,-73.901880830769,Bronx,2026-08-10T12:43:23.000,Failed for Rat Activity,"{'latitude': '40.867223738078', 'longitude': '-73.901880830769', 'human_address': '{""address"": """", ""city"": """", ""state"": """", ""zip"": """"}'}",7,14,265,University Heights (North)-Fordham,2032150006,2014671,,
Compliance,PC8653564,1,1785,29,2357,2 AVENUE,10035,40.800006914539,-73.935516778566,Manhattan,2026-08-10T12:44:32.000,Failed for Rat Activity and Other Reason,"{'latitude': '40.800006914539', 'longitude': '-73.935516778566', 'human_address': '{""address"": """", ""city"": """", ""state"": """", ""zip"": """"}'}",11,8,194,East Harlem (North),1017850029,1000000,,
Treatments,PC8593599,2,3220,96,2523,UNIVERSITY AVENUE,10468,40.866129308377,-73.902724864592,Bronx,2026-08-10T12:45:16.000,Bait applied,"{'latitude': '40.866129308377', 'longitude': '-73.902724864592', 'human_address': '{""address"": """", ""city"": """", ""state"": """", ""zip"": """"}'}",7,14,263,University Heights (North)-Fordham,2032200096,2014846,1011155,254849
Treatments,PC8704998,3,1619,56,611,LEXINGTON AVENUE,11221,40.689292185566,-73.936871895511,Brooklyn,2026-08-10T12:45:25.000,Bait applied,"{'latitude': '40.689292185566', 'longitude': '-73.936871895511', 'human_address': '{""address"": """", ""city"": """", ""state"": """", ""zip"": """"}'}",3,36,279,Bedford-Stuyvesant (East),3016190056,3043992,,
Treatments,PC8718883,2,3086,40,2221,BELMONT AVENUE,10457,40.851439598169,-73.887774325314,Bronx,2026-08-10T12:45:50.000,Bait applied,"{'latitude': '40.851439598169', 'longitude': '-73.887774325314', 'human_address': '{""address"": """", ""city"": """", ""state"": """", ""zip"": """"}'}",6,15,391,Belmont,2030860040,2012437,,
Compliance,PC8739022,1,2179,93,95,PINEHURST AVENUE,10033,40.85158253587,-73.939055992875,Manhattan,2026-08-10T12:46:05.000,Failed for Rat Activity,"{'latitude': '40.85158253587', 'longitude': '-73.939055992875', 'human_address': '{""address"": """", ""city"": """", ""state"": """", ""zip"": """"}'}",12,10,273,Washington Heights (North),1021790093,1064337,1001110,249540
Compliance,PC8735615,2,3100,102,1026,GROTE STREET,10460,40.849675537123,-73.883074707321,Bronx,2026-08-10T12:47:15.000,Failed for Other Reason,"{'latitude': '40.849675537123', 'longitude': '-73.883074707321', 'human_address': '{""address"": """", ""city"": """", ""state"": """", ""zip"": """"}'}",6,15,393,Belmont,2031000102,2012800,,
Treatments,PC8738897,4,503,25,11-40,31 AVENUE,11106,40.769201949214,-73.934452823224,Queens,2026-08-10T12:50:02.000,Bait applied,"{'latitude': '40.769201949214', 'longitude': '-73.934452823224', 'human_address': '{""address"": """", ""city"": """", ""state"": """", ""zip"": """"}'}",1,22,81,Old Astoria-Hallets Point,4005030025,4005456,1002406,219527
Compliance,PC8733465,4,198,5,47-51,40 STREET,11104,40.740422786058,-73.924925522431,Queens,2026-08-10T12:56:00.000,Failed for Rat Activity and Other Reason,"{'latitude': '40.740422786058', 'longitude': '-73.924925522431', 'human_address': '{""address"": """", ""city"": """", ""state"": """", ""zip"": """"}'}",2,26,18502,Sunnyside,4001980005,4002646,,
Treatments,PC8623884,2,3219,138,2459,DEVOE TERRACE,10468,40.864515164774,-73.905728031183,Bronx,2026-08-10T12:58:09.000,Bait applied,"{'latitude': '40.864515164774', 'longitude': '-73.905728031183', 'human_address': '{""address"": """", ""city"": """", ""state"": """", ""zip"": """"}'}",7,14,263,University Heights (North)-Fordham,2032190138,2014784,,
Initial,PC8761491,4,2374,142,53-29,64 STREET,11378,40.730556536174,-73.901141123412,Queens,2026-08-10T13:00:00.000,Failed for Rat Activity and Other Reason,"{'latitude': '40.730556536174', 'longitude': '-73.901141123412', 'human_address': '{""address"": """", ""city"": """", ""state"": """", ""zip"": """"}'}",5,30,515,Maspeth,4023740142,4054746,1011649,205456
Compliance,PC8735850,2,3112,3,803,EAST 182 STREET,10460,40.848792616776,-73.883947374404,Bronx,2026-08-10T13:00:15.000,Failed for Rat Activity,"{'latitude': '40.848792616776', 'longitude': '-73.883947374404', 'human_address': '{""address"": """", ""city"": """", ""state"": """", ""zip"": """"}'}",6,15,393,Belmont,2031120003,2013013,,
Treatments,PC8626405,3,1619,184,561,LEXINGTON AVENUE,11221,40.689065452073,-73.938869760871,Brooklyn,2026-08-10T13:00:17.000,Bait applied,"{'latitude': '40.689065452073', 'longitude': '-73.938869760871', 'human_address': '{""address"": """", ""city"": """", ""state"": """", ""zip"": """"}'}",3,36,279,Bedford-Stuyvesant (East),3016190184,3348265,,
Treatments,PC8722654,3,4230,12,2652,PITKIN AVENUE,11208,40.675063713189,-73.874152939364,Brooklyn,2026-08-10T13:00:32.000,Bait applied,"{'latitude': '40.675063713189', 'longitude': '-73.874152939364', 'human_address': '{""address"": """", ""city"": """", ""state"": """", ""zip"": """"}'}",5,42,1196,East New York-City Line,3042300012,3095000,1019158,185248
Treatments,PC8693702,3,3310,56,317,MENAHAN STREET,11237,40.700353162948,-73.914926773223,Brooklyn,2026-08-10T13:01:18.000,Bait applied,"{'latitude': '40.700353162948', 'longitude': '-73.914926773223', 'human_address': '{""address"": """", ""city"": """", ""state"": """", ""zip"": """"}'}",4,37,441,Bushwick (West),3033100056,3075769,,
Compliance,PC8698399,4,6859,5,82-85,PARSONS BOULEVARD,11432,40.716343945305,-73.807944703879,Queens,2026-08-10T13:01:43.000,Failed for Other Reason,"{'latitude': '40.716343945305', 'longitude': '-73.807944703879', 'human_address': '{""address"": """", ""city"": """", ""state"": """", ""zip"": """"}'}",8,24,1267,Pomonok-Electchester-Hillcrest,4068590005,4148527,,
Initial,PC8759522,1,404,4,170,AVENUE A,10009,40.728292102291,-73.981884251806,Manhattan,2026-08-10T13:01:47.000,Failed for Rat Activity,"{'latitude': '40.728292102291', 'longitude': '-73.981884251806', 'human_address': '{""address"": """", ""city"": """", ""state"": """", ""zip"": """"}'}",3,2,34,East Village,1004040004,1005121,,
Initial,PC8755553,3,2431,1,139,SOUTH    4 STREET,11211,40.711736443864,-73.962471767512,Brooklyn,2026-08-10T13:05:00.000,Failed for Rat Activity and Other Reason,"{'latitude': '40.711736443864', 'longitude': '-73.962471767512', 'human_address': '{""address"": """", ""city"": """", ""state"": """", ""zip"": """"}'}",1,34,551,Williamsburg,3024310001,3063265,,
Initial,PC8760509,2,3066,23,2419,ARTHUR AVENUE,10458,40.855992549215,-73.887199065643,Bronx,2026-08-10T13:05:05.000,Failed for Rat Activity and Other Reason,"{'latitude': '40.855992549215', 'longitude': '-73.887199065643', 'human_address': '{""address"": """", ""city"": """", ""state"": """", ""zip"": """"}'}",6,15,389,Belmont,2030660023,2011914,,
Compliance,PC8690184,4,9763,42,87-92,PARSONS BOULEVARD,11432,40.706991274703,-73.802381139824,Queens,2026-08-10T13:06:00.000,Failed for Other Reason,"{'latitude': '40.706991274703', 'longitude': '-73.802381139824', 'human_address': '{""address"": """", ""city"": """", ""state"": """", ""zip"": """"}'}",12,27,236,Jamaica,4097630042,4208935,,
Compliance,PC8735993,3,5240,25,1160,OCEAN AVENUE,11230,40.63406594123,-73.957979585438,Brooklyn,2026-08-10T13:10:25.000,Failed for Rat Activity,"{'latitude': '40.63406594123', 'longitude': '-73.957979585438', 'human_address': '{""address"": """", ""city"": """", ""state"": """", ""zip"": """"}'}",14,45,764,Flatbush (West)-Ditmas Park-Parkville,3052400025,3121360,995913,170289
Treatments,PC8330446,2,3219,180,2498,DEVOE TERRACE,10468,40.865120710596,-73.904468992726,Bronx,2026-08-10T13:10:57.000,Bait applied,"{'latitude': '40.865120710596', 'longitude': '-73.904468992726', 'human_address': '{""address"": """", ""city"": """", ""state"": """", ""zip"": """"}'}",7,14,263,University Heights (North)-Fordham,2032190180,2014804,,
Initial,PC8764094,4,198,39,47-16,41 STREET,11104,40.741234517265,-73.923834776554,Queens,2026-08-10T13:12:00.000,Failed for Rat Activity and Other Reason,"{'latitude': '40.741234517265', 'longitude': '-73.923834776554', 'human_address': '{""address"": """", ""city"": """", ""state"": """", ""zip"": """"}'}",2,26,18502,Sunnyside,4001980039,4002663,1005356,209340
Initial,PC8753136,4,2412,21,67-38,52 AVENUE,11378,40.733575379774,-73.897557208023,Queens,2026-08-10T13:13:00.000,Failed for Other Reason,"{'latitude': '40.733575379774', 'longitude': '-73.897557208023', 'human_address': '{""address"": """", ""city"": """", ""state"": """", ""zip"": """"}'}",5,30,513,Maspeth,4024120021,4055893,1012641,206557
Compliance,PC8735635,2,3096,35,2111,CLINTON AVENUE,10457,40.848044026482,-73.887433082355,Bronx,2026-08-10T13:20:15.000,Failed for Other Reason,"{'latitude': '40.848044026482', 'longitude': '-73.887433082355', 'human_address': '{""address"": """", ""city"": """", ""state"": """", ""zip"": """"}'}",6,15,371,Tremont,2030960035,2115565,,
Treatments,PC8725965,3,4042,8,411,VAN SICLEN AVENUE,11207,40.669587246885,-73.889512599605,Brooklyn,2026-08-10T13:20:32.000,Bait applied,"{'latitude': '40.669587246885', 'longitude': '-73.889512599605', 'human_address': '{""address"": """", ""city"": """", ""state"": """", ""zip"": """"}'}",5,42,1160,East New York (North),3040420008,3323478,1014900,183247
Compliance,PC8681001,2,3204,17,2530,GRAND AVENUE,10468,40.865238892653,-73.901406530302,Bronx,2026-08-10T13:20:55.000,Failed for Rat Activity,"{'latitude': '40.865238892653', 'longitude': '-73.901406530302', 'human_address': '{""address"": """", ""city"": """", ""state"": """", ""zip"": """"}'}",7,14,265,University Heights (North)-Fordham,2032040017,2014430,,
Compliance,PC8718270,4,2412,10,67-18,52 AVENUE,11378,40.73357814709,-73.897582461753,Queens,2026-08-10T13:22:00.000,Failed for Other Reason,"{'latitude': '40.73357814709', 'longitude': '-73.897582461753', 'human_address': '{""address"": """", ""city"": """", ""state"": """", ""zip"": """"}'}",5,30,513,Maspeth,4024120010,4055888,1012634,206558
Treatments,PC8678801,3,1820,41,412,MONROE STREET,11221,40.686418470491,-73.942196672931,Brooklyn,2026-08-10T13:22:00.000,Bait applied,"{'latitude': '40.686418470491', 'longitude': '-73.942196672931', 'human_address': '{""address"": """", ""city"": """", ""state"": """", ""zip"": """"}'}",3,36,265,Bedford-Stuyvesant (West),3018200041,3051502,,
Compliance,PC8661095,4,131,17,50-02,SKILLMAN AVENUE,11377,40.746107868708,-73.914149936349,Queens,2026-08-10T13:24:00.000,Failed for Other Reason,"{'latitude': '40.746107868708', 'longitude': '-73.914149936349', 'human_address': '{""address"": """", ""city"": """", ""state"": """", ""zip"": """"}'}",2,26,25302,Sunnyside,4001310017,4000977,,
Treatments,PC8663048,3,1604,29,1132,BROADWAY,11221,40.693553086083,-73.929204861963,Brooklyn,2026-08-10T13:25:32.000,Bait applied,"{'latitude': '40.693553086083', 'longitude': '-73.929204861963', 'human_address': '{""address"": """", ""city"": """", ""state"": """", ""zip"": """"}'}",3,36,289,Bedford-Stuyvesant (East),3016040029,3043310,,
Initial,PC8764136,2,3110,33,000,EAST  180 STREET,,0.00000000000000000000,0.00000000000000000000,Bronx,2026-08-10T13:30:03.000,Failed for Rat Activity and Other Reason,"{'latitude': '0.0', 'longitude': '0.0', 'human_address': '{""address"": """", ""city"": """", ""state"": """", ""zip"": """"}'}",,,,,,,,
Initial,PC8764131,2,3110,26,2107,MAPES AVENUE,10460,40.846869946104,-73.88533146375,Bronx,2026-08-10T13:30:03.000,Failed for Rat Activity and Other Reason,"{'latitude': '40.846869946104', 'longitude': '-73.88533146375', 'human_address': '{""address"": """", ""city"": """", ""state"": """", ""zip"": """"}'}",6,15,371,Tremont,2031100026,2012958,,
Initial,PC8764133,2,3110,28,000,MAPES AVENUE,,0.00000000000000000000,0.00000000000000000000,Bronx,2026-08-10T13:30:03.000,Failed for Rat Activity and Other Reason,"{'latitude': '0.0', 'longitude': '0.0', 'human_address': '{""address"": """", ""city"": """", ""state"": """", ""zip"": """"}'}",,,,,,,,
Initial,PC8764129,2,3110,1,000,EAST  180 STREET,,0.00000000000000000000,0.00000000000000000000,Bronx,2026-08-10T13:30:03.000,Failed for Rat Activity and Other Reason,"{'latitude': '0.0', 'longitude': '0.0', 'human_address': '{""address"": """", ""city"": """", ""state"": """", ""zip"": """"}'}",,,,,,,,
Initial,PC8764135,2,3110,32,000,EAST  180 STREET,,0.00000000000000000000,0.00000000000000000000,Bronx,2026-08-10T13:30:03.000,Failed for Rat Activity and Other Reason,"{'latitude': '0.0', 'longitude': '0.0', 'human_address': '{""address"": """", ""city"": """", ""state"": """", ""zip"": """"}'}",,,,,,,,
Initial,PC8764132,2,3110,27,000,MAPES AVENUE,,0.00000000000000000000,0.00000000000000000000,Bronx,2026-08-10T13:30:03.000,Failed for Rat Activity and Other Reason,"{'latitude': '0.0', 'longitude': '0.0', 'human_address': '{""address"": """", ""city"": """", ""state"": """", ""zip"": """"}'}",,,,,,,,
Initial,PC8764134,2,3110,30,000,MAPES AVENUE,,0.00000000000000000000,0.00000000000000000000,Bronx,2026-08-10T13:30:03.000,Failed for Rat Activity and Other Reason,"{'latitude': '0.0', 'longitude': '0.0', 'human_address': '{""address"": """", ""city"": """", ""state"": """", ""zip"": """"}'}",,,,,,,,
Initial,PC8764130,2,3110,7,000,PROSPECT AVENUE,,0.00000000000000000000,0.00000000000000000000,Bronx,2026-08-10T13:30:03.000,Failed for Rat Activity and Other Reason,"{'latitude': '0.0', 'longitude': '0.0', 'human_address': '{""address"": """", ""city"": """", ""state"": """", ""zip"": """"}'}",,,,,,,,
Compliance,PC8720533,2,3202,55,2607,JEROME AVENUE,10468,40.866059786813,-73.898505676064,Bronx,2026-08-10T13:33:43.000,Failed for Rat Activity,"{'latitude': '40.866059786813', 'longitude': '-73.898505676064', 'human_address': '{""address"": """", ""city"": """", ""state"": """", ""zip"": """"}'}",7,14,265,University Heights (North)-Fordham,2032020055,2014403,1012322,254825
Compliance,PC8736305,3,7548,6,1299,OCEAN AVENUE,11230,40.630865294557,-73.957358339805,Brooklyn,2026-08-10T13:37:25.000,Failed for Rat Activity,"{'latitude': '40.630865294557', 'longitude': '-73.957358339805', 'human_address': '{""address"": """", ""city"": """", ""state"": """", ""zip"": """"}'}",14,45,766,Flatbush,3075480006,3205707,996086,169123
Treatments,PC8720099,3,1634,7501,475,MONROE STREET,11221,40.686932224396,-73.937869325461,Brooklyn,2026-08-10T13:40:00.000,Bait applied,"{'latitude': '40.686932224396', 'longitude': '-73.937869325461', 'human_address': '{""address"": """", ""city"": """", ""state"": """", ""zip"": """"}'}",3,36,277,Bedford-Stuyvesant (East),3016347501,3044624,,
Compliance,PC8741192,2,2449,64,1185,MORRIS AVENUE,10456,40.832754389833,-73.914402685595,Bronx,2026-08-10T13:45:03.000,Failed for Rat Activity and Other Reason,"{'latitude': '40.832754389833', 'longitude': '-73.914402685595', 'human_address': '{""address"": """", ""city"": """", ""state"": """", ""zip"": """"}'}",4,16,18101,Concourse-Concourse Village,2024490064,2002602,,
Compliance,PC8741444,2,2449,68,1175,MORRIS AVENUE,10456,40.832543136536,-73.914525823303,Bronx,2026-08-10T13:52:03.000,Failed for Rat Activity,"{'latitude': '40.832543136536', 'longitude': '-73.914525823303', 'human_address': '{""address"": """", ""city"": """", ""state"": """", ""zip"": """"}'}",4,16,18101,Concourse-Concourse Village,2024490068,2002603,,
Initial,PC8760902,3,2148,20,180,SOUTH    9 STREET,11211,40.708398481493,-73.961499786812,Brooklyn,2026-08-10T13:55:00.000,Failed for Rat Activity,"{'latitude': '40.708398481493', 'longitude': '-73.961499786812', 'human_address': '{""address"": """", ""city"": """", ""state"": """", ""zip"": """"}'}",1,34,525,Williamsburg,3021480020,3324743,994924,197370
Compliance,PC8741328,2,2449,77,1149,MORRIS AVENUE,10456,40.831997175295,-73.91485175526,Bronx,2026-08-10T14:02:03.000,Failed for Rat Activity and Other Reason,"{'latitude': '40.831997175295', 'longitude': '-73.91485175526', 'human_address': '{""address"": """", ""city"": """", ""state"": """", ""zip"": """"}'}",4,16,18101,Concourse-Concourse Village,2024490077,2002606,,
Initial,PC8751783,1,1628,26,183,EAST 100 STREET,10029,40.788013229905,-73.948070295758,Manhattan,2026-08-10T14:10:24.000,Failed for Other Reason,"{'latitude': '40.788013229905', 'longitude': '-73.948070295758', 'human_address': '{""address"": """", ""city"": """", ""state"": """", ""zip"": """"}'}",11,8,166,East Harlem (South),1016280026,1051797,,
Initial,PC8758637,4,9730,37,85-36,150 STREET,11435,40.710466098934,-73.8088201793,Queens,2026-08-10T14:15:36.000,Failed for Other Reason,"{'latitude': '40.710466098934', 'longitude': '-73.8088201793', 'human_address': '{""address"": """", ""city"": """", ""state"": """", ""zip"": """"}'}",8,24,232,Jamaica Hills-Briarwood,4097300037,4208274,1037252,198179
Initial,PC8763267,3,2172,1,85,TAYLOR STREET,11249,40.704913641944,-73.964664906037,Brooklyn,2026-08-10T14:20:00.000,Failed for Rat Activity,"{'latitude': '40.704913641944', 'longitude': '-73.964664906037', 'human_address': '{""address"": """", ""city"": """", ""state"": """", ""zip"": """"}'}",1,34,545,South Williamsburg,3021720001,3334990,994047,196100
Initial,PC8759555,1,404,25,542,EAST 11 STREET,10009,40.727992738304,-73.980751427831,Manhattan,2026-08-10T14:26:47.000,Failed for Other Reason,"{'latitude': '40.727992738304', 'longitude': '-73.980751427831', 'human_address': '{""address"": """", ""city"": """", ""state"": """", ""zip"": """"}'}",3,2,34,East Village,1004040025,1005134,,
Compliance,PC8685091,4,6383,47,135-16,HORACE HARDING EXPRESSWAY,11367,40.742691253684,-73.830758994108,Queens,2026-08-11T08:00:00.000,Failed for Other Reason,"{'latitude': '40.742691253684', 'longitude': '-73.830758994108', 'human_address': '{""address"": """", ""city"": """", ""state"": """", ""zip"": """"}'}",7,20,80302,Queensboro Hill,4063830047,4139715,1031147,209907
Initial,PC8765159,1,262,25,430,FDR DRIVE WEST LANE,,0.00000000000000000000,0.00000000000000000000,Manhattan,2026-08-11T08:00:01.000,Failed for Rat Activity and Other Reason,"{'latitude': '0.0', 'longitude': '0.0', 'human_address': '{""address"": """", ""city"": """", ""state"": """", ""zip"": """"}'}",,,,,,,,
Initial,PC8764597,2,2493,1,1,EAST  161 STREET,10451,40.829028434834,-73.928496459645,Bronx,2026-08-11T08:00:02.000,Failed for Rat Activity and Other Reason,"{'latitude': '40.829028434834', 'longitude': '-73.928496459645', 'human_address': '{""address"": """", ""city"": """", ""state"": """", ""zip"": """"}'}",4,16,6302,Yankee Stadium-Macombs Dam Park,2024930001,2114490,,
Initial,PC8764599,2,2493,9,951,RIVER AVENUE,10452,40.830475030804,-73.924393508848,Bronx,2026-08-11T08:00:03.000,Failed for Rat Activity and Other Reason,"{'latitude': '40.830475030804', 'longitude': '-73.924393508848', 'human_address': '{""address"": """", ""city"": """", ""state"": """", ""zip"": """"}'}",4,16,6302,Yankee Stadium-Macombs Dam Park,2024930009,2116393,,
Initial,PC8764593,2,2499,108,20,EAST  161 STREET,10451,40.829503788925,-73.92932705336,Bronx,2026-08-11T08:00:04.000,Failed for Rat Activity and Other Reason,"{'latitude': '40.829503788925', 'longitude': '-73.92932705336', 'human_address': '{""address"": """", ""city"": """", ""state"": """", ""zip"": """"}'}",4,16,189,Highbridge,2024990108,2117452,,
Initial,PC8764591,2,2491,1,800,EAST  161 STREET,10456,40.820904621379,-73.903130853952,Bronx,2026-08-11T08:00:06.000,Failed for Rat Activity and Other Reason,"{'latitude': '40.820904621379', 'longitude': '-73.903130853952', 'human_address': '{""address"": """", ""city"": """", ""state"": """", ""zip"": """"}'}",1,17,77,Melrose,,,,
Initial,PC8764600,2,2539,501,000,MAJ WM DEEGAN BOULEVARD,,0.00000000000000000000,0.00000000000000000000,Bronx,2026-08-11T08:00:06.000,Failed for Rat Activity and Other Reason,"{'latitude': '0.0', 'longitude': '0.0', 'human_address': '{""address"": """", ""city"": """", ""state"": """", ""zip"": """"}'}",,,,,,,,
Initial,PC8764589,1,1933,1,2406,8 AVENUE,10027,40.812373529481,-73.949543207479,Manhattan,2026-08-11T08:00:10.000,Failed for Rat Activity,"{'latitude': '40.812373529481', 'longitude': '-73.949543207479', 'human_address': '{""address"": """", ""city"": """", ""state"": """", ""zip"": """"}'}",10,9,224,Harlem (North),1019330001,1081508,,
Initial,PC8764594,2,2500,1,000,EAST  161 STREET,,0.00000000000000000000,0.00000000000000000000,Bronx,2026-08-11T08:00:10.000,Failed for Rat Activity and Other Reason,"{'latitude': '0.0', 'longitude': '0.0', 'human_address': '{""address"": """", ""city"": """", ""state"": """", ""zip"": """"}'}",,,,,,,,
Compliance,PC8748253,4,6824,38,158-55,76 AVENUE,11366,40.725158548453,-73.810275119088,Queens,2026-08-11T08:00:19.000,Failed for Other Reason,"{'latitude': '40.725158548453', 'longitude': '-73.810275119088', 'human_address': '{""address"": """", ""city"": """", ""state"": """", ""zip"": """"}'}",8,24,1257,Pomonok-Electchester-Hillcrest,4068240038,4147829,1036837,203531
Initial,PC8764592,2,2499,108,30,EAST  161 STREET,10451,40.829275732633,-73.928933425661,Bronx,2026-08-11T08:00:31.000,Failed for Rat Activity and Other Reason,"{'latitude': '40.829275732633', 'longitude': '-73.928933425661', 'human_address': '{""address"": """", ""city"": """", ""state"": """", ""zip"": """"}'}",4,16,189,Highbridge,2024990108,2117452,,
Initial,PC8764602,2,2511,1,000,OGDEN AVENUE,,0.00000000000000000000,0.00000000000000000000,Bronx,2026-08-11T08:00:35.000,Failed for Rat Activity and Other Reason,"{'latitude': '0.0', 'longitude': '0.0', 'human_address': '{""address"": """", ""city"": """", ""state"": """", ""zip"": """"}'}",,,,,,,,
Initial,PC8764601,2,2523,1,000,MAJ WM DEEGAN BOULEVARD,,0.00000000000000000000,0.00000000000000000000,Bronx,2026-08-11T08:00:38.000,Failed for Rat Activity and Other Reason,"{'latitude': '0.0', 'longitude': '0.0', 'human_address': '{""address"": """", ""city"": """", ""state"": """", ""zip"": """"}'}",,,,,,,,
Initial,PC8764603,2,2504,1,000,JEROME AVENUE,,0.00000000000000000000,0.00000000000000000000,Bronx,2026-08-11T08:00:41.000,Failed for Rat Activity and Other Reason,"{'latitude': '0.0', 'longitude': '0.0', 'human_address': '{""address"": """", ""city"": """", ""state"": """", ""zip"": """"}'}",,,,,,,,
Compliance,PC8736205,4,1389,20,30-26,92 STREET,11369,40.761139971067,-73.87691721443,Queens,2026-08-11T08:22:00.000,Failed for Rat Activity and Other Reason,"{'latitude': '40.761139971067', 'longitude': '-73.87691721443', 'human_address': '{""address"": """", ""city"": """", ""state"": """", ""zip"": """"}'}",3,25,351,Jackson Heights,4013890020,4033582,1018347,216607
Compliance,PC8719268,4,6807,2,153-35,75 AVENUE,11367,40.726222452076,-73.812967173804,Queens,2026-08-11T08:27:00.000,Failed for Rat Activity and Other Reason,"{'latitude': '40.726222452076', 'longitude': '-73.812967173804', 'human_address': '{""address"": """", ""city"": """", ""state"": """", ""zip"": """"}'}",8,24,77908,Kew Gardens Hills,4068070002,4618189,1036090,203917
Initial,PC8763390,4,5044,7501,41-37,KISSENA BOULEVARD,11355,40.75796813084,-73.828579526232,Queens,2026-08-11T08:30:00.000,Failed for Other Reason,"{'latitude': '40.75796813084', 'longitude': '-73.828579526232', 'human_address': '{""address"": """", ""city"": """", ""state"": """", ""zip"": """"}'}",7,20,853,Flushing-Willets Point,4050447501,4309526,1031740,215474
Treatments,PC8516851,3,3471,1,1573,BUSHWICK AVENUE,11207,40.681650171723,-73.904357869791,Brooklyn,2026-08-11T08:31:50.000,Bait applied,"{'latitude': '40.681650171723', 'longitude': '-73.904357869791', 'human_address': '{""address"": """", ""city"": """", ""state"": """", ""zip"": """"}'}",4,37,405,Bushwick (East),3034710001,3326365,,
Treatments,PC8551370,3,1497,70,659,MAC DONOUGH STREET,11233,40.683786324843,-73.919588372038,Brooklyn,2026-08-11T08:41:00.000,Bait applied,"{'latitude': '40.683786324843', 'longitude': '-73.919588372038', 'human_address': '{""address"": """", ""city"": """", ""state"": """", ""zip"": """"}'}",3,41,377,Bedford-Stuyvesant (East),3014970070,3040187,,
Compliance,PC8639363,1,280,55,23,CATHERINE STREET,10038,40.712892607037,-73.997135915559,Manhattan,2026-08-11T08:43:14.000,Failed for Rat Activity,"{'latitude': '40.712892607037', 'longitude': '-73.997135915559', 'human_address': '{""address"": """", ""city"": """", ""state"": """", ""zip"": """"}'}",3,1,8,Chinatown-Two Bridges,1002800055,1003431,,
Initial,PC8763986,3,3234,1,191,CENTRAL AVENUE,11221,40.698183793722,-73.925312267926,Brooklyn,2026-08-11T08:44:00.000,Failed for Other Reason,"{'latitude': '40.698183793722', 'longitude': '-73.925312267926', 'human_address': '{""address"": """", ""city"": """", ""state"": """", ""zip"": """"}'}",4,37,423,Bushwick (West),3032340001,3000000,,
Initial,PC8763559,3,3234,4,185,CENTRAL AVENUE,11221,40.698351428708,-73.925625833663,Brooklyn,2026-08-11T08:44:21.000,Failed for Other Reason,"{'latitude': '40.698351428708', 'longitude': '-73.925625833663', 'human_address': '{""address"": """", ""city"": """", ""state"": """", ""zip"": """"}'}",4,37,423,Bushwick (West),3032340004,3073514,,
Initial,PC8763769,3,3234,3,187,CENTRAL AVENUE,11221,40.6982882264,-73.925514107054,Brooklyn,2026-08-11T08:44:32.000,Failed for Other Reason,"{'latitude': '40.6982882264', 'longitude': '-73.925514107054', 'human_address': '{""address"": """", ""city"": """", ""state"": """", ""zip"": """"}'}",4,37,423,Bushwick (West),3032340003,3073513,,
Initial,PC8763680,3,3234,2,189,CENTRAL AVENUE,11221,40.698236010106,-73.925413187411,Brooklyn,2026-08-11T08:44:55.000,Failed for Other Reason,"{'latitude': '40.698236010106', 'longitude': '-73.925413187411', 'human_address': '{""address"": """", ""city"": """", ""state"": """", ""zip"": """"}'}",4,37,423,Bushwick (West),3032340002,3073512,,
Treatments,PC8697966,2,2892,77,1815,WEBSTER AVENUE,10457,40.846028916397,-73.90188691346,Bronx,2026-08-11T08:46:00.000,Bait applied,"{'latitude': '40.846028916397', 'longitude': '-73.90188691346', 'human_address': '{""address"": """", ""city"": """", ""state"": """", ""zip"": """"}'}",5,15,231,Mount Hope,2028920077,2009388,,
Treatments,PC8562999,3,3471,5,1569,BUSHWICK AVENUE,11207,40.681749133842,-73.904538000826,Brooklyn,2026-08-11T08:48:42.000,Monitoring visit,"{'latitude': '40.681749133842', 'longitude': '-73.904538000826', 'human_address': '{""address"": """", ""city"": """", ""state"": """", ""zip"": """"}'}",4,37,405,Bushwick (East),3034710005,3080490,1010727,187673
Stoppage,PC8693053,1,1094,12,639,West 46 street.,10036,40.763720140363,-73.997260068737,Manhattan,2026-08-11T08:50:00.000,Stoppage done,"{'latitude': '40.763720140363', 'longitude': '-73.997260068737', 'human_address': '{""address"": """", ""city"": """", ""state"": """", ""zip"": """"}'}",4,3,12902,Hell's Kitchen,1010940012,1090161,,
Compliance,PC8701724,4,6803,2,153-31,73 AVENUE,11367,40.726758919063,-73.813726933677,Queens,2026-08-11T08:50:19.000,Failed for Rat Activity and Other Reason,"{'latitude': '40.726758919063', 'longitude': '-73.813726933677', 'human_address': '{""address"": """", ""city"": """", ""state"": """", ""zip"": """"}'}",8,24,77908,Kew Gardens Hills,4068030002,4455535,1035879,204112
Compliance,PC8678024,1,276,25,47,MARKET STREET,10002,40.711978494492,-73.994329623727,Manhattan,2026-08-11T08:55:12.000,Failed for Rat Activity,"{'latitude': '40.711978494492', 'longitude': '-73.994329623727', 'human_address': '{""address"": """", ""city"": """", ""state"": """", ""zip"": """"}'}",3,1,8,Chinatown-Two Bridges,1002760025,1003303,,
Treatments,PC8706004,2,4023,25,1607,TAYLOR AVENUE,10460,40.841056795232,-73.867646697916,Bronx,2026-08-11T09:00:17.000,Bait applied,"{'latitude': '40.841056795232', 'longitude': '-73.867646697916', 'human_address': '{""address"": """", ""city"": """", ""state"": """", ""zip"": """"}'}",11,13,240,Pelham Parkway-Van Nest,2040230025,2042757,1020871,245727
Initial,PC8763454,3,3236,32,130,IRVING AVENUE,11237,40.702937800702,-73.921299966517,Brooklyn,2026-08-11T09:00:30.000,Failed for Rat Activity,"{'latitude': '40.702937800702', 'longitude': '-73.921299966517', 'human_address': '{""address"": """", ""city"": """", ""state"": """", ""zip"": """"}'}",4,37,429,Bushwick (West),3032360032,3073610,,
Initial,PC8763989,3,3234,11,680,HART STREET,11221,40.698916881908,-73.925672083643,Brooklyn,2026-08-11T09:00:34.000,Failed for Rat Activity,"{'latitude': '40.698916881908', 'longitude': '-73.925672083643', 'human_address': '{""address"": """", ""city"": """", ""state"": """", ""zip"": """"}'}",4,37,423,Bushwick (West),3032340011,3073517,,
Treatments,PC8671012,2,2783,30,1374,COLLEGE AVENUE,10456,40.836855159075,-73.910960562617,Bronx,2026-08-11T09:00:56.000,Bait applied,"{'latitude': '40.836855159075', 'longitude': '-73.910960562617', 'human_address': '{""address"": """", ""city"": """", ""state"": """", ""zip"": """"}'}",4,16,17702,Mount Eden-Claremont (West),2027830030,2007194,1008888,244181
Treatments,PC8675907,1,1905,63,2013,ADAM C POWELL BLVD,10027,40.80616252564,-73.950360686581,Manhattan,2026-08-11T09:03:15.000,Bait applied,"{'latitude': '40.80616252564', 'longitude': '-73.950360686581', 'human_address': '{""address"": """", ""city"": """", ""state"": """", ""zip"": """"}'}",10,9,220,Harlem (South),1019050063,1057660,,
Initial,PC8763707,3,3323,43,372,CENTRAL AVENUE,11221,40.694355777013,-73.91863076321,Brooklyn,2026-08-11T09:04:46.000,Failed for Rat Activity,"{'latitude': '40.694355777013', 'longitude': '-73.91863076321', 'human_address': '{""address"": """", ""city"": """", ""state"": """", ""zip"": """"}'}",4,37,417,Bushwick (East),3033230043,3076102,,
Treatments,PC8736406,3,3461,34,1498,BUSHWICK AVENUE,11207,40.682961348364,-73.906685158288,Brooklyn,2026-08-11T09:04:50.000,Bait applied,"{'latitude': '40.682961348364', 'longitude': '-73.906685158288', 'human_address': '{""address"": """", ""city"": """", ""state"": """", ""zip"": """"}'}",4,37,405,Bushwick (East),,,,
Stoppage,PC8700517,1,735,6,455,West 37th street.,10018,40.756100679769,-73.996834461404,Manhattan,2026-08-11T09:06:00.000,Stoppage done,"{'latitude': '40.756100679769', 'longitude': '-73.996834461404', 'human_address': '{""address"": """", ""city"": """", ""state"": """", ""zip"": """"}'}",4,3,111,Chelsea-Hudson Yards,1007350006,1088764,,
Initial,PC8763912,3,3234,16,690,HART STREET,11221,40.699059521064,-73.925534880453,Brooklyn,2026-08-11T09:08:04.000,Failed for Rat Activity,"{'latitude': '40.699059521064', 'longitude': '-73.925534880453', 'human_address': '{""address"": """", ""city"": """", ""state"": """", ""zip"": """"}'}",4,37,423,Bushwick (West),3032340016,3073522,,
Initial,PC8763626,3,3304,23,11A,MENAHAN STREET,11221,40.692582627237,-73.922556326277,Brooklyn,2026-08-11T09:08:30.000,Failed for Rat Activity and Other Reason,"{'latitude': '40.692582627237', 'longitude': '-73.922556326277', 'human_address': '{""address"": """", ""city"": """", ""state"": """", ""zip"": """"}'}",4,37,395,Bushwick (East),3033040023,3340303,,
Stoppage,PC8764069,2,3151,30,2363,VALENTINE AVENUE,10458,40.858576706883,-73.89744345693,Bronx,2026-08-11T09:10:00.000,Stoppage done,"{'latitude': '40.858576706883', 'longitude': '-73.89744345693', 'human_address': '{""address"": """", ""city"": """", ""state"": """", ""zip"": """"}'}",5,15,38301,Fordham Heights,2031510030,2013573,,
Stoppage,PC8724257,3,3081,60,155,SEIGEL STREET,11206,40.704708693309,-73.940352147599,Brooklyn,2026-08-11T09:10:00.000,Stoppage done,"{'latitude': '40.704708693309', 'longitude': '-73.940352147599', 'human_address': '{""address"": """", ""city"": """", ""state"": """", ""zip"": """"}'}",1,34,49302,East Williamsburg,3030810060,3071360,,
Initial,PC8763682,3,3234,17,692,HART STREET,11221,40.699086950031,-73.925505998413,Brooklyn,2026-08-11T09:10:23.000,Failed for Rat Activity,"{'latitude': '40.699086950031', 'longitude': '-73.925505998413', 'human_address': '{""address"": """", ""city"": """", ""state"": """", ""zip"": """"}'}",4,37,423,Bushwick (West),3032340017,3073523,,
Treatments,PC8711361,1,1906,1,2021,ADAM C POWELL BLVD,10027,40.806497278201,-73.950114802818,Manhattan,2026-08-11T09:13:32.000,Bait applied,"{'latitude': '40.806497278201', 'longitude': '-73.950114802818', 'human_address': '{""address"": """", ""city"": """", ""state"": """", ""zip"": """"}'}",10,9,220,Harlem (South),1019060001,1057675,,
Treatments,PC8598319,3,5101,29,575,OCEAN AVENUE,11226,40.648888753751,-73.960773881549,Brooklyn,2026-08-11T09:15:05.000,Bait applied,"{'latitude': '40.648888753751', 'longitude': '-73.960773881549', 'human_address': '{""address"": """", ""city"": """", ""state"": """", ""zip"": """"}'}",14,40,51002,Flatbush,3051010029,3117143,995135,175689
Treatments,PC8621140,2,4051,11,1810,HUNT AVENUE,10462,40.845904091404,-73.865359941715,Bronx,2026-08-11T09:15:32.000,Bait applied,"{'latitude': '40.845904091404', 'longitude': '-73.865359941715', 'human_address': '{""address"": """", ""city"": """", ""state"": """", ""zip"": """"}'}",11,13,232,Pelham Parkway-Van Nest,2040510011,2043517,1021501,247494
Initial,PC8763878,3,3234,20,702,HART STREET,11221,40.699229588986,-73.925368794515,Brooklyn,2026-08-11T09:15:50.000,Failed for Other Reason,"{'latitude': '40.699229588986', 'longitude': '-73.925368794515', 'human_address': '{""address"": """", ""city"": """", ""state"": """", ""zip"": """"}'}",4,37,423,Bushwick (West),3032340020,3000000,,
Treatments,PC8694382,2,2838,12,1675,GRAND CONCOURSE,10452,40.844365205627,-73.911535991137,Bronx,2026-08-11T09:15:56.000,Bait applied,"{'latitude': '40.844365205627', 'longitude': '-73.911535991137', 'human_address': '{""address"": """", ""city"": """", ""state"": """", ""zip"": """"}'}",4,16,22702,Mount Eden-Claremont (West),2028380012,2008022,,
Initial,PC8763502,3,3234,21,704,HART STREET,11221,40.69925976268,-73.925339909246,Brooklyn,2026-08-11T09:16:14.000,Failed for Other Reason,"{'latitude': '40.69925976268', 'longitude': '-73.925339909246', 'human_address': '{""address"": """", ""city"": """", ""state"": """", ""zip"": """"}'}",4,37,423,Bushwick (West),3032340021,3000000,,
Treatments,PC8717409,3,3461,34,1498,BUSHWICK AVENUE,11207,40.682961348364,-73.906685158288,Brooklyn,2026-08-11T09:17:59.000,Bait applied,"{'latitude': '40.682961348364', 'longitude': '-73.906685158288', 'human_address': '{""address"": """", ""city"": """", ""state"": """", ""zip"": """"}'}",4,37,405,Bushwick (East),,,,
Treatments,PC8617831,1,1924,104,281,WEST 118 STREET,10026,40.805439318531,-73.95372779328,Manhattan,2026-08-11T09:20:35.000,Bait applied,"{'latitude': '40.805439318531', 'longitude': '-73.95372779328', 'human_address': '{""address"": """", ""city"": """", ""state"": """", ""zip"": """"}'}",10,9,220,Harlem (South),1019240104,1058438,,
Initial,PC8763702,3,3234,24,714,HART STREET,11221,40.699402399083,-73.925199098209,Brooklyn,2026-08-11T09:20:53.000,Failed for Rat Activity and Other Reason,"{'latitude': '40.699402399083', 'longitude': '-73.925199098209', 'human_address': '{""address"": """", ""city"": """", ""state"": """", ""zip"": """"}'}",4,37,423,Bushwick (West),3032340024,3073528,,
Initial,PC8763876,3,3236,46,1511,DEKALB AVENUE,11237,40.701922431007,-73.921586088422,Brooklyn,2026-08-11T09:22:30.000,Failed for Rat Activity,"{'latitude': '40.701922431007', 'longitude': '-73.921586088422', 'human_address': '{""address"": """", ""city"": """", ""state"": """", ""zip"": """"}'}",4,37,429,Bushwick (West),3032360046,3073622,,
Treatments,PC8696948,1,1926,33,2014,ADAM C POWELL BLVD,10027,40.806151560704,-73.95039320489,Manhattan,2026-08-11T09:22:51.000,Bait applied,"{'latitude': '40.806151560704', 'longitude': '-73.95039320489', 'human_address': '{""address"": """", ""city"": """", ""state"": """", ""zip"": """"}'}",10,9,220,Harlem (South),1019260033,1058472,,
Treatments,PC8672310,2,2889,1,1680,CLAY AVENUE,10457,40.843594130528,-73.904908438763,Bronx,2026-08-11T09:23:00.000,Bait applied,"{'latitude': '40.843594130528', 'longitude': '-73.904908438763', 'human_address': '{""address"": """", ""city"": """", ""state"": """", ""zip"": """"}'}",4,15,165,Claremont Village-Claremont (East),2028890001,2009326,1010556,246575
Stoppage,PC8764493,2,3023,9,2486,TIEBOUT AVENUE,10458,40.861667792147,-73.89497667813,Bronx,2026-08-11T09:25:00.000,Stoppage done,"{'latitude': '40.861667792147', 'longitude': '-73.89497667813', 'human_address': '{""address"": """", ""city"": """", ""state"": """", ""zip"": """"}'}",5,15,39902,Fordham Heights,2030230009,2011002,,
Compliance,PC8750947,1,2142,217,4151,BROADWAY,10033,40.846573016652,-73.938344941647,Manhattan,2026-08-11T09:26:26.000,Failed for Rat Activity and Other Reason,"{'latitude': '40.846573016652', 'longitude': '-73.938344941647', 'human_address': '{""address"": """", ""city"": """", ""state"": """", ""zip"": """"}'}",12,10,263,Washington Heights (South),1021420217,1063513,,
Compliance,PC8693046,4,6797,12,71-71,PARSONS BOULEVARD,11365,40.728407045977,-73.811142581385,Queens,2026-08-11T09:27:00.000,Failed for Rat Activity,"{'latitude': '40.728407045977', 'longitude': '-73.811142581385', 'human_address': '{""address"": """", ""city"": """", ""state"": """", ""zip"": """"}'}",8,24,122704,Pomonok-Electchester-Hillcrest,4067970012,4147005,,
Compliance,PC8678786,1,286,35,225,EAST BROADWAY,10002,40.714324656757,-73.986837191976,Manhattan,2026-08-11T09:28:07.000,Failed for Rat Activity,"{'latitude': '40.714324656757', 'longitude': '-73.986837191976', 'human_address': '{""address"": """", ""city"": """", ""state"": """", ""zip"": """"}'}",3,1,201,Chinatown-Two Bridges,1002860035,1003734,,
Initial,PC8764480,4,4994,17,140-16,34 AVENUE,11354,40.766512928595,-73.826983452727,Queens,2026-08-11T09:30:00.000,Failed for Rat Activity,"{'latitude': '40.766512928595', 'longitude': '-73.826983452727', 'human_address': '{""address"": """", ""city"": """", ""state"": """", ""zip"": """"}'}",7,20,1161,Flushing-Willets Point,4049940017,4112947,1032176,218588
Initial,PC8764590,1,1933,50,2410,8 AVENUE,10027,40.813037543851,-73.949058612578,Manhattan,2026-08-11T09:30:10.000,Failed for Rat Activity and Other Reason,"{'latitude': '40.813037543851', 'longitude': '-73.949058612578', 'human_address': '{""address"": """", ""city"": """", ""state"": """", ""zip"": """"}'}",10,9,224,Harlem (North),1019330050,1081510,,
Treatments,PC8709812,2,2859,10,1508,INWOOD AVENUE,10452,40.843002494113,-73.917125430315,Bronx,2026-08-11T09:30:56.000,Bait applied,"{'latitude': '40.843002494113', 'longitude': '-73.917125430315', 'human_address': '{""address"": """", ""city"": """", ""state"": """", ""zip"": """"}'}",4,16,209,Mount Eden-Claremont (West),2028590010,2008323,,
Treatments,PC8697051,1,1926,35,2018,ADAM C POWELL BLVD,10027,40.806261316186,-73.95031365351,Manhattan,2026-08-11T09:31:40.000,Bait applied,"{'latitude': '40.806261316186', 'longitude': '-73.95031365351', 'human_address': '{""address"": """", ""city"": """", ""state"": """", ""zip"": """"}'}",10,9,220,Harlem (South),1019260035,1058474,,
Stoppage,PC8764494,2,3026,59,373,EAST 188 STREET,10458,40.860047095779,-73.893558483953,Bronx,2026-08-11T09:32:00.000,Stoppage done,"{'latitude': '40.860047095779', 'longitude': '-73.893558483953', 'human_address': '{""address"": """", ""city"": """", ""state"": """", ""zip"": """"}'}",5,15,39902,Fordham Heights,2030260059,2011078,,
Initial,PC8763879,3,3236,53,1489,DEKALB AVENUE,11237,40.701601507055,-73.921900236979,Brooklyn,2026-08-11T09:33:00.000,Failed for Rat Activity,"{'latitude': '40.701601507055', 'longitude': '-73.921900236979', 'human_address': '{""address"": """", ""city"": """", ""state"": """", ""zip"": """"}'}",4,37,429,Bushwick (West),3032360053,3073628,,
Compliance,PC8309674,3,1369,53,1647,PARK PLACE,11233,40.67192557395,-73.922749836614,Brooklyn,2026-08-11T09:35:00.000,Failed for Rat Activity,"{'latitude': '40.67192557395', 'longitude': '-73.922749836614', 'human_address': '{""address"": """", ""city"": """", ""state"": """", ""zip"": """"}'}",8,41,359,Crown Heights (North),3013690053,3036360,,
Stoppage,PC8723095,1,462,35,223,EAST 6 STREET,10003,40.727752322162,-73.989378146032,Manhattan,2026-08-11T09:35:00.000,Stoppage done,"{'latitude': '40.727752322162', 'longitude': '-73.989378146032', 'human_address': '{""address"": """", ""city"": """", ""state"": """", ""zip"": """"}'}",3,2,38,East Village,1004620035,1084755,,
Compliance,PC8742932,3,5400,74,567,OCEAN PARKWAY,11218,40.634663208473,-73.972448513241,Brooklyn,2026-08-11T09:36:34.000,Failed for Other Reason,"{'latitude': '40.634663208473', 'longitude': '-73.972448513241', 'human_address': '{""address"": """", ""city"": """", ""state"": """", ""zip"": """"}'}",12,40,484,Kensington,3054000074,3425052,991897,170505
Initial,PC8764114,2,2553,23,600,EAST  141 STREET,10454,40.808136991179,-73.914680106126,Bronx,2026-08-11T09:38:03.000,Failed for Other Reason,"{'latitude': '40.808136991179', 'longitude': '-73.914680106126', 'human_address': '{""address"": """", ""city"": """", ""state"": """", ""zip"": """"}'}",1,8,2702,Mott Haven-Port Morris,2025530023,2091278,1007869,233717
Initial,PC8763473,3,3234,32,170,WILSON AVENUE,11237,40.699849173974,-73.924250098087,Brooklyn,2026-08-11T09:38:32.000,Failed for Rat Activity,"{'latitude': '40.699849173974', 'longitude': '-73.924250098087', 'human_address': '{""address"": """", ""city"": """", ""state"": """", ""zip"": """"}'}",4,37,423,Bushwick (West),3032340032,3073534,,
Treatments,PC8349526,3,1853,50,199,MacDonough STREET,11216,40.68161319681,-73.938512466953,Brooklyn,2026-08-11T09:40:00.000,Bait applied,"{'latitude': '40.68161319681', 'longitude': '-73.938512466953', 'human_address': '{""address"": """", ""city"": """", ""state"": """", ""zip"": """"}'}",3,36,273,Bedford-Stuyvesant (East),3018530050,3053427,,
Initial,PC8763567,3,3323,25,132,GROVE STREET,11221,40.693870977209,-73.920088232742,Brooklyn,2026-08-11T09:40:46.000,Failed for Rat Activity,"{'latitude': '40.693870977209', 'longitude': '-73.920088232742', 'human_address': '{""address"": """", ""city"": """", ""state"": """", ""zip"": """"}'}",4,37,417,Bushwick (East),3033230025,3076086,,
Treatments,PC8740641,1,1907,58,160,WEST 123 STREET,10027,40.807141383856,-73.948062539026,Manhattan,2026-08-11T09:41:19.000,Bait applied,"{'latitude': '40.807141383856', 'longitude': '-73.948062539026', 'human_address': '{""address"": """", ""city"": """", ""state"": """", ""zip"": """"}'}",10,9,222,Harlem (South),1019070058,1057753,,
Treatments,PC8734587,1,1926,7,204,ST NICHOLAS AVENUE,10027,40.806959555213,-73.952859785788,Manhattan,2026-08-11T09:42:02.000,Bait applied,"{'latitude': '40.806959555213', 'longitude': '-73.952859785788', 'human_address': '{""address"": """", ""city"": """", ""state"": """", ""zip"": """"}'}",10,9,220,Harlem (South),1019260007,1058462,,
Initial,PC8763933,3,3234,7501,172,WILSON AVENUE,11237,40.699805207583,-73.92417441279,Brooklyn,2026-08-11T09:42:59.000,Failed for Rat Activity,"{'latitude': '40.699805207583', 'longitude': '-73.92417441279', 'human_address': '{""address"": """", ""city"": """", ""state"": """", ""zip"": """"}'}",4,37,423,Bushwick (West),3032347501,3424069,,
Treatments,PC8624149,2,4260,29,1972,HUNT AVENUE,10462,40.849769166908,-73.865774997942,Bronx,2026-08-11T09:43:25.000,Bait applied,"{'latitude': '40.849769166908', 'longitude': '-73.865774997942', 'human_address': '{""address"": """", ""city"": """", ""state"": """", ""zip"": """"}'}",11,13,230,Pelham Parkway-Van Nest,,,1021384,248902
Treatments,PC8678813,1,1066,62,456,WEST 57 STREET,10019,40.768561219683,-73.98728131457,Manhattan,2026-08-11T09:44:44.000,Bait applied,"{'latitude': '40.768561219683', 'longitude': '-73.98728131457', 'human_address': '{""address"": """", ""city"": """", ""state"": """", ""zip"": """"}'}",4,6,139,Hell's Kitchen,1010660062,1026874,,
Stoppage,PC8722605,1,389,50,621,EAST 6 STREET,10009,40.72400454419,-73.980463963131,Manhattan,2026-08-11T09:45:00.000,Stoppage done,"{'latitude': '40.72400454419', 'longitude': '-73.980463963131', 'human_address': '{""address"": """", ""city"": """", ""state"": """", ""zip"": """"}'}",3,2,2602,East Village,1003890050,1004698,,
Treatments,PC8683764,3,5100,64,600,OCEAN AVENUE,11226,40.648122918067,-73.960651809628,Brooklyn,2026-08-11T09:45:05.000,Bait applied,"{'latitude': '40.648122918067', 'longitude': '-73.960651809628', 'human_address': '{""address"": """", ""city"": """", ""state"": """", ""zip"": """"}'}",14,40,51002,Flatbush,3051000064,3117129,995169,175410
Initial,PC8764300,5,2846,79,34,CHESTNUT AVENUE,10305,40.616974304042,-74.06984553513,Staten Island,2026-08-11T09:45:11.000,Failed for Other Reason,"{'latitude': '40.616974304042', 'longitude': '-74.06984553513', 'human_address': '{""address"": """", ""city"": """", ""state"": """", ""zip"": """"}'}",1,49,8,Rosebank-Shore Acres-Park Hill,5028460079,5042603,964859,164067
Stoppage,PC8684439,2,3062,6,2112,QUARRY ROAD,10457,40.85101961376,-73.893500692355,Bronx,2026-08-11T09:47:00.000,Stoppage done,"{'latitude': '40.85101961376', 'longitude': '-73.893500692355', 'human_address': '{""address"": """", ""city"": """", ""state"": """", ""zip"": """"}'}",6,15,37504,Tremont,2030620006,2011852,,
Treatments,PC8716635,3,3456,32,1466,BUSHWICK AVENUE,11207,40.683500089039,-73.907629059582,Brooklyn,2026-08-11T09:48:35.000,Monitoring visit,"{'latitude': '40.683500089039', 'longitude': '-73.907629059582', 'human_address': '{""address"": """", ""city"": """", ""state"": """", ""zip"": """"}'}",4,37,403,Bushwick (East),3034560032,3401060,,
Compliance,PC8742487,1,298,7,26,ORCHARD STREET,10002,40.715527309633,-73.991551697805,Manhattan,2026-08-11T09:49:00.000,Failed for Rat Activity and Other Reason,"{'latitude': '40.715527309633', 'longitude': '-73.991551697805', 'human_address': '{""address"": """", ""city"": """", ""state"": """", ""zip"": """"}'}",3,1,16,Chinatown-Two Bridges,1002980007,1003843,,
Treatments,PC8688650,4,2212,1,69-15,YELLOWSTONE BOULEVARD,11375,40.724194611936,-73.846629868564,Queens,2026-08-11T09:50:02.000,Bait applied,"{'latitude': '40.724194611936', 'longitude': '-73.846629868564', 'human_address': '{""address"": """", ""city"": """", ""state"": """", ""zip"": """"}'}",6,29,739,Forest Hills,4022120001,4052234,1026761,203160
Initial,PC8763845,3,3236,13,834,HART STREET,11237,40.702076812131,-73.922577713765,Brooklyn,2026-08-11T09:50:54.000,Failed for Rat Activity,"{'latitude': '40.702076812131', 'longitude': '-73.922577713765', 'human_address': '{""address"": """", ""city"": """", ""state"": """", ""zip"": """"}'}",4,37,429,Bushwick (West),3032360013,3073592,,
Initial,PC8763536,3,3328,49,343,LINDEN STREET,11237,40.699523092078,-73.913391495299,Brooklyn,2026-08-11T09:51:46.000,Failed for Rat Activity,"{'latitude': '40.699523092078', 'longitude': '-73.913391495299', 'human_address': '{""address"": """", ""city"": """", ""state"": """", ""zip"": """"}'}",4,37,441,Bushwick (West),3033280049,3076193,,
Compliance,PC8736587,4,1372,65,25-51,98 STREET,11369,40.763489100447,-73.871555744458,Queens,2026-08-11T09:52:00.000,Failed for Rat Activity and Other Reason,"{'latitude': '40.763489100447', 'longitude': '-73.871555744458', 'human_address': '{""address"": """", ""city"": """", ""state"": """", ""zip"": """"}'}",3,21,367,East Elmhurst,4013720065,4032783,1019831,217465
Initial,PC8760713,2,3029,14,2042,WEBSTER AVENUE,10457,40.8511369842,-73.898853856266,Bronx,2026-08-11T09:52:35.000,Failed for Rat Activity,"{'latitude': '40.8511369842', 'longitude': '-73.898853856266', 'human_address': '{""address"": """", ""city"": """", ""state"": """", ""zip"": """"}'}",6,15,379,Mount Hope,2030290014,2011116,,
Initial,PC8763934,3,3236,14,836,HART STREET,11237,40.702106985116,-73.92254882599,Brooklyn,2026-08-11T09:52:54.000,Failed for Rat Activity,"{'latitude': '40.702106985116', 'longitude': '-73.92254882599', 'human_address': '{""address"": """", ""city"": """", ""state"": """", ""zip"": """"}'}",4,37,429,Bushwick (West),3032360014,3073593,,
Stoppage,PC8758186,2,3082,66,2128,HUGHES AVENUE,10457,40.85011578975,-73.889735698225,Bronx,2026-08-11T09:53:00.000,Stoppage done,"{'latitude': '40.85011578975', 'longitude': '-73.889735698225', 'human_address': '{""address"": """", ""city"": """", ""state"": """", ""zip"": """"}'}",6,15,373,Tremont,2030820066,2012400,,
Initial,PC8763703,3,3234,41,1381,DEKALB AVENUE,11221,40.69928644593,-73.924175005081,Brooklyn,2026-08-11T09:53:34.000,Failed for Rat Activity,"{'latitude': '40.69928644593', 'longitude': '-73.924175005081', 'human_address': '{""address"": """", ""city"": """", ""state"": """", ""zip"": """"}'}",4,37,423,Bushwick (West),3032340041,3073538,,
Initial,PC8763650,3,3236,15,840,HART STREET,11237,40.702164586294,-73.922491053564,Brooklyn,2026-08-11T09:53:54.000,Failed for Rat Activity,"{'latitude': '40.702164586294', 'longitude': '-73.922491053564', 'human_address': '{""address"": """", ""city"": """", ""state"": """", ""zip"": """"}'}",4,37,429,Bushwick (West),3032360015,3073594,,
Treatments,PC8674221,2,2879,184,172,WEST BURNSIDE AVENUE,10453,40.854298784634,-73.915697890726,Bronx,2026-08-11T09:54:00.000,Bait applied,"{'latitude': '40.854298784634', 'longitude': '-73.915697890726', 'human_address': '{""address"": """", ""city"": """", ""state"": """", ""zip"": """"}'}",5,14,24501,University Heights (South)-Morris Heights,2028790184,2009112,1007571,250535
Initial,PC8763293,3,3601,124,437,BRISTOL STREET,11212,40.660242914988,-73.91024206936,Brooklyn,2026-08-11T09:54:51.000,Failed for Other Reason,"{'latitude': '40.660242914988', 'longitude': '-73.91024206936', 'human_address': '{""address"": """", ""city"": """", ""state"": """", ""zip"": """"}'}",16,41,916,Brownsville,3036010124,3252468,1009153,179836
Treatments,PC8290648,3,5101,54,625,OCEAN AVENUE,11226,40.647620582373,-73.960533187655,Brooklyn,2026-08-11T09:55:05.000,Bait applied,"{'latitude': '40.647620582373', 'longitude': '-73.960533187655', 'human_address': '{""address"": """", ""city"": """", ""state"": """", ""zip"": """"}'}",14,40,51002,Flatbush,3051010054,3117149,995202,175227
Compliance,PC8721632,2,2622,1,581,EAST 164 STREET,10456,40.825046989694,-73.907121070995,Bronx,2026-08-11T09:55:13.000,Failed for Rat Activity and Other Reason,"{'latitude': '40.825046989694', 'longitude': '-73.907121070995', 'human_address': '{""address"": """", ""city"": """", ""state"": """", ""zip"": """"}'}",3,17,18502,Morrisania,2026220001,2004392,,
Initial,PC8764042,3,3328,46,349,LINDEN STREET,11237,40.699624574983,-73.913293989064,Brooklyn,2026-08-11T09:55:46.000,Failed for Rat Activity,"{'latitude': '40.699624574983', 'longitude': '-73.913293989064', 'human_address': '{""address"": """", ""city"": """", ""state"": """", ""zip"": """"}'}",4,37,441,Bushwick (West),3033280046,3076191,,
Treatments,PC8730544,1,1948,22,315,WEST 121 STREET,10027,40.807953553694,-73.953845245559,Manhattan,2026-08-11T09:58:13.000,Bait applied,"{'latitude': '40.807953553694', 'longitude': '-73.953845245559', 'human_address': '{""address"": """", ""city"": """", ""state"": """", ""zip"": """"}'}",10,9,257,Harlem (South),1019480022,1059193,,
Initial,PC8752280,3,5418,18,3723,18 AVENUE,11218,40.63483510294,-73.96846721108,Brooklyn,2026-08-11T09:58:34.000,Failed for Rat Activity and Other Reason,"{'latitude': '40.63483510294', 'longitude': '-73.96846721108', 'human_address': '{""address"": """", ""city"": """", ""state"": """", ""zip"": """"}'}",14,40,482,Flatbush (West)-Ditmas Park-Parkville,3054180018,3127750,993002,170568
Treatments,PC8724891,1,1058,36,719,9 AVENUE,10019,40.762761771206,-73.989488057172,Manhattan,2026-08-11T09:58:44.000,Bait applied,"{'latitude': '40.762761771206', 'longitude': '-73.989488057172', 'human_address': '{""address"": """", ""city"": """", ""state"": """", ""zip"": """"}'}",4,3,127,Hell's Kitchen,1010580036,1026608,,
Initial,PC8763853,3,3328,43,355,LINDEN STREET,11237,40.699726055075,-73.913192876089,Brooklyn,2026-08-11T09:59:46.000,Failed for Rat Activity,"{'latitude': '40.699726055075', 'longitude': '-73.913192876089', 'human_address': '{""address"": """", ""city"": """", ""state"": """", ""zip"": """"}'}",4,37,441,Bushwick (West),3033280043,3076188,,
Initial,PC8759339,2,4506,1,2730,BRONX PARK EAST,10467,40.865820213026,-73.870420920085,Bronx,2026-08-11T10:00:06.000,Failed for Rat Activity and Other Reason,"{'latitude': '40.865820213026', 'longitude': '-73.870420920085', 'human_address': '{""address"": """", ""city"": """", ""state"": """", ""zip"": """"}'}",11,12,33601,Allerton,2045060001,2093450,1020090,254748
Treatments,PC8732153,1,274,13,73,MONROE STREET,10002,40.71173686121,-73.992677594178,Manhattan,2026-08-11T10:00:07.000,Bait applied,"{'latitude': '40.71173686121', 'longitude': '-73.992677594178', 'human_address': '{""address"": """", ""city"": """", ""state"": """", ""zip"": """"}'}",3,1,8,Chinatown-Two Bridges,1002740013,1003268,986280,198584
Treatments,PC8647351,1,1928,47,230,WEST 123 STREET,10027,40.808108553436,-73.950366454319,Manhattan,2026-08-11T10:00:23.000,Bait applied,"{'latitude': '40.808108553436', 'longitude': '-73.950366454319', 'human_address': '{""address"": """", ""city"": """", ""state"": """", ""zip"": """"}'}",10,9,222,Harlem (South),1019280047,1058578,,
Initial,PC8763433,3,3328,42,357,LINDEN STREET,11237,40.699758967739,-73.91316037504,Brooklyn,2026-08-11T10:00:46.000,Failed for Rat Activity,"{'latitude': '40.699758967739', 'longitude': '-73.91316037504', 'human_address': '{""address"": """", ""city"": """", ""state"": """", ""zip"": """"}'}",4,37,441,Bushwick (West),3033280042,3076187,,
Treatments,PC8350599,3,1852,61,107,MacDonough STREET,11216,40.681206077295,-73.942067807144,Brooklyn,2026-08-11T10:01:00.000,Bait applied,"{'latitude': '40.681206077295', 'longitude': '-73.942067807144', 'human_address': '{""address"": """", ""city"": """", ""state"": """", ""zip"": """"}'}",3,36,269,Bedford-Stuyvesant (West),3018520061,3053394,,
Initial,PC8765141,3,1357,59,1383,Saint Marks Avenue,11233,40.673706782354,-73.922524253478,Brooklyn,2026-08-11T10:01:00.000,Failed for Rat Activity and Other Reason,"{'latitude': '40.673706782354', 'longitude': '-73.922524253478', 'human_address': '{""address"": """", ""city"": """", ""state"": """", ""zip"": """"}'}",8,41,307,Crown Heights (North),3013570059,3035976,,
Initial,PC8763984,3,3236,23,864,HART STREET,11237,40.702515684735,-73.922148017064,Brooklyn,2026-08-11T10:02:54.000,Failed for Rat Activity,"{'latitude': '40.702515684735', 'longitude': '-73.922148017064', 'human_address': '{""address"": """", ""city"": """", ""state"": """", ""zip"": """"}'}",4,37,429,Bushwick (West),3032360023,3073602,,
Initial,PC8755506,2,2600,150,524,SOUTHERN BOULEVARD,10455,40.811683651403,-73.904773580514,Bronx,2026-08-11T10:03:20.000,Failed for Rat Activity and Other Reason,"{'latitude': '40.811683651403', 'longitude': '-73.904773580514', 'human_address': '{""address"": """", ""city"": """", ""state"": """", ""zip"": """"}'}",1,8,31,Mott Haven-Port Morris,2026000150,2004087,1010610,235012
Initial,PC8763493,3,3234,44,1375,DEKALB AVENUE,11221,40.699187696158,-73.924268884649,Brooklyn,2026-08-11T10:04:10.000,Failed for Rat Activity,"{'latitude': '40.699187696158', 'longitude': '-73.924268884649', 'human_address': '{""address"": """", ""city"": """", ""state"": """", ""zip"": """"}'}",4,37,423,Bushwick (West),3032340044,3073540,,
Compliance,PC8721388,2,2622,33,585,EAST 164 STREET,10456,40.825022208119,-73.907023547614,Bronx,2026-08-11T10:05:47.000,Failed for Rat Activity and Other Reason,"{'latitude': '40.825022208119', 'longitude': '-73.907023547614', 'human_address': '{""address"": """", ""city"": """", ""state"": """", ""zip"": """"}'}",3,17,18502,Morrisania,2026220033,2000000,,
Initial,PC8761533,1,2158,40,570,WEST  189 STREET,10040,40.853986857657,-73.929355161058,Manhattan,2026-08-11T10:07:00.000,Failed for Rat Activity,"{'latitude': '40.853986857657', 'longitude': '-73.929355161058', 'human_address': '{""address"": """", ""city"": """", ""state"": """", ""zip"": """"}'}",12,10,277,Washington Heights (North),1021580040,1063820,1003793,250418
Initial,PC8763507,3,3234,46,1367,DEKALB AVENUE,11221,40.69888048153,-73.92457217253,Brooklyn,2026-08-11T10:07:40.000,Failed for Rat Activity,"{'latitude': '40.69888048153', 'longitude': '-73.92457217253', 'human_address': '{""address"": """", ""city"": """", ""state"": """", ""zip"": """"}'}",4,37,423,Bushwick (West),3032340046,3073541,,
Initial,PC8759843,3,847,54,451,58 STREET,11220,40.641277577109,-74.01605258088,Brooklyn,2026-08-11T10:10:22.000,Failed for Rat Activity,"{'latitude': '40.641277577109', 'longitude': '-74.01605258088', 'human_address': '{""address"": """", ""city"": """", ""state"": """", ""zip"": """"}'}",7,38,74,Sunset Park (West),3008470054,3015697,979795,172914
Treatments,PC8730876,1,1948,1,361,WEST 121 STREET,10027,40.808577199394,-73.955333105967,Manhattan,2026-08-11T10:10:43.000,Bait applied,"{'latitude': '40.808577199394', 'longitude': '-73.955333105967', 'human_address': '{""address"": """", ""city"": """", ""state"": """", ""zip"": """"}'}",10,9,257,Harlem (South),1019480001,1059174,,
Initial,PC8761261,1,434,15,102,EAST 7 STREET,10009,40.726629217019,-73.984947817544,Manhattan,2026-08-11T10:12:29.000,Failed for Rat Activity,"{'latitude': '40.726629217019', 'longitude': '-73.984947817544', 'human_address': '{""address"": """", ""city"": """", ""state"": """", ""zip"": """"}'}",3,2,32,East Village,1004340015,1005781,,
Initial,PC8763282,5,2867,266,220,OSGOOD AVENUE,10304,40.616136673832,-74.079015122953,Staten Island,2026-08-11T10:13:00.000,Failed for Other Reason,"{'latitude': '40.616136673832', 'longitude': '-74.079015122953', 'human_address': '{""address"": """", ""city"": """", ""state"": """", ""zip"": """"}'}",1,49,4001,Tompkinsville-Stapleton-Clifton-Fox Hills,5028670266,5043212,962313,163764
Treatments,PC8720555,4,2140,1,104-41,QUEENS BOULEVARD,11375,40.723571466026,-73.848633606625,Queens,2026-08-11T10:13:02.000,Bait applied,"{'latitude': '40.723571466026', 'longitude': '-73.848633606625', 'human_address': '{""address"": """", ""city"": """", ""state"": """", ""zip"": """"}'}",6,29,71303,Forest Hills,4021400001,4051287,1026206,202932
Compliance,PC8735160,3,3043,7502,160,MANHATTAN AVENUE,11206,40.708295716217,-73.945059550363,Brooklyn,2026-08-11T10:15:00.000,Failed for Rat Activity,"{'latitude': '40.708295716217', 'longitude': '-73.945059550363', 'human_address': '{""address"": """", ""city"": """", ""state"": """", ""zip"": """"}'}",1,34,505,East Williamsburg,3030437502,3391039,,
Treatments,PC8683081,2,4292,24,2136,WALLACE AVENUE,10462,40.854077273387,-73.864811950043,Bronx,2026-08-11T10:15:12.000,Bait applied,"{'latitude': '40.854077273387', 'longitude': '-73.864811950043', 'human_address': '{""address"": """", ""city"": """", ""state"": """", ""zip"": """"}'}",11,13,228,Pelham Parkway-Van Nest,2042920024,2048825,1021648,250472
Treatments,PC8713458,1,1038,54,344,WEST 48 STREET,10036,40.76167201394,-73.988564118156,Manhattan,2026-08-11T10:15:44.000,Bait applied,"{'latitude': '40.76167201394', 'longitude': '-73.988564118156', 'human_address': '{""address"": """", ""city"": """", ""state"": """", ""zip"": """"}'}",4,3,127,Hell's Kitchen,1010380054,1025112,,
Compliance,PC8737111,3,3443,21,284,COOPER STREET,11237,40.691676115258,-73.90349602067,Brooklyn,2026-08-11T10:16:00.000,Failed for Rat Activity,"{'latitude': '40.691676115258', 'longitude': '-73.90349602067', 'human_address': '{""address"": """", ""city"": """", ""state"": """", ""zip"": """"}'}",4,37,409,Bushwick (East),3034430021,3080052,,
Compliance,PC8558893,1,1121,41,18,WEST 69 STREET,10023,40.774579087486,-73.97811667723,Manhattan,2026-08-11T10:17:17.000,Failed for Rat Activity,"{'latitude': '40.774579087486', 'longitude': '-73.97811667723', 'human_address': '{""address"": """", ""city"": """", ""state"": """", ""zip"": """"}'}",7,6,15301,Upper West Side-Lincoln Square,1011210041,1028461,,
Initial,PC8763284,3,3574,1,363,BRISTOL STREET,11212,40.662570955804,-73.910840864418,Brooklyn,2026-08-11T10:17:51.000,Failed for Rat Activity,"{'latitude': '40.662570955804', 'longitude': '-73.910840864418', 'human_address': '{""address"": """", ""city"": """", ""state"": """", ""zip"": """"}'}",16,41,924,Brownsville,3035740001,3345319,1008986,180684
Stoppage,PC8759919,2,2845,7,1512,TOWNSEND AVENUE,10452,40.842471143776,-73.91491419574,Bronx,2026-08-11T10:19:00.000,Stoppage done,"{'latitude': '40.842471143776', 'longitude': '-73.91491419574', 'human_address': '{""address"": """", ""city"": """", ""state"": """", ""zip"": """"}'}",4,16,209,Mount Eden-Claremont (West),2028450007,2092057,,
Stoppage,PC8722609,1,446,26,336,E5TH STREET,10003,40.72635784737,-73.988021802162,Manhattan,2026-08-11T10:19:00.000,Stoppage done,"{'latitude': '40.72635784737', 'longitude': '-73.988021802162', 'human_address': '{""address"": """", ""city"": """", ""state"": """", ""zip"": """"}'}",3,2,38,East Village,1004460026,1006210,,
Initial,PC8752363,1,1121,59,66,WEST 69 STREET,10023,40.775229877275,-73.979654556444,Manhattan,2026-08-11T10:20:01.000,Failed for Rat Activity,"{'latitude': '40.775229877275', 'longitude': '-73.979654556444', 'human_address': '{""address"": """", ""city"": """", ""state"": """", ""zip"": """"}'}",7,6,15301,Upper West Side-Lincoln Square,1011210059,1028478,989885,221717
Treatments,PC8622548,3,5162,12,800,OCEAN AVENUE,11226,40.642932193298,-73.959663957608,Brooklyn,2026-08-11T10:20:05.000,Bait applied,"{'latitude': '40.642932193298', 'longitude': '-73.959663957608', 'human_address': '{""address"": """", ""city"": """", ""state"": """", ""zip"": """"}'}",14,40,514,Flatbush,3051620012,3118796,995444,173519
Treatments,PC8733636,1,280,15,59,HENRY STREET,10002,40.71298310851,-73.994939148678,Manhattan,2026-08-11T10:20:07.000,Bait applied,"{'latitude': '40.71298310851', 'longitude': '-73.994939148678', 'human_address': '{""address"": """", ""city"": """", ""state"": """", ""zip"": """"}'}",3,1,8,Chinatown-Two Bridges,1002800015,1084612,,
Initial,PC8760727,2,3029,70,EAST,179 STREET,10457,,,Bronx,2026-08-11T10:21:04.000,Failed for Other Reason,,,,,,,,,
Initial,PC8750631,1,1121,62,72,WEST 69 STREET,10023,40.775265573137,-73.979733977618,Manhattan,2026-08-11T10:22:21.000,Failed for Rat Activity,,7,6,15301,Upper West Side-Lincoln Square,1011210062,1028481,0,0
Initial,PC8752274,3,5175,42,1121,DITMAS AVENUE,11218,40.635575744656,-73.966874349632,Brooklyn,2026-08-11T10:25:00.000,Failed for Other Reason,"{'latitude': '40.635575744656', 'longitude': '-73.966874349632', 'human_address': '{""address"": """", ""city"": """", ""state"": """", ""zip"": """"}'}",14,40,526,Flatbush (West)-Ditmas Park-Parkville,3051750042,3119275,993444,170838
Initial,PC8765124,1,1121,63,74,WEST 69 STREET,10023,40.775276556615,-73.979759248124,Manhattan,2026-08-11T10:25:20.000,Failed for Rat Activity,"{'latitude': '40.775276556615', 'longitude': '-73.979759248124', 'human_address': '{""address"": """", ""city"": """", ""state"": """", ""zip"": """"}'}",7,6,15301,Upper West Side-Lincoln Square,1011210063,1028482,,
Stoppage,PC8722610,1,446,20,324,E 5TH STREET,10003,40.726442956043,-73.988223828957,Manhattan,2026-08-11T10:26:00.000,Stoppage done,"{'latitude': '40.726442956043', 'longitude': '-73.988223828957', 'human_address': '{""address"": """", ""city"": """", ""state"": """", ""zip"": """"}'}",3,2,38,East Village,1004460020,1006208,,
Treatments,PC8621687,2,4292,24,2138,WALLACE AVENUE,10462,40.854123933774,-73.864811854838,Bronx,2026-08-11T10:26:25.000,Bait applied,"{'latitude': '40.854123933774', 'longitude': '-73.864811854838', 'human_address': '{""address"": """", ""city"": """", ""state"": """", ""zip"": """"}'}",11,13,228,Pelham Parkway-Van Nest,2042920024,2048825,1021648,250489
Initial,PC8765125,1,1121,64,76,WEST 69 STREET,10023,40.775287540723,-73.97978812919,Manhattan,2026-08-11T10:28:30.000,Failed for Rat Activity,"{'latitude': '40.775287540723', 'longitude': '-73.97978812919', 'human_address': '{""address"": """", ""city"": """", ""state"": """", ""zip"": """"}'}",7,6,15301,Upper West Side-Lincoln Square,1011210064,1028483,,
Stoppage,PC8759920,2,2837,31,1565,GRAND CONCOURSE,10452,40.842482817183,-73.912189062706,Bronx,2026-08-11T10:29:00.000,Stoppage done,"{'latitude': '40.842482817183', 'longitude': '-73.912189062706', 'human_address': '{""address"": """", ""city"": """", ""state"": """", ""zip"": """"}'}",4,16,209,Mount Eden-Claremont (West),2028370031,2008019,,
Initial,PC8760819,1,2172,32,4646,BROADWAY,10040,40.861960717824,-73.930033560681,Manhattan,2026-08-11T10:29:00.000,Failed for Rat Activity and Other Reason,"{'latitude': '40.861960717824', 'longitude': '-73.930033560681', 'human_address': '{""address"": """", ""city"": """", ""state"": """", ""zip"": """"}'}",12,10,285,Washington Heights (North),1021720032,1064139,1003603,253323
Compliance,PC8746834,3,1348,1,1529,BERGEN STREET,11213,40.675162489656,-73.932764678898,Brooklyn,2026-08-11T10:29:00.000,Failed for Rat Activity,"{'latitude': '40.675162489656', 'longitude': '-73.932764678898', 'human_address': '{""address"": """", ""city"": """", ""state"": """", ""zip"": """"}'}",8,36,309,Crown Heights (North),3013480001,3324597,1002900,185266
Treatments,PC8714365,1,1038,64,692,9 AVENUE,10036,40.761954862269,-73.990047708135,Manhattan,2026-08-11T10:29:44.000,Bait applied,"{'latitude': '40.761954862269', 'longitude': '-73.990047708135', 'human_address': '{""address"": """", ""city"": """", ""state"": """", ""zip"": """"}'}",4,3,127,Hell's Kitchen,1010380064,1025121,,
Compliance,PC8726066,2,2653,53,799,EAST  150 STREET,10455,40.813518411286,-73.906317153471,Bronx,2026-08-11T10:30:00.000,Failed for Other Reason,"{'latitude': '40.813518411286', 'longitude': '-73.906317153471', 'human_address': '{""address"": """", ""city"": """", ""state"": """", ""zip"": """"}'}",1,8,79,Melrose,2026530053,2004674,1010182,235680
Initial,PC8761284,1,1621,28,63,EAST 115 STREET,10029,40.798814759283,-73.944215234007,Manhattan,2026-08-11T10:30:00.000,Failed for Rat Activity,"{'latitude': '40.798814759283', 'longitude': '-73.944215234007', 'human_address': '{""address"": """", ""city"": """", ""state"": """", ""zip"": """"}'}",11,8,184,East Harlem (North),1016210028,1051641,,
Initial,PC8760203,2,3029,52,4341,PARK AVENUE,10457,40.850836649369,-73.89754580373,Bronx,2026-08-11T10:30:48.000,Failed for Other Reason,"{'latitude': '40.850836649369', 'longitude': '-73.89754580373', 'human_address': '{""address"": """", ""city"": """", ""state"": """", ""zip"": """"}'}",6,15,379,Mount Hope,2030290052,2124763,,
Treatments,PC8701580,1,1774,17,127,EAST 125 STREET,10035,40.804605712488,-73.937957731424,Manhattan,2026-08-11T10:30:53.000,Bait applied,"{'latitude': '40.804605712488', 'longitude': '-73.937957731424', 'human_address': '{""address"": """", ""city"": """", ""state"": """", ""zip"": """"}'}",11,9,196,East Harlem (North),1017740017,1087087,,
Treatments,PC8686617,3,1855,10,80,MAC DONOUGH STREET,11216,40.681099425645,-73.942853884692,Brooklyn,2026-08-11T10:31:00.000,Bait applied,"{'latitude': '40.681099425645', 'longitude': '-73.942853884692', 'human_address': '{""address"": """", ""city"": """", ""state"": """", ""zip"": """"}'}",3,36,269,Bedford-Stuyvesant (West),3018550010,3053488,,
Initial,PC8765126,1,1122,8,51,WEST 69 STREET,10023,40.775166712549,-73.979455995808,Manhattan,2026-08-11T10:31:07.000,Failed for Rat Activity,"{'latitude': '40.775166712549', 'longitude': '-73.979455995808', 'human_address': '{""address"": """", ""city"": """", ""state"": """", ""zip"": """"}'}",7,6,15301,Upper West Side-Lincoln Square,1011220008,1028493,,
Compliance,PC8614958,1,1823,27,105,WEST 113 STREET,10026,40.80027554067,-73.951528129558,Manhattan,2026-08-11T10:32:00.000,Failed for Rat Activity and Other Reason,"{'latitude': '40.80027554067', 'longitude': '-73.951528129558', 'human_address': '{""address"": """", ""city"": """", ""state"": """", ""zip"": """"}'}",10,9,216,Harlem (South),1018230027,1055013,,
Treatments,PC8733728,1,280,10,41,HENRY STREET,10002,40.71292549697,-73.995635335149,Manhattan,2026-08-11T10:32:07.000,Bait applied,"{'latitude': '40.71292549697', 'longitude': '-73.995635335149', 'human_address': '{""address"": """", ""city"": """", ""state"": """", ""zip"": """"}'}",3,1,8,Chinatown-Two Bridges,1002800010,1003407,,
Initial,PC8761088,1,1621,29,69,EAST 115 STREET,10029,40.798795521471,-73.944164684532,Manhattan,2026-08-11T10:33:00.000,Failed for Rat Activity,"{'latitude': '40.798795521471', 'longitude': '-73.944164684532', 'human_address': '{""address"": """", ""city"": """", ""state"": """", ""zip"": """"}'}",11,8,184,East Harlem (North),1016210029,1051642,,
Initial,PC8764064,2,3341,57,314,EAST  206 STREET,10467,40.874858463425,-73.877808772471,Bronx,2026-08-11T10:33:58.000,Failed for Rat Activity,"{'latitude': '40.874858463425', 'longitude': '-73.877808772471', 'human_address': '{""address"": """", ""city"": """", ""state"": """", ""zip"": """"}'}",7,11,423,Norwood,2033410057,2018120,1018042,258038
Initial,PC8765127,1,1122,14,39,WEST 69 STREET,10023,40.774861913938,-73.978737594925,Manhattan,2026-08-11T10:34:29.000,Failed for Rat Activity,"{'latitude': '40.774861913938', 'longitude': '-73.978737594925', 'human_address': '{""address"": """", ""city"": """", ""state"": """", ""zip"": """"}'}",7,6,15301,Upper West Side-Lincoln Square,1011220014,1028498,,
Initial,PC8763812,3,3323,58,117,LINDEN STREET,11221,40.693233827048,-73.919569721926,Brooklyn,2026-08-11T10:34:57.000,Failed for Rat Activity,"{'latitude': '40.693233827048', 'longitude': '-73.919569721926', 'human_address': '{""address"": """", ""city"": """", ""state"": """", ""zip"": """"}'}",4,37,417,Bushwick (East),3033230058,3076109,,
Compliance,PC8732088,4,3975,40,7-19,127 STREET,11356,40.790459068834,-73.84086092684,Queens,2026-08-11T10:35:00.000,Failed for Other Reason,"{'latitude': '40.790459068834', 'longitude': '-73.84086092684', 'human_address': '{""address"": """", ""city"": """", ""state"": """", ""zip"": """"}'}",7,19,939,College Point,4039750040,4096770,1028316,227305
Compliance,PC8734997,3,3043,8,166,MANHATTAN AVENUE,11206,40.708509825506,-73.945095442432,Brooklyn,2026-08-11T10:35:00.000,Failed for Other Reason,"{'latitude': '40.708509825506', 'longitude': '-73.945095442432', 'human_address': '{""address"": """", ""city"": """", ""state"": """", ""zip"": """"}'}",1,34,505,East Williamsburg,3030430008,3327922,,
Compliance,PC8721312,2,2622,48,1056,BOSTON ROAD,10456,40.826569269685,-73.905828972882,Bronx,2026-08-11T10:35:29.000,Failed for Rat Activity,"{'latitude': '40.826569269685', 'longitude': '-73.905828972882', 'human_address': '{""address"": """", ""city"": """", ""state"": """", ""zip"": """"}'}",3,17,18502,Morrisania,2026220048,2004404,,
Treatments,PC8717726,2,4291,24,2137,WALLACE AVENUE,10462,40.854077298898,-73.86483363909,Bronx,2026-08-11T10:37:58.000,Bait applied,"{'latitude': '40.854077298898', 'longitude': '-73.86483363909', 'human_address': '{""address"": """", ""city"": """", ""state"": """", ""zip"": """"}'}",11,13,22404,Pelham Parkway-Van Nest,2042910024,2048823,1021642,250472
Initial,PC8751217,1,1796,22,347,EAST  119 STREET,10035,40.798150890739,-73.934503668157,Manhattan,2026-08-11T10:39:00.000,Failed for Other Reason,"{'latitude': '40.798150890739', 'longitude': '-73.934503668157', 'human_address': '{""address"": """", ""city"": """", ""state"": """", ""zip"": """"}'}",11,8,194,East Harlem (North),1017960022,1054750,1002384,230074
Treatments,PC8659757,3,5162,20,816,Ocean Ave,11226,40.642635737906,-73.959610087305,Brooklyn,2026-08-11T10:40:05.000,Bait applied,"{'latitude': '40.642635737906', 'longitude': '-73.959610087305', 'human_address': '{""address"": """", ""city"": """", ""state"": """", ""zip"": """"}'}",14,40,514,Flatbush,3051620020,3118799,,
Initial,PC8760823,2,4347,7,2344,BOSTON ROAD,10467,40.860650753447,-73.867029120028,Bronx,2026-08-11T10:40:06.000,Failed for Rat Activity and Other Reason,"{'latitude': '40.860650753447', 'longitude': '-73.867029120028', 'human_address': '{""address"": """", ""city"": """", ""state"": """", ""zip"": """"}'}",11,13,330,Allerton,2043470007,2050046,1021031,252866
Compliance,PC8697067,1,1823,26,107,WEST 113 STREET,10026,40.800311258948,-73.951614789413,Manhattan,2026-08-11T10:40:54.000,Failed for Rat Activity and Other Reason,"{'latitude': '40.800311258948', 'longitude': '-73.951614789413', 'human_address': '{""address"": """", ""city"": """", ""state"": """", ""zip"": """"}'}",10,9,216,Harlem (South),1018230026,1055012,,
Stoppage,PC8722616,1,435,43,117,EAST 7 STREET,10009,40.726486438356,-73.984565412736,Manhattan,2026-08-11T10:41:00.000,Stoppage done,"{'latitude': '40.726486438356', 'longitude': '-73.984565412736', 'human_address': '{""address"": """", ""city"": """", ""state"": """", ""zip"": """"}'}",3,2,32,East Village,1004350043,1005848,,
Initial,PC8741790,1,1055,29,645,9 AVENUE,10036,40.760527675145,-73.991109188394,Manhattan,2026-08-11T10:41:33.000,Failed for Other Reason,"{'latitude': '40.760527675145', 'longitude': '-73.991109188394', 'human_address': '{""address"": """", ""city"": """", ""state"": """", ""zip"": """"}'}",4,3,12102,Hell's Kitchen,1010550029,1026453,986713,216360
Treatments,PC8716102,1,1056,41,418,WEST 47 STREET,10036,40.761927502097,-73.991112610643,Manhattan,2026-08-11T10:41:44.000,Bait applied,"{'latitude': '40.761927502097', 'longitude': '-73.991112610643', 'human_address': '{""address"": """", ""city"": """", ""state"": """", ""zip"": """"}'}",4,3,127,Hell's Kitchen,1010560041,1026498,,
Stoppage,PC8760872,2,2466,44,125,EAST 168 STREET,10452,40.836237209734,-73.91781329847,Bronx,2026-08-11T10:42:00.000,Stoppage done,"{'latitude': '40.836237209734', 'longitude': '-73.91781329847', 'human_address': '{""address"": """", ""city"": """", ""state"": """", ""zip"": """"}'}",4,16,22102,Mount Eden-Claremont (West),2024660044,2002864,,
Initial,PC8761222,1,1621,35,81,EAST 115 STREET,10029,40.798757049299,-73.944070809327,Manhattan,2026-08-11T10:45:00.000,Failed for Rat Activity,"{'latitude': '40.798757049299', 'longitude': '-73.944070809327', 'human_address': '{""address"": """", ""city"": """", ""state"": """", ""zip"": """"}'}",11,8,184,East Harlem (North),1016210035,1051645,,
Compliance,PC8721429,2,2633,14,1074,CAULDWELL AVENUE,10456,40.826497654286,-73.905521940417,Bronx,2026-08-11T10:45:01.000,Failed for Other Reason,"{'latitude': '40.826497654286', 'longitude': '-73.905521940417', 'human_address': '{""address"": """", ""city"": """", ""state"": """", ""zip"": """"}'}",3,17,18502,Morrisania,2026330014,2004503,,
Compliance,PC8737050,3,3443,40,335,MOFFAT STREET,11237,40.691351555541,-73.902695962094,Brooklyn,2026-08-11T10:47:00.000,Failed for Other Reason,"{'latitude': '40.691351555541', 'longitude': '-73.902695962094', 'human_address': '{""address"": """", ""city"": """", ""state"": """", ""zip"": """"}'}",4,37,409,Bushwick (East),3034430040,3080062,,
Treatments,PC8699995,1,279,7502,11,EAST BROADWAY,10038,40.713427846211,-73.997532683187,Manhattan,2026-08-11T10:47:07.000,Bait applied,"{'latitude': '40.713427846211', 'longitude': '-73.997532683187', 'human_address': '{""address"": """", ""city"": """", ""state"": """", ""zip"": """"}'}",3,1,27,Chinatown-Two Bridges,1002797502,1003379,,
Compliance,PC8712358,1,1891,34,320,WEST  105 STREET,10025,40.801132591685,-73.969497002688,Manhattan,2026-08-11T10:47:18.000,Failed for Rat Activity,"{'latitude': '40.801132591685', 'longitude': '-73.969497002688', 'human_address': '{""address"": """", ""city"": """", ""state"": """", ""zip"": """"}'}",7,7,191,Upper West Side-Manhattan Valley,1018910034,1057224,992695,231155
Treatments,PC8596245,2,4506,1,2732,BRONX PARK EAST,10467,40.865836681376,-73.870420887872,Bronx,2026-08-11T10:48:09.000,Bait applied,"{'latitude': '40.865836681376', 'longitude': '-73.870420887872', 'human_address': '{""address"": """", ""city"": """", ""state"": """", ""zip"": """"}'}",11,12,33601,Allerton,2045060001,2093450,1020090,254754
Initial,PC8760965,1,1621,14,1760,MADISON AVENUE,10029,40.799693489508,-73.945066898849,Manhattan,2026-08-11T10:49:00.000,Failed for Rat Activity,"{'latitude': '40.799693489508', 'longitude': '-73.945066898849', 'human_address': '{""address"": """", ""city"": """", ""state"": """", ""zip"": """"}'}",11,8,184,East Harlem (North),1016210014,1074185,,
Compliance,PC8700337,1,1711,46,2294,1 AVENUE,10035,40.79720395681,-73.93451182691,Manhattan,2026-08-11T10:49:08.000,Failed for Rat Activity and Other Reason,"{'latitude': '40.79720395681', 'longitude': '-73.93451182691', 'human_address': '{""address"": """", ""city"": """", ""state"": """", ""zip"": """"}'}",11,8,178,East Harlem (North),1017110046,1053134,,
Initial,PC8760533,1,1940,1,2510,FREDRICK DOUGLASS BL,10030,40.815918571053,-73.946950156455,Manhattan,2026-08-11T10:50:00.000,Failed for Rat Activity,"{'latitude': '40.815918571053', 'longitude': '-73.946950156455', 'human_address': '{""address"": """", ""city"": """", ""state"": """", ""zip"": """"}'}",10,9,228,Harlem (North),1019400001,1000000,,
Treatments,PC8701436,1,1789,10,221,EAST 124 STREET,10035,40.802757227996,-73.935651361807,Manhattan,2026-08-11T10:50:02.000,Bait applied,"{'latitude': '40.802757227996', 'longitude': '-73.935651361807', 'human_address': '{""address"": """", ""city"": """", ""state"": """", ""zip"": """"}'}",11,8,242,East Harlem (North),1017890010,1054662,,
Initial,PC8764477,1,1142,34,102,WEST   71 STREET,10023,40.776808087309,-73.979520478898,Manhattan,2026-08-11T10:52:05.000,Failed for Rat Activity,"{'latitude': '40.776808087309', 'longitude': '-73.979520478898', 'human_address': '{""address"": """", ""city"": """", ""state"": """", ""zip"": """"}'}",7,6,157,Upper West Side-Lincoln Square,1011420034,1029762,989922,222292
Initial,PC8763708,3,3323,68,101,LINDEN STREET,11221,40.692912908427,-73.91988383913,Brooklyn,2026-08-11T10:53:57.000,Failed for Rat Activity,"{'latitude': '40.692912908427', 'longitude': '-73.91988383913', 'human_address': '{""address"": """", ""city"": """", ""state"": """", ""zip"": """"}'}",4,37,417,Bushwick (East),3033230068,3076113,,
Compliance,PC8749503,4,4464,135,13-31,146 STREET,11357,40.788236655579,-73.820932083147,Queens,2026-08-11T10:55:00.000,Failed for Other Reason,"{'latitude': '40.788236655579', 'longitude': '-73.820932083147', 'human_address': '{""address"": """", ""city"": """", ""state"": """", ""zip"": """"}'}",7,19,1039,Whitestone-Beechhurst,4044640135,4101656,1033836,226506
Treatments,PC8455412,2,2522,43,1360,OGDEN AVENUE,10452,40.841838370654,-73.924579324235,Bronx,2026-08-11T10:55:00.000,Bait applied,"{'latitude': '40.841838370654', 'longitude': '-73.924579324235', 'human_address': '{""address"": """", ""city"": """", ""state"": """", ""zip"": """"}'}",4,16,211,Highbridge,2025220043,2003376,,
Compliance,PC8684160,4,6799,85,71-48,161 STREET,11365,40.728594215476,-73.808150999455,Queens,2026-08-11T10:55:00.000,Failed for Rat Activity,"{'latitude': '40.728594215476', 'longitude': '-73.808150999455', 'human_address': '{""address"": """", ""city"": """", ""state"": """", ""zip"": """"}'}",8,24,122704,Pomonok-Electchester-Hillcrest,4067990085,4147263,1037426,204762
Compliance,PC8721193,2,2633,18,1082,BOSTON ROAD,10456,40.827007901817,-73.905188782957,Bronx,2026-08-11T10:55:10.000,Failed for Rat Activity,"{'latitude': '40.827007901817', 'longitude': '-73.905188782957', 'human_address': '{""address"": """", ""city"": """", ""state"": """", ""zip"": """"}'}",3,17,18502,Morrisania,2026330018,2004505,,
Stoppage,PC8760869,2,2783,72,1309,FINDLAY AVENUE,10456,40.835345461713,-73.910843334607,Bronx,2026-08-11T10:56:00.000,Stoppage done,"{'latitude': '40.835345461713', 'longitude': '-73.910843334607', 'human_address': '{""address"": """", ""city"": """", ""state"": """", ""zip"": """"}'}",4,16,17702,Mount Eden-Claremont (West),2027830072,2007212,,
Compliance,PC8696785,1,1823,25,109,WEST 113 STREET,10026,40.80034697716,-73.951701449361,Manhattan,2026-08-11T10:57:54.000,Failed for Rat Activity and Other Reason,"{'latitude': '40.80034697716', 'longitude': '-73.951701449361', 'human_address': '{""address"": """", ""city"": """", ""state"": """", ""zip"": """"}'}",10,9,216,Harlem (South),1018230025,1055011,,
Stoppage,PC8740409,1,1578,45,510,EAST 82 STREET,10028,40.773109407498,-73.948493552026,Manhattan,2026-08-11T10:58:00.000,Stoppage done,"{'latitude': '40.773109407498', 'longitude': '-73.948493552026', 'human_address': '{""address"": """", ""city"": """", ""state"": """", ""zip"": """"}'}",8,5,13602,Upper East Side-Yorkville,1015780045,1051153,,
Compliance,PC8734672,3,3045,5,194,SCHOLES STREET,11206,40.70896635559,-73.941365482039,Brooklyn,2026-08-11T11:00:00.000,Failed for Other Reason,"{'latitude': '40.70896635559', 'longitude': '-73.941365482039', 'human_address': '{""address"": """", ""city"": """", ""state"": """", ""zip"": """"}'}",1,34,49302,East Williamsburg,3030450005,3071010,,
Treatments,PC8632093,3,5162,22,822,OCEAN AVENUE,11226,40.642523194259,-73.959588535647,Brooklyn,2026-08-11T11:00:05.000,Bait applied,"{'latitude': '40.642523194259', 'longitude': '-73.959588535647', 'human_address': '{""address"": """", ""city"": """", ""state"": """", ""zip"": """"}'}",14,40,514,Flatbush,3051620022,3118800,,
Initial,PC8761091,1,461,22,228,EAST 6 STREET,10003,40.727766052651,-73.989450303185,Manhattan,2026-08-11T11:00:34.000,Failed for Rat Activity and Other Reason,"{'latitude': '40.727766052651', 'longitude': '-73.989450303185', 'human_address': '{""address"": """", ""city"": """", ""state"": """", ""zip"": """"}'}",3,2,38,East Village,1004610022,1006620,,
Treatments,PC8623006,2,4506,40,2859,BARKER AVENUE,10467,40.867419032227,-73.869221036401,Bronx,2026-08-11T11:00:59.000,Bait applied,"{'latitude': '40.867419032227', 'longitude': '-73.869221036401', 'human_address': '{""address"": """", ""city"": """", ""state"": """", ""zip"": """"}'}",11,12,33601,Allerton,2045060040,2093463,1020421,255331
Initial,PC8751487,1,1037,52,334,WEST   47 STREET,10036,40.760862313156,-73.98859313585,Manhattan,2026-08-11T11:01:00.000,Failed for Rat Activity,"{'latitude': '40.760862313156', 'longitude': '-73.98859313585', 'human_address': '{""address"": """", ""city"": """", ""state"": """", ""zip"": """"}'}",4,3,127,Hell's Kitchen,1010370052,1025067,987410,216482
Initial,PC8765143,3,1355,71,1201,ST MARKS AVENUE,11213,40.674087304353,-73.92947435317,Brooklyn,2026-08-11T11:01:00.000,Failed for Rat Activity,"{'latitude': '40.674087304353', 'longitude': '-73.92947435317', 'human_address': '{""address"": """", ""city"": """", ""state"": """", ""zip"": """"}'}",8,36,307,Crown Heights (North),3013550071,3035888,,
Initial,PC8756630,3,899,11,248,22 STREET,11215,40.660415119161,-73.993411320177,Brooklyn,2026-08-11T11:01:08.000,Failed for Other Reason,"{'latitude': '40.660415119161', 'longitude': '-73.993411320177', 'human_address': '{""address"": """", ""city"": """", ""state"": """", ""zip"": """"}'}",7,39,145,Sunset Park (West),3008990011,3017620,986078,179886
Initial,PC8763266,3,5175,71,461,STRATFORD ROAD,11218,40.636989459349,-73.967403292138,Brooklyn,2026-08-11T11:01:34.000,Failed for Other Reason,"{'latitude': '40.636989459349', 'longitude': '-73.967403292138', 'human_address': '{""address"": """", ""city"": """", ""state"": """", ""zip"": """"}'}",14,40,526,Flatbush (West)-Ditmas Park-Parkville,3051750071,3119289,993297,171353
Treatments,PC8701433,1,1788,44,208,EAST 124 STREET,10035,40.802820468319,-73.93584996331,Manhattan,2026-08-11T11:02:59.000,Bait applied,"{'latitude': '40.802820468319', 'longitude': '-73.93584996331', 'human_address': '{""address"": """", ""city"": """", ""state"": """", ""zip"": """"}'}",11,8,194,East Harlem (North),1017880044,1054654,,
Compliance,PC8737095,3,3448,118,338,MOFFAT STREET,11237,40.691170522955,-73.902840466574,Brooklyn,2026-08-11T11:03:00.000,Failed for Rat Activity and Other Reason,"{'latitude': '40.691170522955', 'longitude': '-73.902840466574', 'human_address': '{""address"": """", ""city"": """", ""state"": """", ""zip"": """"}'}",4,37,409,Bushwick (East),3034480118,3080180,,
Treatments,PC8734350,1,292,8,27,FORSYTH STREET,10002,40.715368286352,-73.99437622905,Manhattan,2026-08-11T11:03:07.000,Bait applied,"{'latitude': '40.715368286352', 'longitude': '-73.99437622905', 'human_address': '{""address"": """", ""city"": """", ""state"": """", ""zip"": """"}'}",3,1,16,Chinatown-Two Bridges,1002920008,1003758,,
Treatments,PC8671642,4,2103,1,98-39,65 ROAD,11374,40.728645445868,-73.856314336384,Queens,2026-08-11T11:03:49.000,Bait applied,"{'latitude': '40.728645445868', 'longitude': '-73.856314336384', 'human_address': '{""address"": """", ""city"": """", ""state"": """", ""zip"": """"}'}",6,29,71304,Forest Hills,4021030001,4432002,1024074,204777
Compliance,PC8610855,1,1823,23,113,WEST  113 STREET,10026,40.800421156622,-73.951871155624,Manhattan,2026-08-11T11:05:00.000,Failed for Rat Activity and Other Reason,"{'latitude': '40.800421156622', 'longitude': '-73.951871155624', 'human_address': '{""address"": """", ""city"": """", ""state"": """", ""zip"": """"}'}",10,9,216,Harlem (South),1018230023,1055010,997575,230898
Stoppage,PC8740061,1,1580,4,1584,YORK AVENUE,10028,40.774284079695,-73.948308504564,Manhattan,2026-08-11T11:05:00.000,Stoppage done,"{'latitude': '40.774284079695', 'longitude': '-73.948308504564', 'human_address': '{""address"": """", ""city"": """", ""state"": """", ""zip"": """"}'}",8,5,13604,Upper East Side-Yorkville,1015800004,1051181,,
Initial,PC8760756,2,3346,10,3210,PERRY AVENUE,10467,40.87491513818,-73.876904671314,Bronx,2026-08-11T11:05:58.000,Failed for Rat Activity and Other Reason,"{'latitude': '40.87491513818', 'longitude': '-73.876904671314', 'human_address': '{""address"": """", ""city"": """", ""state"": """", ""zip"": """"}'}",7,11,42901,Norwood,2033460010,2018333,1018292,258059
Stoppage,PC8763394,2,2426,2,1100,CLAY AVENUE,10456,40.829695000117,-73.912086758262,Bronx,2026-08-11T11:06:00.000,Stoppage done,"{'latitude': '40.829695000117', 'longitude': '-73.912086758262', 'human_address': '{""address"": """", ""city"": """", ""state"": """", ""zip"": """"}'}",4,16,143,Concourse-Concourse Village,2024260002,2002066,,
Initial,PC8761225,1,1621,63,16,EAST 116 STREET,10029,40.800363549516,-73.945785115472,Manhattan,2026-08-11T11:06:00.000,Failed for Rat Activity,"{'latitude': '40.800363549516', 'longitude': '-73.945785115472', 'human_address': '{""address"": """", ""city"": """", ""state"": """", ""zip"": """"}'}",11,8,184,East Harlem (North),1016210063,1051656,,
Treatments,PC8733528,1,1952,29,2329,8 AVENUE,10027,40.810271728689,-73.951101776332,Manhattan,2026-08-11T11:06:51.000,Bait applied,"{'latitude': '40.810271728689', 'longitude': '-73.951101776332', 'human_address': '{""address"": """", ""city"": """", ""state"": """", ""zip"": """"}'}",10,9,257,Harlem (South),1019520029,1089315,,
Initial,PC8756555,1,128,2,240B,GREENWICH STREET,10007,40.714047602658,-74.011611647628,Manhattan,2026-08-11T11:07:00.000,Failed for Other Reason,"{'latitude': '40.714047602658', 'longitude': '-74.011611647628', 'human_address': '{""address"": """", ""city"": """", ""state"": """", ""zip"": """"}'}",1,1,21,Tribeca-Civic Center,1001280002,1001416,981031,199426
Initial,PC8763220,1,1182,143,330,WEST   71 STREET,10023,40.779389085176,-73.985643557147,Manhattan,2026-08-11T11:07:00.000,Failed for Rat Activity,"{'latitude': '40.779389085176', 'longitude': '-73.985643557147', 'human_address': '{""address"": """", ""city"": """", ""state"": """", ""zip"": """"}'}",7,6,159,Upper West Side-Lincoln Square,1011820143,1081070,988226,223232
Initial,PC8762346,1,464,58,5,ST MARKS PLACE,10003,40.729333308216,-73.989388717216,Manhattan,2026-08-11T11:08:00.000,Failed for Rat Activity,"{'latitude': '40.729333308216', 'longitude': '-73.989388717216', 'human_address': '{""address"": """", ""city"": """", ""state"": """", ""zip"": """"}'}",3,2,38,East Village,1004640058,1006761,,
Treatments,PC8629653,2,2514,1,1060,OGDEN AVENUE,10452,40.834589233434,-73.928425412148,Bronx,2026-08-11T11:09:00.000,Bait applied,"{'latitude': '40.834589233434', 'longitude': '-73.928425412148', 'human_address': '{""address"": """", ""city"": """", ""state"": """", ""zip"": """"}'}",4,16,193,Highbridge,2025140001,2000000,,
Initial,PC8761018,1,461,18,220,EAST 6 STREET,10003,40.727870376705,-73.989702844725,Manhattan,2026-08-11T11:09:07.000,Failed for Other Reason,"{'latitude': '40.727870376705', 'longitude': '-73.989702844725', 'human_address': '{""address"": """", ""city"": """", ""state"": """", ""zip"": """"}'}",3,2,38,East Village,1004610018,1006616,,
Stoppage,PC8761507,2,2425,7,1050,CLAY AVENUE,10456,40.828570134097,-73.91271337817,Bronx,2026-08-11T11:10:00.000,Stoppage done,"{'latitude': '40.828570134097', 'longitude': '-73.91271337817', 'human_address': '{""address"": """", ""city"": """", ""state"": """", ""zip"": """"}'}",4,16,143,Concourse-Concourse Village,2024250007,2002054,,
Treatments,PC8727375,3,3441,35,644,WILSON AVENUE,11207,40.688982136667,-73.9051622375,Brooklyn,2026-08-11T11:10:00.000,Bait applied,"{'latitude': '40.688982136667', 'longitude': '-73.9051622375', 'human_address': '{""address"": """", ""city"": """", ""state"": """", ""zip"": """"}'}",4,37,411,Bushwick (East),3034410035,3080022,,
Initial,PC8751995,3,1361,38,1238,ST MARKS AVENUE,11213,40.674031956178,-73.928742586665,Brooklyn,2026-08-11T11:10:00.000,Failed for Rat Activity and Other Reason,"{'latitude': '40.674031956178', 'longitude': '-73.928742586665', 'human_address': '{""address"": """", ""city"": """", ""state"": """", ""zip"": """"}'}",8,36,347,Crown Heights (North),3013610038,3036096,1004016,184855
Treatments,PC8719967,1,1750,50,1969,MADISON AVENUE,10035,40.806297677249,-73.94022102371,Manhattan,2026-08-11T11:10:00.000,Bait applied,"{'latitude': '40.806297677249', 'longitude': '-73.94022102371', 'human_address': '{""address"": """", ""city"": """", ""state"": """", ""zip"": """"}'}",11,9,198,East Harlem (North),1017500050,1079422,1000799,233041
Initial,PC8758267,2,4389,26,1464,ASTOR AVENUE,10469,40.859570559158,-73.843991935205,Bronx,2026-08-11T11:10:00.000,Failed for Other Reason,"{'latitude': '40.859570559158', 'longitude': '-73.843991935205', 'human_address': '{""address"": """", ""city"": """", ""state"": """", ""zip"": """"}'}",11,13,314,Pelham Gardens,2043890026,2050741,1027404,252483
Treatments,PC8407491,3,5162,26,832,OCEAN AVENUE,11226,40.64233653643,-73.959552615822,Brooklyn,2026-08-11T11:10:05.000,Bait applied,"{'latitude': '40.64233653643', 'longitude': '-73.959552615822', 'human_address': '{""address"": """", ""city"": """", ""state"": """", ""zip"": """"}'}",14,40,514,Flatbush,3051620026,3118801,995475,173302
Compliance,PC8746896,1,1182,38,310,West 71 street,10023,40.779279262224,-73.985383605518,Manhattan,2026-08-11T11:10:07.000,Failed for Rat Activity,"{'latitude': '40.779279262224', 'longitude': '-73.985383605518', 'human_address': '{""address"": """", ""city"": """", ""state"": """", ""zip"": """"}'}",7,6,159,Upper West Side-Lincoln Square,1011820038,1030933,,
Treatments,PC8614889,2,2511,44,901,WOODYCREST AVENUE,10452,40.830511300937,-73.929640358929,Bronx,2026-08-11T11:10:56.000,Bait applied,"{'latitude': '40.830511300937', 'longitude': '-73.929640358929', 'human_address': '{""address"": """", ""city"": """", ""state"": """", ""zip"": """"}'}",4,16,189,Highbridge,2025110044,2003181,,
Initial,PC8761107,1,1621,66,10,EAST 116 STREET,10029,40.800443235714,-73.945972870291,Manhattan,2026-08-11T11:13:58.000,Failed for Rat Activity,"{'latitude': '40.800443235714', 'longitude': '-73.945972870291', 'human_address': '{""address"": """", ""city"": """", ""state"": """", ""zip"": """"}'}",11,8,184,East Harlem (North),1016210066,1051659,,
Treatments,PC8716153,1,1055,41,412,WEST 46 STREET,10036,40.761244079061,-73.99139787543,Manhattan,2026-08-11T11:14:44.000,Bait applied,"{'latitude': '40.761244079061', 'longitude': '-73.99139787543', 'human_address': '{""address"": """", ""city"": """", ""state"": """", ""zip"": """"}'}",4,3,12102,Hell's Kitchen,1010550041,1026462,,
Initial,PC8749073,1,1039,48,324,WEST   49 STREET,10019,40.762152263936,-73.987762651491,Manhattan,2026-08-11T11:14:56.000,Failed for Rat Activity,"{'latitude': '40.762152263936', 'longitude': '-73.987762651491', 'human_address': '{""address"": """", ""city"": """", ""state"": """", ""zip"": """"}'}",4,3,127,Hell's Kitchen,1010390048,1025152,987640,216952
Initial,PC8761211,1,461,17,218,EAST 6 STREET,10003,40.727897830175,-73.98976778401,Manhattan,2026-08-11T11:14:56.000,Failed for Rat Activity and Other Reason,"{'latitude': '40.727897830175', 'longitude': '-73.98976778401', 'human_address': '{""address"": """", ""city"": """", ""state"": """", ""zip"": """"}'}",3,2,38,East Village,1004610017,1006615,,
Initial,PC8764398,4,1364,16,90-18,ASTORIA BOULEVARD,11369,40.763573761065,-73.878732098227,Queens,2026-08-11T11:15:00.000,Failed for Rat Activity,"{'latitude': '40.763573761065', 'longitude': '-73.878732098227', 'human_address': '{""address"": """", ""city"": """", ""state"": """", ""zip"": """"}'}",3,22,329,East Elmhurst,4013640016,4032420,1017843,217493
Initial,PC8755520,1,1158,7506,200,WEST END AVENUE,10023,40.778184081416,-73.985196089929,Manhattan,2026-08-11T11:15:21.000,Failed for Other Reason,"{'latitude': '40.778184081416', 'longitude': '-73.985196089929', 'human_address': '{""address"": """", ""city"": """", ""state"": """", ""zip"": """"}'}",7,6,15501,Upper West Side-Lincoln Square,1011587506,1030352,988350,222793
Initial,PC8763158,1,464,57,7,ST MARKS PLACE,10003,40.729297618221,-73.989302129704,Manhattan,2026-08-11T11:15:28.000,Failed for Rat Activity,"{'latitude': '40.729297618221', 'longitude': '-73.989302129704', 'human_address': '{""address"": """", ""city"": """", ""state"": """", ""zip"": """"}'}",3,2,38,East Village,1004640057,1006760,,
Stoppage,PC8740410,1,1570,5,403,EAST 90 STREET,10128,40.779281741922,-73.947131109658,Manhattan,2026-08-11T11:17:00.000,Stoppage done,"{'latitude': '40.779281741922', 'longitude': '-73.947131109658', 'human_address': '{""address"": """", ""city"": """", ""state"": """", ""zip"": """"}'}",8,5,152,Upper East Side-Yorkville,1015700005,1050723,,
Initial,PC8764433,3,6760,58,1589,EAST   13 STREET,11230,40.610760886922,-73.96053705489,Brooklyn,2026-08-11T11:17:22.000,Failed for Other Reason,"{'latitude': '40.610760886922', 'longitude': '-73.96053705489', 'human_address': '{""address"": """", ""city"": """", ""state"": """", ""zip"": """"}'}",14,48,542,Midwood,3067600058,3181777,995207,161798
Initial,PC8765139,3,3519,2,,,11212,,,Brooklyn,2026-08-11T11:17:51.000,Failed for Other Reason,,,,,,,,,
Compliance,PC8751059,3,5156,58,385,Argyle Road,11218,40.639796976449,-73.966043511656,Brooklyn,2026-08-11T11:18:00.000,Failed for Rat Activity,"{'latitude': '40.639796976449', 'longitude': '-73.966043511656', 'human_address': '{""address"": """", ""city"": """", ""state"": """", ""zip"": """"}'}",14,40,520,Flatbush (West)-Ditmas Park-Parkville,3051560058,3118669,,
Treatments,PC8728054,1,164,16,60,MULBERRY STREET,10013,40.715563301562,-73.999466118958,Manhattan,2026-08-11T11:20:07.000,Bait applied,"{'latitude': '40.715563301562', 'longitude': '-73.999466118958', 'human_address': '{""address"": """", ""city"": """", ""state"": """", ""zip"": """"}'}",3,1,2902,Chinatown-Two Bridges,1001640016,1079236,984398,199978
Treatments,PC8674477,2,4507,1,663,ALLERTON AVENUE,10467,40.865403777656,-73.868675463754,Bronx,2026-08-11T11:20:43.000,Bait applied,"{'latitude': '40.865403777656', 'longitude': '-73.868675463754', 'human_address': '{""address"": """", ""city"": """", ""state"": """", ""zip"": """"}'}",11,12,33601,Allerton,2045070001,2053527,1020573,254597
Initial,PC8761306,1,1621,69,1415,5 AVENUE,10029,40.800487432208,-73.946572413814,Manhattan,2026-08-11T11:21:44.000,Failed for Rat Activity,"{'latitude': '40.800487432208', 'longitude': '-73.946572413814', 'human_address': '{""address"": """", ""city"": """", ""state"": """", ""zip"": """"}'}",11,8,184,East Harlem (North),1016210069,1051660,,
Treatments,PC8701582,1,1953,21,327,WEST 126 STREET,10027,40.811161163926,-73.951426245908,Manhattan,2026-08-11T11:22:56.000,Bait applied,"{'latitude': '40.811161163926', 'longitude': '-73.951426245908', 'human_address': '{""address"": """", ""city"": """", ""state"": """", ""zip"": """"}'}",10,9,215,Harlem (North),1019530021,1059333,,
Initial,PC8763421,2,3333,52,3063,HULL AVENUE,10467,40.8717722581,-73.879336723645,Bronx,2026-08-11T11:22:58.000,Failed for Rat Activity and Other Reason,"{'latitude': '40.8717722581', 'longitude': '-73.879336723645', 'human_address': '{""address"": """", ""city"": """", ""state"": """", ""zip"": """"}'}",7,11,425,Norwood,2033330052,2017957,1017621,256913
Stoppage,PC8760762,2,2268,22,540,EAST 142 STREET,10454,40.809878297286,-73.916223988564,Bronx,2026-08-11T11:23:00.000,Stoppage done,"{'latitude': '40.809878297286', 'longitude': '-73.916223988564', 'human_address': '{""address"": """", ""city"": """", ""state"": """", ""zip"": """"}'}",1,8,41,Mott Haven-Port Morris,2022680022,2128984,,
Initial,PC8760315,1,1940,112,253,WEST 134 STREET,10030,40.815272973963,-73.945704281062,Manhattan,2026-08-11T11:23:00.000,Failed for Rat Activity,"{'latitude': '40.815272973963', 'longitude': '-73.945704281062', 'human_address': '{""address"": """", ""city"": """", ""state"": """", ""zip"": """"}'}",10,9,228,Harlem (North),1019400112,1075469,,
Treatments,PC8715480,2,2504,6,936,WOODYCREST AVENUE,10452,40.830717045514,-73.929459461884,Bronx,2026-08-11T11:25:56.000,Bait applied,"{'latitude': '40.830717045514', 'longitude': '-73.929459461884', 'human_address': '{""address"": """", ""city"": """", ""state"": """", ""zip"": """"}'}",4,16,189,Highbridge,2025040006,2090416,,
Initial,PC8759360,1,1709,40,416,EAST  116 STREET,10029,40.795628495989,-73.934556722644,Manhattan,2026-08-11T11:26:00.000,Failed for Rat Activity and Other Reason,"{'latitude': '40.795628495989', 'longitude': '-73.934556722644', 'human_address': '{""address"": """", ""city"": """", ""state"": """", ""zip"": """"}'}",11,8,178,East Harlem (North),1017090040,1053060,1002370,229155
Treatments,PC8688519,3,3397,36,502,WILSON AVENUE,11221,40.692145828664,-73.910711013352,Brooklyn,2026-08-11T11:27:57.000,Bait applied,"{'latitude': '40.692145828664', 'longitude': '-73.910711013352', 'human_address': '{""address"": """", ""city"": """", ""state"": """", ""zip"": """"}'}",4,37,413,Bushwick (East),3033970036,3000000,,
Initial,PC8761291,1,461,12,208,EAST 6 STREET,10003,40.728029606507,-73.990081658113,Manhattan,2026-08-11T11:29:46.000,Failed for Rat Activity,"{'latitude': '40.728029606507', 'longitude': '-73.990081658113', 'human_address': '{""address"": """", ""city"": """", ""state"": """", ""zip"": """"}'}",3,2,38,East Village,1004610012,1006613,,
Initial,PC8763423,4,4505,24,149-42,12 ROAD,11357,40.789493203301,-73.815385293868,Queens,2026-08-11T11:30:00.000,Failed for Other Reason,"{'latitude': '40.789493203301', 'longitude': '-73.815385293868', 'human_address': '{""address"": """", ""city"": """", ""state"": """", ""zip"": """"}'}",7,19,981,Whitestone-Beechhurst,4045050024,4102472,1035371,226967
Compliance,PC8734869,3,3045,27,199,MESEROLE STREET,11206,40.708315552453,-73.940796164697,Brooklyn,2026-08-11T11:30:00.000,Failed for Rat Activity,"{'latitude': '40.708315552453', 'longitude': '-73.940796164697', 'human_address': '{""address"": """", ""city"": """", ""state"": """", ""zip"": """"}'}",1,34,49302,East Williamsburg,3030450027,3327931,,
Initial,PC8761498,2,2366,22,501,EAST  161 STREET,10451,40.823040084362,-73.909942143901,Bronx,2026-08-11T11:30:03.000,Failed for Rat Activity and Other Reason,"{'latitude': '40.823040084362', 'longitude': '-73.909942143901', 'human_address': '{""address"": """", ""city"": """", ""state"": """", ""zip"": """"}'}",3,17,141,Morrisania,2023660022,2116630,1009175,239148
Treatments,PC8605038,3,5206,62,961,OCEAN AVENUE,11226,40.638883360354,-73.958877326025,Brooklyn,2026-08-11T11:30:05.000,Bait applied,"{'latitude': '40.638883360354', 'longitude': '-73.958877326025', 'human_address': '{""address"": """", ""city"": """", ""state"": """", ""zip"": """"}'}",14,40,51601,Flatbush,3052060062,3120264,,
Treatments,PC8700298,1,1751,32,59,EAST 126 STREET,10035,40.806182080432,-73.939614272403,Manhattan,2026-08-11T11:30:47.000,Bait applied,"{'latitude': '40.806182080432', 'longitude': '-73.939614272403', 'human_address': '{""address"": """", ""city"": """", ""state"": """", ""zip"": """"}'}",11,9,206,East Harlem (North),1017510032,1054098,,
Initial,PC8759905,1,2224,33,128,SHERMAN AVENUE,10034,40.864144746779,-73.924470774641,Manhattan,2026-08-11T11:31:43.000,Failed for Other Reason,"{'latitude': '40.864144746779', 'longitude': '-73.924470774641', 'human_address': '{""address"": """", ""city"": """", ""state"": """", ""zip"": """"}'}",12,10,291,Inwood,1022240033,1064809,1005141,254120
Treatments,PC8722577,1,1615,60,8,EAST  110 STREET,10029,40.796541373847,-73.948522304685,Manhattan,2026-08-11T11:32:16.000,Bait applied,"{'latitude': '40.796541373847', 'longitude': '-73.948522304685', 'human_address': '{""address"": """", ""city"": """", ""state"": """", ""zip"": """"}'}",11,9,17401,East Harlem (South),1016150060,1051606,998503,229485
Treatments,PC8692707,1,1093,9,621,WEST 45 STREET,10036,40.763003764209,-73.997505570408,Manhattan,2026-08-11T11:34:44.000,Bait applied,"{'latitude': '40.763003764209', 'longitude': '-73.997505570408', 'human_address': '{""address"": """", ""city"": """", ""state"": """", ""zip"": """"}'}",4,3,12901,Hell's Kitchen,1010930009,1000000,,
Initial,PC8763399,2,4777,2,3155,GRACE AVENUE,10469,40.874388064573,-73.837115638532,Bronx,2026-08-11T11:35:06.000,Failed for Other Reason,"{'latitude': '40.874388064573', 'longitude': '-73.837115638532', 'human_address': '{""address"": """", ""city"": """", ""state"": """", ""zip"": """"}'}",12,12,46208,Eastchester-Edenwald-Baychester,2047770002,2062196,1029296,257885
Treatments,PC8732204,1,199,3,83,BAXTER STREET,10013,40.716713360597,-73.999812416925,Manhattan,2026-08-11T11:35:07.000,Bait applied,"{'latitude': '40.716713360597', 'longitude': '-73.999812416925', 'human_address': '{""address"": """", ""city"": """", ""state"": """", ""zip"": """"}'}",3,1,2902,Chinatown-Two Bridges,1001990003,1002368,,
Compliance,PC8737289,3,3447,33,230,MOFFAT STREET,11207,40.688630934008,-73.905317790226,Brooklyn,2026-08-11T11:36:00.000,Failed for Rat Activity,"{'latitude': '40.688630934008', 'longitude': '-73.905317790226', 'human_address': '{""address"": """", ""city"": """", ""state"": """", ""zip"": """"}'}",4,37,411,Bushwick (East),3034470033,3080172,,
Compliance,PC8732366,1,1709,142,412,EAST  116 STREET,10029,40.795666975951,-73.9346505879,Manhattan,2026-08-11T11:36:08.000,Failed for Rat Activity,"{'latitude': '40.795666975951', 'longitude': '-73.9346505879', 'human_address': '{""address"": """", ""city"": """", ""state"": """", ""zip"": """"}'}",11,8,178,East Harlem (North),1017090142,1053069,1002344,229169
Initial,PC8763260,3,1464,10,1808,PROSPECT PLACE,11233,40.672447971159,-73.916202612891,Brooklyn,2026-08-11T11:36:51.000,Failed for Rat Activity and Other Reason,"{'latitude': '40.672447971159', 'longitude': '-73.916202612891', 'human_address': '{""address"": """", ""city"": """", ""state"": """", ""zip"": """"}'}",16,41,363,Ocean Hill,3014640010,3039311,1007495,184281
Treatments,PC8674900,2,2486,25,1025,GERARD AVENUE,10452,40.830968101494,-73.922914989463,Bronx,2026-08-11T11:37:00.000,Bait applied,"{'latitude': '40.830968101494', 'longitude': '-73.922914989463', 'human_address': '{""address"": """", ""city"": """", ""state"": """", ""zip"": """"}'}",4,16,195,Concourse-Concourse Village,2024860025,2002993,,
Initial,PC8761083,1,1621,7,11,EAST 115 STREET,10029,40.799471511663,-73.945796680391,Manhattan,2026-08-11T11:37:44.000,Failed for Other Reason,"{'latitude': '40.799471511663', 'longitude': '-73.945796680391', 'human_address': '{""address"": """", ""city"": """", ""state"": """", ""zip"": """"}'}",11,8,184,East Harlem (North),1016210007,1000000,,
Initial,PC8760494,1,1940,7504,233,WEST 134 STREET,10030,40.815108102537,-73.94531062945,Manhattan,2026-08-11T11:38:00.000,Failed for Rat Activity,"{'latitude': '40.815108102537', 'longitude': '-73.94531062945', 'human_address': '{""address"": """", ""city"": """", ""state"": """", ""zip"": """"}'}",10,9,228,Harlem (North),1019407504,1058831,,
Compliance,PC8746091,3,1801,55,543,LEXINGTON AVENUE,11221,40.688923389924,-73.940131942067,Brooklyn,2026-08-11T11:38:01.000,Failed for Other Reason,"{'latitude': '40.688923389924', 'longitude': '-73.940131942067', 'human_address': '{""address"": """", ""city"": """", ""state"": """", ""zip"": """"}'}",3,36,279,Bedford-Stuyvesant (East),3018010055,3050543,,
Compliance,PC8738560,3,1360,58,162,UTICA AVENUE,11213,40.673385387333,-73.930697198497,Brooklyn,2026-08-11T11:39:00.000,Failed for Rat Activity,"{'latitude': '40.673385387333', 'longitude': '-73.930697198497', 'human_address': '{""address"": """", ""city"": """", ""state"": """", ""zip"": """"}'}",8,36,345,Crown Heights (North),3013600058,3036047,1003474,184619
Compliance,PC8574669,1,1821,59,140,WEST  112 STREET,10026,40.800199440268,-73.953344975441,Manhattan,2026-08-11T11:39:54.000,Failed for Rat Activity and Other Reason,"{'latitude': '40.800199440268', 'longitude': '-73.953344975441', 'human_address': '{""address"": """", ""city"": """", ""state"": """", ""zip"": """"}'}",10,9,216,Harlem (South),1018210059,1054968,997167,230817
Treatments,PC8739361,4,3097,20,64-62,BOOTH STREET,11374,40.727745200109,-73.86079738498,Queens,2026-08-11T11:40:02.000,Bait applied,"{'latitude': '40.727745200109', 'longitude': '-73.86079738498', 'human_address': '{""address"": """", ""city"": """", ""state"": """", ""zip"": """"}'}",6,30,69701,Rego Park,4030970020,4072538,1022832,204447
Treatments,PC8605040,3,5206,57,975,OCEAN AVENUE,11226,40.638622587984,-73.958827043537,Brooklyn,2026-08-11T11:40:05.000,Bait applied,"{'latitude': '40.638622587984', 'longitude': '-73.958827043537', 'human_address': '{""address"": """", ""city"": """", ""state"": """", ""zip"": """"}'}",14,40,51601,Flatbush,3052060057,3120262,,
Compliance,PC8684656,1,1041,57,358,WEST   51 STREET,10019,40.763782648495,-73.987747911074,Manhattan,2026-08-11T11:40:16.000,Failed for Rat Activity,"{'latitude': '40.763782648495', 'longitude': '-73.987747911074', 'human_address': '{""address"": """", ""city"": """", ""state"": """", ""zip"": """"}'}",4,3,133,Hell's Kitchen,1010410057,1025184,987644,217546
Treatments,PC8715578,1,2011,13,145,WEST  142 STREET,10030,40.819244179353,-73.939342241831,Manhattan,2026-08-11T11:40:43.000,Bait applied,"{'latitude': '40.819244179353', 'longitude': '-73.939342241831', 'human_address': '{""address"": """", ""city"": """", ""state"": """", ""zip"": """"}'}",10,9,232,Harlem (North),1020110013,1060105,1001039,237758
Initial,PC8761311,1,436,52,95,ST MARKS PLACE,10009,40.727397734866,-73.984821365126,Manhattan,2026-08-11T11:41:00.000,Failed for Rat Activity,"{'latitude': '40.727397734866', 'longitude': '-73.984821365126', 'human_address': '{""address"": """", ""city"": """", ""state"": """", ""zip"": """"}'}",3,2,32,East Village,1004360052,1082476,,
Initial,PC8761286,1,1621,12,21,EAST 115 STREET,10029,40.799419301714,-73.945670307733,Manhattan,2026-08-11T11:41:44.000,Failed for Rat Activity,"{'latitude': '40.799419301714', 'longitude': '-73.945670307733', 'human_address': '{""address"": """", ""city"": """", ""state"": """", ""zip"": """"}'}",11,8,184,East Harlem (North),1016210012,1081497,,
Compliance,PC8693640,3,1584,7,362,STOCKTON STREET,11206,40.697471922826,-73.937441132115,Brooklyn,2026-08-11T11:42:00.000,Failed for Rat Activity and Other Reason,"{'latitude': '40.697471922826', 'longitude': '-73.937441132115', 'human_address': '{""address"": """", ""city"": """", ""state"": """", ""zip"": """"}'}",3,36,287,Bedford-Stuyvesant (East),3015840007,3042869,,
Initial,PC8760679,2,3054,35,2361,HOFFMAN STREET,10458,40.855217697205,-73.889159666491,Bronx,2026-08-11T11:42:18.000,Failed for Other Reason,"{'latitude': '40.855217697205', 'longitude': '-73.889159666491', 'human_address': '{""address"": """", ""city"": """", ""state"": """", ""zip"": """"}'}",6,15,387,Belmont,2030540035,2011671,,
Initial,PC8763300,3,1459,1,1797,PROSPECT PLACE,11233,40.672478337406,-73.916440502393,Brooklyn,2026-08-11T11:42:51.000,Failed for Rat Activity,"{'latitude': '40.672478337406', 'longitude': '-73.916440502393', 'human_address': '{""address"": """", ""city"": """", ""state"": """", ""zip"": """"}'}",16,41,363,Ocean Hill,3014590001,3039196,1007429,184292
Treatments,PC8650628,3,1848,1,4,MACON STREET,11216,40.68091650437,-73.950886925887,Brooklyn,2026-08-11T11:43:00.000,Bait applied,"{'latitude': '40.68091650437', 'longitude': '-73.950886925887', 'human_address': '{""address"": """", ""city"": """", ""state"": """", ""zip"": """"}'}",3,36,245,Bedford-Stuyvesant (West),3018480001,3053214,,
Compliance,PC8738982,3,5141,124,729,CONEY ISLAND AVENUE,11218,40.639633094071,-73.968875698007,Brooklyn,2026-08-11T11:44:34.000,Failed for Other Reason,"{'latitude': '40.639633094071', 'longitude': '-73.968875698007', 'human_address': '{""address"": """", ""city"": """", ""state"": """", ""zip"": """"}'}",14,39,1522,Flatbush (West)-Ditmas Park-Parkville,3051410124,3118202,992888,172316
Initial,PC8764063,4,4514,19,150-38,9 AVENUE,11357,40.79332902298,-73.814547572519,Queens,2026-08-11T11:45:00.000,Failed for Other Reason,"{'latitude': '40.79332902298', 'longitude': '-73.814547572519', 'human_address': '{""address"": """", ""city"": """", ""state"": """", ""zip"": """"}'}",7,19,981,Whitestone-Beechhurst,4045140019,4102609,1035600,228365
Compliance,PC8734772,3,3044,29,165,MESEROLE STREET,11206,40.708148998713,-73.942520412525,Brooklyn,2026-08-11T11:45:00.000,Failed for Rat Activity,"{'latitude': '40.708148998713', 'longitude': '-73.942520412525', 'human_address': '{""address"": """", ""city"": """", ""state"": """", ""zip"": """"}'}",1,34,49302,East Williamsburg,3030440029,3070999,,
Treatments,PC8651142,3,3257,5,201,WILSON AVENUE,11237,40.699008265852,-73.922739972894,Brooklyn,2026-08-11T11:45:18.000,Bait applied,"{'latitude': '40.699008265852', 'longitude': '-73.922739972894', 'human_address': '{""address"": """", ""city"": """", ""state"": """", ""zip"": """"}'}",4,37,431,Bushwick (West),3032570005,3074129,,
Treatments,PC8700353,1,1751,41,78,EAST 127 STREET,10035,40.806656512352,-73.938840816437,Manhattan,2026-08-11T11:45:29.000,Bait applied,"{'latitude': '40.806656512352', 'longitude': '-73.938840816437', 'human_address': '{""address"": """", ""city"": """", ""state"": """", ""zip"": """"}'}",11,9,206,East Harlem (North),1017510041,1054104,,
Initial,PC8758503,2,2840,5,1328,JEROME AVENUE,10452,40.83862585197,-73.918825871451,Bronx,2026-08-11T11:45:40.000,Failed for Rat Activity,"{'latitude': '40.83862585197', 'longitude': '-73.918825871451', 'human_address': '{""address"": """", ""city"": """", ""state"": """", ""zip"": """"}'}",4,16,22101,Mount Eden-Claremont (West),2028400005,2117815,,
Initial,PC8747564,1,1041,59,360,WEST   51 STREET,10019,40.763793630221,-73.987773178532,Manhattan,2026-08-11T11:45:47.000,Failed for Rat Activity,"{'latitude': '40.763793630221', 'longitude': '-73.987773178532', 'human_address': '{""address"": """", ""city"": """", ""state"": """", ""zip"": """"}'}",4,3,133,Hell's Kitchen,1010410059,1025185,987637,217550
Initial,PC8761356,2,3301,100,2761,BRIGGS AVENUE,10458,40.867542939644,-73.890617817,Bronx,2026-08-11T11:45:58.000,Failed for Other Reason,"{'latitude': '40.867542939644', 'longitude': '-73.890617817', 'human_address': '{""address"": """", ""city"": """", ""state"": """", ""zip"": """"}'}",7,15,40501,Bedford Park,2033010100,2017069,1014503,255368
Initial,PC8760163,2,3054,34,2365,HOFFMAN STREET,10458,40.855275291188,-73.88911257626,Bronx,2026-08-11T11:46:18.000,Failed for Other Reason,"{'latitude': '40.855275291188', 'longitude': '-73.88911257626', 'human_address': '{""address"": """", ""city"": """", ""state"": """", ""zip"": """"}'}",6,15,387,Belmont,2030540034,2011670,,
Compliance,PC8700142,1,1711,44,EAST,118 STREET,10035,,,Manhattan,2026-08-11T11:47:08.000,Failed for Rat Activity,,,,,,,,,
Initial,PC8756573,1,1060,36,402,WEST   51 STREET,10019,40.764296041919,-73.988967980711,Manhattan,2026-08-11T11:50:00.000,Failed for Other Reason,"{'latitude': '40.764296041919', 'longitude': '-73.988967980711', 'human_address': '{""address"": """", ""city"": """", ""state"": """", ""zip"": """"}'}",4,3,133,Hell's Kitchen,1010600036,1026690,987306,217733
Treatments,PC8525095,3,5220,75,1039,OCEAN AVENUE,11226,40.637074424528,-73.958532552704,Brooklyn,2026-08-11T11:50:05.000,Bait applied,"{'latitude': '40.637074424528', 'longitude': '-73.958532552704', 'human_address': '{""address"": """", ""city"": """", ""state"": """", ""zip"": """"}'}",14,45,51601,Flatbush,3052200075,3120596,995759,171385
Treatments,PC8700020,1,200,20,79,MOTT ST,10013,40.716425142794,-73.998008742158,Manhattan,2026-08-11T11:50:07.000,Bait applied,"{'latitude': '40.716425142794', 'longitude': '-73.998008742158', 'human_address': '{""address"": """", ""city"": """", ""state"": """", ""zip"": """"}'}",3,1,2902,Chinatown-Two Bridges,1002000020,1002393,,
Compliance,PC8749807,3,6712,73,1434,OCEAN AVENUE,11230,40.627112916727,-73.956669065399,Brooklyn,2026-08-11T11:50:22.000,Failed for Rat Activity,"{'latitude': '40.627112916727', 'longitude': '-73.956669065399', 'human_address': '{""address"": """", ""city"": """", ""state"": """", ""zip"": """"}'}",14,44,762,Midwood,3067120073,3179805,996278,167756
Treatments,PC8636505,2,2525,20,162,WEST 165 STREET,10452,40.834589688114,-73.929159009791,Bronx,2026-08-11T11:50:56.000,Bait applied,"{'latitude': '40.834589688114', 'longitude': '-73.929159009791', 'human_address': '{""address"": """", ""city"": """", ""state"": """", ""zip"": """"}'}",4,16,189,Highbridge,2025250020,2003464,,
Initial,PC8765001,1,2232,16,501,WEST  214 STREET,10034,40.868952999725,-73.915831098788,Manhattan,2026-08-11T11:51:43.000,Failed for Rat Activity and Other Reason,"{'latitude': '40.868952999725', 'longitude': '-73.915831098788', 'human_address': '{""address"": """", ""city"": """", ""state"": """", ""zip"": """"}'}",12,10,303,Inwood,1022320016,1064889,1007529,255874
Initial,PC8758254,3,3444,16,22,MOFFAT STREET,11207,40.683675035605,-73.910177957584,Brooklyn,2026-08-11T11:53:00.000,Failed for Other Reason,"{'latitude': '40.683675035605', 'longitude': '-73.910177957584', 'human_address': '{""address"": """", ""city"": """", ""state"": """", ""zip"": """"}'}",4,37,403,Bushwick (East),3034440016,3398683,1009162,188373
Initial,PC8758350,2,2840,8,14,MARCY PLACE,10452,40.838790043778,-73.91813177978,Bronx,2026-08-11T11:53:07.000,Failed for Rat Activity,"{'latitude': '40.838790043778', 'longitude': '-73.91813177978', 'human_address': '{""address"": """", ""city"": """", ""state"": """", ""zip"": """"}'}",4,16,22101,Mount Eden-Claremont (West),2028400008,2008046,,
Treatments,PC8726560,1,770,75,212,8 AVENUE,10011,40.743856344065,-73.999509197466,Manhattan,2026-08-11T11:54:00.000,Bait applied,"{'latitude': '40.743856344065', 'longitude': '-73.999509197466', 'human_address': '{""address"": """", ""city"": """", ""state"": """", ""zip"": """"}'}",4,3,87,Chelsea-Hudson Yards,1007700075,1014058,,
Initial,PC8761038,1,461,53,207,EAST 5 STREET,10003,40.727527370705,-73.990756420641,Manhattan,2026-08-11T11:54:50.000,Failed for Rat Activity,"{'latitude': '40.727527370705', 'longitude': '-73.990756420641', 'human_address': '{""address"": """", ""city"": """", ""state"": """", ""zip"": """"}'}",3,2,38,East Village,1004610053,1006641,,
Compliance,PC8669985,1,2016,50,2541,ADAM CLAYTON POWELL BOULEVARD,,0.00000000000000000000,0.00000000000000000000,Manhattan,2026-08-11T11:55:00.000,Failed for Rat Activity and Other Reason,"{'latitude': '0.0', 'longitude': '0.0', 'human_address': '{""address"": """", ""city"": """", ""state"": """", ""zip"": """"}'}",10,9,236,Harlem (North),1020160050,1079770,1001396,239133
Treatments,PC8624087,3,3973,57,787,LIBERTY AVENUE,11208,40.676739548358,-73.880707623339,Brooklyn,2026-08-11T11:55:05.000,Bait applied,"{'latitude': '40.676739548358', 'longitude': '-73.880707623339', 'human_address': '{""address"": """", ""city"": """", ""state"": """", ""zip"": """"}'}",5,37,1168,Cypress Hills,3039730057,3088431,1017339,185856
Compliance,PC8735719,2,3105,12,2434A,BEAUMONT AVENUE,10458,40.855165872934,-73.883928981237,Bronx,2026-08-11T11:55:10.000,Failed for Rat Activity,"{'latitude': '40.855165872934', 'longitude': '-73.883928981237', 'human_address': '{""address"": """", ""city"": """", ""state"": """", ""zip"": """"}'}",6,15,389,Belmont,2031050012,2116142,,
Initial,PC8763895,3,3318,13,274,IRVING AVENUE,11237,40.699535509738,-73.915317315659,Brooklyn,2026-08-11T11:55:57.000,Failed for Rat Activity,"{'latitude': '40.699535509738', 'longitude': '-73.915317315659', 'human_address': '{""address"": """", ""city"": """", ""state"": """", ""zip"": """"}'}",4,37,433,Bushwick (East),3033180013,3075934,,
Initial,PC8760698,2,3054,29,2383,HOFFMAN STREET,10458,40.855527593308,-73.888891643409,Bronx,2026-08-11T11:56:18.000,Failed for Other Reason,"{'latitude': '40.855527593308', 'longitude': '-73.888891643409', 'human_address': '{""address"": """", ""city"": """", ""state"": """", ""zip"": """"}'}",6,15,387,Belmont,2030540029,2011667,,
Initial,PC8761232,1,461,52,209,EAST 5 STREET,10003,40.727513644254,-73.990723950969,Manhattan,2026-08-11T11:59:14.000,Failed for Rat Activity,"{'latitude': '40.727513644254', 'longitude': '-73.990723950969', 'human_address': '{""address"": """", ""city"": """", ""state"": """", ""zip"": """"}'}",3,2,38,East Village,1004610052,1076944,,
Initial,PC8763683,3,3318,14,276,IRVING AVENUE,11237,40.699508027396,-73.915270467061,Brooklyn,2026-08-11T11:59:57.000,Failed for Rat Activity,"{'latitude': '40.699508027396', 'longitude': '-73.915270467061', 'human_address': '{""address"": """", ""city"": """", ""state"": """", ""zip"": """"}'}",4,37,433,Bushwick (East),3033180014,3075935,,
Treatments,PC8699346,2,2476,50,911,WALTON AVENUE,10452,40.828385619252,-73.923391354239,Bronx,2026-08-11T12:00:00.000,Bait applied,"{'latitude': '40.828385619252', 'longitude': '-73.923391354239', 'human_address': '{""address"": """", ""city"": """", ""state"": """", ""zip"": """"}'}",4,16,195,Concourse-Concourse Village,2024760050,2002918,,
Initial,PC8764588,1,1922,36,000,7 AVENUE,,0.00000000000000000000,0.00000000000000000000,Manhattan,2026-08-11T12:00:10.000,Failed for Rat Activity,"{'latitude': '0.0', 'longitude': '0.0', 'human_address': '{""address"": """", ""city"": """", ""state"": """", ""zip"": """"}'}",,,,,,,,
Initial,PC8759997,1,1262,9,59,WEST 46 STREET,10036,40.75679629286,-73.980840530053,Manhattan,2026-08-11T12:01:00.000,Failed for Rat Activity and Other Reason,"{'latitude': '40.75679629286', 'longitude': '-73.980840530053', 'human_address': '{""address"": """", ""city"": """", ""state"": """", ""zip"": """"}'}",5,4,96,Midtown-Times Square,1012620009,1081126,,
Initial,PC8764427,5,221,58,102,ELIZABETH STREET,10310,40.631553850912,-74.120338955785,Staten Island,2026-08-11T12:02:28.000,Failed for Other Reason,"{'latitude': '40.631553850912', 'longitude': '-74.120338955785', 'human_address': '{""address"": """", ""city"": """", ""state"": """", ""zip"": """"}'}",1,49,125,West New Brighton-Silver Lake-Grymes Hill,5002210058,5005969,950848,169394
Initial,PC8764553,2,2376,23,701,ELTON AVENUE,10455,40.819305207662,-73.914474245785,Bronx,2026-08-11T12:03:03.000,Failed for Other Reason,"{'latitude': '40.819305207662', 'longitude': '-73.914474245785', 'human_address': '{""address"": """", ""city"": """", ""state"": """", ""zip"": """"}'}",1,17,67,Melrose,2023760023,2001386,1007922,237786
Initial,PC8760060,2,3054,26,2389,HOFFMAN STREET,10458,40.855609861768,-73.888815591871,Bronx,2026-08-11T12:03:18.000,Failed for Other Reason,"{'latitude': '40.855609861768', 'longitude': '-73.888815591871', 'human_address': '{""address"": """", ""city"": """", ""state"": """", ""zip"": """"}'}",6,15,387,Belmont,2030540026,2011665,,
Initial,PC8761160,1,461,50,213,EAST 5 STREET,10003,40.727486191618,-73.990662619616,Manhattan,2026-08-11T12:04:51.000,Failed for Rat Activity,"{'latitude': '40.727486191618', 'longitude': '-73.990662619616', 'human_address': '{""address"": """", ""city"": """", ""state"": """", ""zip"": """"}'}",3,2,38,East Village,1004610050,1006639,,
Initial,PC8760969,1,436,16,418,EAST 9 STREET,10009,40.727781883732,-73.983951756917,Manhattan,2026-08-11T12:04:57.000,Failed for Rat Activity,"{'latitude': '40.727781883732', 'longitude': '-73.983951756917', 'human_address': '{""address"": """", ""city"": """", ""state"": """", ""zip"": """"}'}",3,2,32,East Village,1004360016,1005869,,
Initial,PC8761430,3,1973,56,249,GATES AVENUE,11238,40.685409643208,-73.957618990399,Brooklyn,2026-08-11T12:06:28.000,Failed for Other Reason,"{'latitude': '40.685409643208', 'longitude': '-73.957618990399', 'human_address': '{""address"": """", ""city"": """", ""state"": """", ""zip"": """"}'}",3,36,229,Bedford-Stuyvesant (West),3019730056,3056554,995983,188992
Initial,PC8765000,1,2231,1,5030,BROADWAY,10034,40.869028154612,-73.917273652885,Manhattan,2026-08-11T12:07:43.000,Failed for Rat Activity,"{'latitude': '40.869028154612', 'longitude': '-73.917273652885', 'human_address': '{""address"": """", ""city"": """", ""state"": """", ""zip"": """"}'}",12,10,303,Inwood,1022310001,1064883,1007100,255881
Initial,PC8760777,3,5343,37,803,BEVERLY ROAD,11218,40.643597231118,-73.971457478754,Brooklyn,2026-08-11T12:08:00.000,Failed for Rat Activity and Other Reason,"{'latitude': '40.643597231118', 'longitude': '-73.971457478754', 'human_address': '{""address"": """", ""city"": """", ""state"": """", ""zip"": """"}'}",12,40,492,Kensington,3053430037,3124823,992171,173760
Compliance,PC8727982,3,5343,35,807,BEVERLY ROAD,11218,40.643608183257,-73.971349372068,Brooklyn,2026-08-11T12:08:34.000,Failed for Rat Activity,"{'latitude': '40.643608183257', 'longitude': '-73.971349372068', 'human_address': '{""address"": """", ""city"": """", ""state"": """", ""zip"": """"}'}",12,40,492,Kensington,3053430035,3124822,992171,173760
Treatments,PC8720356,1,717,46,404,WEST 20 STREET,10011,40.744819711892,-74.003204698358,Manhattan,2026-08-11T12:08:44.000,Bait applied,"{'latitude': '40.744819711892', 'longitude': '-74.003204698358', 'human_address': '{""address"": """", ""city"": """", ""state"": """", ""zip"": """"}'}",4,3,89,Chelsea-Hudson Yards,1007170046,1012582,,
Compliance,PC8696876,1,1826,7503,2040,FREDERICK DOUGLASS B,,0.00000000000000000000,0.00000000000000000000,Manhattan,2026-08-11T12:08:54.000,Failed for Rat Activity,"{'latitude': '0.0', 'longitude': '0.0', 'human_address': '{""address"": """", ""city"": """", ""state"": """", ""zip"": """"}'}",,,,,,,,
Initial,PC8760430,1,1940,25,211,WEST 134 STREET,10030,40.814923995756,-73.944873643239,Manhattan,2026-08-11T12:09:00.000,Failed for Rat Activity,"{'latitude': '40.814923995756', 'longitude': '-73.944873643239', 'human_address': '{""address"": """", ""city"": """", ""state"": """", ""zip"": """"}'}",10,9,228,Harlem (North),1019400025,1058838,,
Initial,PC8760011,2,3054,23,566,EAST 187 STREET,10458,40.856180723448,-73.888771254324,Bronx,2026-08-11T12:09:18.000,Failed for Rat Activity and Other Reason,"{'latitude': '40.856180723448', 'longitude': '-73.888771254324', 'human_address': '{""address"": """", ""city"": """", ""state"": """", ""zip"": """"}'}",6,15,387,Belmont,2030540023,2011663,,
Initial,PC8761309,1,461,49,215,EAST 5 STREET,10003,40.727472465141,-73.990630149984,Manhattan,2026-08-11T12:09:35.000,Failed for Rat Activity and Other Reason,"{'latitude': '40.727472465141', 'longitude': '-73.990630149984', 'human_address': '{""address"": """", ""city"": """", ""state"": """", ""zip"": """"}'}",3,2,38,East Village,1004610049,1006638,,
Initial,PC8760818,3,1433,38,2182,ATLANTIC AVENUE,11233,40.676505956227,-73.914120907658,Brooklyn,2026-08-11T12:09:51.000,Failed for Rat Activity,"{'latitude': '40.676505956227', 'longitude': '-73.914120907658', 'human_address': '{""address"": """", ""city"": """", ""state"": """", ""zip"": """"}'}",16,41,303,Ocean Hill,3014330038,3038570,1008071,185760
Compliance,PC8684776,4,1084,1,89-00,23 AVENUE,11369,40.767632686583,-73.880804119037,Queens,2026-08-11T12:10:00.000,Failed for Rat Activity,"{'latitude': '40.767632686583', 'longitude': '-73.880804119037', 'human_address': '{""address"": """", ""city"": """", ""state"": """", ""zip"": """"}'}",3,22,329,East Elmhurst,4010840001,4023535,1017747,219043
Treatments,PC8732268,1,202,7501,2,ELIZABETH STREET,10013,40.715522106188,-73.997601144103,Manhattan,2026-08-11T12:10:07.000,Bait applied,"{'latitude': '40.715522106188', 'longitude': '-73.997601144103', 'human_address': '{""address"": """", ""city"": """", ""state"": """", ""zip"": """"}'}",3,1,2902,Chinatown-Two Bridges,1002027501,1002434,,
Compliance,PC8704904,2,3237,97,160,WEST KINGSBRIDGE RD,10463,40.870239509995,-73.904324212719,Bronx,2026-08-11T12:10:19.000,Failed for Rat Activity,"{'latitude': '40.870239509995', 'longitude': '-73.904324212719', 'human_address': '{""address"": """", ""city"": """", ""state"": """", ""zip"": """"}'}",7,14,269,University Heights (North)-Fordham,2032370097,2015138,,
Treatments,PC8738952,4,3090,4,86-10,ELIOT AVENUE,11374,40.730040112613,-73.870411754641,Queens,2026-08-11T12:12:49.000,Bait applied,"{'latitude': '40.730040112613', 'longitude': '-73.870411754641', 'human_address': '{""address"": """", ""city"": """", ""state"": """", ""zip"": """"}'}",6,30,687,Rego Park,4030900004,4072246,1020166,205279
Compliance,PC8749704,1,1682,2,2148,2 AVENUE,10029,40.793419397136,-73.940377093847,Manhattan,2026-08-11T12:13:08.000,Failed for Rat Activity,"{'latitude': '40.793419397136', 'longitude': '-73.940377093847', 'human_address': '{""address"": """", ""city"": """", ""state"": """", ""zip"": """"}'}",11,8,180,East Harlem (North),1016820002,1052857,,
Initial,PC8764387,2,2377,56,3023,3 AVENUE,10455,40.819663989278,-73.91343324731,Bronx,2026-08-11T12:14:03.000,Failed for Rat Activity and Other Reason,"{'latitude': '40.819663989278', 'longitude': '-73.91343324731', 'human_address': '{""address"": """", ""city"": """", ""state"": """", ""zip"": """"}'}",1,17,69,Melrose,2023770056,2001415,1008210,237917
Compliance,PC8734942,3,3044,34,157,MESEROLE STREET,11206,40.708118963117,-73.942834238886,Brooklyn,2026-08-11T12:15:00.000,Failed for Rat Activity,"{'latitude': '40.708118963117', 'longitude': '-73.942834238886', 'human_address': '{""address"": """", ""city"": """", ""state"": """", ""zip"": """"}'}",1,34,49302,East Williamsburg,3030440034,3071002,,
Initial,PC8763316,2,5059,60,4351,MURDOCK AVENUE,10466,40.898555304679,-73.842984907743,Bronx,2026-08-11T12:15:06.000,Failed for Other Reason,"{'latitude': '40.898555304679', 'longitude': '-73.842984907743', 'human_address': '{""address"": """", ""city"": """", ""state"": """", ""zip"": """"}'}",12,12,444,Wakefield-Woodlawn,2050590060,2070546,1027657,266687
Initial,PC8764500,3,7566,20,1347,OCEAN AVENUE,11230,40.629245756962,-73.957049553143,Brooklyn,2026-08-11T12:16:22.000,Failed for Rat Activity,"{'latitude': '40.629245756962', 'longitude': '-73.957049553143', 'human_address': '{""address"": """", ""city"": """", ""state"": """", ""zip"": """"}'}",14,45,772,Flatbush,3075660020,3206226,996176,168502
Compliance,PC8728011,1,16,7502,350,ALBANY STREET,10280,40.710226208513,-74.017021501048,Manhattan,2026-08-11T12:19:07.000,Failed for Rat Activity and Other Reason,"{'latitude': '40.710226208513', 'longitude': '-74.017021501048', 'human_address': '{""address"": """", ""city"": """", ""state"": """", ""zip"": """"}'}",1,1,31704,Financial District-Battery Park City,1000167502,1000301,979531,198034
Treatments,PC8648813,1,2011,34,653,LENOX AVENUE,10037,40.818921974036,-73.937348199561,Manhattan,2026-08-11T12:19:35.000,Bait applied,"{'latitude': '40.818921974036', 'longitude': '-73.937348199561', 'human_address': '{""address"": """", ""city"": """", ""state"": """", ""zip"": """"}'}",10,9,232,Harlem (North),1020110034,1060118,,
Compliance,PC8663865,3,1757,51,249,VERNON AVENUE,11206,40.69548421188,-73.941709156297,Brooklyn,2026-08-11T12:21:00.000,Failed for Rat Activity and Other Reason,"{'latitude': '40.69548421188', 'longitude': '-73.941709156297', 'human_address': '{""address"": """", ""city"": """", ""state"": """", ""zip"": """"}'}",3,36,283,Bedford-Stuyvesant (East),3017570051,3048720,,
Compliance,PC8613036,2,3240,58,168,WEST KINGSBRIDGE RD,10463,40.870917592345,-73.90448594281,Bronx,2026-08-11T12:22:00.000,Failed for Rat Activity and Other Reason,"{'latitude': '40.870917592345', 'longitude': '-73.90448594281', 'human_address': '{""address"": """", ""city"": """", ""state"": """", ""zip"": """"}'}",7,14,269,University Heights (North)-Fordham,2032400058,2015212,,
Compliance,PC8667150,2,2859,92,11,WEST 172 STREET,10452,40.842288727488,-73.916938384326,Bronx,2026-08-11T12:30:44.000,Failed for Rat Activity and Other Reason,"{'latitude': '40.842288727488', 'longitude': '-73.916938384326', 'human_address': '{""address"": """", ""city"": """", ""state"": """", ""zip"": """"}'}",4,16,209,Mount Eden-Claremont (West),2028590092,2008337,,
Treatments,PC8675720,2,2524,16,949,OGDEN AVENUE,10452,40.831507978197,-73.930192184119,Bronx,2026-08-11T12:30:56.000,Bait applied,"{'latitude': '40.831507978197', 'longitude': '-73.930192184119', 'human_address': '{""address"": """", ""city"": """", ""state"": """", ""zip"": """"}'}",4,16,189,Highbridge,2025240016,2003441,,
Initial,PC8760176,1,1940,35,2296,ADAM C POWELL BLVD,10030,40.815151300051,-73.943822151589,Manhattan,2026-08-11T12:34:00.000,Failed for Rat Activity,"{'latitude': '40.815151300051', 'longitude': '-73.943822151589', 'human_address': '{""address"": """", ""city"": """", ""state"": """", ""zip"": """"}'}",10,9,228,Harlem (North),1019400035,1058843,,
Compliance,PC8743409,2,3056,24,2403,HOFFMAN STREET,10458,40.856191253608,-73.888308521268,Bronx,2026-08-11T12:34:10.000,Failed for Other Reason,"{'latitude': '40.856191253608', 'longitude': '-73.888308521268', 'human_address': '{""address"": """", ""city"": """", ""state"": """", ""zip"": """"}'}",6,15,387,Belmont,2030560024,2011721,,
Initial,PC8758354,2,2840,54,120,MARCY PLACE,10452,40.838006326325,-73.916098082451,Bronx,2026-08-11T12:35:00.000,Failed for Other Reason,"{'latitude': '40.838006326325', 'longitude': '-73.916098082451', 'human_address': '{""address"": """", ""city"": """", ""state"": """", ""zip"": """"}'}",4,16,22102,Mount Eden-Claremont (West),2028400054,2092053,,
Initial,PC8760412,2,3054,14,2370,LORILLARD PLACE,10458,40.855663024504,-73.889867448751,Bronx,2026-08-11T12:36:14.000,Failed for Rat Activity,"{'latitude': '40.855663024504', 'longitude': '-73.889867448751', 'human_address': '{""address"": """", ""city"": """", ""state"": """", ""zip"": """"}'}",6,15,387,Belmont,2030540014,2011657,,
Initial,PC8759931,3,5389,10,430,OCEAN PARKWAY,11218,40.637943375542,-73.973088504146,Brooklyn,2026-08-11T12:36:34.000,Failed for Rat Activity and Other Reason,"{'latitude': '40.637943375542', 'longitude': '-73.973088504146', 'human_address': '{""address"": """", ""city"": """", ""state"": """", ""zip"": """"}'}",12,39,490,Kensington,3053890010,3126780,991719,171700
Initial,PC8765179,3,1749,75,,,11206,,,Brooklyn,2026-08-11T12:37:00.000,Failed for Rat Activity and Other Reason,,,,,,,,,
Treatments,PC8739006,4,2162,122,61-20,GRAND CENTRAL PARKWAY,11375,40.738404465712,-73.846766635327,Queens,2026-08-11T12:38:00.000,Bait applied,"{'latitude': '40.738404465712', 'longitude': '-73.846766635327', 'human_address': '{""address"": """", ""city"": """", ""state"": """", ""zip"": """"}'}",6,24,747,Forest Hills,4021620122,4445338,1026714,208337
Initial,PC8758685,2,4656,6,630,EAST  222 STREET,10467,40.886436694936,-73.86401171925,Bronx,2026-08-11T12:38:06.000,Failed for Other Reason,"{'latitude': '40.886436694936', 'longitude': '-73.86401171925', 'human_address': '{""address"": """", ""city"": """", ""state"": """", ""zip"": """"}'}",12,12,394,Williamsbridge-Olinville,2046560006,2057645,1021851,262262
Initial,PC8760002,2,3054,12,2366,LORILLARD PLACE,10458,40.855599951143,-73.889925392499,Bronx,2026-08-11T12:43:14.000,Failed for Rat Activity and Other Reason,"{'latitude': '40.855599951143', 'longitude': '-73.889925392499', 'human_address': '{""address"": """", ""city"": """", ""state"": """", ""zip"": """"}'}",6,15,387,Belmont,2030540012,2011656,,
Initial,PC8756634,1,22,13,5,BEAVER STREET,10004,40.705019899186,-74.013059975191,Manhattan,2026-08-11T12:45:07.000,Failed for Rat Activity,"{'latitude': '40.705019899186', 'longitude': '-74.013059975191', 'human_address': '{""address"": """", ""city"": """", ""state"": """", ""zip"": """"}'}",1,1,9,Financial District-Battery Park City,1000220013,1000811,980629,196137
Compliance,PC8745752,3,1843,18,80,HALSEY STREET,11216,40.681726003295,-73.950399589299,Brooklyn,2026-08-11T12:45:11.000,Failed for Rat Activity,"{'latitude': '40.681726003295', 'longitude': '-73.950399589299', 'human_address': '{""address"": """", ""city"": """", ""state"": """", ""zip"": """"}'}",3,36,245,Bedford-Stuyvesant (West),3018430018,3053008,,
Initial,PC8764340,3,3403,7501,1129,HALSEY STREET,11207,40.68955534849,-73.911468127441,Brooklyn,2026-08-11T12:46:00.000,Failed for Rat Activity and Other Reason,"{'latitude': '40.68955534849', 'longitude': '-73.911468127441', 'human_address': '{""address"": """", ""city"": """", ""state"": """", ""zip"": """"}'}",4,37,413,Bushwick (East),3034037501,3078582,1008802,190515
Compliance,PC8743181,2,3056,17,2427,HOFFMAN STREET,10458,40.856668428143,-73.887888378009,Bronx,2026-08-11T12:47:10.000,Failed for Other Reason,"{'latitude': '40.856668428143', 'longitude': '-73.887888378009', 'human_address': '{""address"": """", ""city"": """", ""state"": """", ""zip"": """"}'}",6,15,387,Belmont,2030560017,2011719,,
Initial,PC8760283,2,3054,10,2364,LORILLARD PLACE,10458,40.855567038626,-73.889950751688,Bronx,2026-08-11T12:48:14.000,Failed for Other Reason,"{'latitude': '40.855567038626', 'longitude': '-73.889950751688', 'human_address': '{""address"": """", ""city"": """", ""state"": """", ""zip"": """"}'}",6,15,387,Belmont,2030540010,2011655,,
Treatments,PC8675508,2,2530,39,1314,SEDGWICK AVENUE,10452,40.840666034284,-73.928346566634,Bronx,2026-08-11T12:50:56.000,Bait applied,"{'latitude': '40.840666034284', 'longitude': '-73.928346566634', 'human_address': '{""address"": """", ""city"": """", ""state"": """", ""zip"": """"}'}",4,16,201,Highbridge,2025300039,2003524,,
Compliance,PC8612879,2,3240,44,170,WEST KINGSBRIDGE RD,10463,40.87096699739,-73.90448587157,Bronx,2026-08-11T12:52:04.000,Failed for Rat Activity and Other Reason,"{'latitude': '40.87096699739', 'longitude': '-73.90448587157', 'human_address': '{""address"": """", ""city"": """", ""state"": """", ""zip"": """"}'}",7,14,269,University Heights (North)-Fordham,2032400044,2015211,,
Compliance,PC8743998,2,2840,18,38,MARCY PLACE,10452,40.838625054989,-73.917705531082,Bronx,2026-08-11T12:57:44.000,Failed for Rat Activity,"{'latitude': '40.838625054989', 'longitude': '-73.917705531082', 'human_address': '{""address"": """", ""city"": """", ""state"": """", ""zip"": """"}'}",4,16,22101,Mount Eden-Claremont (West),2028400018,2008048,1007021,244824
Initial,PC8760528,2,3054,6,2356,LORILLARD PLACE,10458,40.855440891789,-73.890066638749,Bronx,2026-08-11T12:58:14.000,Failed for Other Reason,"{'latitude': '40.855440891789', 'longitude': '-73.890066638749', 'human_address': '{""address"": """", ""city"": """", ""state"": """", ""zip"": """"}'}",6,15,387,Belmont,2030540006,2011652,,
Treatments,PC8696092,3,3186,1,107,WILSON AVENUE,11237,40.701398972768,-73.926942412919,Brooklyn,2026-08-11T12:58:27.000,Bait applied,"{'latitude': '40.701398972768', 'longitude': '-73.926942412919', 'human_address': '{""address"": """", ""city"": """", ""state"": """", ""zip"": """"}'}",4,34,427,Bushwick (West),3031860001,3072498,,
Compliance,PC8716740,4,6713,41,150-75,GOETHALS AVENUE,11432,40.718100746583,-73.809678413314,Queens,2026-08-11T13:00:00.000,Failed for Rat Activity,"{'latitude': '40.718100746583', 'longitude': '-73.809678413314', 'human_address': '{""address"": """", ""city"": """", ""state"": """", ""zip"": """"}'}",8,24,77905,Kew Gardens Hills,4067130041,4439695,1037008,200960
Treatments,PC8364085,3,5417,7,629,OCEAN PARKWAY,11230,40.632980579263,-73.972128559308,Brooklyn,2026-08-11T13:00:05.000,Bait applied,"{'latitude': '40.632980579263', 'longitude': '-73.972128559308', 'human_address': '{""address"": """", ""city"": """", ""state"": """", ""zip"": """"}'}",14,40,482,Flatbush (West)-Ditmas Park-Parkville,3054170007,3127729,991986,169892
Compliance,PC8709705,3,3395,8,1223,BUSHWICK AVENUE,11221,40.687842705861,-73.91522765442,Brooklyn,2026-08-11T13:02:00.000,Failed for Rat Activity and Other Reason,"{'latitude': '40.687842705861', 'longitude': '-73.91522765442', 'human_address': '{""address"": """", ""city"": """", ""state"": """", ""zip"": """"}'}",4,37,399,Bushwick (East),3033950008,3078193,,
Initial,PC8758626,2,2666,7501,807B,UNION AVENUE,10456,40.819351469033,-73.903573903928,Bronx,2026-08-11T13:02:03.000,Failed for Other Reason,"{'latitude': '40.819351469033', 'longitude': '-73.903573903928', 'human_address': '{""address"": """", ""city"": """", ""state"": """", ""zip"": """"}'}",1,17,77,Melrose,2026667501,2114690,1010939,237806
Initial,PC8760115,2,3054,5,2350,LORILLARD PLACE,10458,40.855344909219,-73.89015355603,Bronx,2026-08-11T13:02:14.000,Failed for Other Reason,"{'latitude': '40.855344909219', 'longitude': '-73.89015355603', 'human_address': '{""address"": """", ""city"": """", ""state"": """", ""zip"": """"}'}",6,15,387,Belmont,2030540005,2000000,,
Initial,PC8759938,3,1535,6,306,MACDOUGAL STREET,11233,40.680591003092,-73.908098202143,Brooklyn,2026-08-11T13:02:51.000,Failed for Rat Activity,"{'latitude': '40.680591003092', 'longitude': '-73.908098202143', 'human_address': '{""address"": """", ""city"": """", ""state"": """", ""zip"": """"}'}",16,37,369,Ocean Hill,3015350006,3426932,1009740,187250
Treatments,PC8700321,1,1751,56,1984,MADISON AVENUE,10035,40.806791556099,-73.939884637467,Manhattan,2026-08-11T13:03:00.000,Bait applied,"{'latitude': '40.806791556099', 'longitude': '-73.939884637467', 'human_address': '{""address"": """", ""city"": """", ""state"": """", ""zip"": """"}'}",11,9,206,East Harlem (North),1017510056,1054115,,
Compliance,PC8745157,3,1843,39,7,MACON STREET,11216,40.680949389076,-73.950764317114,Brooklyn,2026-08-11T13:03:14.000,Failed for Rat Activity,"{'latitude': '40.680949389076', 'longitude': '-73.950764317114', 'human_address': '{""address"": """", ""city"": """", ""state"": """", ""zip"": """"}'}",3,36,245,Bedford-Stuyvesant (West),3018430039,3053018,,
Initial,PC8760405,2,3054,4,2348,LORILLARD PLACE,10458,40.855312000104,-73.890182529917,Bronx,2026-08-11T13:05:14.000,Failed for Other Reason,"{'latitude': '40.855312000104', 'longitude': '-73.890182529917', 'human_address': '{""address"": """", ""city"": """", ""state"": """", ""zip"": """"}'}",6,15,387,Belmont,2030540004,2011651,,
Compliance,PC8741603,2,2465,34,114,EAST 168 STREET,10452,40.836275754839,-73.917979488977,Bronx,2026-08-11T13:07:44.000,Failed for Other Reason,"{'latitude': '40.836275754839', 'longitude': '-73.917979488977', 'human_address': '{""address"": """", ""city"": """", ""state"": """", ""zip"": """"}'}",4,16,197,Concourse-Concourse Village,2024650034,2002853,,
Compliance,PC8737386,3,3446,20,142,MOFFAT STREET,11207,40.686694678487,-73.907220774443,Brooklyn,2026-08-11T13:10:00.000,Failed for Rat Activity,"{'latitude': '40.686694678487', 'longitude': '-73.907220774443', 'human_address': '{""address"": """", ""city"": """", ""state"": """", ""zip"": """"}'}",4,37,411,Bushwick (East),3034460020,3080134,,
Compliance,PC8613073,2,3239,86,2691,HEATH AVENUE,10463,40.871299972582,-73.90553035406,Bronx,2026-08-11T13:10:19.000,Failed for Rat Activity and Other Reason,"{'latitude': '40.871299972582', 'longitude': '-73.90553035406', 'human_address': '{""address"": """", ""city"": """", ""state"": """", ""zip"": """"}'}",7,14,269,University Heights (North)-Fordham,2032390086,2015183,,
Treatments,PC8668315,3,1669,12,344,MACON STREET,11233,40.68253181038,-73.936881925456,Brooklyn,2026-08-11T13:11:00.000,Bait applied,"{'latitude': '40.68253181038', 'longitude': '-73.936881925456', 'human_address': '{""address"": """", ""city"": """", ""state"": """", ""zip"": """"}'}",3,36,273,Bedford-Stuyvesant (East),3016690012,3046725,,
Compliance,PC8735674,2,3090,49,684,EAST 189 STREET,10458,40.85622236701,-73.883703002484,Bronx,2026-08-11T13:14:10.000,Failed for Rat Activity and Other Reason,"{'latitude': '40.85622236701', 'longitude': '-73.883703002484', 'human_address': '{""address"": """", ""city"": """", ""state"": """", ""zip"": """"}'}",6,15,389,Belmont,2030900049,2012553,,
Initial,PC8758514,2,2842,6,2,EAST 170 STREET,10452,40.840161997959,-73.917551830811,Bronx,2026-08-11T13:14:22.000,Failed for Rat Activity,"{'latitude': '40.840161997959', 'longitude': '-73.917551830811', 'human_address': '{""address"": """", ""city"": """", ""state"": """", ""zip"": """"}'}",4,16,22101,Mount Eden-Claremont (West),2028420006,2008074,,
Treatments,PC8693661,3,3186,3,103,WILSON AVENUE,11237,40.70146492303,-73.927061356181,Brooklyn,2026-08-11T13:15:08.000,Bait applied,"{'latitude': '40.70146492303', 'longitude': '-73.927061356181', 'human_address': '{""address"": """", ""city"": """", ""state"": """", ""zip"": """"}'}",4,34,427,Bushwick (West),3031860003,3072500,,
Treatments,PC8700282,1,1751,7501,1856,PARK AVENUE,10035,40.806208774592,-73.938198251283,Manhattan,2026-08-11T13:15:15.000,Monitoring visit,"{'latitude': '40.806208774592', 'longitude': '-73.938198251283', 'human_address': '{""address"": """", ""city"": """", ""state"": """", ""zip"": """"}'}",11,9,206,East Harlem (North),1017517501,1091567,,
Compliance,PC8741519,2,2480,1,50,EAST 168 STREET,10452,40.836718586397,-73.919290786763,Bronx,2026-08-11T13:15:44.000,Failed for Rat Activity and Other Reason,"{'latitude': '40.836718586397', 'longitude': '-73.919290786763', 'human_address': '{""address"": """", ""city"": """", ""state"": """", ""zip"": """"}'}",4,16,197,Concourse-Concourse Village,2024800001,2101464,,
Initial,PC8761363,3,1517,6,514,CHAUNCEY STREET,11233,40.682473720399,-73.911329739424,Brooklyn,2026-08-11T13:15:51.000,Failed for Rat Activity,"{'latitude': '40.682473720399', 'longitude': '-73.911329739424', 'human_address': '{""address"": """", ""city"": """", ""state"": """", ""zip"": """"}'}",16,37,369,Ocean Hill,3015170006,3041174,1008843,187935
Initial,PC8753150,3,7550,19,837,EAST   22 STREET,11210,40.632182123526,-73.95560294112,Brooklyn,2026-08-11T13:16:22.000,Failed for Other Reason,"{'latitude': '40.632182123526', 'longitude': '-73.95560294112', 'human_address': '{""address"": """", ""city"": """", ""state"": """", ""zip"": """"}'}",14,45,772,Flatbush,3075500019,3205755,996573,169603
Initial,PC8765180,3,1739,11,,,11206,,,Brooklyn,2026-08-11T13:17:00.000,Failed for Other Reason,,,,,,,,,
Compliance,PC8745632,3,1848,5,1263,FULTON STREET,11216,40.680455309481,-73.950717813122,Brooklyn,2026-08-11T13:18:26.000,Failed for Rat Activity and Other Reason,"{'latitude': '40.680455309481', 'longitude': '-73.950717813122', 'human_address': '{""address"": """", ""city"": """", ""state"": """", ""zip"": """"}'}",3,36,245,Bedford-Stuyvesant (West),3018480005,3053215,,
Initial,PC8760306,1,1940,53,256,WEST 135 STREET,10030,40.81595621613,-73.945284640433,Manhattan,2026-08-11T13:20:00.000,Failed for Rat Activity,"{'latitude': '40.81595621613', 'longitude': '-73.945284640433', 'human_address': '{""address"": """", ""city"": """", ""state"": """", ""zip"": """"}'}",10,9,228,Harlem (North),1019400053,1058851,,
Initial,PC8765167,2,2479,19,70,EAST 167 STREET,10452,40.835047790839,-73.920366122759,Bronx,2026-08-11T13:22:44.000,Failed for Rat Activity,"{'latitude': '40.835047790839', 'longitude': '-73.920366122759', 'human_address': '{""address"": """", ""city"": """", ""state"": """", ""zip"": """"}'}",4,16,197,Concourse-Concourse Village,2024790019,2002958,,
Initial,PC8758347,2,2842,1,1370,JEROME AVENUE,10452,40.839687523305,-73.918062003892,Bronx,2026-08-11T13:22:56.000,Failed for Rat Activity,"{'latitude': '40.839687523305', 'longitude': '-73.918062003892', 'human_address': '{""address"": """", ""city"": """", ""state"": """", ""zip"": """"}'}",4,16,22101,Mount Eden-Claremont (West),2028420001,2008073,,
Initial,PC8764506,2,2678,29,816,EAST  165 STREET,10459,40.824278646876,-73.900777328401,Bronx,2026-08-11T13:25:03.000,Failed for Other Reason,"{'latitude': '40.824278646876', 'longitude': '-73.900777328401', 'human_address': '{""address"": """", ""city"": """", ""state"": """", ""zip"": """"}'}",3,17,12901,Longwood,2026780029,2114209,1011711,239602
Compliance,PC8622829,2,3239,31,2686,BAILEY AVENUE,10463,40.871418811539,-73.906528143737,Bronx,2026-08-11T13:25:26.000,Failed for Rat Activity,"{'latitude': '40.871418811539', 'longitude': '-73.906528143737', 'human_address': '{""address"": """", ""city"": """", ""state"": """", ""zip"": """"}'}",7,14,269,University Heights (North)-Fordham,2032390031,2015172,1010101,256775
Initial,PC8762556,1,464,13,206,EAST 9 STREET,10003,40.729835542977,-73.988786087581,Manhattan,2026-08-11T13:25:33.000,Failed for Rat Activity,"{'latitude': '40.729835542977', 'longitude': '-73.988786087581', 'human_address': '{""address"": """", ""city"": """", ""state"": """", ""zip"": """"}'}",3,2,38,East Village,1004640013,1006738,,
Compliance,PC8744880,3,1860,71,73,HERKIMER STREET,11216,40.679714342381,-73.951003186109,Brooklyn,2026-08-11T13:30:31.000,Failed for Rat Activity,"{'latitude': '40.679714342381', 'longitude': '-73.951003186109', 'human_address': '{""address"": """", ""city"": """", ""state"": """", ""zip"": """"}'}",3,36,247,Bedford-Stuyvesant (West),3018600071,3053729,,
Compliance,PC8738892,3,5072,17,30,WESTMINSTER ROAD,11218,40.648449270502,-73.968651746081,Brooklyn,2026-08-11T13:31:33.000,Failed for Rat Activity,"{'latitude': '40.648449270502', 'longitude': '-73.968651746081', 'human_address': '{""address"": """", ""city"": """", ""state"": """", ""zip"": """"}'}",14,40,506,Flatbush (West)-Ditmas Park-Parkville,3050720017,3116370,992949,175528
Treatments,PC8694239,3,3157,27,36,WILSON AVENUE,11237,40.702902038225,-73.929620476391,Brooklyn,2026-08-11T13:33:19.000,Bait applied,"{'latitude': '40.702902038225', 'longitude': '-73.929620476391', 'human_address': '{""address"": """", ""city"": """", ""state"": """", ""zip"": """"}'}",4,34,425,Bushwick (West),3031570027,3071957,,
Compliance,PC8662797,3,1758,54,602,MARCY AVENUE,11206,40.694008231138,-73.948947963296,Brooklyn,2026-08-11T13:34:00.000,Failed for Rat Activity,"{'latitude': '40.694008231138', 'longitude': '-73.948947963296', 'human_address': '{""address"": """", ""city"": """", ""state"": """", ""zip"": """"}'}",3,36,253,Bedford-Stuyvesant (West),3017580054,3048777,,
Compliance,PC8745472,3,1860,56,554,NOSTRAND AVENUE,11216,40.679741177271,-73.949589865293,Brooklyn,2026-08-11T13:38:25.000,Failed for Rat Activity,"{'latitude': '40.679741177271', 'longitude': '-73.949589865293', 'human_address': '{""address"": """", ""city"": """", ""state"": """", ""zip"": """"}'}",3,36,247,Bedford-Stuyvesant (West),3018600056,3053724,,
Treatments,PC8668253,3,1669,21,362,MACON STREET,11233,40.682589175575,-73.936384309923,Brooklyn,2026-08-11T13:39:00.000,Bait applied,"{'latitude': '40.682589175575', 'longitude': '-73.936384309923', 'human_address': '{""address"": """", ""city"": """", ""state"": """", ""zip"": """"}'}",3,36,273,Bedford-Stuyvesant (East),3016690021,3046734,,
Initial,PC8761531,3,6495,5,714,FOSTER AVENUE,11230,40.630707371658,-73.970039946208,Brooklyn,2026-08-11T13:43:22.000,Failed for Rat Activity,"{'latitude': '40.630707371658', 'longitude': '-73.970039946208', 'human_address': '{""address"": """", ""city"": """", ""state"": """", ""zip"": """"}'}",14,45,460,Flatbush (West)-Ditmas Park-Parkville,3064950005,3170097,992566,169064
Compliance,PC8748245,2,3234,49,2285,SEDGWICK AVENUE,10468,40.86152662745,-73.90973798539,Bronx,2026-08-11T13:46:03.000,Failed for Rat Activity,"{'latitude': '40.86152662745', 'longitude': '-73.90973798539', 'human_address': '{""address"": """", ""city"": """", ""state"": """", ""zip"": """"}'}",7,14,257,University Heights (North)-Fordham,2032340049,2015102,,
Treatments,PC8731590,3,3154,36,28,WILSON AVENUE,11237,40.703132848347,-73.930027781001,Brooklyn,2026-08-11T13:46:23.000,Bait applied,"{'latitude': '40.703132848347', 'longitude': '-73.930027781001', 'human_address': '{""address"": """", ""city"": """", ""state"": """", ""zip"": """"}'}",4,34,425,Bushwick (West),3031540036,3425755,,
Initial,PC8760936,3,5308,1,159,TEHAMA STREET,11218,40.643221084828,-73.985463972023,Brooklyn,2026-08-11T13:50:34.000,Failed for Rat Activity and Other Reason,"{'latitude': '40.643221084828', 'longitude': '-73.985463972023', 'human_address': '{""address"": """", ""city"": """", ""state"": """", ""zip"": """"}'}",12,39,496,Kensington,3053080001,3123712,988284,173622
Treatments,PC8668551,3,1669,28,376,MACON STREET,11233,40.682632877202,-73.935998477745,Brooklyn,2026-08-11T13:51:00.000,Monitoring visit,"{'latitude': '40.682632877202', 'longitude': '-73.935998477745', 'human_address': '{""address"": """", ""city"": """", ""state"": """", ""zip"": """"}'}",3,36,273,Bedford-Stuyvesant (East),3016690028,3046741,,
Initial,PC8764144,5,1192,7,151,VAN PELT AVENUE,10303,40.63260714499,-74.155158393795,Staten Island,2026-08-11T14:11:00.000,Failed for Other Reason,"{'latitude': '40.63260714499', 'longitude': '-74.155158393795', 'human_address': '{""address"": """", ""city"": """", ""state"": """", ""zip"": """"}'}",1,49,231,Mariner's Harbor-Arlington-Graniteville,5011920007,5027177,941184,169793
Compliance,PC8741633,2,2450,36,1277,MORRIS AVENUE,10456,40.835006825783,-73.91307712306,Bronx,2026-08-11T14:23:44.000,Failed for Rat Activity and Other Reason,"{'latitude': '40.835006825783', 'longitude': '-73.91307712306', 'human_address': '{""address"": """", ""city"": """", ""state"": """", ""zip"": """"}'}",4,16,17901,Concourse-Concourse Village,2024500036,2002618,,
Initial,PC8763411,3,5417,53,287,WEBSTER AVENUE,11230,40.633002123183,-73.970474853805,Brooklyn,2026-08-11T14:48:22.000,Failed for Rat Activity,"{'latitude': '40.633002123183', 'longitude': '-73.970474853805', 'human_address': '{""address"": """", ""city"": """", ""state"": """", ""zip"": """"}'}",14,40,482,Flatbush (West)-Ditmas Park-Parkville,3054170053,3127745,992445,169900
Initial,PC8757312,4,1918,50,96-02,57 AVENUE,11368,40.736840968062,-73.86506155725,Queens,2026-08-12T08:15:00.000,Failed for Rat Activity and Other Reason,"{'latitude': '40.736840968062', 'longitude': '-73.86506155725', 'human_address': '{""address"": """", ""city"": """", ""state"": """", ""zip"": """"}'}",4,21,455,Corona,4019180050,4047314,1021645,207759
Compliance,PC8736328,4,6408,43,142-34,58 ROAD,11355,40.744079254974,-73.822920616533,Queens,2026-08-12T08:35:00.000,Failed for Other Reason,"{'latitude': '40.744079254974', 'longitude': '-73.822920616533', 'human_address': '{""address"": """", ""city"": """", ""state"": """", ""zip"": """"}'}",7,20,837,Queensboro Hill,4064080043,4140239,1033318,210417
Initial,PC8759933,4,1918,107,97-11,HORACE HARDING EXPRESSWAY,11368,40.735105123335,-73.861788685433,Queens,2026-08-12T08:37:00.000,Failed for Rat Activity,"{'latitude': '40.735105123335', 'longitude': '-73.861788685433', 'human_address': '{""address"": """", ""city"": """", ""state"": """", ""zip"": """"}'}",4,21,455,Corona,4019180107,4047334,1022553,207128
Initial,PC8755471,1,492,27,216,BOWERY,10012,40.721821187377,-73.993466556053,Manhattan,2026-08-12T08:48:13.000,Failed for Rat Activity,"{'latitude': '40.721821187377', 'longitude': '-73.993466556053', 'human_address': '{""address"": """", ""city"": """", ""state"": """", ""zip"": """"}'}",2,1,43,SoHo-Little Italy-Hudson Square,1004920027,1007399,986061,202258
Treatments,PC8713670,3,1260,23,166,ROGERS AVENUE,11216,40.670654761106,-73.95321965033,Brooklyn,2026-08-12T08:48:35.000,Bait applied,"{'latitude': '40.670654761106', 'longitude': '-73.95321965033', 'human_address': '{""address"": """", ""city"": """", ""state"": """", ""zip"": """"}'}",8,35,219,Crown Heights (North),3012600023,3032590,,
Treatments,PC8698494,1,1637,42,170,EAST 110 STREET,10029,40.794389852001,-73.943456910092,Manhattan,2026-08-12T08:51:55.000,Monitoring visit,"{'latitude': '40.794389852001', 'longitude': '-73.943456910092', 'human_address': '{""address"": """", ""city"": """", ""state"": """", ""zip"": """"}'}",11,8,172,East Harlem (South),1016370042,1052161,,
Treatments,PC8699184,3,3408,31,1018,HALSEY STREET,11207,40.686708374478,-73.91423391809,Brooklyn,2026-08-12T08:53:00.000,Bait applied,"{'latitude': '40.686708374478', 'longitude': '-73.91423391809', 'human_address': '{""address"": """", ""city"": """", ""state"": """", ""zip"": """"}'}",4,37,401,Bushwick (East),3034080031,3078728,,
Initial,PC8765661,1,492,28,214,BOWERY,10012,40.721758059168,-73.993491815752,Manhattan,2026-08-12T08:53:22.000,Failed for Rat Activity,"{'latitude': '40.721758059168', 'longitude': '-73.993491815752', 'human_address': '{""address"": """", ""city"": """", ""state"": """", ""zip"": """"}'}",2,1,43,SoHo-Little Italy-Hudson Square,1004920028,1007400,,
Initial,PC8765662,1,492,25,218,BOWERY,10012,40.721884315787,-73.993444903953,Manhattan,2026-08-12T08:56:17.000,Failed for Rat Activity,"{'latitude': '40.721884315787', 'longitude': '-73.993444903953', 'human_address': '{""address"": """", ""city"": """", ""state"": """", ""zip"": """"}'}",2,1,43,SoHo-Little Italy-Hudson Square,1004920025,1007398,,
Initial,PC8762054,3,1808,174,435,GATES AVENUE,11216,40.686317718247,-73.949725497317,Brooklyn,2026-08-12T08:57:21.000,Failed for Rat Activity,"{'latitude': '40.686317718247', 'longitude': '-73.949725497317', 'human_address': '{""address"": """", ""city"": """", ""state"": """", ""zip"": """"}'}",3,36,251,Bedford-Stuyvesant (West),3018080174,3322227,,
Initial,PC8764656,4,6430,15,150-32,BOOTH MEMORIAL AVENUE,11355,40.743887120355,-73.817663032562,Queens,2026-08-12T09:00:00.000,Failed for Other Reason,"{'latitude': '40.743887120355', 'longitude': '-73.817663032562', 'human_address': '{""address"": """", ""city"": """", ""state"": """", ""zip"": """"}'}",7,20,837,Queensboro Hill,4064300015,4141044,1034775,210350
Treatments,PC8495501,3,4599,32,54,ROCKAWAY PARKWAY,11212,40.664954948025,-73.924416037372,Brooklyn,2026-08-12T09:00:05.000,Bait applied,"{'latitude': '40.664954948025', 'longitude': '-73.924416037372', 'human_address': '{""address"": """", ""city"": """", ""state"": """", ""zip"": """"}'}",17,41,892,East Flatbush-Remsen Village,3045990032,3099541,1005219,181549
Treatments,PC8722527,2,3296,27,2886,BRIGGS AVENUE,10458,40.869692321956,-73.888036273208,Bronx,2026-08-12T09:00:19.000,Bait applied,"{'latitude': '40.869692321956', 'longitude': '-73.888036273208', 'human_address': '{""address"": """", ""city"": """", ""state"": """", ""zip"": """"}'}",7,15,40702,Bedford Park,2032960027,2016911,1015216,256152
Treatments,PC8652168,1,1666,104,203,EAST 116 STREET,10029,40.797697965037,-73.939426962392,Manhattan,2026-08-12T09:03:55.000,Bait applied,"{'latitude': '40.797697965037', 'longitude': '-73.939426962392', 'human_address': '{""address"": """", ""city"": """", ""state"": """", ""zip"": """"}'}",11,8,188,East Harlem (North),1016660104,1052600,,
Treatments,PC8699296,3,3408,23,1002,HALSEY STREET,11207,40.686423125498,-73.91451192711,Brooklyn,2026-08-12T09:04:00.000,Bait applied,"{'latitude': '40.686423125498', 'longitude': '-73.91451192711', 'human_address': '{""address"": """", ""city"": """", ""state"": """", ""zip"": """"}'}",4,37,401,Bushwick (East),3034080023,3078720,,
Initial,PC8748303,1,507,4,232,ELIZABETH STREET,10012,40.723166150121,-73.993957073266,Manhattan,2026-08-12T09:04:28.000,Failed for Rat Activity and Other Reason,"{'latitude': '40.723166150121', 'longitude': '-73.993957073266', 'human_address': '{""address"": """", ""city"": """", ""state"": """", ""zip"": """"}'}",2,1,43,SoHo-Little Italy-Hudson Square,1005070004,1007847,985925,202748
Initial,PC8762341,3,1812,23,344,GATES AVENUE,11216,40.685951221757,-73.952790616973,Brooklyn,2026-08-12T09:09:56.000,Failed for Rat Activity,"{'latitude': '40.685951221757', 'longitude': '-73.952790616973', 'human_address': '{""address"": """", ""city"": """", ""state"": """", ""zip"": """"}'}",3,36,243,Bedford-Stuyvesant (West),3018120023,3051058,,
Initial,PC8755500,3,1498,30,880,MACON STREET,11233,40.684952890514,-73.915815456624,Brooklyn,2026-08-12T09:10:25.000,Failed for Rat Activity and Other Reason,"{'latitude': '40.684952890514', 'longitude': '-73.915815456624', 'human_address': '{""address"": """", ""city"": """", ""state"": """", ""zip"": """"}'}",16,41,373,Ocean Hill,3014980030,3040213,1007598,188837
Initial,PC8760021,2,3068,93,620,EAST 178 STREET,10457,40.846753304467,-73.892437672323,Bronx,2026-08-12T09:11:00.000,Failed for Rat Activity and Other Reason,"{'latitude': '40.846753304467', 'longitude': '-73.892437672323', 'human_address': '{""address"": """", ""city"": """", ""state"": """", ""zip"": """"}'}",6,15,373,Tremont,2030680093,2011989,,
Initial,PC8761758,3,1812,27,348,GATES AVENUE,11216,40.685964892094,-73.952660802148,Brooklyn,2026-08-12T09:12:56.000,Failed for Rat Activity,"{'latitude': '40.685964892094', 'longitude': '-73.952660802148', 'human_address': '{""address"": """", ""city"": """", ""state"": """", ""zip"": """"}'}",3,36,243,Bedford-Stuyvesant (West),3018120027,3051060,,
Treatments,PC8667747,2,2816,45,1355,MORRIS AVENUE,10456,40.83677090735,-73.912044846861,Bronx,2026-08-12T09:13:00.000,Bait applied,"{'latitude': '40.83677090735', 'longitude': '-73.912044846861', 'human_address': '{""address"": """", ""city"": """", ""state"": """", ""zip"": """"}'}",4,16,17902,Mount Eden-Claremont (West),2028160045,2007793,,
Treatments,PC8652277,1,1666,105,205,EAST 116 STREET,10029,40.797678727022,-73.939380026927,Manhattan,2026-08-12T09:13:55.000,Monitoring visit,"{'latitude': '40.797678727022', 'longitude': '-73.939380026927', 'human_address': '{""address"": """", ""city"": """", ""state"": """", ""zip"": """"}'}",11,8,188,East Harlem (North),1016660105,1000000,,
Initial,PC8762661,3,1812,28,348A,GATES AVENUE,11216,40.685964892094,-73.952660802148,Brooklyn,2026-08-12T09:14:56.000,Failed for Rat Activity,"{'latitude': '40.685964892094', 'longitude': '-73.952660802148', 'human_address': '{""address"": """", ""city"": """", ""state"": """", ""zip"": """"}'}",3,36,243,Bedford-Stuyvesant (West),3018120028,3051061,,
Treatments,PC8505836,2,3292,74,2942,BAINBRIDGE AVENUE,10458,40.870452461778,-73.885102621373,Bronx,2026-08-12T09:15:59.000,Bait applied,"{'latitude': '40.870452461778', 'longitude': '-73.885102621373', 'human_address': '{""address"": """", ""city"": """", ""state"": """", ""zip"": """"}'}",7,11,415,Bedford Park,2032920074,2016752,,
Initial,PC8762855,3,1988,15,90,MONROE STREET,11216,40.68487912773,-73.955574931855,Brooklyn,2026-08-12T09:16:38.000,Failed for Rat Activity,"{'latitude': '40.68487912773', 'longitude': '-73.955574931855', 'human_address': '{""address"": """", ""city"": """", ""state"": """", ""zip"": """"}'}",3,36,229,Bedford-Stuyvesant (West),3019880015,3057125,,
Initial,PC8762508,3,1808,51,784,MARCY AVENUE,11216,40.686915098104,-73.947536355432,Brooklyn,2026-08-12T09:17:21.000,Failed for Rat Activity,"{'latitude': '40.686915098104', 'longitude': '-73.947536355432', 'human_address': '{""address"": """", ""city"": """", ""state"": """", ""zip"": """"}'}",3,36,251,Bedford-Stuyvesant (West),3018080051,3322225,,
Initial,PC8760824,3,856,1,505,59 STREET,11220,40.639828453695,-74.015162241906,Brooklyn,2026-08-12T09:18:40.000,Failed for Rat Activity,"{'latitude': '40.639828453695', 'longitude': '-74.015162241906', 'human_address': '{""address"": """", ""city"": """", ""state"": """", ""zip"": """"}'}",7,38,102,Sunset Park (Central),3008560001,3016040,980042,172386
Treatments,PC8726363,3,4616,55,145,ROCKAWAY PARKWAY,11212,40.663238164517,-73.922475183472,Brooklyn,2026-08-12T09:20:05.000,Bait applied,"{'latitude': '40.663238164517', 'longitude': '-73.922475183472', 'human_address': '{""address"": """", ""city"": """", ""state"": """", ""zip"": """"}'}",17,41,892,East Flatbush-Remsen Village,3046160055,3100157,1005758,180924
Treatments,PC8705623,3,1491,44,857,HALSEY STREET,11233,40.685394095408,-73.918641740874,Brooklyn,2026-08-12T09:21:00.000,Bait applied,"{'latitude': '40.685394095408', 'longitude': '-73.918641740874', 'human_address': '{""address"": """", ""city"": """", ""state"": """", ""zip"": """"}'}",3,41,377,Bedford-Stuyvesant (East),3014910044,3039962,,
Initial,PC8761944,3,1865,55,556,NOSTRAND AVENUE,11216,40.67952709117,-73.949604449139,Brooklyn,2026-08-12T09:23:57.000,Failed for Rat Activity and Other Reason,"{'latitude': '40.67952709117', 'longitude': '-73.949604449139', 'human_address': '{""address"": """", ""city"": """", ""state"": """", ""zip"": """"}'}",3,36,247,Bedford-Stuyvesant (West),3018650055,3053913,,
Initial,PC8763043,3,1812,7504,366,GATES AVENUE,11216,40.68603326571,-73.95206941842,Brooklyn,2026-08-12T09:24:56.000,Failed for Rat Activity,"{'latitude': '40.68603326571', 'longitude': '-73.95206941842', 'human_address': '{""address"": """", ""city"": """", ""state"": """", ""zip"": """"}'}",3,36,243,Bedford-Stuyvesant (West),3018127504,3425074,,
Treatments,PC8636339,2,2844,12,1484,JEROME AVENUE,10452,40.841893155628,-73.916483493126,Bronx,2026-08-12T09:25:08.000,Bait applied,"{'latitude': '40.841893155628', 'longitude': '-73.916483493126', 'human_address': '{""address"": """", ""city"": """", ""state"": """", ""zip"": """"}'}",4,16,223,Mount Eden-Claremont (West),2028440012,2008109,,
Treatments,PC8652094,1,1666,5,207,EAST 116 STREET,10029,40.797659488988,-73.93933309149,Manhattan,2026-08-12T09:25:55.000,Monitoring visit,"{'latitude': '40.797659488988', 'longitude': '-73.93933309149', 'human_address': '{""address"": """", ""city"": """", ""state"": """", ""zip"": """"}'}",11,8,188,East Harlem (North),1016660005,1000000,,
Compliance,PC8747935,3,1502,57,679,DECATUR STREET,11233,40.68345161065,-73.915968792811,Brooklyn,2026-08-12T09:26:25.000,Failed for Other Reason,"{'latitude': '40.68345161065', 'longitude': '-73.915968792811', 'human_address': '{""address"": """", ""city"": """", ""state"": """", ""zip"": """"}'}",16,41,373,Ocean Hill,3015020057,3040439,1007556,188290
Initial,PC8762964,3,1812,7502,368,GATES AVENUE,11216,40.686041472875,-73.952004509868,Brooklyn,2026-08-12T09:26:56.000,Failed for Rat Activity,"{'latitude': '40.686041472875', 'longitude': '-73.952004509868', 'human_address': '{""address"": """", ""city"": """", ""state"": """", ""zip"": """"}'}",3,36,243,Bedford-Stuyvesant (West),3018127502,3425072,,
Clean Ups,PC8610882,3,7842,5,4413,AVENUE M,11234,40.621013403726,-73.932693358147,Brooklyn,2026-08-12T09:27:00.000,Cleanup done,"{'latitude': '40.621013403726', 'longitude': '-73.932693358147', 'human_address': '{""address"": """", ""city"": """", ""state"": """", ""zip"": """"}'}",18,45,650,Flatlands,3078420005,3218268,1002935,165538
Compliance,PC8737802,3,1530,17,1895A,FULTON STREET,11233,40.678819037728,-73.920675977729,Brooklyn,2026-08-12T09:28:00.000,Failed for Other Reason,"{'latitude': '40.678819037728', 'longitude': '-73.920675977729', 'human_address': '{""address"": """", ""city"": """", ""state"": """", ""zip"": """"}'}",3,41,379,Bedford-Stuyvesant (East),3015300017,3041580,,
Initial,PC8759399,2,3752,66,1129,SAINT LAWRENCE AVENUE,10472,40.828415966181,-73.866526475514,Bronx,2026-08-12T09:30:00.000,Failed for Rat Activity,"{'latitude': '40.828415966181', 'longitude': '-73.866526475514', 'human_address': '{""address"": """", ""city"": """", ""state"": """", ""zip"": """"}'}",9,18,70,Soundview-Bruckner-Bronx River,2037520066,2024237,1021188,241122
Initial,PC8765138,1,1789,11,223,EAST  124 STREET,10035,40.802743486042,-73.93561886671,Manhattan,2026-08-12T09:30:33.000,Failed for Rat Activity,"{'latitude': '40.802743486042', 'longitude': '-73.93561886671', 'human_address': '{""address"": """", ""city"": """", ""state"": """", ""zip"": """"}'}",11,8,242,East Harlem (North),1017890011,1000000,,
Initial,PC8765140,1,1789,12,225,EAST  124 STREET,10035,40.802729744079,-73.935586371626,Manhattan,2026-08-12T09:30:33.000,Failed for Rat Activity,"{'latitude': '40.802729744079', 'longitude': '-73.935586371626', 'human_address': '{""address"": """", ""city"": """", ""state"": """", ""zip"": """"}'}",11,8,242,East Harlem (North),1017890012,1000000,,
Initial,PC8765142,1,1789,13,227,EAST  124 STREET,10035,40.802716002106,-73.935553876557,Manhattan,2026-08-12T09:30:33.000,Failed for Rat Activity,"{'latitude': '40.802716002106', 'longitude': '-73.935553876557', 'human_address': '{""address"": """", ""city"": """", ""state"": """", ""zip"": """"}'}",11,8,242,East Harlem (North),1017890013,1000000,,
Initial,PC8765146,1,1789,15,231,EAST  124 STREET,10035,40.80269126288,-73.935488883787,Manhattan,2026-08-12T09:30:33.000,Failed for Rat Activity,"{'latitude': '40.80269126288', 'longitude': '-73.935488883787', 'human_address': '{""address"": """", ""city"": """", ""state"": """", ""zip"": """"}'}",11,8,242,East Harlem (North),1017890015,1000000,,
Initial,PC8765145,1,1789,14,229,EAST  124 STREET,10035,40.802702260125,-73.9355213815,Manhattan,2026-08-12T09:30:33.000,Failed for Rat Activity,"{'latitude': '40.802702260125', 'longitude': '-73.9355213815', 'human_address': '{""address"": """", ""city"": """", ""state"": """", ""zip"": """"}'}",11,8,242,East Harlem (North),1017890014,1000000,,
Treatments,PC8609479,2,3335,1,201,E MOSHOLU PARKWAY N,10467,40.874722321348,-73.881475623039,Bronx,2026-08-12T09:30:44.000,Bait applied,"{'latitude': '40.874722321348', 'longitude': '-73.881475623039', 'human_address': '{""address"": """", ""city"": """", ""state"": """", ""zip"": """"}'}",7,11,419,Norwood,2033350001,2017983,,
Initial,PC8763186,3,1812,64,183,MONROE STREET,11216,40.685344162465,-73.951676898293,Brooklyn,2026-08-12T09:34:56.000,Failed for Rat Activity,"{'latitude': '40.685344162465', 'longitude': '-73.951676898293', 'human_address': '{""address"": """", ""city"": """", ""state"": """", ""zip"": """"}'}",3,36,243,Bedford-Stuyvesant (West),3018120064,3051078,,
Treatments,PC8624422,3,4632,18,196,ROCKAWAY PARKWAY,11212,40.662073513631,-73.921207792723,Brooklyn,2026-08-12T09:35:05.000,Bait applied,"{'latitude': '40.662073513631', 'longitude': '-73.921207792723', 'human_address': '{""address"": """", ""city"": """", ""state"": """", ""zip"": """"}'}",17,41,892,East Flatbush-Remsen Village,3046320018,3100708,1006110,180500
Initial,PC8761672,3,1988,1,433,FRANKLIN AVENUE,11238,40.684171242208,-73.956267680485,Brooklyn,2026-08-12T09:35:56.000,Failed for Other Reason,"{'latitude': '40.684171242208', 'longitude': '-73.956267680485', 'human_address': '{""address"": """", ""city"": """", ""state"": """", ""zip"": """"}'}",3,36,229,Bedford-Stuyvesant (West),3019880001,3000000,,
Treatments,PC8721774,1,2107,9,914,ST NICHOLAS AVENUE,10032,40.831371410962,-73.941195764987,Manhattan,2026-08-12T09:36:00.000,Bait applied,"{'latitude': '40.831371410962', 'longitude': '-73.941195764987', 'human_address': '{""address"": """", ""city"": """", ""state"": """", ""zip"": """"}'}",12,10,239,Washington Heights (South),1021070009,1062484,1000520,242164
Compliance,PC8737797,3,1530,12,1905,FULTON STREET,11233,40.678796794352,-73.920264999015,Brooklyn,2026-08-12T09:37:00.000,Failed for Rat Activity and Other Reason,"{'latitude': '40.678796794352', 'longitude': '-73.920264999015', 'human_address': '{""address"": """", ""city"": """", ""state"": """", ""zip"": """"}'}",3,41,379,Bedford-Stuyvesant (East),3015300012,3000000,,
Initial,PC8757268,2,5769,132,3660,WALDO AVENUE,10463,40.886845154231,-73.904390637815,Bronx,2026-08-12T09:38:04.000,Failed for Rat Activity,"{'latitude': '40.886845154231', 'longitude': '-73.904390637815', 'human_address': '{""address"": """", ""city"": """", ""state"": """", ""zip"": """"}'}",8,11,285,Kingsbridge-Marble Hill,2057690132,2083947,1010665,262372
Treatments,PC8723737,3,3406,54,1239,HALSEY STREET,11237,40.693444424966,-73.90764768447,Brooklyn,2026-08-12T09:40:00.000,Bait applied,"{'latitude': '40.693444424966', 'longitude': '-73.90764768447', 'human_address': '{""address"": """", ""city"": """", ""state"": """", ""zip"": """"}'}",4,37,437,Bushwick (East),3034060054,3078691,,
Treatments,PC8551032,3,1493,29,828,HALSEY STREET,11233,40.685085709542,-73.921180496721,Brooklyn,2026-08-12T09:40:00.000,Bait applied,"{'latitude': '40.685085709542', 'longitude': '-73.921180496721', 'human_address': '{""address"": """", ""city"": """", ""state"": """", ""zip"": """"}'}",3,41,377,Bedford-Stuyvesant (East),3014930029,3040016,,
Initial,PC8758294,3,5207,4,502,EAST   22 STREET,11226,40.639895527839,-73.957085910244,Brooklyn,2026-08-12T09:40:09.000,Failed for Rat Activity,"{'latitude': '40.639895527839', 'longitude': '-73.957085910244', 'human_address': '{""address"": """", ""city"": """", ""state"": """", ""zip"": """"}'}",14,40,51601,Flatbush,3052070004,3120266,996160,172413
Initial,PC8760507,2,3068,47,1961,ARTHUR AVENUE,10457,40.846482408183,-73.893330877252,Bronx,2026-08-12T09:40:24.000,Failed for Rat Activity,"{'latitude': '40.846482408183', 'longitude': '-73.893330877252', 'human_address': '{""address"": """", ""city"": """", ""state"": """", ""zip"": """"}'}",6,15,37504,Tremont,2030680047,2011973,,
Initial,PC8762671,3,1988,57,81,MADISON STREET,11216,40.684154480788,-73.955506910096,Brooklyn,2026-08-12T09:41:08.000,Failed for Rat Activity,"{'latitude': '40.684154480788', 'longitude': '-73.955506910096', 'human_address': '{""address"": """", ""city"": """", ""state"": """", ""zip"": """"}'}",3,36,229,Bedford-Stuyvesant (West),3019880057,3057151,,
Compliance,PC8356083,3,792,19,542,50 STREET,11220,40.644495205048,-74.009336532065,Brooklyn,2026-08-12T09:42:40.000,Failed for Rat Activity and Other Reason,"{'latitude': '40.644495205048', 'longitude': '-74.009336532065', 'human_address': '{""address"": """", ""city"": """", ""state"": """", ""zip"": """"}'}",7,38,98,Sunset Park (Central),3007920019,3013315,981659,174086
Initial,PC8761460,3,5893,34,554,OVINGTON AVENUE,11209,40.631878842374,-74.019880049082,Brooklyn,2026-08-12T09:44:06.000,Failed for Other Reason,"{'latitude': '40.631878842374', 'longitude': '-74.019880049082', 'human_address': '{""address"": """", ""city"": """", ""state"": """", ""zip"": """"}'}",10,47,130,Bay Ridge,3058930034,3146667,978732,169490
Initial,PC8765114,1,302,1,263,GRAND STREET,10002,40.718008702954,-73.99342724941,Manhattan,2026-08-12T09:45:19.000,Failed for Rat Activity and Other Reason,"{'latitude': '40.718008702954', 'longitude': '-73.99342724941', 'human_address': '{""address"": """", ""city"": """", ""state"": """", ""zip"": """"}'}",3,1,16,Chinatown-Two Bridges,1003020001,1075790,,
Initial,PC8765115,1,418,1,106,CHRYSTIE STREET,10002,40.718274963396,-73.993748286251,Manhattan,2026-08-12T09:45:21.000,Failed for Rat Activity and Other Reason,"{'latitude': '40.718274963396', 'longitude': '-73.993748286251', 'human_address': '{""address"": """", ""city"": """", ""state"": """", ""zip"": """"}'}",3,1,18,Lower East Side,1004180001,1086508,,
Initial,PC8765116,1,420,1,000,CHRYSTIE STREET,,0.00000000000000000000,0.00000000000000000000,Manhattan,2026-08-12T09:45:27.000,Failed for Rat Activity and Other Reason,"{'latitude': '0.0', 'longitude': '0.0', 'human_address': '{""address"": """", ""city"": """", ""state"": """", ""zip"": """"}'}",,,,,,,,
Initial,PC8762262,3,1865,48,88,HERKIMER STREET,11216,40.679681267468,-73.950682333775,Brooklyn,2026-08-12T09:45:57.000,Failed for Other Reason,"{'latitude': '40.679681267468', 'longitude': '-73.950682333775', 'human_address': '{""address"": """", ""city"": """", ""state"": """", ""zip"": """"}'}",3,36,247,Bedford-Stuyvesant (West),3018650048,3053911,,
Treatments,PC8683158,3,1346,5,141,ALBANY AVENUE,11213,40.6758218724,-73.938799028416,Brooklyn,2026-08-12T09:46:21.000,Bait applied,"{'latitude': '40.6758218724', 'longitude': '-73.938799028416', 'human_address': '{""address"": """", ""city"": """", ""state"": """", ""zip"": """"}'}",8,36,311,Crown Heights (North),3013460005,3035756,1001226,185505
Initial,PC8757732,1,115,1,MADISON,STREET,10038,,,Manhattan,2026-08-12T09:46:34.000,Failed for Rat Activity and Other Reason,,,,,,,,,
Compliance,PC8557545,3,1661,62,557A,HALSEY STREET,11233,40.684037715805,-73.930451721535,Brooklyn,2026-08-12T09:47:00.000,Failed for Rat Activity and Other Reason,"{'latitude': '40.684037715805', 'longitude': '-73.930451721535', 'human_address': '{""address"": """", ""city"": """", ""state"": """", ""zip"": """"}'}",3,36,295,Bedford-Stuyvesant (East),3016610062,3046179,,
Treatments,PC8732382,4,3158,86,66-51,BOOTH STREET,11374,40.725833603098,-73.855360729654,Queens,2026-08-12T09:47:37.000,Bait applied,"{'latitude': '40.725833603098', 'longitude': '-73.855360729654', 'human_address': '{""address"": """", ""city"": """", ""state"": """", ""zip"": """"}'}",6,29,71306,Forest Hills,4031580086,4074758,1024340,203753
Treatments,PC8682003,1,1078,55,544,WEST 50 STREET,10019,40.765375075973,-73.993469487096,Manhattan,2026-08-12T09:48:21.000,Bait applied,"{'latitude': '40.765375075973', 'longitude': '-73.993469487096', 'human_address': '{""address"": """", ""city"": """", ""state"": """", ""zip"": """"}'}",4,3,12902,Hell's Kitchen,1010780055,1027039,,
Initial,PC8762117,3,1812,74,165,MONROE STREET,11216,40.685281256382,-73.952210581795,Brooklyn,2026-08-12T09:48:57.000,Failed for Rat Activity,"{'latitude': '40.685281256382', 'longitude': '-73.952210581795', 'human_address': '{""address"": """", ""city"": """", ""state"": """", ""zip"": """"}'}",3,36,243,Bedford-Stuyvesant (West),3018120074,3051083,,
Compliance,PC8737697,3,1525,1,245,HOWARD AVENUE,11233,40.679498790488,-73.919312344697,Brooklyn,2026-08-12T09:49:00.000,Failed for Rat Activity and Other Reason,"{'latitude': '40.679498790488', 'longitude': '-73.919312344697', 'human_address': '{""address"": """", ""city"": """", ""state"": """", ""zip"": """"}'}",3,41,379,Bedford-Stuyvesant (East),3015250001,3041452,,
Initial,PC8763095,3,1865,47,84,HERKIMER STREET,11216,40.679684050989,-73.950772465625,Brooklyn,2026-08-12T09:49:57.000,Failed for Rat Activity,"{'latitude': '40.679684050989', 'longitude': '-73.950772465625', 'human_address': '{""address"": """", ""city"": """", ""state"": """", ""zip"": """"}'}",3,36,247,Bedford-Stuyvesant (West),3018650047,3053910,,
Treatments,PC8624316,2,3335,141,177,E MOSHOLU PARKWAY N,10467,40.875435949187,-73.881474346037,Bronx,2026-08-12T09:50:02.000,Bait applied,"{'latitude': '40.875435949187', 'longitude': '-73.881474346037', 'human_address': '{""address"": """", ""city"": """", ""state"": """", ""zip"": """"}'}",7,11,419,Norwood,2033350141,2000000,,
Treatments,PC8687415,1,2115,34,500,WEST 157 STREET,10032,40.832977661609,-73.942336267675,Manhattan,2026-08-12T09:50:05.000,Bait applied,"{'latitude': '40.832977661609', 'longitude': '-73.942336267675', 'human_address': '{""address"": """", ""city"": """", ""state"": """", ""zip"": """"}'}",12,10,241,Washington Heights (South),1021150034,1062713,,
Treatments,PC8698827,2,2872,189,1450,JESUP AVENUE,10452,40.842406070167,-73.919844062518,Bronx,2026-08-12T09:50:48.000,Bait applied,"{'latitude': '40.842406070167', 'longitude': '-73.919844062518', 'human_address': '{""address"": """", ""city"": """", ""state"": """", ""zip"": """"}'}",4,16,21302,Mount Eden-Claremont (West),2028720189,2115255,,
Compliance,PC8705192,1,489,31,71,THOMPSON STREET,10012,40.724401414222,-74.003034146831,Manhattan,2026-08-12T09:51:17.000,Failed for Rat Activity and Other Reason,"{'latitude': '40.724401414222', 'longitude': '-74.003034146831', 'human_address': '{""address"": """", ""city"": """", ""state"": """", ""zip"": """"}'}",2,1,47,SoHo-Little Italy-Hudson Square,1004890031,1007363,983409,203198
Compliance,PC8622504,1,1440,13,325,EAST   65 STREET,10065,40.764045608764,-73.960842976035,Manhattan,2026-08-12T09:52:47.000,Failed for Rat Activity,"{'latitude': '40.764045608764', 'longitude': '-73.960842976035', 'human_address': '{""address"": """", ""city"": """", ""state"": """", ""zip"": """"}'}",8,5,118,Upper East Side-Lenox Hill-Roosevelt Island,1014400013,1044712,995097,217644
Compliance,PC8747225,1,1745,40,1694,PARK AVENUE,10035,40.801091766235,-73.941926949077,Manhattan,2026-08-12T09:54:08.000,Failed for Rat Activity,"{'latitude': '40.801091766235', 'longitude': '-73.941926949077', 'human_address': '{""address"": """", ""city"": """", ""state"": """", ""zip"": """"}'}",11,9,184,East Harlem (North),1017450040,1053952,,
Treatments,PC8435490,1,1682,3,2150,2 AVENUE,10029,40.793468783863,-73.940340934018,Manhattan,2026-08-12T09:54:55.000,Bait applied,"{'latitude': '40.793468783863', 'longitude': '-73.940340934018', 'human_address': '{""address"": """", ""city"": """", ""state"": """", ""zip"": """"}'}",11,8,180,East Harlem (North),1016820003,1000000,,
Treatments,PC8672282,3,4630,6,178,EAST 95 STREET,11212,40.66140523531,-73.923342369649,Brooklyn,2026-08-12T09:55:05.000,Bait applied,"{'latitude': '40.66140523531', 'longitude': '-73.923342369649', 'human_address': '{""address"": """", ""city"": """", ""state"": """", ""zip"": """"}'}",17,41,884,East Flatbush-Remsen Village,3046300006,3100598,1005444,180347
Initial,PC8759912,3,1565,40,30,MARCONI PLACE,11233,40.676776648727,-73.912743371316,Brooklyn,2026-08-12T09:55:25.000,Failed for Other Reason,"{'latitude': '40.676776648727', 'longitude': '-73.912743371316', 'human_address': '{""address"": """", ""city"": """", ""state"": """", ""zip"": """"}'}",16,41,301,Ocean Hill,3015650040,3042525,1008453,185859
Treatments,PC8723677,3,3406,55,1235,HALSEY STREET,11237,40.693406030115,-73.907687404989,Brooklyn,2026-08-12T09:55:43.000,Bait applied,"{'latitude': '40.693406030115', 'longitude': '-73.907687404989', 'human_address': '{""address"": """", ""city"": """", ""state"": """", ""zip"": """"}'}",4,37,437,Bushwick (East),3034060055,3078692,,
Initial,PC8760054,2,3068,144,590,EAST 178 STREET,10457,40.847078062033,-73.893380520917,Bronx,2026-08-12T09:57:14.000,Failed for Other Reason,"{'latitude': '40.847078062033', 'longitude': '-73.893380520917', 'human_address': '{""address"": """", ""city"": """", ""state"": """", ""zip"": """"}'}",6,15,37504,Tremont,2030680144,2113413,,
Treatments,PC8624630,1,2176,27,707,WEST 179 STREET,10033,40.849009849407,-73.93743541714,Manhattan,2026-08-12T09:57:38.000,Bait applied,"{'latitude': '40.849009849407', 'longitude': '-73.93743541714', 'human_address': '{""address"": """", ""city"": """", ""state"": """", ""zip"": """"}'}",12,10,265,Washington Heights (North),1021760027,1064261,,
Initial,PC8761599,3,1812,83,149,MONROE STREET,11216,40.685226559826,-73.952690173584,Brooklyn,2026-08-12T09:57:57.000,Failed for Rat Activity,"{'latitude': '40.685226559826', 'longitude': '-73.952690173584', 'human_address': '{""address"": """", ""city"": """", ""state"": """", ""zip"": """"}'}",3,36,243,Bedford-Stuyvesant (West),3018120083,3051092,,
Initial,PC8762716,3,1812,84,147,MONROE STREET,11216,40.685221094074,-73.952747867991,Brooklyn,2026-08-12T09:58:57.000,Failed for Rat Activity,"{'latitude': '40.685221094074', 'longitude': '-73.952747867991', 'human_address': '{""address"": """", ""city"": """", ""state"": """", ""zip"": """"}'}",3,36,243,Bedford-Stuyvesant (West),3018120084,3051093,,
Initial,PC8764621,3,5864,13,416,68 STREET,11220,40.635001905449,-74.022575976811,Brooklyn,2026-08-12T09:59:06.000,Failed for Rat Activity and Other Reason,"{'latitude': '40.635001905449', 'longitude': '-74.022575976811', 'human_address': '{""address"": """", ""city"": """", ""state"": """", ""zip"": """"}'}",10,47,130,Bay Ridge,3058640013,3145261,977984,170628
Stoppage,PC8757271,2,3318,34,2819,MORRIS AVENUE,10468,40.870002455572,-73.893799202679,Bronx,2026-08-12T10:00:00.000,Stoppage done,"{'latitude': '40.870002455572', 'longitude': '-73.893799202679', 'human_address': '{""address"": """", ""city"": """", ""state"": """", ""zip"": """"}'}",7,14,40303,Bedford Park,2033180034,2017504,,
Compliance,PC8703992,4,1785,8,112-20,38 AVENUE,11368,40.75365143496,-73.855058266942,Queens,2026-08-12T10:00:00.000,Failed for Rat Activity and Other Reason,"{'latitude': '40.75365143496', 'longitude': '-73.855058266942', 'human_address': '{""address"": """", ""city"": """", ""state"": """", ""zip"": """"}'}",3,21,39902,North Corona,4017850008,4044955,,
Treatments,PC8709510,3,1668,42,760,HALSEY STREET,11233,40.684769167311,-73.923921153767,Brooklyn,2026-08-12T10:00:00.000,Bait applied,"{'latitude': '40.684769167311', 'longitude': '-73.923921153767', 'human_address': '{""address"": """", ""city"": """", ""state"": """", ""zip"": """"}'}",3,41,383,Bedford-Stuyvesant (East),3016680042,3046663,,
Initial,PC8753074,2,4721,17,3454,FENTON AVENUE,10469,40.877434067708,-73.84869421603,Bronx,2026-08-12T10:00:07.000,Failed for Other Reason,"{'latitude': '40.877434067708', 'longitude': '-73.84869421603', 'human_address': '{""address"": """", ""city"": """", ""state"": """", ""zip"": """"}'}",12,12,386,Eastchester-Edenwald-Baychester,2047210017,2093619,1026092,258989
Treatments,PC8682156,1,1078,56,546,WEST 50 STREET,10019,40.765342134132,-73.993386460089,Manhattan,2026-08-12T10:00:21.000,Bait applied,"{'latitude': '40.765342134132', 'longitude': '-73.993386460089', 'human_address': '{""address"": """", ""city"": """", ""state"": """", ""zip"": """"}'}",4,3,12902,Hell's Kitchen,1010780056,1027040,,
Treatments,PC8632412,1,2116,1,3780,BROADWAY,10032,40.834142641001,-73.944799837788,Manhattan,2026-08-12T10:00:21.000,Bait applied,"{'latitude': '40.834142641001', 'longitude': '-73.944799837788', 'human_address': '{""address"": """", ""city"": """", ""state"": """", ""zip"": """"}'}",12,10,241,Washington Heights (South),1021160001,1084194,,
Initial,PC8756638,2,5704,50,228,NAPLES TERRACE,10463,40.879816610612,-73.905228905947,Bronx,2026-08-12T10:03:04.000,Failed for Rat Activity,"{'latitude': '40.879816610612', 'longitude': '-73.905228905947', 'human_address': '{""address"": """", ""city"": """", ""state"": """", ""zip"": """"}'}",8,11,289,Kingsbridge-Marble Hill,2057040050,2083162,1010457,259835
Compliance,PC8607749,1,504,19,202,AVENUE OF THE AMERICAS,10013,40.7267811133,-74.003503284405,Manhattan,2026-08-12T10:04:36.000,Failed for Rat Activity,"{'latitude': '40.7267811133', 'longitude': '-74.003503284405', 'human_address': '{""address"": """", ""city"": """", ""state"": """", ""zip"": """"}'}",2,1,49,SoHo-Little Italy-Hudson Square,1005040019,1077764,983279,204065
Treatments,PC8631290,3,1346,3,145,ALBANY AVENUE,11213,40.67571208716,-73.938809944975,Brooklyn,2026-08-12T10:05:00.000,Bait applied,"{'latitude': '40.67571208716', 'longitude': '-73.938809944975', 'human_address': '{""address"": """", ""city"": """", ""state"": """", ""zip"": """"}'}",8,36,311,Crown Heights (North),3013460003,3035754,1001223,185465
Treatments,PC8698763,2,2872,307,1466,JESUP AVENUE,10452,40.842702344947,-73.9196196221,Bronx,2026-08-12T10:05:08.000,Bait applied,"{'latitude': '40.842702344947', 'longitude': '-73.9196196221', 'human_address': '{""address"": """", ""city"": """", ""state"": """", ""zip"": """"}'}",4,16,21302,Mount Eden-Claremont (West),2028720307,2008713,,
Treatments,PC8702259,2,3341,50,302,EAST  206 STREET,10467,40.87488639019,-73.878260719052,Bronx,2026-08-12T10:05:19.000,Bait applied,"{'latitude': '40.87488639019', 'longitude': '-73.878260719052', 'human_address': '{""address"": """", ""city"": """", ""state"": """", ""zip"": """"}'}",7,11,423,Norwood,2033410050,2018117,1017917,258048
Initial,PC8764442,2,3663,1,1785,STORY AVENUE,10473,40.823236070384,-73.86604190149,Bronx,2026-08-12T10:05:42.000,Failed for Other Reason,"{'latitude': '40.823236070384', 'longitude': '-73.86604190149', 'human_address': '{""address"": """", ""city"": """", ""state"": """", ""zip"": """"}'}",9,18,42,Soundview-Clason Point,2036630001,2092761,1021325,239235
Initial,PC8739737,5,705,256,195,WESTWOOD AVENUE,10314,40.60670015975,-74.117351637741,Staten Island,2026-08-12T10:05:46.000,Failed for Other Reason,"{'latitude': '40.60670015975', 'longitude': '-74.117351637741', 'human_address': '{""address"": """", ""city"": """", ""state"": """", ""zip"": """"}'}",2,49,173,Todt Hill-Emerson Hill-Lighthouse Hill-Manor Heights,5007050256,5017835,951665,160338
Compliance,PC8739997,3,1664,67,381,MACON STREET,11233,40.682605646221,-73.936387899665,Brooklyn,2026-08-12T10:06:00.000,Failed for Rat Activity and Other Reason,"{'latitude': '40.682605646221', 'longitude': '-73.936387899665', 'human_address': '{""address"": """", ""city"": """", ""state"": """", ""zip"": """"}'}",3,36,275,Bedford-Stuyvesant (East),3016640067,3046393,1001893,187977
Initial,PC8752266,1,1440,14,329,EAST 65 STREET,10065,40.764015393013,-73.960774405026,Manhattan,2026-08-12T10:06:47.000,Failed for Rat Activity,"{'latitude': '40.764015393013', 'longitude': '-73.960774405026', 'human_address': '{""address"": """", ""city"": """", ""state"": """", ""zip"": """"}'}",8,5,118,Upper East Side-Lenox Hill-Roosevelt Island,1014400014,1044713,995116,217633
Initial,PC8762245,3,1865,37,60,HERKIMER STREET,11216,40.679714480629,-73.951327668252,Brooklyn,2026-08-12T10:06:57.000,Failed for Rat Activity,"{'latitude': '40.679714480629', 'longitude': '-73.951327668252', 'human_address': '{""address"": """", ""city"": """", ""state"": """", ""zip"": """"}'}",3,36,247,Bedford-Stuyvesant (West),3018650037,3053904,,
Treatments,PC8732790,1,1677,42,314,EAST 106 STREET,10029,40.790266321808,-73.941629461942,Manhattan,2026-08-12T10:07:55.000,Bait applied,"{'latitude': '40.790266321808', 'longitude': '-73.941629461942', 'human_address': '{""address"": """", ""city"": """", ""state"": """", ""zip"": """"}'}",11,8,170,East Harlem (South),1016770042,1052773,,
Compliance,PC8720617,3,745,59,259,46 STREET,11220,40.650588220404,-74.013351996399,Brooklyn,2026-08-12T10:09:40.000,Failed for Rat Activity and Other Reason,"{'latitude': '40.650588220404', 'longitude': '-74.013351996399', 'human_address': '{""address"": """", ""city"": """", ""state"": """", ""zip"": """"}'}",7,38,2,Sunset Park (West),3007450059,3011492,980545,176306
Treatments,PC8723600,3,3406,57,1229,HALSEY STREET,11237,40.693348436362,-73.907745182634,Brooklyn,2026-08-12T10:10:20.000,Bait applied,"{'latitude': '40.693348436362', 'longitude': '-73.907745182634', 'human_address': '{""address"": """", ""city"": """", ""state"": """", ""zip"": """"}'}",4,37,437,Bushwick (East),3034060057,3078694,,
Treatments,PC8654210,1,2134,199,765,RIVERSIDE DRIVE,10032,40.834185541768,-73.948525590006,Manhattan,2026-08-12T10:10:55.000,Bait applied,"{'latitude': '40.834185541768', 'longitude': '-73.948525590006', 'human_address': '{""address"": """", ""city"": """", ""state"": """", ""zip"": """"}'}",12,7,241,Washington Heights (South),1021340199,1063276,998523,243199
Compliance,PC8726797,4,614,61,31-50,33 STREET,11106,40.762379507042,-73.922857502503,Queens,2026-08-12T10:11:00.000,Failed for Rat Activity and Other Reason,"{'latitude': '40.762379507042', 'longitude': '-73.922857502503', 'human_address': '{""address"": """", ""city"": """", ""state"": """", ""zip"": """"}'}",1,22,61,Astoria (Central),4006140061,4008449,,
Compliance,PC8737780,3,1519,56,189,SUMPTER STREET,11233,40.68021428901,-73.918060406568,Brooklyn,2026-08-12T10:13:00.000,Failed for Other Reason,"{'latitude': '40.68021428901', 'longitude': '-73.918060406568', 'human_address': '{""address"": """", ""city"": """", ""state"": """", ""zip"": """"}'}",3,41,379,Bedford-Stuyvesant (East),3015190056,3041297,,
Initial,PC8760735,2,3068,1,575,EAST TREMONT AVENUE,10457,40.846491431044,-73.89418386926,Bronx,2026-08-12T10:13:53.000,Failed for Rat Activity,"{'latitude': '40.846491431044', 'longitude': '-73.89418386926', 'human_address': '{""address"": """", ""city"": """", ""state"": """", ""zip"": """"}'}",6,15,37504,Tremont,2030680001,2011959,,
Initial,PC8754225,3,5220,47,650,EAST   21 STREET,11226,40.637856364355,-73.957649308391,Brooklyn,2026-08-12T10:14:00.000,Failed for Rat Activity,"{'latitude': '40.637856364355', 'longitude': '-73.957649308391', 'human_address': '{""address"": """", ""city"": """", ""state"": """", ""zip"": """"}'}",14,45,51601,Flatbush,3052200047,3120585,996004,171670
Treatments,PC8679388,3,4660,1,141,EAST   54 STREET,11203,40.655341566208,-73.926852487854,Brooklyn,2026-08-12T10:15:00.000,Bait applied,"{'latitude': '40.655341566208', 'longitude': '-73.926852487854', 'human_address': '{""address"": """", ""city"": """", ""state"": """", ""zip"": """"}'}",17,41,866,East Flatbush-Rugby,3046600001,3101525,1004546,178046
Initial,PC8758621,2,2842,18,54,EAST 170 STREET,10452,40.839757767667,-73.916507868597,Bronx,2026-08-12T10:16:00.000,Failed for Rat Activity,"{'latitude': '40.839757767667', 'longitude': '-73.916507868597', 'human_address': '{""address"": """", ""city"": """", ""state"": """", ""zip"": """"}'}",4,16,22101,Mount Eden-Claremont (West),2028420018,2008078,,
Compliance,PC8658706,1,1806,41,414,EAST  119 STREET,10035,40.797680924068,-73.93343504771,Manhattan,2026-08-12T10:16:00.000,Failed for Rat Activity and Other Reason,"{'latitude': '40.797680924068', 'longitude': '-73.93343504771', 'human_address': '{""address"": """", ""city"": """", ""state"": """", ""zip"": """"}'}",11,8,178,East Harlem (North),1018060041,1079441,1002680,229903
Initial,PC8761943,3,1865,34,50,HERKIMER STREET,11216,40.679728302254,-73.951558401104,Brooklyn,2026-08-12T10:16:57.000,Failed for Rat Activity,"{'latitude': '40.679728302254', 'longitude': '-73.951558401104', 'human_address': '{""address"": """", ""city"": """", ""state"": """", ""zip"": """"}'}",3,36,247,Bedford-Stuyvesant (West),3018650034,3053901,,
Initial,PC8765648,1,1440,113,327,EAST 65 STREET,10065,40.764029127899,-73.960806886364,Manhattan,2026-08-12T10:17:47.000,Failed for Rat Activity,"{'latitude': '40.764029127899', 'longitude': '-73.960806886364', 'human_address': '{""address"": """", ""city"": """", ""state"": """", ""zip"": """"}'}",8,5,118,Upper East Side-Lenox Hill-Roosevelt Island,1014400113,1044736,,
Compliance,PC8739498,4,1778,23,108-60,37 DRIVE,11368,40.753636109427,-73.858169585032,Queens,2026-08-12T10:18:00.000,Failed for Rat Activity,"{'latitude': '40.753636109427', 'longitude': '-73.858169585032', 'human_address': '{""address"": """", ""city"": """", ""state"": """", ""zip"": """"}'}",3,21,40102,North Corona,4017780023,4044709,1023545,213881
Initial,PC8763896,4,3466,45,57-51,MYRTLE AVENUE,11385,40.700490817411,-73.901716032703,Queens,2026-08-12T10:18:25.000,Failed for Rat Activity,"{'latitude': '40.700490817411', 'longitude': '-73.901716032703', 'human_address': '{""address"": """", ""city"": """", ""state"": """", ""zip"": """"}'}",5,30,551,Ridgewood,4034660045,4082864,,
Stoppage,PC8691492,1,2070,43,518,WEST 139 STREET,10031,40.821761252632,-73.951161949677,Manhattan,2026-08-12T10:19:00.000,Stoppage done,"{'latitude': '40.821761252632', 'longitude': '-73.951161949677', 'human_address': '{""address"": """", ""city"": """", ""state"": """", ""zip"": """"}'}",9,7,225,Hamilton Heights-Sugar Hill,1020700043,1061724,,
Treatments,PC8722988,1,2136,13,820,RIVERSIDE DRIVE,10032,40.835611482117,-73.945651480436,Manhattan,2026-08-12T10:19:57.000,Bait applied,"{'latitude': '40.835611482117', 'longitude': '-73.945651480436', 'human_address': '{""address"": """", ""city"": """", ""state"": """", ""zip"": """"}'}",12,7,247,Washington Heights (South),1021360013,1063306,999289,243720
Compliance,PC8735197,4,5202,50,45-27,ROBINSON STREET,11355,40.752850085468,-73.818482989849,Queens,2026-08-12T10:20:00.000,Failed for Other Reason,"{'latitude': '40.752850085468', 'longitude': '-73.818482989849', 'human_address': '{""address"": """", ""city"": """", ""state"": """", ""zip"": """"}'}",7,20,1205,East Flushing,4052020050,4117444,1034541,213615
Treatments,PC8723757,3,3406,61,1217,HALSEY STREET,11237,40.693230501097,-73.907857135341,Brooklyn,2026-08-12T10:20:18.000,Bait applied,"{'latitude': '40.693230501097', 'longitude': '-73.907857135341', 'human_address': '{""address"": """", ""city"": """", ""state"": """", ""zip"": """"}'}",4,37,437,Bushwick (East),3034060061,3078698,,
Treatments,PC8713131,1,1039,51,330,WEST 49 STREET,10019,40.762240118325,-73.98797200613,Manhattan,2026-08-12T10:20:21.000,Bait applied,"{'latitude': '40.762240118325', 'longitude': '-73.98797200613', 'human_address': '{""address"": """", ""city"": """", ""state"": """", ""zip"": """"}'}",4,3,127,Hell's Kitchen,1010390051,1025155,,
Treatments,PC8636204,2,2518,31,1265,NELSON AVENUE,10452,40.839109992246,-73.92441256984,Bronx,2026-08-12T10:20:30.000,Bait applied,"{'latitude': '40.839109992246', 'longitude': '-73.92441256984', 'human_address': '{""address"": """", ""city"": """", ""state"": """", ""zip"": """"}'}",4,16,211,Highbridge,2025180031,2102640,,
Compliance,PC8721832,2,2808,21,1925,GRAND CONCOURSE,10453,40.850058488645,-73.905520877773,Bronx,2026-08-12T10:20:37.000,Failed for Other Reason,"{'latitude': '40.850058488645', 'longitude': '-73.905520877773', 'human_address': '{""address"": """", ""city"": """", ""state"": """", ""zip"": """"}'}",5,14,23501,Mount Hope,2028080021,2086655,1010371,248966
Treatments,PC8536229,1,1633,52,152,EAST 106 STREET,10029,40.79200851767,-73.94575583096,Manhattan,2026-08-12T10:20:55.000,Bait applied,"{'latitude': '40.79200851767', 'longitude': '-73.94575583096', 'human_address': '{""address"": """", ""city"": """", ""state"": """", ""zip"": """"}'}",11,8,172,East Harlem (South),1016330052,1000000,,
Treatments,PC8609238,2,3350,27,3227,DECATUR AVENUE,10467,40.874504200827,-73.875075757202,Bronx,2026-08-12T10:20:57.000,Bait applied,"{'latitude': '40.874504200827', 'longitude': '-73.875075757202', 'human_address': '{""address"": """", ""city"": """", ""state"": """", ""zip"": """"}'}",7,11,42901,Norwood,2033500027,2018448,,
Compliance,PC8748174,3,1462,140,452,HOWARD AVENUE,11233,40.672315955313,-73.919663538915,Brooklyn,2026-08-12T10:21:25.000,Failed for Rat Activity,"{'latitude': '40.672315955313', 'longitude': '-73.919663538915', 'human_address': '{""address"": """", ""city"": """", ""state"": """", ""zip"": """"}'}",16,41,363,Ocean Hill,3014620140,3348607,1006535,184232
Compliance,PC8534887,3,700,58,323,38 st,11232,40.653896260189,-74.006735795779,Brooklyn,2026-08-12T10:22:17.000,Failed for Rat Activity,"{'latitude': '40.653896260189', 'longitude': '-74.006735795779', 'human_address': '{""address"": """", ""city"": """", ""state"": """", ""zip"": """"}'}",7,38,84,Sunset Park (West),3007000058,3010392,,
Treatments,PC8698948,2,2872,70,1434,JESUP AVENUE,10452,40.841706529738,-73.920372577808,Bronx,2026-08-12T10:23:00.000,Bait applied,"{'latitude': '40.841706529738', 'longitude': '-73.920372577808', 'human_address': '{""address"": """", ""city"": """", ""state"": """", ""zip"": """"}'}",4,16,21302,Mount Eden-Claremont (West),2028720070,2008659,,
Compliance,PC8737683,3,1519,55,191,SUMPTER STREET,11233,40.680222474341,-73.917991894121,Brooklyn,2026-08-12T10:23:00.000,Failed for Rat Activity,"{'latitude': '40.680222474341', 'longitude': '-73.917991894121', 'human_address': '{""address"": """", ""city"": """", ""state"": """", ""zip"": """"}'}",3,41,379,Bedford-Stuyvesant (East),3015190055,3041253,,
Initial,PC8758506,2,2842,23,41,ELLIOT PLACE,10452,40.839190000111,-73.917050689179,Bronx,2026-08-12T10:24:08.000,Failed for Rat Activity,"{'latitude': '40.839190000111', 'longitude': '-73.917050689179', 'human_address': '{""address"": """", ""city"": """", ""state"": """", ""zip"": """"}'}",4,16,22101,Mount Eden-Claremont (West),2028420023,2008079,,
Treatments,PC8704346,3,4641,28,879,LENOX ROAD,11203,40.655585784715,-73.926747701597,Brooklyn,2026-08-12T10:25:00.000,Bait applied,"{'latitude': '40.655585784715', 'longitude': '-73.926747701597', 'human_address': '{""address"": """", ""city"": """", ""state"": """", ""zip"": """"}'}",17,41,866,East Flatbush-Rugby,3046410028,3100953,1004575,178135
Treatments,PC8622366,1,2154,80,552,WEST 184 STREET,10033,40.850669748944,-73.931458815637,Manhattan,2026-08-12T10:26:30.000,Bait applied,"{'latitude': '40.850669748944', 'longitude': '-73.931458815637', 'human_address': '{""address"": """", ""city"": """", ""state"": """", ""zip"": """"}'}",12,10,269,Washington Heights (North),1021540080,1063679,,
Initial,PC8763087,3,1865,31,44,HERKIMER STREET,11216,40.679733849624,-73.951695400713,Brooklyn,2026-08-12T10:26:57.000,Failed for Rat Activity,"{'latitude': '40.679733849624', 'longitude': '-73.951695400713', 'human_address': '{""address"": """", ""city"": """", ""state"": """", ""zip"": """"}'}",3,36,247,Bedford-Stuyvesant (West),3018650031,3053898,,
Treatments,PC8731667,3,1168,30,588,PARK PLACE,11238,40.674535179657,-73.958541616915,Brooklyn,2026-08-12T10:29:07.000,Bait applied,"{'latitude': '40.674535179657', 'longitude': '-73.958541616915', 'human_address': '{""address"": """", ""city"": """", ""state"": """", ""zip"": """"}'}",8,35,217,Crown Heights (North),3011680030,3029268,,
Compliance,PC8740089,1,1440,16,333,EAST   65 STREET,10065,40.763987921977,-73.960705832454,Manhattan,2026-08-12T10:29:47.000,Failed for Rat Activity,"{'latitude': '40.763987921977', 'longitude': '-73.960705832454', 'human_address': '{""address"": """", ""city"": """", ""state"": """", ""zip"": """"}'}",8,5,118,Upper East Side-Lenox Hill-Roosevelt Island,1014400016,1044715,995135,217623
Treatments,PC8699262,3,3408,47,39,ELDERT STREET,11207,40.686139765267,-73.913646921817,Brooklyn,2026-08-12T10:30:51.000,Bait applied,"{'latitude': '40.686139765267', 'longitude': '-73.913646921817', 'human_address': '{""address"": """", ""city"": """", ""state"": """", ""zip"": """"}'}",4,37,401,Bushwick (East),3034080047,3078741,,
Treatments,PC8617487,2,3355,1,3242,DECATUR AVENUE,10467,40.875225452349,-73.874513916328,Bronx,2026-08-12T10:32:34.000,Bait applied,"{'latitude': '40.875225452349', 'longitude': '-73.874513916328', 'human_address': '{""address"": """", ""city"": """", ""state"": """", ""zip"": """"}'}",7,11,42901,Norwood,2033550001,2018571,1018953,258173
Treatments,PC8698745,2,2872,71,JESUP,AVENUE,10452,,,Bronx,2026-08-12T10:33:00.000,Bait applied,,,,,,,,,
Treatments,PC8517087,3,1662,52,637,HALSEY STREET,11233,40.684425378644,-73.927080066001,Brooklyn,2026-08-12T10:33:00.000,Bait applied,"{'latitude': '40.684425378644', 'longitude': '-73.927080066001', 'human_address': '{""address"": """", ""city"": """", ""state"": """", ""zip"": """"}'}",3,36,383,Bedford-Stuyvesant (East),3016620052,3046238,1004474,188642
Treatments,PC8706034,1,2137,14,600,WEST  161 STREET,10032,40.83665885072,-73.943330500132,Manhattan,2026-08-12T10:33:31.000,Bait applied,"{'latitude': '40.83665885072', 'longitude': '-73.943330500132', 'human_address': '{""address"": """", ""city"": """", ""state"": """", ""zip"": """"}'}",12,7,245,Washington Heights (South),1021370014,1063351,999931,244102
Initial,PC8763773,4,3465,42,57-07,CATALPA AVENUE,11385,40.700876983134,-73.903955103191,Queens,2026-08-12T10:33:35.000,Failed for Other Reason,"{'latitude': '40.700876983134', 'longitude': '-73.903955103191', 'human_address': '{""address"": """", ""city"": """", ""state"": """", ""zip"": """"}'}",5,30,551,Ridgewood,4034650042,4082843,,
Stoppage,PC8761445,1,1941,33,2308,Adam Clayton Powell Jr Blvd,10030,40.815612250299,-73.94348216258,Manhattan,2026-08-12T10:34:00.000,Stoppage done,"{'latitude': '40.815612250299', 'longitude': '-73.94348216258', 'human_address': '{""address"": """", ""city"": """", ""state"": """", ""zip"": """"}'}",10,9,228,Harlem (North),1019410033,1058896,,
Treatments,PC8681990,1,1078,8,541,WEST 49 STREET,10019,40.764773999881,-73.993938843656,Manhattan,2026-08-12T10:34:21.000,Bait applied,"{'latitude': '40.764773999881', 'longitude': '-73.993938843656', 'human_address': '{""address"": """", ""city"": """", ""state"": """", ""zip"": """"}'}",4,3,12902,Hell's Kitchen,1010780008,1027024,,
Initial,PC8754274,2,5049,68,4323,BOYD AVENUE,10466,40.895863068052,-73.851502404307,Bronx,2026-08-12T10:35:00.000,Failed for Other Reason,"{'latitude': '40.895863068052', 'longitude': '-73.851502404307', 'human_address': '{""address"": """", ""city"": """", ""state"": """", ""zip"": """"}'}",12,11,436,Wakefield-Woodlawn,2050490068,2069966,1025304,265702
Treatments,PC8733398,4,2793,22,69-11,58 ROAD,11378,40.724039636567,-73.894072388217,Queens,2026-08-12T10:35:37.000,Bait applied,"{'latitude': '40.724039636567', 'longitude': '-73.894072388217', 'human_address': '{""address"": """", ""city"": """", ""state"": """", ""zip"": """"}'}",5,30,495,Maspeth,4027930022,4062642,1013611,203084
Initial,PC8761487,2,2763,158,721,HUNTS POINT AVENUE,10474,40.815029220862,-73.886358358647,Bronx,2026-08-12T10:35:42.000,Failed for Other Reason,"{'latitude': '40.815029220862', 'longitude': '-73.886358358647', 'human_address': '{""address"": """", ""city"": """", ""state"": """", ""zip"": """"}'}",2,17,9301,Hunts Point,2027630158,2006533,1015706,236237
Compliance,PC8568384,2,3156,3,2060,GRAND CONCOURSE,10457,40.852784902204,-73.90329390208,Bronx,2026-08-12T10:38:56.000,Failed for Rat Activity,"{'latitude': '40.852784902204', 'longitude': '-73.90329390208', 'human_address': '{""address"": """", ""city"": """", ""state"": """", ""zip"": """"}'}",5,15,23502,Mount Hope,2031560003,2013629,,
Treatments,PC8727934,1,1628,50,1575,LEXINGTON AVENUE,10029,40.788732693517,-73.948824490922,Manhattan,2026-08-12T10:39:55.000,Bait applied,"{'latitude': '40.788732693517', 'longitude': '-73.948824490922', 'human_address': '{""address"": """", ""city"": """", ""state"": """", ""zip"": """"}'}",11,8,166,East Harlem (South),1016280050,1051813,,
Compliance,PC8721002,2,2868,272,143,MORTON PLACE,10453,40.850762439154,-73.914173386079,Bronx,2026-08-12T10:40:00.000,Failed for Other Reason,"{'latitude': '40.850762439154', 'longitude': '-73.914173386079', 'human_address': '{""address"": """", ""city"": """", ""state"": """", ""zip"": """"}'}",5,14,243,University Heights (South)-Morris Heights,2028680272,2100344,1007994,249247
Compliance,PC8734819,1,2087,50,640,WEST 139 STREET,10031,40.823225627811,-73.954643960596,Manhattan,2026-08-12T10:40:00.000,Failed for Rat Activity and Other Reason,"{'latitude': '40.823225627811', 'longitude': '-73.954643960596', 'human_address': '{""address"": """", ""city"": """", ""state"": """", ""zip"": """"}'}",9,7,225,Hamilton Heights-Sugar Hill,1020870050,1079500,,
Initial,PC8760074,1,1474,31,500,EAST 62 STREET,10065,40.760473762853,-73.958246066574,Manhattan,2026-08-12T10:40:26.000,Failed for Other Reason,"{'latitude': '40.760473762853', 'longitude': '-73.958246066574', 'human_address': '{""address"": """", ""city"": """", ""state"": """", ""zip"": """"}'}",8,5,10602,Upper East Side-Lenox Hill-Roosevelt Island,1014740031,1046251,,
Treatments,PC8699181,3,3408,52,29,ELDERT STREET,11207,40.685956001153,-73.913827445622,Brooklyn,2026-08-12T10:40:43.000,Bait applied,"{'latitude': '40.685956001153', 'longitude': '-73.913827445622', 'human_address': '{""address"": """", ""city"": """", ""state"": """", ""zip"": """"}'}",4,37,401,Bushwick (East),3034080052,3078746,,
Compliance,PC8699442,4,9817,33,166-39,89 AVENUE,11432,40.708147897412,-73.795171089303,Queens,2026-08-12T10:40:57.000,Failed for Rat Activity,"{'latitude': '40.708147897412', 'longitude': '-73.795171089303', 'human_address': '{""address"": """", ""city"": """", ""state"": """", ""zip"": """"}'}",12,24,460,Jamaica,4098170033,4210076,,
Compliance,PC8697047,1,1822,15,45,ST NICHOLAS AVENUE,10026,40.800199089277,-73.952488953249,Manhattan,2026-08-12T10:41:51.000,Failed for Rat Activity and Other Reason,"{'latitude': '40.800199089277', 'longitude': '-73.952488953249', 'human_address': '{""address"": """", ""city"": """", ""state"": """", ""zip"": """"}'}",10,9,216,Harlem (South),1018220015,1054981,,
Initial,PC8762488,3,1865,26,32,HERKIMER STREET,11216,40.679750434932,-73.95197300139,Brooklyn,2026-08-12T10:41:57.000,Failed for Rat Activity,"{'latitude': '40.679750434932', 'longitude': '-73.95197300139', 'human_address': '{""address"": """", ""city"": """", ""state"": """", ""zip"": """"}'}",3,36,247,Bedford-Stuyvesant (West),3018650026,3053893,,
Treatments,PC8738513,1,2156,23,507,WEST  184 STREET,10033,40.850070512644,-73.929991896468,Manhattan,2026-08-12T10:42:19.000,Bait applied,"{'latitude': '40.850070512644', 'longitude': '-73.929991896468', 'human_address': '{""address"": """", ""city"": """", ""state"": """", ""zip"": """"}'}",12,10,269,Washington Heights (North),1021560023,1063722,1003618,248991
Initial,PC8758409,2,2842,38,105,ELLIOT PLACE,10452,40.838882005085,-73.916245148575,Bronx,2026-08-12T10:42:19.000,Failed for Rat Activity and Other Reason,"{'latitude': '40.838882005085', 'longitude': '-73.916245148575', 'human_address': '{""address"": """", ""city"": """", ""state"": """", ""zip"": """"}'}",4,16,22102,Mount Eden-Claremont (West),2028420038,2008082,,
Treatments,PC8638891,1,2119,66,547,WEST 160 STREET,10032,40.835288550521,-73.941976488722,Manhattan,2026-08-12T10:42:19.000,Bait applied,"{'latitude': '40.835288550521', 'longitude': '-73.941976488722', 'human_address': '{""address"": """", ""city"": """", ""state"": """", ""zip"": """"}'}",12,10,245,Washington Heights (South),1021190066,1062847,,
Treatments,PC8630084,2,3356,146,3525,DECATUR AVENUE,10467,40.879222138662,-73.872351075752,Bronx,2026-08-12T10:42:57.000,Bait applied,"{'latitude': '40.879222138662', 'longitude': '-73.872351075752', 'human_address': '{""address"": """", ""city"": """", ""state"": """", ""zip"": """"}'}",7,11,43102,Norwood,2033560146,2018647,1019549,259630
Treatments,PC8638674,3,4660,24,150,EAST   55 STREET,11203,40.654553168437,-73.925847841299,Brooklyn,2026-08-12T10:45:05.000,Bait applied,"{'latitude': '40.654553168437', 'longitude': '-73.925847841299', 'human_address': '{""address"": """", ""city"": """", ""state"": """", ""zip"": """"}'}",17,41,866,East Flatbush-Rugby,3046600024,3101536,1004825,177759
Initial,PC8764351,1,1212,47,134,WEST   82 STREET,10024,40.784358047799,-73.975181281502,Manhattan,2026-08-12T10:45:09.000,Failed for Rat Activity,"{'latitude': '40.784358047799', 'longitude': '-73.975181281502', 'human_address': '{""address"": """", ""city"": """", ""state"": """", ""zip"": """"}'}",7,6,165,Upper West Side (Central),1012120047,1032032,991123,225043
Initial,PC8765665,3,1450,14,,,11233,,,Brooklyn,2026-08-12T10:45:25.000,Failed for Rat Activity and Other Reason,,,,,,,,,
Treatments,PC8682139,1,1077,22,517,WEST 48 STREET,10036,40.763851748751,-73.993704282472,Manhattan,2026-08-12T10:46:21.000,Bait applied,"{'latitude': '40.763851748751', 'longitude': '-73.993704282472', 'human_address': '{""address"": """", ""city"": """", ""state"": """", ""zip"": """"}'}",4,3,12902,Hell's Kitchen,1010770022,1027015,,
Compliance,PC8618380,1,1440,23,1207,1 AVENUE,10065,40.763553692931,-73.959110507664,Manhattan,2026-08-12T10:46:47.000,Failed for Rat Activity,"{'latitude': '40.763553692931', 'longitude': '-73.959110507664', 'human_address': '{""address"": """", ""city"": """", ""state"": """", ""zip"": """"}'}",8,5,118,Upper East Side-Lenox Hill-Roosevelt Island,1014400023,1085180,995577,217465
Initial,PC8763024,3,1865,24,28,HERKIMER STREET,11216,40.679755962214,-73.952063131407,Brooklyn,2026-08-12T10:47:57.000,Failed for Rat Activity,"{'latitude': '40.679755962214', 'longitude': '-73.952063131407', 'human_address': '{""address"": """", ""city"": """", ""state"": """", ""zip"": """"}'}",3,36,247,Bedford-Stuyvesant (West),3018650024,3053891,,
Initial,PC8755917,1,592,39,183,WEST    4 STREET,10014,40.732539669869,-74.001851020402,Manhattan,2026-08-12T10:48:40.000,Failed for Rat Activity,"{'latitude': '40.732539669869', 'longitude': '-74.001851020402', 'human_address': '{""address"": """", ""city"": """", ""state"": """", ""zip"": """"}'}",2,3,71,West Village,1005920039,1076803,983737,206163
Stoppage,PC8740043,1,1649,1,210,EAST  102 STREET,10029,40.788819313414,-73.946173737656,Manhattan,2026-08-12T10:50:00.000,Stoppage done,"{'latitude': '40.788819313414', 'longitude': '-73.946173737656', 'human_address': '{""address"": """", ""city"": """", ""state"": """", ""zip"": """"}'}",11,8,164,East Harlem (South),1016490001,1083461,999155,226672
Compliance,PC8722613,4,1774,53,104-41,38 AVENUE,11368,40.751587757194,-73.862050316003,Queens,2026-08-12T10:50:00.000,Failed for Rat Activity,"{'latitude': '40.751587757194', 'longitude': '-73.862050316003', 'human_address': '{""address"": """", ""city"": """", ""state"": """", ""zip"": """"}'}",3,21,40302,North Corona,4017740053,4044527,,
Initial,PC8763647,4,3465,37,57-15,CATALPA AVENUE,11385,40.700918097259,-73.903886520021,Queens,2026-08-12T10:50:00.000,Failed for Other Reason,"{'latitude': '40.700918097259', 'longitude': '-73.903886520021', 'human_address': '{""address"": """", ""city"": """", ""state"": """", ""zip"": """"}'}",5,30,551,Ridgewood,4034650037,4082839,,
Treatments,PC8723876,3,3410,32,1136,HALSEY STREET,11207,40.689684232931,-73.911312901924,Brooklyn,2026-08-12T10:50:49.000,Bait applied,"{'latitude': '40.689684232931', 'longitude': '-73.911312901924', 'human_address': '{""address"": """", ""city"": """", ""state"": """", ""zip"": """"}'}",4,37,413,Bushwick (East),3034100032,3078807,,
Compliance,PC8748214,3,1449,167,216,MOTHER GASTON BOULEVARD,11233,40.674086095965,-73.908366764156,Brooklyn,2026-08-12T10:51:25.000,Failed for Rat Activity and Other Reason,"{'latitude': '40.674086095965', 'longitude': '-73.908366764156', 'human_address': '{""address"": """", ""city"": """", ""state"": """", ""zip"": """"}'}",16,37,36502,Ocean Hill,3014490167,3349145,1009668,184880
Initial,PC8761279,1,1661,105,207,EAST 111 STREET,10029,40.794575723314,-73.941910985528,Manhattan,2026-08-12T10:53:16.000,Failed for Rat Activity,"{'latitude': '40.794575723314', 'longitude': '-73.941910985528', 'human_address': '{""address"": """", ""city"": """", ""state"": """", ""zip"": """"}'}",11,8,180,East Harlem (North),1016610105,1087805,,
Treatments,PC8703979,4,2762,112,61-61,ELIOT AVENUE,11379,40.714998539099,-73.900392330921,Queens,2026-08-12T10:53:49.000,Bait applied,"{'latitude': '40.714998539099', 'longitude': '-73.900392330921', 'human_address': '{""address"": """", ""city"": """", ""state"": """", ""zip"": """"}'}",5,30,601,Maspeth,4027620112,4061787,1011863,199788
Compliance,PC8740470,1,1831,29,1902,ADAM C POWELL BLVD,10026,40.802642106218,-73.952953156219,Manhattan,2026-08-12T10:53:51.000,Failed for Rat Activity and Other Reason,"{'latitude': '40.802642106218', 'longitude': '-73.952953156219', 'human_address': '{""address"": """", ""city"": """", ""state"": """", ""zip"": """"}'}",10,9,218,Harlem (South),1018310029,1055237,,
Stoppage,PC8757407,2,3319,1,2855,GRAND CONCOURSE,10468,40.870260416676,-73.890823042076,Bronx,2026-08-12T10:54:00.000,Stoppage done,"{'latitude': '40.870260416676', 'longitude': '-73.890823042076', 'human_address': '{""address"": """", ""city"": """", ""state"": """", ""zip"": """"}'}",7,14,40701,Bedford Park,2033190001,2017574,,
Initial,PC8760846,2,2765,205,671,MANIDA STREET,10474,40.813373117083,-73.888113322581,Bronx,2026-08-12T10:55:42.000,Failed for Other Reason,"{'latitude': '40.813373117083', 'longitude': '-73.888113322581', 'human_address': '{""address"": """", ""city"": """", ""state"": """", ""zip"": """"}'}",2,17,9301,Hunts Point,2027650205,2006625,1015221,235633
Treatments,PC8699350,2,3344,36,215,EAST GUNHILL ROAD,10467,40.880421281391,-73.877111414801,Bronx,2026-08-12T10:55:57.000,Bait applied,"{'latitude': '40.880421281391', 'longitude': '-73.877111414801', 'human_address': '{""address"": """", ""city"": """", ""state"": """", ""zip"": """"}'}",7,11,43102,Norwood,2033440036,2018266,1018232,260065
Compliance,PC8743585,2,3030,25,415,EAST 180 STREET,10457,40.852159706275,-73.897652200218,Bronx,2026-08-12T10:57:46.000,Failed for Other Reason,"{'latitude': '40.852159706275', 'longitude': '-73.897652200218', 'human_address': '{""address"": """", ""city"": """", ""state"": """", ""zip"": """"}'}",6,15,379,Mount Hope,2030300025,2118020,,
Treatments,PC8734499,1,2159,25,515,WEST  187 STREET,10033,40.852092579997,-73.92868845411,Manhattan,2026-08-12T10:58:02.000,Bait applied,"{'latitude': '40.852092579997', 'longitude': '-73.92868845411', 'human_address': '{""address"": """", ""city"": """", ""state"": """", ""zip"": """"}'}",12,10,269,Washington Heights (North),1021590025,1063850,1003978,249728
Compliance,PC8722590,1,1661,35,236,EAST  112 STREET,10029,40.794973184689,-73.940877712716,Manhattan,2026-08-12T10:58:08.000,Failed for Rat Activity and Other Reason,"{'latitude': '40.794973184689', 'longitude': '-73.940877712716', 'human_address': '{""address"": """", ""city"": """", ""state"": """", ""zip"": """"}'}",11,8,180,East Harlem (North),1016610035,1052506,1000620,228915
Treatments,PC8724033,3,3410,33,580,CENTRAL AVENUE,11207,40.689837455863,-73.91068887507,Brooklyn,2026-08-12T11:00:46.000,Bait applied,"{'latitude': '40.689837455863', 'longitude': '-73.91068887507', 'human_address': '{""address"": """", ""city"": """", ""state"": """", ""zip"": """"}'}",4,37,413,Bushwick (East),3034100033,3326292,,
Initial,PC8754277,2,2873,80,115,WEST  172 STREET,10452,40.84394096597,-73.920691565048,Bronx,2026-08-12T11:02:08.000,Failed for Other Reason,"{'latitude': '40.84394096597', 'longitude': '-73.920691565048', 'human_address': '{""address"": """", ""city"": """", ""state"": """", ""zip"": """"}'}",4,16,21302,Mount Eden-Claremont (West),2028730080,2008734,1006193,246760
Initial,PC8763758,4,3465,34,57-23,CATALPA AVENUE,11385,40.700959208318,-73.903814330258,Queens,2026-08-12T11:03:20.000,Failed for Rat Activity,"{'latitude': '40.700959208318', 'longitude': '-73.903814330258', 'human_address': '{""address"": """", ""city"": """", ""state"": """", ""zip"": """"}'}",5,30,551,Ridgewood,4034650034,4082836,,
Compliance,PC8717163,3,1658,1,175,PATCHEN AVENUE,11221,40.685457084301,-73.926563322531,Brooklyn,2026-08-12T11:04:00.000,Failed for Rat Activity,"{'latitude': '40.685457084301', 'longitude': '-73.926563322531', 'human_address': '{""address"": """", ""city"": """", ""state"": """", ""zip"": """"}'}",3,41,383,Bedford-Stuyvesant (East),3016580001,3045920,,
Compliance,PC8740579,1,1831,121,213,WEST 115 STREET,10026,40.802856532383,-73.953780164393,Manhattan,2026-08-12T11:04:51.000,Failed for Rat Activity and Other Reason,"{'latitude': '40.802856532383', 'longitude': '-73.953780164393', 'human_address': '{""address"": """", ""city"": """", ""state"": """", ""zip"": """"}'}",10,9,218,Harlem (South),1018310121,1055252,,
Treatments,PC8698062,3,4620,30,210,EAST   51 STREET,11203,40.656940955225,-73.929935857028,Brooklyn,2026-08-12T11:05:00.000,Bait applied,"{'latitude': '40.656940955225', 'longitude': '-73.929935857028', 'human_address': '{""address"": """", ""city"": """", ""state"": """", ""zip"": """"}'}",17,41,878,East Flatbush-Rugby,3046200030,3100201,1003690,178628
Initial,PC8760526,2,2868,55,1851,HARRISON AVENUE,10453,40.851398451054,-73.913153216498,Bronx,2026-08-12T11:05:10.000,Failed for Other Reason,"{'latitude': '40.851398451054', 'longitude': '-73.913153216498', 'human_address': '{""address"": """", ""city"": """", ""state"": """", ""zip"": """"}'}",5,14,243,University Heights (South)-Morris Heights,2028680055,2008544,,
Treatments,PC8628646,1,2108,75,1985,AMSTERDAM AVENUE,10032,40.833668876696,-73.941428619232,Manhattan,2026-08-12T11:05:31.000,Bait applied,"{'latitude': '40.833668876696', 'longitude': '-73.941428619232', 'human_address': '{""address"": """", ""city"": """", ""state"": """", ""zip"": """"}'}",12,10,239,Washington Heights (South),1021080075,1062523,,
Initial,PC8755891,1,619,70,226,WEST    4 STREET,10014,40.734032799749,-74.002915512921,Manhattan,2026-08-12T11:05:48.000,Failed for Rat Activity,"{'latitude': '40.734032799749', 'longitude': '-74.002915512921', 'human_address': '{""address"": """", ""city"": """", ""state"": """", ""zip"": """"}'}",2,3,73,West Village,1006190070,1011167,983442,206707
Stoppage,PC8761364,1,1559,46,404,East 80 street,10075,40.772698989164,-73.951465239597,Manhattan,2026-08-12T11:06:00.000,Stoppage done,"{'latitude': '40.772698989164', 'longitude': '-73.951465239597', 'human_address': '{""address"": """", ""city"": """", ""state"": """", ""zip"": """"}'}",8,5,13603,Upper East Side-Yorkville,1015590046,1050353,,
Compliance,PC8725498,4,621,13,32-61,33 STREET,11106,40.760780160759,-73.924129998929,Queens,2026-08-12T11:06:00.000,Failed for Rat Activity,"{'latitude': '40.760780160759', 'longitude': '-73.924129998929', 'human_address': '{""address"": """", ""city"": """", ""state"": """", ""zip"": """"}'}",1,22,59,Astoria (Central),4006210013,4008746,,
Initial,PC8763498,4,3466,58,57-23,MYRTLE AVENUE,11385,40.700461623692,-73.902888183958,Queens,2026-08-12T11:06:00.000,Failed for Rat Activity and Other Reason,"{'latitude': '40.700461623692', 'longitude': '-73.902888183958', 'human_address': '{""address"": """", ""city"": """", ""state"": """", ""zip"": """"}'}",5,30,551,Ridgewood,4034660058,4082870,,
Compliance,PC8697486,2,3149,73,2080,RYER AVENUE,10457,40.85306824073,-73.900813740652,Bronx,2026-08-12T11:06:07.000,Failed for Rat Activity and Other Reason,"{'latitude': '40.85306824073', 'longitude': '-73.900813740652', 'human_address': '{""address"": """", ""city"": """", ""state"": """", ""zip"": """"}'}",5,15,381,Mount Hope,2031490073,2013525,,
Treatments,PC8716609,1,1054,15,433,WEST 44 STREET,10036,40.760184696064,-73.992755271358,Manhattan,2026-08-12T11:07:21.000,Bait applied,"{'latitude': '40.760184696064', 'longitude': '-73.992755271358', 'human_address': '{""address"": """", ""city"": """", ""state"": """", ""zip"": """"}'}",4,3,12102,Hell's Kitchen,1010540015,1026407,,
Initial,PC8765668,1,279,30,000,MADISON STREET,,0.00000000000000000000,0.00000000000000000000,Manhattan,2026-08-12T11:07:34.000,Failed for Rat Activity,"{'latitude': '0.0', 'longitude': '0.0', 'human_address': '{""address"": """", ""city"": """", ""state"": """", ""zip"": """"}'}",,,,,,,,
Initial,PC8760296,2,3055,56,4636,3 AVENUE,10458,40.85637223305,-73.89098691169,Bronx,2026-08-12T11:07:43.000,Failed for Rat Activity,"{'latitude': '40.85637223305', 'longitude': '-73.89098691169', 'human_address': '{""address"": """", ""city"": """", ""state"": """", ""zip"": """"}'}",6,15,387,Belmont,2030550056,2011702,,
Stoppage,PC8757409,2,3319,50,2,MINERVA PLACE,10468,40.871671390208,-73.891015970128,Bronx,2026-08-12T11:08:00.000,Stoppage done,"{'latitude': '40.871671390208', 'longitude': '-73.891015970128', 'human_address': '{""address"": """", ""city"": """", ""state"": """", ""zip"": """"}'}",7,14,40701,Bedford Park,2033190050,2017591,,
Initial,PC8760403,2,2868,53,1855,HARRISON AVENUE,10453,40.851469751211,-73.913069984825,Bronx,2026-08-12T11:09:10.000,Failed for Other Reason,"{'latitude': '40.851469751211', 'longitude': '-73.913069984825', 'human_address': '{""address"": """", ""city"": """", ""state"": """", ""zip"": """"}'}",5,14,243,University Heights (South)-Morris Heights,2028680053,2008542,,
Initial,PC8763009,3,1865,10,1275,BEDFORD AVENUE,11216,40.679495649947,-73.953130501773,Brooklyn,2026-08-12T11:09:36.000,Failed for Other Reason,"{'latitude': '40.679495649947', 'longitude': '-73.953130501773', 'human_address': '{""address"": """", ""city"": """", ""state"": """", ""zip"": """"}'}",3,36,247,Bedford-Stuyvesant (West),3018650010,3349158,,
Treatments,PC8699129,2,3328,60,3511,BAINBRIDGE AVENUE,10467,40.881380553828,-73.878393435345,Bronx,2026-08-12T11:10:51.000,Bait applied,"{'latitude': '40.881380553828', 'longitude': '-73.878393435345', 'human_address': '{""address"": """", ""city"": """", ""state"": """", ""zip"": """"}'}",7,11,43101,Norwood,2033280060,2017800,1017877,260414
Initial,PC8760252,2,3068,28,586,EAST 179 STREET,10457,40.848194666965,-73.892840159665,Bronx,2026-08-12T11:11:00.000,Failed for Rat Activity,"{'latitude': '40.848194666965', 'longitude': '-73.892840159665', 'human_address': '{""address"": """", ""city"": """", ""state"": """", ""zip"": """"}'}",6,15,37504,Tremont,2030680028,2011968,,
Initial,PC8760655,2,2868,51,1859,HARRISON AVENUE,10453,40.851541051308,-73.912986752974,Bronx,2026-08-12T11:11:00.000,Failed for Other Reason,"{'latitude': '40.851541051308', 'longitude': '-73.912986752974', 'human_address': '{""address"": """", ""city"": """", ""state"": """", ""zip"": """"}'}",5,14,243,University Heights (South)-Morris Heights,2028680051,2008540,,
Compliance,PC8743109,2,3030,26,413,EAST 180 STREET,10457,40.852176213282,-73.897695551652,Bronx,2026-08-12T11:11:46.000,Failed for Rat Activity,"{'latitude': '40.852176213282', 'longitude': '-73.897695551652', 'human_address': '{""address"": """", ""city"": """", ""state"": """", ""zip"": """"}'}",6,15,379,Mount Hope,2030300026,2011134,,
Treatments,PC8605384,2,3031,69,4575,PARK AVENUE,10458,40.856775723654,-73.893936084184,Bronx,2026-08-12T11:12:00.000,Bait applied,"{'latitude': '40.856775723654', 'longitude': '-73.893936084184', 'human_address': '{""address"": """", ""city"": """", ""state"": """", ""zip"": """"}'}",6,15,38304,Belmont,2030310069,2011213,,
Compliance,PC8538148,4,10156,1,166-02,JAMAICA AVENUE,11432,40.705891867632,-73.793738939258,Queens,2026-08-12T11:12:46.000,Failed for Rat Activity,"{'latitude': '40.705891867632', 'longitude': '-73.793738939258', 'human_address': '{""address"": """", ""city"": """", ""state"": """", ""zip"": """"}'}",12,27,444,Jamaica,4101560001,4216243,,
Compliance,PC8732014,1,2072,1,3440,BROADWAY,10031,40.823224733418,-73.952432705059,Manhattan,2026-08-12T11:13:58.000,Failed for Rat Activity,"{'latitude': '40.823224733418', 'longitude': '-73.952432705059', 'human_address': '{""address"": """", ""city"": """", ""state"": """", ""zip"": """"}'}",9,7,225,Hamilton Heights-Sugar Hill,1020720001,1061758,997415,239206
Treatments,PC8737427,4,3512,21,60-24,67 AVENUE,11385,40.704946279718,-73.899354243818,Queens,2026-08-12T11:14:37.000,Bait applied,"{'latitude': '40.704946279718', 'longitude': '-73.899354243818', 'human_address': '{""address"": """", ""city"": """", ""state"": """", ""zip"": """"}'}",5,30,585,Ridgewood,4035120021,4084212,1012155,196126
Compliance,PC8738851,4,1768,61,37-91,102 STREET,11368,40.750599316215,-73.864077139422,Queens,2026-08-12T11:15:00.000,Failed for Rat Activity and Other Reason,"{'latitude': '40.750599316215', 'longitude': '-73.864077139422', 'human_address': '{""address"": """", ""city"": """", ""state"": """", ""zip"": """"}'}",3,21,40502,North Corona,4017680061,4044252,1021910,212772
Initial,PC8759908,3,5078,6,1716,CATON AVENUE,11226,40.651085671697,-73.964109708325,Brooklyn,2026-08-12T11:15:09.000,Failed for Rat Activity,"{'latitude': '40.651085671697', 'longitude': '-73.964109708325', 'human_address': '{""address"": """", ""city"": """", ""state"": """", ""zip"": """"}'}",14,40,506,Flatbush (West)-Ditmas Park-Parkville,3050780006,3116491,994209,176489
Initial,PC8760118,2,2868,48,1863,HARRISON AVENUE,10453,40.851606859141,-73.91289991345,Bronx,2026-08-12T11:15:13.000,Failed for Other Reason,"{'latitude': '40.851606859141', 'longitude': '-73.91289991345', 'human_address': '{""address"": """", ""city"": """", ""state"": """", ""zip"": """"}'}",5,14,243,University Heights (South)-Morris Heights,2028680048,2008538,,
Initial,PC8764116,2,2765,249,644,BARRETTO STREET,10474,40.812824940151,-73.888909019547,Bronx,2026-08-12T11:15:42.000,Failed for Other Reason,"{'latitude': '40.812824940151', 'longitude': '-73.888909019547', 'human_address': '{""address"": """", ""city"": """", ""state"": """", ""zip"": """"}'}",2,17,9301,Hunts Point,2027650249,2006643,1015001,235433
Initial,PC8760437,2,3055,58,518,EAST 187 STREET,10458,40.856983654049,-73.890299054331,Bronx,2026-08-12T11:15:43.000,Failed for Rat Activity,"{'latitude': '40.856983654049', 'longitude': '-73.890299054331', 'human_address': '{""address"": """", ""city"": """", ""state"": """", ""zip"": """"}'}",6,15,387,Belmont,2030550058,2011704,,
Compliance,PC8743665,2,3157,59,2175,RYER AVENUE,10457,40.854692501047,-73.900095562566,Bronx,2026-08-12T11:16:31.000,Failed for Rat Activity,"{'latitude': '40.854692501047', 'longitude': '-73.900095562566', 'human_address': '{""address"": """", ""city"": """", ""state"": """", ""zip"": """"}'}",5,15,381,Mount Hope,2031570059,2013716,,
Initial,PC8760858,2,2429,34,1109,CLAY AVENUE,10456,40.829791041059,-73.91205410917,Bronx,2026-08-12T11:18:44.000,Failed for Rat Activity and Other Reason,"{'latitude': '40.829791041059', 'longitude': '-73.91205410917', 'human_address': '{""address"": """", ""city"": """", ""state"": """", ""zip"": """"}'}",4,16,175,Concourse-Concourse Village,2024290034,2002150,1008588,241607
Initial,PC8760522,2,2868,47,1865,HARRISON AVENUE,10453,40.851642507764,-73.912856490014,Bronx,2026-08-12T11:19:13.000,Failed for Other Reason,"{'latitude': '40.851642507764', 'longitude': '-73.912856490014', 'human_address': '{""address"": """", ""city"": """", ""state"": """", ""zip"": """"}'}",5,14,243,University Heights (South)-Morris Heights,2028680047,2008537,,
Compliance,PC8740816,1,1831,17,223,WEST 115 STREET,10026,40.803026865925,-73.954177372596,Manhattan,2026-08-12T11:19:51.000,Failed for Other Reason,"{'latitude': '40.803026865925', 'longitude': '-73.954177372596', 'human_address': '{""address"": """", ""city"": """", ""state"": """", ""zip"": """"}'}",10,9,218,Harlem (South),1018310017,1055230,,
Treatments,PC8601385,2,2534,8,1380,UNIVERSITY AVENUE,10452,40.842418386645,-73.925926764799,Bronx,2026-08-12T11:20:55.000,Bait applied,"{'latitude': '40.842418386645', 'longitude': '-73.925926764799', 'human_address': '{""address"": """", ""city"": """", ""state"": """", ""zip"": """"}'}",4,16,201,Highbridge,2025340008,2003556,1004745,246204
Initial,PC8760358,2,2868,175,1879,HARRISON AVENUE,10453,40.852127752596,-73.912103985677,Bronx,2026-08-12T11:21:15.000,Failed for Other Reason,"{'latitude': '40.852127752596', 'longitude': '-73.912103985677', 'human_address': '{""address"": """", ""city"": """", ""state"": """", ""zip"": """"}'}",5,14,243,University Heights (South)-Morris Heights,2028680175,2008578,,
Compliance,PC8717082,3,1653,74,JEFFERSON,AVENUE,11221,,,Brooklyn,2026-08-12T11:22:00.000,Failed for Other Reason,,,,,,,,,
Treatments,PC8690755,1,1071,7503,521,WEST 42 STREET,10036,40.760108021448,-73.996610467201,Manhattan,2026-08-12T11:22:21.000,Bait applied,"{'latitude': '40.760108021448', 'longitude': '-73.996610467201', 'human_address': '{""address"": """", ""city"": """", ""state"": """", ""zip"": """"}'}",4,3,12901,Hell's Kitchen,1010717503,1087676,985140,216235
Treatments,PC8692366,1,2108,52,469,WEST  157 STREET,10032,40.832524213959,-73.94122003788,Manhattan,2026-08-12T11:23:25.000,Bait applied,"{'latitude': '40.832524213959', 'longitude': '-73.94122003788', 'human_address': '{""address"": """", ""city"": """", ""state"": """", ""zip"": """"}'}",12,10,239,Washington Heights (South),1021080052,1062508,1000516,242596
Treatments,PC8733180,1,1677,5,305,EAST 105 STREET,10029,40.789783699417,-73.94252911088,Manhattan,2026-08-12T11:23:55.000,Bait applied,"{'latitude': '40.789783699417', 'longitude': '-73.94252911088', 'human_address': '{""address"": """", ""city"": """", ""state"": """", ""zip"": """"}'}",11,8,170,East Harlem (South),1016770005,1052754,,
Stoppage,PC8721084,1,906,41,226,East 26 street.,10010,40.740195925107,-73.98053497879,Manhattan,2026-08-12T11:24:00.000,Stoppage done,"{'latitude': '40.740195925107', 'longitude': '-73.98053497879', 'human_address': '{""address"": """", ""city"": """", ""state"": """", ""zip"": """"}'}",6,2,66,Murray Hill-Kips Bay,1009060041,1019841,,
Compliance,PC8747410,4,608,29,34-06,32 STREET,11106,40.758994993974,-73.926702122965,Queens,2026-08-12T11:25:00.000,Failed for Rat Activity and Other Reason,"{'latitude': '40.758994993974', 'longitude': '-73.926702122965', 'human_address': '{""address"": """", ""city"": """", ""state"": """", ""zip"": """"}'}",1,22,57,Astoria (Central),4006080029,4008165,1004556,215810
Treatments,PC8723982,3,3412,26,1246,HALSEY STREET,11207,40.692424153062,-73.90862634255,Brooklyn,2026-08-12T11:25:00.000,Bait applied,"{'latitude': '40.692424153062', 'longitude': '-73.90862634255', 'human_address': '{""address"": """", ""city"": """", ""state"": """", ""zip"": """"}'}",4,37,437,Bushwick (East),3034120026,3078878,,
Stoppage,PC8757408,2,3319,8,2850,CRESTON AVENUE,10468,40.870856774617,-73.891617527255,Bronx,2026-08-12T11:27:00.000,Stoppage done,"{'latitude': '40.870856774617', 'longitude': '-73.891617527255', 'human_address': '{""address"": """", ""city"": """", ""state"": """", ""zip"": """"}'}",7,14,40701,Bedford Park,2033190008,2017576,,
Initial,PC8760079,2,2868,176,1877,HARRISON AVENUE,10453,40.852103077657,-73.912140165807,Bronx,2026-08-12T11:27:15.000,Failed for Other Reason,"{'latitude': '40.852103077657', 'longitude': '-73.912140165807', 'human_address': '{""address"": """", ""city"": """", ""state"": """", ""zip"": """"}'}",5,14,243,University Heights (South)-Morris Heights,2028680176,2008579,,
Compliance,PC8699078,1,1517,149,146,EAST   89 STREET,10128,40.781249859952,-73.953791609434,Manhattan,2026-08-12T11:28:08.000,Failed for Rat Activity and Other Reason,"{'latitude': '40.781249859952', 'longitude': '-73.953791609434', 'human_address': '{""address"": """", ""city"": """", ""state"": """", ""zip"": """"}'}",8,5,14802,Upper East Side-Carnegie Hill,1015170149,1048104,997047,223913
Compliance,PC8697313,2,3149,125,2180,RYER AVENUE,10457,40.854774795795,-73.900041215186,Bronx,2026-08-12T11:28:12.000,Failed for Rat Activity,"{'latitude': '40.854774795795', 'longitude': '-73.900041215186', 'human_address': '{""address"": """", ""city"": """", ""state"": """", ""zip"": """"}'}",5,15,381,Mount Hope,2031490125,2013544,,
Initial,PC8760337,2,2868,174,1881,HARRISON AVENUE,10453,40.852144201628,-73.912078660662,Bronx,2026-08-12T11:29:15.000,Failed for Other Reason,"{'latitude': '40.852144201628', 'longitude': '-73.912078660662', 'human_address': '{""address"": """", ""city"": """", ""state"": """", ""zip"": """"}'}",5,14,243,University Heights (South)-Morris Heights,2028680174,2008577,,
Compliance,PC8743067,2,3030,136,405,EAST 182 STREET,10457,40.854829064567,-73.896238269996,Bronx,2026-08-12T11:29:46.000,Failed for Rat Activity and Other Reason,"{'latitude': '40.854829064567', 'longitude': '-73.896238269996', 'human_address': '{""address"": """", ""city"": """", ""state"": """", ""zip"": """"}'}",6,15,38304,Belmont,2030300136,2011160,,
Initial,PC8760720,2,2868,173,1883,HARRISON AVENUE,10453,40.852166131816,-73.91204248413,Bronx,2026-08-12T11:30:00.000,Failed for Other Reason,"{'latitude': '40.852166131816', 'longitude': '-73.91204248413', 'human_address': '{""address"": """", ""city"": """", ""state"": """", ""zip"": """"}'}",5,14,243,University Heights (South)-Morris Heights,2028680173,2008576,,
Initial,PC8761011,1,1661,22,2163,2 AVENUE,10029,40.793995589368,-73.939982914525,Manhattan,2026-08-12T11:30:16.000,Failed for Rat Activity,"{'latitude': '40.793995589368', 'longitude': '-73.939982914525', 'human_address': '{""address"": """", ""city"": """", ""state"": """", ""zip"": """"}'}",11,8,180,East Harlem (North),1016610022,1052502,,
Stoppage,PC8757406,2,3304,140,2821,VALENTINE AVENUE,10458,40.868912402545,-73.890452851049,Bronx,2026-08-12T11:32:00.000,Stoppage done,"{'latitude': '40.868912402545', 'longitude': '-73.890452851049', 'human_address': '{""address"": """", ""city"": """", ""state"": """", ""zip"": """"}'}",7,15,40302,Bedford Park,2033040140,2017154,,
Compliance,PC8717418,3,1653,73,JEFFERSON,AVENUE,11221,,,Brooklyn,2026-08-12T11:32:00.000,Failed for Other Reason,,,,,,,,,
Initial,PC8760078,2,2868,164,1901,HARRISON AVENUE,10453,40.852794080553,-73.911268088153,Bronx,2026-08-12T11:32:00.000,Failed for Other Reason,"{'latitude': '40.852794080553', 'longitude': '-73.911268088153', 'human_address': '{""address"": """", ""city"": """", ""state"": """", ""zip"": """"}'}",5,14,243,University Heights (South)-Morris Heights,2028680164,2008567,,
Initial,PC8761270,1,1661,23,2165,2 AVENUE,10029,40.794036745498,-73.939953984689,Manhattan,2026-08-12T11:33:16.000,Failed for Rat Activity,"{'latitude': '40.794036745498', 'longitude': '-73.939953984689', 'human_address': '{""address"": """", ""city"": """", ""state"": """", ""zip"": """"}'}",11,8,180,East Harlem (North),1016610023,1052503,,
Initial,PC8761237,1,436,19,422,EAST 9 STREET,10009,40.727696767033,-73.983746123561,Manhattan,2026-08-12T11:35:00.000,Failed for Rat Activity and Other Reason,"{'latitude': '40.727696767033', 'longitude': '-73.983746123561', 'human_address': '{""address"": """", ""city"": """", ""state"": """", ""zip"": """"}'}",3,2,32,East Village,1004360019,1005872,,
Initial,PC8764396,3,1782,25,872,DEKALB AVENUE,11221,40.692519627916,-73.941261001377,Brooklyn,2026-08-12T11:35:00.000,Failed for Other Reason,"{'latitude': '40.692519627916', 'longitude': '-73.941261001377', 'human_address': '{""address"": """", ""city"": """", ""state"": """", ""zip"": """"}'}",3,36,281,Bedford-Stuyvesant (East),3017820025,3049695,1000539,191588
Treatments,PC8723785,1,2180,400,640,FORT WASHINGTON AVENUE,10040,40.856076940011,-73.936347871907,Manhattan,2026-08-12T11:35:11.000,Bait applied,"{'latitude': '40.856076940011', 'longitude': '-73.936347871907', 'human_address': '{""address"": """", ""city"": """", ""state"": """", ""zip"": """"}'}",12,10,281,Washington Heights (North),1021800400,1064448,1001858,251178
Treatments,PC8696446,2,3328,102,3563,BAINBRIDGE AVENUE,10467,40.882864945234,-73.87791695864,Bronx,2026-08-12T11:35:16.000,Bait applied,"{'latitude': '40.882864945234', 'longitude': '-73.87791695864', 'human_address': '{""address"": """", ""city"": """", ""state"": """", ""zip"": """"}'}",7,11,43101,Norwood,2033280102,2017809,1018008,260955
Compliance,PC8734400,1,2059,7502,472,WEST 144 STREET,10031,40.824284788348,-73.947474604459,Manhattan,2026-08-12T11:38:58.000,Failed for Rat Activity and Other Reason,"{'latitude': '40.824284788348', 'longitude': '-73.947474604459', 'human_address': '{""address"": """", ""city"": """", ""state"": """", ""zip"": """"}'}",9,7,227,Hamilton Heights-Sugar Hill,1020597502,1061297,,
Treatments,PC8738454,3,1665,19,498,HALSEY STREET,11233,40.683592531472,-73.934201979686,Brooklyn,2026-08-12T11:39:00.000,Bait applied,"{'latitude': '40.683592531472', 'longitude': '-73.934201979686', 'human_address': '{""address"": """", ""city"": """", ""state"": """", ""zip"": """"}'}",3,36,295,Bedford-Stuyvesant (East),3016650019,3046419,1002499,188337
Compliance,PC8738141,3,952,47,719,UNION STREET,11215,40.67669303867,-73.981188098867,Brooklyn,2026-08-12T11:40:00.000,Failed for Rat Activity,"{'latitude': '40.67669303867', 'longitude': '-73.981188098867', 'human_address': '{""address"": """", ""city"": """", ""state"": """", ""zip"": """"}'}",6,39,131,Park Slope,3009520047,3019715,989451,185826
Treatments,PC8621136,3,4622,14,92,EAST   53 STREET,11203,40.65791697336,-73.928121927296,Brooklyn,2026-08-12T11:40:00.000,Bait applied,"{'latitude': '40.65791697336', 'longitude': '-73.928121927296', 'human_address': '{""address"": """", ""city"": """", ""state"": """", ""zip"": """"}'}",17,41,878,East Flatbush-Rugby,3046220014,3100246,1004193,178984
Treatments,PC8723884,3,3412,41,285,ELDERT STREET,11207,40.692184624248,-73.907710738771,Brooklyn,2026-08-12T11:40:12.000,Bait applied,"{'latitude': '40.692184624248', 'longitude': '-73.907710738771', 'human_address': '{""address"": """", ""city"": """", ""state"": """", ""zip"": """"}'}",4,37,437,Bushwick (East),3034120041,3078892,,
Stoppage,PC8309654,1,406,17,522,EAST 13 STREET,10009,40.729288114043,-73.979856255752,Manhattan,2026-08-12T11:41:00.000,Stoppage done,"{'latitude': '40.729288114043', 'longitude': '-73.979856255752', 'human_address': '{""address"": """", ""city"": """", ""state"": """", ""zip"": """"}'}",3,2,34,East Village,1004060017,1000000,,
Initial,PC8762263,3,1865,84,15,HERKIMER PLACE,11216,40.67904200004,-73.951302923697,Brooklyn,2026-08-12T11:41:36.000,Failed for Other Reason,"{'latitude': '40.67904200004', 'longitude': '-73.951302923697', 'human_address': '{""address"": """", ""city"": """", ""state"": """", ""zip"": """"}'}",3,36,247,Bedford-Stuyvesant (West),3018650084,3053920,,
Initial,PC8760964,1,1661,29,250,EAST 112 STREET,10029,40.794885242808,-73.940664705543,Manhattan,2026-08-12T11:42:16.000,Failed for Rat Activity,"{'latitude': '40.794885242808', 'longitude': '-73.940664705543', 'human_address': '{""address"": """", ""city"": """", ""state"": """", ""zip"": """"}'}",11,8,180,East Harlem (North),1016610029,1089918,,
Treatments,PC8674231,1,1675,11,315,EAST  103 STREET,10029,40.788356693671,-73.943061203287,Manhattan,2026-08-12T11:42:55.000,Bait applied,"{'latitude': '40.788356693671', 'longitude': '-73.943061203287', 'human_address': '{""address"": """", ""city"": """", ""state"": """", ""zip"": """"}'}",11,8,164,East Harlem (South),1016750011,1079348,1000017,226504
Compliance,PC8737452,3,3536,14,141,LEGION STREET,11212,40.66536733358,-73.917429890821,Brooklyn,2026-08-12T11:43:25.000,Failed for Other Reason,"{'latitude': '40.66536733358', 'longitude': '-73.917429890821', 'human_address': '{""address"": """", ""city"": """", ""state"": """", ""zip"": """"}'}",16,41,900,Brownsville,3035360014,3081286,1007157,181701
Compliance,PC8740621,1,1831,40,214,WEST 116 STREET,10026,40.803611219624,-73.95348705865,Manhattan,2026-08-12T11:43:51.000,Failed for Rat Activity and Other Reason,"{'latitude': '40.803611219624', 'longitude': '-73.95348705865', 'human_address': '{""address"": """", ""city"": """", ""state"": """", ""zip"": """"}'}",10,9,218,Harlem (South),1018310040,1055239,,
Initial,PC8758274,4,609,34,34-14,33 STREET,11106,40.758503230583,-73.925998786387,Queens,2026-08-12T11:44:00.000,Failed for Rat Activity,"{'latitude': '40.758503230583', 'longitude': '-73.925998786387', 'human_address': '{""address"": """", ""city"": """", ""state"": """", ""zip"": """"}'}",1,22,57,Astoria (Central),4006090034,4008199,1004751,215631
Compliance,PC8717331,3,1653,66,861,JEFFERSON AVENUE,11221,40.686243365968,-73.924305276666,Brooklyn,2026-08-12T11:44:00.000,Failed for Rat Activity,"{'latitude': '40.686243365968', 'longitude': '-73.924305276666', 'human_address': '{""address"": """", ""city"": """", ""state"": """", ""zip"": """"}'}",3,41,385,Bedford-Stuyvesant (East),3016530066,3045642,,
Compliance,PC8739428,3,1683,11,442,DECATUR STREET,11233,40.682406589898,-73.924944217501,Brooklyn,2026-08-12T11:45:00.000,Failed for Other Reason,"{'latitude': '40.682406589898', 'longitude': '-73.924944217501', 'human_address': '{""address"": """", ""city"": """", ""state"": """", ""zip"": """"}'}",3,41,381,Bedford-Stuyvesant (East),3016830011,3047629,1005067,187907
Initial,PC8761490,2,2872,207,1469,JESUP AVENUE,10452,40.842897137588,-73.919500115994,Bronx,2026-08-12T11:45:04.000,Failed for Rat Activity,"{'latitude': '40.842897137588', 'longitude': '-73.919500115994', 'human_address': '{""address"": """", ""city"": """", ""state"": """", ""zip"": """"}'}",4,16,21302,Mount Eden-Claremont (West),2028720207,2008689,1006523,246380
Treatments,PC8680258,1,791,78,91,7 AVENUE,10011,40.739596468036,-73.998906591007,Manhattan,2026-08-12T11:46:21.000,Bait applied,"{'latitude': '40.739596468036', 'longitude': '-73.998906591007', 'human_address': '{""address"": """", ""city"": """", ""state"": """", ""zip"": """"}'}",4,3,81,Chelsea-Hudson Yards,1007910078,1014571,,
Stoppage,PC8739767,1,439,17,418,EAST 12 STREET,10009,40.729593229046,-73.982580253623,Manhattan,2026-08-12T11:47:00.000,Stoppage done,"{'latitude': '40.729593229046', 'longitude': '-73.982580253623', 'human_address': '{""address"": """", ""city"": """", ""state"": """", ""zip"": """"}'}",3,2,34,East Village,1004390017,1005974,,
Initial,PC8758545,2,2871,85,1355,CROMWELL AVENUE,10452,40.83968917204,-73.920407528307,Bronx,2026-08-12T11:48:12.000,Failed for Rat Activity and Other Reason,"{'latitude': '40.83968917204', 'longitude': '-73.920407528307', 'human_address': '{""address"": """", ""city"": """", ""state"": """", ""zip"": """"}'}",4,16,219,Mount Eden-Claremont (West),2028710085,2008641,,
Compliance,PC8667778,2,3145,22,312,EAST 183 STREET,10458,40.856611651798,-73.897638092975,Bronx,2026-08-12T11:48:16.000,Failed for Rat Activity,"{'latitude': '40.856611651798', 'longitude': '-73.897638092975', 'human_address': '{""address"": """", ""city"": """", ""state"": """", ""zip"": """"}'}",5,15,38301,Fordham Heights,2031450022,2013407,,
Treatments,PC8685693,2,3282,13,2644,MARION AVENUE,10458,40.864502041088,-73.890893994278,Bronx,2026-08-12T11:49:00.000,Bait applied,"{'latitude': '40.864502041088', 'longitude': '-73.890893994278', 'human_address': '{""address"": """", ""city"": """", ""state"": """", ""zip"": """"}'}",7,15,40502,Bedford Park,2032820013,2016468,,
Initial,PC8760264,2,2868,5,UNIVERSITY,AVENUE,10453,,,Bronx,2026-08-12T11:49:00.000,Failed for Other Reason,,,,,,,,,
Compliance,PC8705184,1,1214,60,160,WEST   84 STREET,10024,40.786144945741,-73.97548033774,Manhattan,2026-08-12T11:49:51.000,Failed for Rat Activity,"{'latitude': '40.786144945741', 'longitude': '-73.97548033774', 'human_address': '{""address"": """", ""city"": """", ""state"": """", ""zip"": """"}'}",7,6,169,Upper West Side (Central),1012140060,1032122,991040,225694
Treatments,PC8683138,1,2180,406,660,FT WASHINGTON AVENUE,10040,40.856425378345,-73.936090873951,Manhattan,2026-08-12T11:50:05.000,Bait applied,"{'latitude': '40.856425378345', 'longitude': '-73.936090873951', 'human_address': '{""address"": """", ""city"": """", ""state"": """", ""zip"": """"}'}",12,10,281,Washington Heights (North),1021800406,1064449,,
Treatments,PC8692310,3,3412,52,265,ELDERT STREET,11207,40.691828084994,-73.908061017852,Brooklyn,2026-08-12T11:50:22.000,Bait applied,"{'latitude': '40.691828084994', 'longitude': '-73.908061017852', 'human_address': '{""address"": """", ""city"": """", ""state"": """", ""zip"": """"}'}",4,37,437,Bushwick (East),3034120052,3078898,1009746,191344
Initial,PC8759942,2,5706,7,236,NAPLES TERRACE,10463,40.879984318345,-73.905568594572,Bronx,2026-08-12T11:50:51.000,Failed for Other Reason,"{'latitude': '40.879984318345', 'longitude': '-73.905568594572', 'human_address': '{""address"": """", ""city"": """", ""state"": """", ""zip"": """"}'}",8,11,289,Kingsbridge-Marble Hill,2057060007,2083168,1010363,259896
Treatments,PC8612237,2,3327,93,3464,JEROME AVENUE,10467,40.881941600368,-73.882106417037,Bronx,2026-08-12T11:50:59.000,Bait applied,"{'latitude': '40.881941600368', 'longitude': '-73.882106417037', 'human_address': '{""address"": """", ""city"": """", ""state"": """", ""zip"": """"}'}",7,11,421,Norwood,2033270093,2017771,,
Compliance,PC8746445,1,1639,34,2022,3 AVENUE,10029,40.794897032008,-73.94225380803,Manhattan,2026-08-12T11:51:44.000,Failed for Rat Activity,"{'latitude': '40.794897032008', 'longitude': '-73.94225380803', 'human_address': '{""address"": """", ""city"": """", ""state"": """", ""zip"": """"}'}",11,8,172,East Harlem (South),1016390034,1052208,,
Initial,PC8761027,1,436,18,420,EAST 9 STREET,10009,40.727729715444,-73.983825490735,Manhattan,2026-08-12T11:51:53.000,Failed for Rat Activity,"{'latitude': '40.727729715444', 'longitude': '-73.983825490735', 'human_address': '{""address"": """", ""city"": """", ""state"": """", ""zip"": """"}'}",3,2,32,East Village,1004360018,1005871,,
Treatments,PC8742457,3,1218,1,1391,BEDFORD AVENUE,11216,40.675617339814,-73.953273838153,Brooklyn,2026-08-12T11:51:56.000,Bait applied,"{'latitude': '40.675617339814', 'longitude': '-73.953273838153', 'human_address': '{""address"": """", ""city"": """", ""state"": """", ""zip"": """"}'}",8,36,221,Crown Heights (North),3012180001,3030631,,
Initial,PC8761109,1,1661,132,240,EAST 112 STREET,10029,40.794948450319,-73.94081633717,Manhattan,2026-08-12T11:53:16.000,Failed for Rat Activity,"{'latitude': '40.794948450319', 'longitude': '-73.94081633717', 'human_address': '{""address"": """", ""city"": """", ""state"": """", ""zip"": """"}'}",11,8,180,East Harlem (North),1016610132,1087817,,
Compliance,PC8717565,3,1653,63,867,JEFFERSON AVENUE,11221,40.686262476894,-73.924150209166,Brooklyn,2026-08-12T11:58:00.000,Failed for Rat Activity,"{'latitude': '40.686262476894', 'longitude': '-73.924150209166', 'human_address': '{""address"": """", ""city"": """", ""state"": """", ""zip"": """"}'}",3,41,385,Bedford-Stuyvesant (East),3016530063,3045639,,
Initial,PC8761215,1,436,17,418,1/2 EAST 9 STREET,10009,40.727872490591,-73.984164605436,Manhattan,2026-08-12T11:58:00.000,Failed for Other Reason,"{'latitude': '40.727872490591', 'longitude': '-73.984164605436', 'human_address': '{""address"": """", ""city"": """", ""state"": """", ""zip"": """"}'}",3,2,32,East Village,1004360017,1005870,,
Initial,PC8764595,3,3590,11,280,LIVONIA AVENUE,11212,40.662757656172,-73.90744883621,Brooklyn,2026-08-12T11:58:25.000,Failed for Rat Activity,"{'latitude': '40.662757656172', 'longitude': '-73.90744883621', 'human_address': '{""address"": """", ""city"": """", ""state"": """", ""zip"": """"}'}",16,41,918,Brownsville,3035900011,3326581,1009927,180753
Compliance,PC8715314,1,2036,24,271,WEST 150 STREET,10039,40.825526430359,-73.938469303467,Manhattan,2026-08-12T11:58:43.000,Failed for Rat Activity,"{'latitude': '40.825526430359', 'longitude': '-73.938469303467', 'human_address': '{""address"": """", ""city"": """", ""state"": """", ""zip"": """"}'}",10,9,236,Harlem (North),1020360024,1060593,,
Compliance,PC8746618,1,1639,40,2034,3 AVENUE,10029,40.795168662072,-73.94205493156,Manhattan,2026-08-12T11:58:44.000,Failed for Rat Activity and Other Reason,"{'latitude': '40.795168662072', 'longitude': '-73.94205493156', 'human_address': '{""address"": """", ""city"": """", ""state"": """", ""zip"": """"}'}",11,8,172,East Harlem (South),1016390040,1052213,,
Compliance,PC8735729,2,3096,63,2117,CLINTON AVENUE,10457,40.848230512325,-73.887273726247,Bronx,2026-08-12T11:58:50.000,Failed for Rat Activity,"{'latitude': '40.848230512325', 'longitude': '-73.887273726247', 'human_address': '{""address"": """", ""city"": """", ""state"": """", ""zip"": """"}'}",6,15,371,Tremont,2030960063,2012703,,
Compliance,PC8746843,3,1795,55,651,GREENE AVENUE,11221,40.689339322666,-73.943019877824,Brooklyn,2026-08-12T11:59:00.000,Failed for Rat Activity and Other Reason,"{'latitude': '40.689339322666', 'longitude': '-73.943019877824', 'human_address': '{""address"": """", ""city"": """", ""state"": """", ""zip"": """"}'}",3,36,263,Bedford-Stuyvesant (West),3017950055,3050252,,
Treatments,PC8680288,1,792,70,113,7 AVENUE,10011,40.740312845052,-73.998383325029,Manhattan,2026-08-12T12:00:21.000,Bait applied,"{'latitude': '40.740312845052', 'longitude': '-73.998383325029', 'human_address': '{""address"": """", ""city"": """", ""state"": """", ""zip"": """"}'}",4,3,81,Chelsea-Hudson Yards,1007920070,1080576,,
Treatments,PC8516267,2,2471,15,1024,WALTON AVENUE,10452,40.830684793565,-73.922026380433,Bronx,2026-08-12T12:00:56.000,Bait applied,"{'latitude': '40.830684793565', 'longitude': '-73.922026380433', 'human_address': '{""address"": """", ""city"": """", ""state"": """", ""zip"": """"}'}",4,16,195,Concourse-Concourse Village,2024710015,2002872,,
Treatments,PC8724132,3,3412,55,259,ELDERT STREET,11207,40.691721125606,-73.90816934625,Brooklyn,2026-08-12T12:00:57.000,Bait applied,"{'latitude': '40.691721125606', 'longitude': '-73.90816934625', 'human_address': '{""address"": """", ""city"": """", ""state"": """", ""zip"": """"}'}",4,37,437,Bushwick (East),3034120055,3078901,,
Compliance,PC8696963,1,1901,19,125,WEST 116 STREET,10026,40.802413304771,-73.950601887246,Manhattan,2026-08-12T12:01:51.000,Failed for Rat Activity and Other Reason,"{'latitude': '40.802413304771', 'longitude': '-73.950601887246', 'human_address': '{""address"": """", ""city"": """", ""state"": """", ""zip"": """"}'}",10,9,218,Harlem (South),1019010019,1057402,,
Treatments,PC8611828,2,3308,43,203,EAST 202 STREET,10458,40.873248080592,-73.886598368393,Bronx,2026-08-12T12:03:00.000,Bait applied,"{'latitude': '40.873248080592', 'longitude': '-73.886598368393', 'human_address': '{""address"": """", ""city"": """", ""state"": """", ""zip"": """"}'}",7,14,413,Bedford Park,2033080043,2017246,,
Initial,PC8764557,3,5945,55,983,76 STREET,11228,40.624056918923,-74.015255908453,Brooklyn,2026-08-12T12:04:06.000,Failed for Other Reason,"{'latitude': '40.624056918923', 'longitude': '-74.015255908453', 'human_address': '{""address"": """", ""city"": """", ""state"": """", ""zip"": """"}'}",10,38,206,Dyker Heights,3059450055,3148971,980015,166640
Initial,PC8760108,2,3055,14,540,EAST 187 STREET,10458,40.856505201551,-73.889392486315,Bronx,2026-08-12T12:04:43.000,Failed for Other Reason,"{'latitude': '40.856505201551', 'longitude': '-73.889392486315', 'human_address': '{""address"": """", ""city"": """", ""state"": """", ""zip"": """"}'}",6,15,387,Belmont,2030550014,2011687,,
Treatments,PC8609064,2,3336,10,3262,ROCHAMBEAU AVENUE,10467,40.877046319355,-73.880715698823,Bronx,2026-08-12T12:05:16.000,Bait applied,"{'latitude': '40.877046319355', 'longitude': '-73.880715698823', 'human_address': '{""address"": """", ""city"": """", ""state"": """", ""zip"": """"}'}",7,11,419,Norwood,2033360010,2018041,,
Compliance,PC8746387,1,1639,41,174,EAST 112 STREET,10029,40.795588759522,-73.942354332117,Manhattan,2026-08-12T12:05:56.000,Failed for Rat Activity,"{'latitude': '40.795588759522', 'longitude': '-73.942354332117', 'human_address': '{""address"": """", ""city"": """", ""state"": """", ""zip"": """"}'}",11,8,172,East Harlem (South),1016390041,1076354,,
Compliance,PC8717162,3,1653,52,96,RALPH AVENUE,11221,40.686701194857,-73.923479040873,Brooklyn,2026-08-12T12:07:00.000,Failed for Rat Activity,"{'latitude': '40.686701194857', 'longitude': '-73.923479040873', 'human_address': '{""address"": """", ""city"": """", ""state"": """", ""zip"": """"}'}",3,41,385,Bedford-Stuyvesant (East),3016530052,3045633,,
Initial,PC8757944,1,117,100,CHATHAM,SQUARE,10038,,,Manhattan,2026-08-12T12:08:34.000,Failed for Rat Activity and Other Reason,,,,,,,,,
Initial,PC8760539,2,3055,16,2389,LORILLARD PLACE,10458,40.856219746258,-73.889389347899,Bronx,2026-08-12T12:09:43.000,Failed for Other Reason,"{'latitude': '40.856219746258', 'longitude': '-73.889389347899', 'human_address': '{""address"": """", ""city"": """", ""state"": """", ""zip"": """"}'}",6,15,387,Belmont,2030550016,2011688,,
Initial,PC8758331,2,2871,73,1354,EDWARD L GRANT HWY,10452,40.840675420962,-73.921700197336,Bronx,2026-08-12T12:09:51.000,Failed for Other Reason,"{'latitude': '40.840675420962', 'longitude': '-73.921700197336', 'human_address': '{""address"": """", ""city"": """", ""state"": """", ""zip"": """"}'}",4,16,21302,Mount Eden-Claremont (West),2028720040,2101691,,
Initial,PC8761297,1,436,12,412,EAST 9 STREET,10009,40.727858762773,-73.984135744931,Manhattan,2026-08-12T12:10:20.000,Failed for Rat Activity,"{'latitude': '40.727858762773', 'longitude': '-73.984135744931', 'human_address': '{""address"": """", ""city"": """", ""state"": """", ""zip"": """"}'}",3,2,32,East Village,1004360012,1005867,,
Treatments,PC8699277,3,3414,38,50,ELDERT STREET,11207,40.686315281164,-73.913448379169,Brooklyn,2026-08-12T12:10:30.000,Bait applied,"{'latitude': '40.686315281164', 'longitude': '-73.913448379169', 'human_address': '{""address"": """", ""city"": """", ""state"": """", ""zip"": """"}'}",4,37,401,Bushwick (East),3034140038,3078974,,
Treatments,PC8726937,1,2201,9,410,WEST 205 STREET,10034,40.862551420837,-73.918431409076,Manhattan,2026-08-12T12:12:50.000,Bait applied,"{'latitude': '40.862551420837', 'longitude': '-73.918431409076', 'human_address': '{""address"": """", ""city"": """", ""state"": """", ""zip"": """"}'}",12,10,299,Inwood,1022010009,1064498,1006812,253541
Initial,PC8760155,2,3055,18,2385,LORILLARD PLACE,10458,40.856090858743,-73.8895088567,Bronx,2026-08-12T12:13:43.000,Failed for Rat Activity and Other Reason,"{'latitude': '40.856090858743', 'longitude': '-73.8895088567', 'human_address': '{""address"": """", ""city"": """", ""state"": """", ""zip"": """"}'}",6,15,387,Belmont,2030550018,2011689,,
Initial,PC8765077,3,3617,36,227,LOTT AVENUE,11212,40.65831751914,-73.905213208351,Brooklyn,2026-08-12T12:15:25.000,Failed for Rat Activity and Other Reason,"{'latitude': '40.65831751914', 'longitude': '-73.905213208351', 'human_address': '{""address"": """", ""city"": """", ""state"": """", ""zip"": """"}'}",16,41,920,Brownsville,3036170036,3398655,1010549,179136
Treatments,PC8636503,2,2864,73,1323,INWOOD AVENUE,10452,40.839035515426,-73.919819227005,Bronx,2026-08-12T12:15:56.000,Bait applied,"{'latitude': '40.839035515426', 'longitude': '-73.919819227005', 'human_address': '{""address"": """", ""city"": """", ""state"": """", ""zip"": """"}'}",4,16,219,Mount Eden-Claremont (West),2028640073,2008416,,
Compliance,PC8749036,3,5077,17,40,EAST   17 STREET,11226,40.649998759154,-73.964175162701,Brooklyn,2026-08-12T12:16:00.000,Failed for Rat Activity,"{'latitude': '40.649998759154', 'longitude': '-73.964175162701', 'human_address': '{""address"": """", ""city"": """", ""state"": """", ""zip"": """"}'}",14,40,506,Flatbush (West)-Ditmas Park-Parkville,3050770017,3116474,994191,176093
Compliance,PC8618621,2,3147,7,2390,VALENTINE AVENUE,10458,40.859237921539,-73.897145992741,Bronx,2026-08-12T12:16:55.000,Failed for Rat Activity,"{'latitude': '40.859237921539', 'longitude': '-73.897145992741', 'human_address': '{""address"": """", ""city"": """", ""state"": """", ""zip"": """"}'}",5,15,39902,Fordham Heights,2031470007,2013451,,
Compliance,PC8717584,3,1653,43,948,PUTNAM AVENUE,11221,40.686962563138,-73.92440541817,Brooklyn,2026-08-12T12:17:00.000,Failed for Rat Activity,"{'latitude': '40.686962563138', 'longitude': '-73.92440541817', 'human_address': '{""address"": """", ""city"": """", ""state"": """", ""zip"": """"}'}",3,41,385,Bedford-Stuyvesant (East),3016530043,3045627,,
Initial,PC8753095,1,1455,13,420,EAST   61 STREET,10065,40.760479948783,-73.960206155149,Manhattan,2026-08-12T12:17:47.000,Failed for Rat Activity,"{'latitude': '40.760479948783', 'longitude': '-73.960206155149', 'human_address': '{""address"": """", ""city"": """", ""state"": """", ""zip"": """"}'}",8,5,10602,Upper East Side-Lenox Hill-Roosevelt Island,1014550013,1087436,995274,216345
Compliance,PC8735716,2,3096,52,2120,CROTONA AVENUE,10457,40.848750258434,-73.888288532836,Bronx,2026-08-12T12:17:50.000,Failed for Rat Activity and Other Reason,"{'latitude': '40.848750258434', 'longitude': '-73.888288532836', 'human_address': '{""address"": """", ""city"": """", ""state"": """", ""zip"": """"}'}",6,15,371,Tremont,2030960052,2012696,,
Initial,PC8759400,1,1902,56,152,WEST  118 STREET,10026,40.803933722877,-73.950203422173,Manhattan,2026-08-12T12:17:51.000,Failed for Other Reason,"{'latitude': '40.803933722877', 'longitude': '-73.950203422173', 'human_address': '{""address"": """", ""city"": """", ""state"": """", ""zip"": """"}'}",10,9,218,Harlem (South),1019020056,1057452,998036,232178
Initial,PC8764111,2,2844,83,1478,WALTON AVENUE,10452,40.841172779896,-73.914774911162,Bronx,2026-08-12T12:17:54.000,Failed for Other Reason,"{'latitude': '40.841172779896', 'longitude': '-73.914774911162', 'human_address': '{""address"": """", ""city"": """", ""state"": """", ""zip"": """"}'}",4,16,223,Mount Eden-Claremont (West),2028440083,2008118,1007831,245753
Compliance,PC8713484,1,2036,64,2830,FREDRICK DOUGLASS BL,10039,40.826155352979,-73.939176931109,Manhattan,2026-08-12T12:18:43.000,Failed for Rat Activity,"{'latitude': '40.826155352979', 'longitude': '-73.939176931109', 'human_address': '{""address"": """", ""city"": """", ""state"": """", ""zip"": """"}'}",10,9,236,Harlem (North),1020360064,1060603,,
Initial,PC8759858,1,1218,18,145,WEST   87 STREET,10024,40.787719875601,-73.972995229904,Manhattan,2026-08-12T12:19:51.000,Failed for Other Reason,"{'latitude': '40.787719875601', 'longitude': '-73.972995229904', 'human_address': '{""address"": """", ""city"": """", ""state"": """", ""zip"": """"}'}",7,6,173,Upper West Side (Central),1012180018,1032235,991728,226268
Compliance,PC8718987,4,599,130,30-10,36 AVENUE,11106,40.756861860383,-73.930379001933,Queens,2026-08-12T12:20:00.000,Failed for Rat Activity,"{'latitude': '40.756861860383', 'longitude': '-73.930379001933', 'human_address': '{""address"": """", ""city"": """", ""state"": """", ""zip"": """"}'}",1,26,51,Queensbridge-Ravenswood-Dutch Kills,4005990130,4007881,,
Treatments,PC8699224,3,3414,57,27,COVERT STREET,11207,40.685576626164,-73.913038294364,Brooklyn,2026-08-12T12:20:27.000,Bait applied,"{'latitude': '40.685576626164', 'longitude': '-73.913038294364', 'human_address': '{""address"": """", ""city"": """", ""state"": """", ""zip"": """"}'}",4,37,401,Bushwick (East),3034140057,3078988,,
Treatments,PC8708057,2,3333,52,3063,HULL AVENUE,10467,40.8717722581,-73.879336723645,Bronx,2026-08-12T12:20:53.000,Bait applied,"{'latitude': '40.8717722581', 'longitude': '-73.879336723645', 'human_address': '{""address"": """", ""city"": """", ""state"": """", ""zip"": """"}'}",7,11,425,Norwood,2033330052,2017957,1017621,256913
Compliance,PC8750548,4,9812,1,177-07,JAMAICA AVENUE,11432,40.707931998257,-73.783723453781,Queens,2026-08-12T12:21:00.000,Failed for Other Reason,"{'latitude': '40.707931998257', 'longitude': '-73.783723453781', 'human_address': '{""address"": """", ""city"": """", ""state"": """", ""zip"": """"}'}",12,27,468,Jamaica,4098120001,4209968,1044212,197272
Initial,PC8764110,3,6244,10,7701,13 AVENUE,11228,40.619048372106,-74.008717005289,Brooklyn,2026-08-12T12:21:06.000,Failed for Rat Activity,"{'latitude': '40.619048372106', 'longitude': '-74.008717005289', 'human_address': '{""address"": """", ""city"": """", ""state"": """", ""zip"": """"}'}",10,38,198,Dyker Heights,3062440010,3161199,981830,164815
Initial,PC8758447,2,2871,69,1309,CROMWELL AVENUE,10452,40.838877019988,-73.920827729788,Bronx,2026-08-12T12:21:19.000,Failed for Rat Activity and Other Reason,"{'latitude': '40.838877019988', 'longitude': '-73.920827729788', 'human_address': '{""address"": """", ""city"": """", ""state"": """", ""zip"": """"}'}",4,16,219,Mount Eden-Claremont (West),2028710069,2008639,,
Compliance,PC8746097,3,1989,7502,127,PUTNAM AVENUE,11238,40.683246482769,-73.956874021665,Brooklyn,2026-08-12T12:23:04.000,Failed for Rat Activity,"{'latitude': '40.683246482769', 'longitude': '-73.956874021665', 'human_address': '{""address"": """", ""city"": """", ""state"": """", ""zip"": """"}'}",3,36,229,Bedford-Stuyvesant (West),3019897502,3057179,,
Initial,PC8765658,2,3147,8,2392,VALENTINE AVENUE,10458,40.859270845338,-73.897131481101,Bronx,2026-08-12T12:24:00.000,Failed for Rat Activity,"{'latitude': '40.859270845338', 'longitude': '-73.897131481101', 'human_address': '{""address"": """", ""city"": """", ""state"": """", ""zip"": """"}'}",5,15,39902,Fordham Heights,2031470008,2013452,,
Compliance,PC8616598,1,1903,64,1971,ADAM C POWELL BLVD,10026,40.804848202016,-73.951318893549,Manhattan,2026-08-12T12:24:51.000,Failed for Rat Activity and Other Reason,"{'latitude': '40.804848202016', 'longitude': '-73.951318893549', 'human_address': '{""address"": """", ""city"": """", ""state"": """", ""zip"": """"}'}",10,9,220,Harlem (South),1019030064,1057519,,
Initial,PC8764337,4,1714,1,99-02,NORTHERN BOULEVARD,11368,40.757231280432,-73.869333531941,Queens,2026-08-12T12:25:00.000,Failed for Rat Activity and Other Reason,"{'latitude': '40.757231280432', 'longitude': '-73.869333531941', 'human_address': '{""address"": """", ""city"": """", ""state"": """", ""zip"": """"}'}",3,21,377,North Corona,4017140001,4042481,1020450,215186
Initial,PC8750652,1,1547,43,318,EAST   85 STREET,10028,40.776901259962,-73.951584926702,Manhattan,2026-08-12T12:25:08.000,Failed for Rat Activity,"{'latitude': '40.776901259962', 'longitude': '-73.951584926702', 'human_address': '{""address"": """", ""city"": """", ""state"": """", ""zip"": """"}'}",8,5,14601,Upper East Side-Yorkville,1015470043,1049978,997659,222329
Initial,PC8764065,2,5759,573,3419,IRWIN AVENUE,10463,40.884274554497,-73.905851796832,Bronx,2026-08-12T12:25:51.000,Failed for Other Reason,"{'latitude': '40.884274554497', 'longitude': '-73.905851796832', 'human_address': '{""address"": """", ""city"": """", ""state"": """", ""zip"": """"}'}",8,11,285,Kingsbridge-Marble Hill,2057590573,2083678,1010271,261446
Initial,PC8761040,1,436,9,406,EAST 9 STREET,10009,40.727935641518,-73.984319733371,Manhattan,2026-08-12T12:26:11.000,Failed for Rat Activity and Other Reason,"{'latitude': '40.727935641518', 'longitude': '-73.984319733371', 'human_address': '{""address"": """", ""city"": """", ""state"": """", ""zip"": """"}'}",3,2,32,East Village,1004360009,1005865,,
Initial,PC8760140,2,3055,27,2365,LORILLARD PLACE,10458,40.85559448938,-73.889954321024,Bronx,2026-08-12T12:28:21.000,Failed for Other Reason,"{'latitude': '40.85559448938', 'longitude': '-73.889954321024', 'human_address': '{""address"": """", ""city"": """", ""state"": """", ""zip"": """"}'}",6,15,387,Belmont,2030550027,2011693,,
Compliance,PC8741423,2,2455,33,967,SHERMAN AVENUE,10456,40.828621331028,-73.918903165997,Bronx,2026-08-12T12:28:44.000,Failed for Rat Activity,"{'latitude': '40.828621331028', 'longitude': '-73.918903165997', 'human_address': '{""address"": """", ""city"": """", ""state"": """", ""zip"": """"}'}",4,16,18302,Concourse-Concourse Village,2024550033,2002713,,
Initial,PC8758543,2,2871,133,CROMWELL,AVENUE,10452,,,Bronx,2026-08-12T12:29:43.000,Failed for Other Reason,,,,,,,,,
Compliance,PC8629878,1,2036,47,276,WEST 151 STREET,10039,40.826119031879,-73.937980954925,Manhattan,2026-08-12T12:29:43.000,Failed for Rat Activity,"{'latitude': '40.826119031879', 'longitude': '-73.937980954925', 'human_address': '{""address"": """", ""city"": """", ""state"": """", ""zip"": """"}'}",10,9,236,Harlem (North),1020360047,1060596,,
Treatments,PC8636464,2,2844,43,1466,TOWNSEND AVENUE,10452,40.841343654541,-73.915725213575,Bronx,2026-08-12T12:30:43.000,Bait applied,"{'latitude': '40.841343654541', 'longitude': '-73.915725213575', 'human_address': '{""address"": """", ""city"": """", ""state"": """", ""zip"": """"}'}",4,16,223,Mount Eden-Claremont (West),2028440043,2008113,,
Compliance,PC8612988,4,15004,1,154-10,SOUTH CONDUIT AVENUE,11434,40.666584147628,-73.782037688423,Queens,2026-08-12T12:31:00.000,Failed for Rat Activity,"{'latitude': '40.666584147628', 'longitude': '-73.782037688423', 'human_address': '{""address"": """", ""city"": """", ""state"": """", ""zip"": """"}'}",13,31,306,Springfield Gardens (South)-Brookville,4150040001,4296614,,
Initial,PC8751578,1,1903,62,1975,ADAM CLAYTON POWELL JR BOULEVARD,,0.00000000000000000000,0.00000000000000000000,Manhattan,2026-08-12T12:33:51.000,Failed for Rat Activity and Other Reason,"{'latitude': '0.0', 'longitude': '0.0', 'human_address': '{""address"": """", ""city"": """", ""state"": """", ""zip"": """"}'}",10,9,220,Harlem (South),1019030062,1057518,997760,232570
Initial,PC8763513,4,3464,1,56-23,MYRTLE AVENUE,11385,40.700203049401,-73.905496041453,Queens,2026-08-12T12:34:54.000,Failed for Rat Activity,"{'latitude': '40.700203049401', 'longitude': '-73.905496041453', 'human_address': '{""address"": """", ""city"": """", ""state"": """", ""zip"": """"}'}",5,34,551,Ridgewood,4034640001,4082806,,
Compliance,PC8741717,2,2455,28,975,SHERMAN AVENUE,10456,40.828720103344,-73.918848843185,Bronx,2026-08-12T12:35:44.000,Failed for Rat Activity and Other Reason,"{'latitude': '40.828720103344', 'longitude': '-73.918848843185', 'human_address': '{""address"": """", ""city"": """", ""state"": """", ""zip"": """"}'}",4,16,18302,Concourse-Concourse Village,2024550028,2002712,,
Treatments,PC8620536,2,3275,15,2554,MARION AVENUE,10458,40.862505335032,-73.892441019346,Bronx,2026-08-12T12:35:59.000,Bait applied,"{'latitude': '40.862505335032', 'longitude': '-73.892441019346', 'human_address': '{""address"": """", ""city"": """", ""state"": """", ""zip"": """"}'}",7,15,39901,University Heights (North)-Fordham,2032750015,2016307,,
Compliance,PC8668440,2,3023,12,2490,TIEBOUT AVENUE,10458,40.861747359507,-73.894944014592,Bronx,2026-08-12T12:37:10.000,Failed for Rat Activity,"{'latitude': '40.861747359507', 'longitude': '-73.894944014592', 'human_address': '{""address"": """", ""city"": """", ""state"": """", ""zip"": """"}'}",5,15,39902,Fordham Heights,2030230012,2011003,,
Initial,PC8761392,3,6307,42,8312,12 AVENUE,11228,40.616983711248,-74.014472661089,Brooklyn,2026-08-12T12:40:06.000,Failed for Other Reason,"{'latitude': '40.616983711248', 'longitude': '-74.014472661089', 'human_address': '{""address"": """", ""city"": """", ""state"": """", ""zip"": """"}'}",10,50,166,Dyker Heights,3063070042,3164281,980232,164063
Initial,PC8754526,1,1903,61,1979,7 AVENUE,10026,40.805010091455,-73.951199573045,Manhattan,2026-08-12T12:40:51.000,Failed for Other Reason,"{'latitude': '40.805010091455', 'longitude': '-73.951199573045', 'human_address': '{""address"": """", ""city"": """", ""state"": """", ""zip"": """"}'}",10,9,220,Harlem (South),1019030061,1057517,997760,232570
Compliance,PC8714807,1,2036,61,2844,8 AVENUE,10039,40.826413417781,-73.939288707779,Manhattan,2026-08-12T12:41:43.000,Failed for Rat Activity,"{'latitude': '40.826413417781', 'longitude': '-73.939288707779', 'human_address': '{""address"": """", ""city"": """", ""state"": """", ""zip"": """"}'}",10,9,236,Harlem (North),1020360061,1060602,,
Initial,PC8763808,4,3464,15,1739,CORNELIA STREET,11385,40.700510291028,-73.905286427892,Queens,2026-08-12T12:42:06.000,Failed for Rat Activity and Other Reason,"{'latitude': '40.700510291028', 'longitude': '-73.905286427892', 'human_address': '{""address"": """", ""city"": """", ""state"": """", ""zip"": """"}'}",5,34,551,Ridgewood,,,,
Compliance,PC8744150,3,1989,36,62,MADISON STREET,11238,40.683976598162,-73.95688797002,Brooklyn,2026-08-12T12:43:48.000,Failed for Other Reason,"{'latitude': '40.683976598162', 'longitude': '-73.95688797002', 'human_address': '{""address"": """", ""city"": """", ""state"": """", ""zip"": """"}'}",3,36,229,Bedford-Stuyvesant (West),3019890036,3000000,,
Initial,PC8765674,1,1547,9,315,East 84 street,10028,40.776314102245,-73.95210889348,Manhattan,2026-08-12T12:46:08.000,Failed for Rat Activity and Other Reason,"{'latitude': '40.776314102245', 'longitude': '-73.95210889348', 'human_address': '{""address"": """", ""city"": """", ""state"": """", ""zip"": """"}'}",8,5,14601,Upper East Side-Yorkville,1015470009,1049959,,
Initial,PC8751597,2,5798,101,3615,OXFORD AVENUE,10463,40.886963835774,-73.908574922201,Bronx,2026-08-12T12:50:51.000,Failed for Other Reason,"{'latitude': '40.886963835774', 'longitude': '-73.908574922201', 'human_address': '{""address"": """", ""city"": """", ""state"": """", ""zip"": """"}'}",8,11,295,Riverdale-Spuyten Duyvil,2057980101,2084195,1009529,262438
Initial,PC8763428,4,3464,17,56-19,CATALPA AVENUE,11385,40.70040001012,-73.904695121985,Queens,2026-08-12T12:50:54.000,Failed for Other Reason,"{'latitude': '40.70040001012', 'longitude': '-73.904695121985', 'human_address': '{""address"": """", ""city"": """", ""state"": """", ""zip"": """"}'}",5,34,551,Ridgewood,4034640017,4082811,,
Compliance,PC8744750,3,1989,38,430,FRANKLIN AVENUE,11238,40.683891262852,-73.956235414543,Brooklyn,2026-08-12T12:53:22.000,Failed for Rat Activity,"{'latitude': '40.683891262852', 'longitude': '-73.956235414543', 'human_address': '{""address"": """", ""city"": """", ""state"": """", ""zip"": """"}'}",3,36,229,Bedford-Stuyvesant (West),3019890038,3057169,,
Treatments,PC8719092,3,1660,78,449,HALSEY STREET,11233,40.683587151457,-73.934393080168,Brooklyn,2026-08-12T12:54:00.000,Bait applied,"{'latitude': '40.683587151457', 'longitude': '-73.934393080168', 'human_address': '{""address"": """", ""city"": """", ""state"": """", ""zip"": """"}'}",3,36,295,Bedford-Stuyvesant (East),3016600078,3046119,1002446,188335
Initial,PC8762316,2,3098,1,2130,CROTONA AVENUE,10457,40.849186205895,-73.887810673074,Bronx,2026-08-12T12:55:21.000,Failed for Rat Activity and Other Reason,"{'latitude': '40.849186205895', 'longitude': '-73.887810673074', 'human_address': '{""address"": """", ""city"": """", ""state"": """", ""zip"": """"}'}",6,15,371,Tremont,2030980001,2102390,,
Initial,PC8764021,4,3464,13,56-15,CATALPA AVENUE,11385,40.700386301258,-73.904713174069,Queens,2026-08-12T12:56:15.000,Failed for Rat Activity,"{'latitude': '40.700386301258', 'longitude': '-73.904713174069', 'human_address': '{""address"": """", ""city"": """", ""state"": """", ""zip"": """"}'}",5,34,551,Ridgewood,4034640013,4082809,,
Initial,PC8765121,1,1797,110,2350,2 AVENUE,10035,40.799888934997,-73.93559635493,Manhattan,2026-08-12T13:00:33.000,Failed for Rat Activity and Other Reason,"{'latitude': '40.799888934997', 'longitude': '-73.93559635493', 'human_address': '{""address"": """", ""city"": """", ""state"": """", ""zip"": """"}'}",11,8,194,East Harlem (North),1017970110,1087873,,
Initial,PC8755573,1,1219,1,587,AMSTERDAM AVENUE,10024,40.789191271826,-73.973901069389,Manhattan,2026-08-12T13:01:27.000,Failed for Rat Activity,"{'latitude': '40.789191271826', 'longitude': '-73.973901069389', 'human_address': '{""address"": """", ""city"": """", ""state"": """", ""zip"": """"}'}",7,6,173,Upper West Side (Central),1012190001,1032284,991477,226804
Compliance,PC8637325,3,1789,7504,652,LAFAYETTE AVENUE,11216,40.690165446459,-73.948720137648,Brooklyn,2026-08-12T13:02:00.000,Failed for Rat Activity,"{'latitude': '40.690165446459', 'longitude': '-73.948720137648', 'human_address': '{""address"": """", ""city"": """", ""state"": """", ""zip"": """"}'}",3,36,251,Bedford-Stuyvesant (West),3017897504,3049958,,
Compliance,PC8634151,2,3023,89,2485,ELM PLACE,10458,40.861376048271,-73.894102250973,Bronx,2026-08-12T13:02:09.000,Failed for Rat Activity,"{'latitude': '40.861376048271', 'longitude': '-73.894102250973', 'human_address': '{""address"": """", ""city"": """", ""state"": """", ""zip"": """"}'}",5,15,39902,Fordham Heights,2030230089,2011041,1013542,253120
Compliance,PC8738358,3,6010,1,8220,FORT HAMILTON PARKWAY,11209,40.622290954277,-74.021851212101,Brooklyn,2026-08-12T13:04:06.000,Failed for Other Reason,"{'latitude': '40.622290954277', 'longitude': '-74.021851212101', 'human_address': '{""address"": """", ""city"": """", ""state"": """", ""zip"": """"}'}",10,47,142,Bay Ridge,3060100001,3152216,978184,165997
Compliance,PC8735809,2,3096,57,718,EAST 181 STREET,10457,40.848606795532,-73.88753333372,Bronx,2026-08-12T13:05:50.000,Failed for Rat Activity,"{'latitude': '40.848606795532', 'longitude': '-73.88753333372', 'human_address': '{""address"": """", ""city"": """", ""state"": """", ""zip"": """"}'}",6,15,371,Tremont,2030960057,2012698,,
Compliance,PC8629596,1,2047,29,2911,FREDRICK DOUGLASS BL,10039,40.828597387,-73.937711240163,Manhattan,2026-08-12T13:06:43.000,Failed for Rat Activity,"{'latitude': '40.828597387', 'longitude': '-73.937711240163', 'human_address': '{""address"": """", ""city"": """", ""state"": """", ""zip"": """"}'}",10,9,23502,Harlem (North),1020470029,1060895,,
Treatments,PC8650890,3,1942,46,1038,BEDFORD AVENUE,11205,40.689545080052,-73.955153527681,Brooklyn,2026-08-12T13:08:30.000,Bait applied,"{'latitude': '40.689545080052', 'longitude': '-73.955153527681', 'human_address': '{""address"": """", ""city"": """", ""state"": """", ""zip"": """"}'}",3,36,233,Bedford-Stuyvesant (West),3019420046,3055451,,
Compliance,PC8637461,3,1789,35,642,LAFAYETTE AVENUE,11216,40.690110764525,-73.949199767577,Brooklyn,2026-08-12T13:09:00.000,Failed for Rat Activity and Other Reason,"{'latitude': '40.690110764525', 'longitude': '-73.949199767577', 'human_address': '{""address"": """", ""city"": """", ""state"": """", ""zip"": """"}'}",3,36,251,Bedford-Stuyvesant (West),3017890035,3049954,,
Initial,PC8760809,1,1219,7,177,WEST   88 STREET,10024,40.788622943601,-73.973186259945,Manhattan,2026-08-12T13:10:23.000,Failed for Rat Activity,"{'latitude': '40.788622943601', 'longitude': '-73.973186259945', 'human_address': '{""address"": """", ""city"": """", ""state"": """", ""zip"": """"}'}",7,6,173,Upper West Side (Central),1012190007,1032285,991675,226597
Initial,PC8764454,1,921,48,330,EAST   15 STREET,10003,40.732513759106,-73.983250617147,Manhattan,2026-08-12T13:12:40.000,Failed for Rat Activity,"{'latitude': '40.732513759106', 'longitude': '-73.983250617147', 'human_address': '{""address"": """", ""city"": """", ""state"": """", ""zip"": """"}'}",6,2,48,Gramercy,1009210048,1020412,988892,206154
Initial,PC8763237,1,1218,152,160,WEST   88 STREET,10024,40.788471908484,-73.972872140516,Manhattan,2026-08-12T13:13:06.000,Failed for Rat Activity,"{'latitude': '40.788471908484', 'longitude': '-73.972872140516', 'human_address': '{""address"": """", ""city"": """", ""state"": """", ""zip"": """"}'}",7,6,173,Upper West Side (Central),1012180152,1032282,991762,226542
Initial,PC8765677,3,1784,44,,,11216,,,Brooklyn,2026-08-12T13:16:00.000,Failed for Other Reason,,,,,,,,,
Initial,PC8765021,3,6037,6,8501,FORT HAMILTON PARKWAY,11209,40.620860532584,-74.023803116308,Brooklyn,2026-08-12T13:20:00.000,Failed for Rat Activity and Other Reason,"{'latitude': '40.620860532584', 'longitude': '-74.023803116308', 'human_address': '{""address"": """", ""city"": """", ""state"": """", ""zip"": """"}'}",10,47,142,Bay Ridge,3060370006,3153222,977642,165476
Treatments,PC8721777,3,4691,51,499,EAST   94 STREET,11212,40.655170589362,-73.917586721046,Brooklyn,2026-08-12T13:20:00.000,Bait applied,"{'latitude': '40.655170589362', 'longitude': '-73.917586721046', 'human_address': '{""address"": """", ""city"": """", ""state"": """", ""zip"": """"}'}",17,41,888,East Flatbush-Remsen Village,3046910051,3102599,1007117,177986
Treatments,PC8351757,3,1846,20,278,HALSEY STREET,11216,40.682617188642,-73.942657881159,Brooklyn,2026-08-12T13:27:00.000,Bait applied,"{'latitude': '40.682617188642', 'longitude': '-73.942657881159', 'human_address': '{""address"": """", ""city"": """", ""state"": """", ""zip"": """"}'}",3,36,269,Bedford-Stuyvesant (West),3018460020,3053090,,
Initial,PC8764189,1,1464,7503,403,EAST 69 STREET,10021,40.765737785515,-73.957098373309,Manhattan,2026-08-12T13:27:00.000,Failed for Rat Activity and Other Reason,"{'latitude': '40.765737785515', 'longitude': '-73.957098373309', 'human_address': '{""address"": """", ""city"": """", ""state"": """", ""zip"": """"}'}",8,5,124,Upper East Side-Lenox Hill-Roosevelt Island,1014647503,1078422,996134,218261
Compliance,PC8735465,2,3105,49,2425,CROTONA AVENUE,10458,40.854709541138,-73.883232108186,Bronx,2026-08-12T13:28:00.000,Failed for Other Reason,"{'latitude': '40.854709541138', 'longitude': '-73.883232108186', 'human_address': '{""address"": """", ""city"": """", ""state"": """", ""zip"": """"}'}",6,15,389,Belmont,2031050049,2012920,,
Treatments,PC8738334,3,1783,9,,,11205,,,Brooklyn,2026-08-12T13:29:00.000,Bait applied,,,,,,,,,
Initial,PC8751471,3,7550,68,754,EAST   23 STREET,11210,40.631833150685,-73.954619620288,Brooklyn,2026-08-12T13:30:09.000,Failed for Rat Activity,"{'latitude': '40.631833150685', 'longitude': '-73.954619620288', 'human_address': '{""address"": """", ""city"": """", ""state"": """", ""zip"": """"}'}",14,45,772,Flatbush,3075500068,3205779,996846,169476
Initial,PC8764392,1,1535,21,235,EAST 89 STREET,10128,40.780384397656,-73.951690709251,Manhattan,2026-08-12T13:33:08.000,Failed for Rat Activity and Other Reason,"{'latitude': '40.780384397656', 'longitude': '-73.951690709251', 'human_address': '{""address"": """", ""city"": """", ""state"": """", ""zip"": """"}'}",8,5,15401,Upper East Side-Yorkville,1015350021,1048891,997629,223598
Initial,PC8761478,3,1012,15,392,9 STREET,11215,40.667641073209,-73.983169643461,Brooklyn,2026-08-12T13:40:00.000,Failed for Rat Activity,"{'latitude': '40.667641073209', 'longitude': '-73.983169643461', 'human_address': '{""address"": """", ""city"": """", ""state"": """", ""zip"": """"}'}",6,39,151,Park Slope,3010120015,3022348,988919,182519
Compliance,PC8748237,3,6087,33,407,92 STREET,11209,40.618254275929,-74.030001269131,Brooklyn,2026-08-12T13:45:06.000,Failed for Rat Activity,"{'latitude': '40.618254275929', 'longitude': '-74.030001269131', 'human_address': '{""address"": """", ""city"": """", ""state"": """", ""zip"": """"}'}",10,47,58,Bay Ridge,3060870033,3154772,975921,164527
Treatments,PC8683135,3,1914,39,910,BEDFORD AVENUE,11205,40.693643343195,-73.955969348414,Brooklyn,2026-08-12T13:47:04.000,Bait applied,"{'latitude': '40.693643343195', 'longitude': '-73.955969348414', 'human_address': '{""address"": """", ""city"": """", ""state"": """", ""zip"": """"}'}",3,33,235,Bedford-Stuyvesant (West),3019140039,3055002,,
Initial,PC8764575,2,2426,4,1120,CLAY AVENUE,10456,40.830144946084,-73.911836827051,Bronx,2026-08-12T14:05:44.000,Failed for Rat Activity,"{'latitude': '40.830144946084', 'longitude': '-73.911836827051', 'human_address': '{""address"": """", ""city"": """", ""state"": """", ""zip"": """"}'}",4,16,143,Concourse-Concourse Village,2024260004,2002068,1008648,241736
Initial,PC8759429,3,1101,41,181,PROSPECT PARK WEST,11215,40.661966938976,-73.97905486165,Brooklyn,2026-08-12T14:15:00.000,Failed for Rat Activity,"{'latitude': '40.661966938976', 'longitude': '-73.97905486165', 'human_address': '{""address"": """", ""city"": """", ""state"": """", ""zip"": """"}'}",6,39,167,Park Slope,3011010041,3026544,990061,180452
Compliance,PC8726726,4,2107,19,99-28,62 AVENUE,11374,40.735089503555,-73.857989104173,Queens,2026-08-13T08:00:00.000,Failed for Other Reason,"{'latitude': '40.735089503555', 'longitude': '-73.857989104173', 'human_address': '{""address"": """", ""city"": """", ""state"": """", ""zip"": """"}'}",6,24,719,Forest Hills,4021070019,4538767,1023606,207124
Initial,PC8765649,2,2529,1,000,MERRIAM AVENUE,,0.00000000000000000000,0.00000000000000000000,Bronx,2026-08-13T08:00:26.000,Failed for Rat Activity and Other Reason,"{'latitude': '0.0', 'longitude': '0.0', 'human_address': '{""address"": """", ""city"": """", ""state"": """", ""zip"": """"}'}",,,,,,,,
Initial,PC8765655,2,3167,100,000,EAST FORDHAM ROAD,,0.00000000000000000000,0.00000000000000000000,Bronx,2026-08-13T08:00:38.000,Failed for Rat Activity,"{'latitude': '0.0', 'longitude': '0.0', 'human_address': '{""address"": """", ""city"": """", ""state"": """", ""zip"": """"}'}",,,,,,,,
Compliance,PC8707743,4,3809,55,70-32,84 STREET,11385,40.709648968303,-73.86543423036,Queens,2026-08-13T08:10:00.000,Failed for Rat Activity and Other Reason,"{'latitude': '40.709648968303', 'longitude': '-73.86543423036', 'human_address': '{""address"": """", ""city"": """", ""state"": """", ""zip"": """"}'}",5,32,637,Glendale,4038090055,4443211,,
Stoppage,PC8758188,1,2139,310,295,FT WASHINGTON AVENUE,10032,40.845157927565,-73.940612461946,Manhattan,2026-08-13T08:15:00.000,Stoppage done,"{'latitude': '40.845157927565', 'longitude': '-73.940612461946', 'human_address': '{""address"": """", ""city"": """", ""state"": """", ""zip"": """"}'}",12,10,255,Washington Heights (South),1021390310,1063435,,
Initial,PC8761823,3,1795,62,641,GREENE AVENUE,11221,40.689301049562,-73.943330016236,Brooklyn,2026-08-13T08:17:25.000,Failed for Other Reason,"{'latitude': '40.689301049562', 'longitude': '-73.943330016236', 'human_address': '{""address"": """", ""city"": """", ""state"": """", ""zip"": """"}'}",3,36,263,Bedford-Stuyvesant (West),3017950062,3050259,,
Treatments,PC8596214,2,3906,87,1141,WYATT STREET,10460,40.839076853776,-73.876627905806,Bronx,2026-08-13T08:25:00.000,Bait applied,"{'latitude': '40.839076853776', 'longitude': '-73.876627905806', 'human_address': '{""address"": """", ""city"": """", ""state"": """", ""zip"": """"}'}",6,15,60,West Farms,2039060087,2028367,1018387,245002
Compliance,PC8720783,3,1638,86,MONROE,STREET,11221,,,Brooklyn,2026-08-13T08:25:00.000,Failed for Other Reason,,,,,,,,,
Compliance,PC8707742,4,3809,8,83-05,DORAN AVENUE,11385,40.708746379704,-73.865811181046,Queens,2026-08-13T08:30:00.000,Failed for Rat Activity,"{'latitude': '40.708746379704', 'longitude': '-73.865811181046', 'human_address': '{""address"": """", ""city"": """", ""state"": """", ""zip"": """"}'}",5,32,637,Glendale,4038090008,4092470,,
Treatments,PC8706556,3,1204,77,1509,PACIFIC STREET,11213,40.677173423465,-73.940935679198,Brooklyn,2026-08-13T08:31:05.000,Bait applied,"{'latitude': '40.677173423465', 'longitude': '-73.940935679198', 'human_address': '{""address"": """", ""city"": """", ""state"": """", ""zip"": """"}'}",8,36,311,Crown Heights (North),3012040077,3029950,1000633,185997
Initial,PC8763859,3,3275,17,56,HIMROD STREET,11221,40.695449398874,-73.924395758496,Brooklyn,2026-08-13T08:32:09.000,Failed for Rat Activity,"{'latitude': '40.695449398874', 'longitude': '-73.924395758496', 'human_address': '{""address"": """", ""city"": """", ""state"": """", ""zip"": """"}'}",4,37,421,Bushwick (West),3032750017,3074694,,
Initial,PC8763560,3,3275,18,58,HIMROD STREET,11221,40.695482314724,-73.924363265092,Brooklyn,2026-08-13T08:33:09.000,Failed for Rat Activity,"{'latitude': '40.695482314724', 'longitude': '-73.924363265092', 'human_address': '{""address"": """", ""city"": """", ""state"": """", ""zip"": """"}'}",4,37,421,Bushwick (West),3032750018,3074695,,
Treatments,PC8599996,2,3906,88,1139,Wyatt Street,10460,40.839093372618,-73.876674857469,Bronx,2026-08-13T08:35:00.000,Bait applied,"{'latitude': '40.839093372618', 'longitude': '-73.876674857469', 'human_address': '{""address"": """", ""city"": """", ""state"": """", ""zip"": """"}'}",6,15,60,West Farms,2039060088,2087051,,
Stoppage,PC8757338,1,2011,13,145,W 142nd st,10030,40.819244179353,-73.939342241831,Manhattan,2026-08-13T08:36:00.000,Stoppage done,"{'latitude': '40.819244179353', 'longitude': '-73.939342241831', 'human_address': '{""address"": """", ""city"": """", ""state"": """", ""zip"": """"}'}",10,9,232,Harlem (North),1020110013,1060105,,
Initial,PC8763576,3,3245,6,1325,MYRTLE AVENUE,11221,40.698166819751,-73.924540525811,Brooklyn,2026-08-13T08:36:21.000,Failed for Rat Activity,"{'latitude': '40.698166819751', 'longitude': '-73.924540525811', 'human_address': '{""address"": """", ""city"": """", ""state"": """", ""zip"": """"}'}",4,37,421,Bushwick (West),3032450006,3073793,,
Initial,PC8763864,3,3275,25,74,HIMROD STREET,11221,40.695751128341,-73.924099704195,Brooklyn,2026-08-13T08:41:09.000,Failed for Rat Activity,"{'latitude': '40.695751128341', 'longitude': '-73.924099704195', 'human_address': '{""address"": """", ""city"": """", ""state"": """", ""zip"": """"}'}",4,37,421,Bushwick (West),3032750025,3074701,,
Stoppage,PC8744033,1,2118,48,517,WEST 159 STREET,10032,40.834379925419,-73.94174600279,Manhattan,2026-08-13T08:43:00.000,Stoppage done,"{'latitude': '40.834379925419', 'longitude': '-73.94174600279', 'human_address': '{""address"": """", ""city"": """", ""state"": """", ""zip"": """"}'}",12,10,245,Washington Heights (South),1021180048,1062803,,
Initial,PC8763469,3,3245,2,1333,MYRTLE AVENUE,11221,40.698191351498,-73.924280839865,Brooklyn,2026-08-13T08:45:00.000,Failed for Rat Activity,"{'latitude': '40.698191351498', 'longitude': '-73.924280839865', 'human_address': '{""address"": """", ""city"": """", ""state"": """", ""zip"": """"}'}",4,37,421,Bushwick (West),3032450002,3343376,,
Initial,PC8763447,3,3275,29,82,HIMROD STREET,11221,40.695885533725,-73.923966119829,Brooklyn,2026-08-13T08:46:09.000,Failed for Rat Activity,"{'latitude': '40.695885533725', 'longitude': '-73.923966119829', 'human_address': '{""address"": """", ""city"": """", ""state"": """", ""zip"": """"}'}",4,37,421,Bushwick (West),3032750029,3074705,,
Initial,PC8765654,2,3293,200,321,EAST FORDHAM ROAD,10458,40.862199236383,-73.89385148,Bronx,2026-08-13T08:46:10.000,Failed for Rat Activity,"{'latitude': '40.862199236383', 'longitude': '-73.89385148', 'human_address': '{""address"": """", ""city"": """", ""state"": """", ""zip"": """"}'}",7,15,39901,University Heights (North)-Fordham,2032930005,2016776,,
Initial,PC8763991,3,3245,1,1335,MYRTLE AVENUE,11221,40.698199542922,-73.924215916,Brooklyn,2026-08-13T08:48:57.000,Failed for Rat Activity,"{'latitude': '40.698199542922', 'longitude': '-73.924215916', 'human_address': '{""address"": """", ""city"": """", ""state"": """", ""zip"": """"}'}",4,37,421,Bushwick (West),3032450001,3073789,,
Compliance,PC8719978,4,2103,1,98-31,65 ROAD,11374,40.72861264426,-73.856422647934,Queens,2026-08-13T08:50:00.000,Failed for Rat Activity,"{'latitude': '40.72861264426', 'longitude': '-73.856422647934', 'human_address': '{""address"": """", ""city"": """", ""state"": """", ""zip"": """"}'}",6,29,71304,Forest Hills,4021030001,4432001,1024044,204765
Treatments,PC8738070,3,1202,60,1407,PACIFIC STREET,11216,40.677414416578,-73.945366297111,Brooklyn,2026-08-13T08:50:12.000,Bait applied,"{'latitude': '40.677414416578', 'longitude': '-73.945366297111', 'human_address': '{""address"": """", ""city"": """", ""state"": """", ""zip"": """"}'}",8,36,313,Crown Heights (North),3012020060,3029847,999404,186084
Treatments,PC8668818,3,441,1,267,3 AVENUE,11215,40.677843757953,-73.985752027448,Brooklyn,2026-08-13T08:51:00.000,Bait applied,"{'latitude': '40.677843757953', 'longitude': '-73.985752027448', 'human_address': '{""address"": """", ""city"": """", ""state"": """", ""zip"": """"}'}",6,39,11901,Carroll Gardens-Cobble Hill-Gowanus-Red Hook,3004410001,3414125,,
Initial,PC8763720,3,3245,44,133,STOCKHOLM STREET,11221,40.698610892504,-73.923663669715,Brooklyn,2026-08-13T08:57:54.000,Failed for Rat Activity,"{'latitude': '40.698610892504', 'longitude': '-73.923663669715', 'human_address': '{""address"": """", ""city"": """", ""state"": """", ""zip"": """"}'}",4,37,421,Bushwick (West),3032450044,3073806,,
Initial,PC8763590,3,3275,40,102,HIMROD STREET,11221,40.696222922486,-73.923637564351,Brooklyn,2026-08-13T08:59:50.000,Failed for Rat Activity,"{'latitude': '40.696222922486', 'longitude': '-73.923637564351', 'human_address': '{""address"": """", ""city"": """", ""state"": """", ""zip"": """"}'}",4,37,421,Bushwick (West),3032750040,3074715,,
Initial,PC8763617,3,3245,42,STOCKHOLM,STREET,11221,,,Brooklyn,2026-08-13T09:00:04.000,Failed for Other Reason,,,,,,,,,
Treatments,PC8735184,1,1248,39,312,WEST 87 STREET,10024,40.789793222545,-73.977956369491,Manhattan,2026-08-13T09:00:17.000,Bait applied,"{'latitude': '40.789793222545', 'longitude': '-73.977956369491', 'human_address': '{""address"": """", ""city"": """", ""state"": """", ""zip"": """"}'}",7,6,175,Upper West Side (Central),1012480039,1033944,,
Treatments,PC8692834,3,1554,1,2360,FULTON STREET,11233,40.67794528781,-73.905037387912,Brooklyn,2026-08-13T09:00:20.000,Bait applied,"{'latitude': '40.67794528781', 'longitude': '-73.905037387912', 'human_address': '{""address"": """", ""city"": """", ""state"": """", ""zip"": """"}'}",16,37,367,Ocean Hill,3015540001,3042307,,
Treatments,PC8705006,2,3892,1,1400,FTELEY AVENUE,10472,40.834612463026,-73.872787532332,Bronx,2026-08-13T09:00:41.000,Bait applied,"{'latitude': '40.834612463026', 'longitude': '-73.872787532332', 'human_address': '{""address"": """", ""city"": """", ""state"": """", ""zip"": """"}'}",9,18,64,Soundview-Bruckner-Bronx River,2038920001,2028071,1019452,243377
Treatments,PC8722536,2,2936,13,620,Crotona Park South,10456,40.834957290417,-73.899460371387,Bronx,2026-08-13T09:00:45.000,Bait applied,"{'latitude': '40.834957290417', 'longitude': '-73.899460371387', 'human_address': '{""address"": """", ""city"": """", ""state"": """", ""zip"": """"}'}",3,15,149,Morrisania,2029360013,2009803,,
Compliance,PC8739031,3,1390,65,1081,EASTERN PARKWAY,11213,40.668876808868,-73.932525915139,Brooklyn,2026-08-13T09:01:05.000,Failed for Rat Activity,"{'latitude': '40.668876808868', 'longitude': '-73.932525915139', 'human_address': '{""address"": """", ""city"": """", ""state"": """", ""zip"": """"}'}",8,35,35101,Crown Heights (North),3013900065,3037338,1002968,182976
Initial,PC8763693,3,3275,42,106,HIMROD STREET,11221,40.696288753743,-73.923572576001,Brooklyn,2026-08-13T09:02:39.000,Failed for Rat Activity and Other Reason,"{'latitude': '40.696288753743', 'longitude': '-73.923572576001', 'human_address': '{""address"": """", ""city"": """", ""state"": """", ""zip"": """"}'}",4,37,421,Bushwick (West),3032750042,3074717,,
Compliance,PC8679336,3,1820,72,369A,MADISON STREET,11221,40.685548967512,-73.943380091019,Brooklyn,2026-08-13T09:03:00.000,Failed for Rat Activity,"{'latitude': '40.685548967512', 'longitude': '-73.943380091019', 'human_address': '{""address"": """", ""city"": """", ""state"": """", ""zip"": """"}'}",3,36,265,Bedford-Stuyvesant (West),3018200072,3051533,,
Initial,PC8763495,3,3245,37,194,WILSON AVENUE,11237,40.69925011581,-73.923201313258,Brooklyn,2026-08-13T09:04:36.000,Failed for Other Reason,"{'latitude': '40.69925011581', 'longitude': '-73.923201313258', 'human_address': '{""address"": """", ""city"": """", ""state"": """", ""zip"": """"}'}",4,37,421,Bushwick (West),3032450037,3325532,,
Initial,PC8763778,3,3275,43,108,HIMROD STREET,11221,40.696321669357,-73.923540081777,Brooklyn,2026-08-13T09:04:39.000,Failed for Rat Activity,"{'latitude': '40.696321669357', 'longitude': '-73.923540081777', 'human_address': '{""address"": """", ""city"": """", ""state"": """", ""zip"": """"}'}",4,37,421,Bushwick (West),3032750043,3074718,,
Initial,PC8763474,3,3275,44,110,HIMROD STREET,11221,40.696357329734,-73.923507584361,Brooklyn,2026-08-13T09:06:39.000,Failed for Rat Activity,"{'latitude': '40.696357329734', 'longitude': '-73.923507584361', 'human_address': '{""address"": """", ""city"": """", ""state"": """", ""zip"": """"}'}",4,37,421,Bushwick (West),3032750044,3074719,,
Initial,PC8763892,3,3275,47,270,CENTRAL AVENUE,11221,40.69668343272,-73.922724645955,Brooklyn,2026-08-13T09:07:39.000,Failed for Rat Activity,"{'latitude': '40.69668343272', 'longitude': '-73.922724645955', 'human_address': '{""address"": """", ""city"": """", ""state"": """", ""zip"": """"}'}",4,37,421,Bushwick (West),3032750047,3074721,,
Initial,PC8756575,1,199,31,102,BAYARD STREET,10013,40.716073829501,-73.999769130747,Manhattan,2026-08-13T09:08:00.000,Failed for Rat Activity and Other Reason,"{'latitude': '40.716073829501', 'longitude': '-73.999769130747', 'human_address': '{""address"": """", ""city"": """", ""state"": """", ""zip"": """"}'}",3,1,2902,Chinatown-Two Bridges,1001990031,1076901,984314,200164
Treatments,PC8742511,3,1202,64,1399,PACIFIC STREET,11216,40.677425500296,-73.945586207282,Brooklyn,2026-08-13T09:08:57.000,Bait applied,"{'latitude': '40.677425500296', 'longitude': '-73.945586207282', 'human_address': '{""address"": """", ""city"": """", ""state"": """", ""zip"": """"}'}",8,36,313,Crown Heights (North),3012020064,3029851,,
Initial,PC8764028,3,3245,36,192,WILSON AVENUE,11237,40.699294082845,-73.923276997278,Brooklyn,2026-08-13T09:09:43.000,Failed for Rat Activity,"{'latitude': '40.699294082845', 'longitude': '-73.923276997278', 'human_address': '{""address"": """", ""city"": """", ""state"": """", ""zip"": """"}'}",4,37,421,Bushwick (West),3032450036,3073805,,
Treatments,PC8678194,3,630,18,146,17 STREET,11215,40.665638489782,-73.994506598803,Brooklyn,2026-08-13T09:10:00.000,Bait applied,"{'latitude': '40.665638489782', 'longitude': '-73.994506598803', 'human_address': '{""address"": """", ""city"": """", ""state"": """", ""zip"": """"}'}",7,38,143,Sunset Park (West),3006300018,3008941,985779,181784
Initial,PC8761974,3,1795,23,38,VAN BUREN STREET,11221,40.689976524525,-73.943859509509,Brooklyn,2026-08-13T09:10:41.000,Failed for Other Reason,"{'latitude': '40.689976524525', 'longitude': '-73.943859509509', 'human_address': '{""address"": """", ""city"": """", ""state"": """", ""zip"": """"}'}",3,36,263,Bedford-Stuyvesant (West),3017950023,3000000,,
Treatments,PC8652011,2,2807,5,1976,MORRIS AVENUE,10453,40.851199026805,-73.907330211503,Bronx,2026-08-13T09:11:00.000,Bait applied,"{'latitude': '40.851199026805', 'longitude': '-73.907330211503', 'human_address': '{""address"": """", ""city"": """", ""state"": """", ""zip"": """"}'}",5,14,241,Mount Hope,2028070005,2007642,,
Initial,PC8762845,3,1795,24,40,VAN BUREN STREET,11221,40.689981989338,-73.943809022069,Brooklyn,2026-08-13T09:11:41.000,Failed for Rat Activity,"{'latitude': '40.689981989338', 'longitude': '-73.943809022069', 'human_address': '{""address"": """", ""city"": """", ""state"": """", ""zip"": """"}'}",3,36,263,Bedford-Stuyvesant (West),3017950024,3050223,,
Compliance,PC8678468,3,1820,56,401,MADISON STREET,11221,40.685655548611,-73.942446128806,Brooklyn,2026-08-13T09:14:00.000,Failed for Rat Activity and Other Reason,"{'latitude': '40.685655548611', 'longitude': '-73.942446128806', 'human_address': '{""address"": """", ""city"": """", ""state"": """", ""zip"": """"}'}",3,36,265,Bedford-Stuyvesant (West),3018200056,3051517,,
Stoppage,PC8753104,1,2033,29,2538,ADAM C POWELL BLVD,10039,40.823025756278,-73.938070564676,Manhattan,2026-08-13T09:15:00.000,Stoppage done,"{'latitude': '40.823025756278', 'longitude': '-73.938070564676', 'human_address': '{""address"": """", ""city"": """", ""state"": """", ""zip"": """"}'}",10,9,234,Harlem (North),1020330029,1060534,,
Initial,PC8749804,4,3823,13,78-35,73 PLACE,11385,40.70348773714,-73.875862727156,Queens,2026-08-13T09:15:00.000,Failed for Other Reason,"{'latitude': '40.70348773714', 'longitude': '-73.875862727156', 'human_address': '{""address"": """", ""city"": """", ""state"": """", ""zip"": """"}'}",5,32,63301,Glendale,4038230013,4093085,,
Initial,PC8764004,3,3275,59,113,HARMAN STREET,11221,40.695947860762,-73.922765170445,Brooklyn,2026-08-13T09:15:38.000,Failed for Rat Activity,"{'latitude': '40.695947860762', 'longitude': '-73.922765170445', 'human_address': '{""address"": """", ""city"": """", ""state"": """", ""zip"": """"}'}",4,37,421,Bushwick (West),3032750059,3074723,,
Treatments,PC8577337,2,3867,49,MORRISON,AVENUE,10472,,,Bronx,2026-08-13T09:15:49.000,Bait applied,,,,,,,,,
Initial,PC8763497,3,3245,32,184,WILSON AVENUE,11237,40.69946445854,-73.923576134247,Brooklyn,2026-08-13T09:18:50.000,Failed for Rat Activity,"{'latitude': '40.69946445854', 'longitude': '-73.923576134247', 'human_address': '{""address"": """", ""city"": """", ""state"": """", ""zip"": """"}'}",4,37,421,Bushwick (West),3032450032,3073803,,
Treatments,PC8692592,3,1544,52,101,TRUXTON STREET,11233,40.678653862515,-73.905548327966,Brooklyn,2026-08-13T09:20:20.000,Bait applied,"{'latitude': '40.678653862515', 'longitude': '-73.905548327966', 'human_address': '{""address"": """", ""city"": """", ""state"": """", ""zip"": """"}'}",16,37,367,Ocean Hill,3015440052,3042083,,
Treatments,PC8710807,2,2807,11,1990,MORRIS AVENUE,10453,40.85148976692,-73.907080390128,Bronx,2026-08-13T09:20:52.000,Bait applied,"{'latitude': '40.85148976692', 'longitude': '-73.907080390128', 'human_address': '{""address"": """", ""city"": """", ""state"": """", ""zip"": """"}'}",5,14,241,Mount Hope,2028070011,2007648,,
Treatments,PC8705306,3,1208,36,1374,PACIFIC STREET,11216,40.677384086208,-73.945077903497,Brooklyn,2026-08-13T09:25:27.000,Bait applied,"{'latitude': '40.677384086208', 'longitude': '-73.945077903497', 'human_address': '{""address"": """", ""city"": """", ""state"": """", ""zip"": """"}'}",8,36,313,Crown Heights (North),3012080036,3030109,999484,186073
Initial,PC8763603,3,3275,70,91,HARMAN STREET,11221,40.695594017959,-73.923111779156,Brooklyn,2026-08-13T09:27:38.000,Failed for Rat Activity,"{'latitude': '40.695594017959', 'longitude': '-73.923111779156', 'human_address': '{""address"": """", ""city"": """", ""state"": """", ""zip"": """"}'}",4,37,421,Bushwick (West),3032750070,3074734,,
Initial,PC8765653,2,3273,800,000,EAST FORDHAM ROAD,,0.00000000000000000000,0.00000000000000000000,Bronx,2026-08-13T09:28:15.000,Failed for Rat Activity,"{'latitude': '0.0', 'longitude': '0.0', 'human_address': '{""address"": """", ""city"": """", ""state"": """", ""zip"": """"}'}",,,,,,,,
Stoppage,PC8755990,1,2076,49,524,West 145 St,10031,40.825588999839,-73.948488906217,Manhattan,2026-08-13T09:29:00.000,Stoppage done,"{'latitude': '40.825588999839', 'longitude': '-73.948488906217', 'human_address': '{""address"": """", ""city"": """", ""state"": """", ""zip"": """"}'}",9,7,229,Hamilton Heights-Sugar Hill,1020760049,1061919,,
Treatments,PC8534761,3,680,26,140,32 st,11232,40.657096830847,-74.003031073875,Brooklyn,2026-08-13T09:30:00.000,Bait applied,"{'latitude': '40.657096830847', 'longitude': '-74.003031073875', 'human_address': '{""address"": """", ""city"": """", ""state"": """", ""zip"": """"}'}",7,38,101,Sunset Park (West),3006800026,3010079,,
Compliance,PC8679119,3,1820,51,411,MADISON STREET,11221,40.685688338885,-73.942154040093,Brooklyn,2026-08-13T09:30:00.000,Failed for Rat Activity,"{'latitude': '40.685688338885', 'longitude': '-73.942154040093', 'human_address': '{""address"": """", ""city"": """", ""state"": """", ""zip"": """"}'}",3,36,265,Bedford-Stuyvesant (West),3018200051,3051512,,
Treatments,PC8651928,2,2807,13,1994,MORRIS AVENUE,10453,40.851572050379,-73.907007980517,Bronx,2026-08-13T09:30:03.000,Bait applied,"{'latitude': '40.851572050379', 'longitude': '-73.907007980517', 'human_address': '{""address"": """", ""city"": """", ""state"": """", ""zip"": """"}'}",5,14,241,Mount Hope,2028070013,2007650,,
Treatments,PC8722655,2,3867,23,1340,STRATFORD AVENUE,10472,40.83251927789,-73.876264290216,Bronx,2026-08-13T09:30:32.000,Bait applied,"{'latitude': '40.83251927789', 'longitude': '-73.876264290216', 'human_address': '{""address"": """", ""city"": """", ""state"": """", ""zip"": """"}'}",9,17,62,Soundview-Bruckner-Bronx River,2038670023,2027509,1018491,242613
Treatments,PC8711653,2,2782,155,1302,FINDLAY AVENUE,10456,40.835263136446,-73.910865128283,Bronx,2026-08-13T09:30:45.000,Bait applied,"{'latitude': '40.835263136446', 'longitude': '-73.910865128283', 'human_address': '{""address"": """", ""city"": """", ""state"": """", ""zip"": """"}'}",4,16,17702,Mount Eden-Claremont (West),2027820155,2007152,,
Initial,PC8763916,3,3275,77,77,HARMAN STREET,11221,40.695369094022,-73.923332018287,Brooklyn,2026-08-13T09:33:38.000,Failed for Rat Activity,"{'latitude': '40.695369094022', 'longitude': '-73.923332018287', 'human_address': '{""address"": """", ""city"": """", ""state"": """", ""zip"": """"}'}",4,37,421,Bushwick (West),3032750077,3074740,,
Initial,PC8763492,3,3245,23,1362,DEKALB AVENUE,11221,40.698894179279,-73.92453248657,Brooklyn,2026-08-13T09:34:01.000,Failed for Rat Activity,"{'latitude': '40.698894179279', 'longitude': '-73.92453248657', 'human_address': '{""address"": """", ""city"": """", ""state"": """", ""zip"": """"}'}",4,37,421,Bushwick (West),3032450023,3325521,,
Initial,PC8763386,4,3705,8,69-29,COOPER AVENUE,11385,40.701361053706,-73.881539784183,Queens,2026-08-13T09:35:00.000,Failed for Rat Activity,"{'latitude': '40.701361053706', 'longitude': '-73.881539784183', 'human_address': '{""address"": """", ""city"": """", ""state"": """", ""zip"": """"}'}",5,32,629,Glendale,4037050008,4522019,1017096,194826
Compliance,PC8607708,4,2117,1,99-19,66 AVENUE,11374,40.728431765714,-73.854463890495,Queens,2026-08-13T09:35:00.000,Failed for Other Reason,"{'latitude': '40.728431765714', 'longitude': '-73.854463890495', 'human_address': '{""address"": """", ""city"": """", ""state"": """", ""zip"": """"}'}",6,29,71304,Forest Hills,,,,
Initial,PC8763792,3,3245,22,1360,DEKALB AVENUE,11221,40.698861261017,-73.924561375164,Brooklyn,2026-08-13T09:35:16.000,Failed for Rat Activity,"{'latitude': '40.698861261017', 'longitude': '-73.924561375164', 'human_address': '{""address"": """", ""city"": """", ""state"": """", ""zip"": """"}'}",4,37,421,Bushwick (West),3032450022,3073798,,
Initial,PC8746232,5,4030,24,477,OLD MILL ROAD,10306,40.557525720688,-74.113403481455,Staten Island,2026-08-13T09:36:24.000,Failed for Other Reason,"{'latitude': '40.557525720688', 'longitude': '-74.113403481455', 'human_address': '{""address"": """", ""city"": """", ""state"": """", ""zip"": """"}'}",3,50,12806,Oakwood-Richmondtown,5040300024,5000000,952738,142421
Initial,PC8763696,3,3245,21,1358,DEKALB AVENUE,11221,40.69883108989,-73.924593867007,Brooklyn,2026-08-13T09:37:14.000,Failed for Rat Activity,"{'latitude': '40.69883108989', 'longitude': '-73.924593867007', 'human_address': '{""address"": """", ""city"": """", ""state"": """", ""zip"": """"}'}",4,37,421,Bushwick (West),3032450021,3073797,,
Treatments,PC8728378,1,1362,37,34,BEEKMAN PLACE,10022,40.753784133761,-73.964465632423,Manhattan,2026-08-13T09:37:17.000,Bait applied,"{'latitude': '40.753784133761', 'longitude': '-73.964465632423', 'human_address': '{""address"": """", ""city"": """", ""state"": """", ""zip"": """"}'}",6,4,8603,East Midtown-Turtle Bay,1013620037,1040112,994095,213905
Treatments,PC8698363,3,1532,27,158,MAC DOUGAL STREET,11233,40.679838489304,-73.914621350827,Brooklyn,2026-08-13T09:40:20.000,Bait applied,"{'latitude': '40.679838489304', 'longitude': '-73.914621350827', 'human_address': '{""address"": """", ""city"": """", ""state"": """", ""zip"": """"}'}",16,41,371,Ocean Hill,3015320027,3041636,,
Treatments,PC8705231,2,2807,27,1975,CRESTON AVENUE,10453,40.850649603896,-73.906741790227,Bronx,2026-08-13T09:40:55.000,Bait applied,"{'latitude': '40.850649603896', 'longitude': '-73.906741790227', 'human_address': '{""address"": """", ""city"": """", ""state"": """", ""zip"": """"}'}",5,14,241,Mount Hope,2028070027,2007655,1010050,249208
Treatments,PC8707028,3,3378,26,1428,PUTNAM AVENUE,11237,40.695777536457,-73.911189365942,Brooklyn,2026-08-13T09:40:56.000,Bait applied,"{'latitude': '40.695777536457', 'longitude': '-73.911189365942', 'human_address': '{""address"": """", ""city"": """", ""state"": """", ""zip"": """"}'}",4,37,435,Bushwick (East),3033780026,3077338,,
Stoppage,PC8757370,1,2069,48,870,St Nicholas Avenue,10032,40.829675489908,-73.941840475372,Manhattan,2026-08-13T09:42:00.000,Stoppage done,"{'latitude': '40.829675489908', 'longitude': '-73.941840475372', 'human_address': '{""address"": """", ""city"": """", ""state"": """", ""zip"": """"}'}",9,9,23501,Hamilton Heights-Sugar Hill,1020690048,1061708,,
Initial,PC8759807,2,2278,34,452,EAST  134 STREET,10454,40.805834576117,-73.92305618794,Bronx,2026-08-13T09:43:59.000,Failed for Rat Activity and Other Reason,"{'latitude': '40.805834576117', 'longitude': '-73.92305618794', 'human_address': '{""address"": """", ""city"": """", ""state"": """", ""zip"": """"}'}",1,8,1902,Mott Haven-Port Morris,2022780034,2000165,1005551,232876
Initial,PC8763254,1,2141,21,1239,ST NICHOLAS AVENUE,10032,40.843367027261,-73.938087697612,Manhattan,2026-08-13T09:44:37.000,Failed for Rat Activity,"{'latitude': '40.843367027261', 'longitude': '-73.938087697612', 'human_address': '{""address"": """", ""city"": """", ""state"": """", ""zip"": """"}'}",12,10,253,Washington Heights (South),1021410021,1063462,1001121,246754
Treatments,PC8705151,2,3770,57,1244,COLGATE AVENUE,10472,40.829555773341,-73.882264638495,Bronx,2026-08-13T09:45:08.000,Bait applied,"{'latitude': '40.829555773341', 'longitude': '-73.882264638495', 'human_address': '{""address"": """", ""city"": """", ""state"": """", ""zip"": """"}'}",9,17,54,Soundview-Bruckner-Bronx River,2037700057,2025018,1016843,241448
Treatments,PC8710928,2,2782,64,369,EAST 169 STREET,10456,40.834502594455,-73.910544524727,Bronx,2026-08-13T09:45:45.000,Bait applied,"{'latitude': '40.834502594455', 'longitude': '-73.910544524727', 'human_address': '{""address"": """", ""city"": """", ""state"": """", ""zip"": """"}'}",4,16,17702,Mount Eden-Claremont (West),2027820064,2007078,,
Treatments,PC8607209,3,798,54,347,52 STREET,11220,40.645941139792,-74.014716799139,Brooklyn,2026-08-13T09:48:00.000,Bait applied,"{'latitude': '40.645941139792', 'longitude': '-74.014716799139', 'human_address': '{""address"": """", ""city"": """", ""state"": """", ""zip"": """"}'}",7,38,78,Sunset Park (West),3007980054,3013520,980166,174613
Initial,PC8762895,3,1621,11,874,GREENE AVENUE,11221,40.690497571426,-73.932799639071,Brooklyn,2026-08-13T09:49:03.000,Failed for Rat Activity,"{'latitude': '40.690497571426', 'longitude': '-73.932799639071', 'human_address': '{""address"": """", ""city"": """", ""state"": """", ""zip"": """"}'}",3,36,291,Bedford-Stuyvesant (East),3016210011,3044074,,
Initial,PC8757283,4,878,74,21-20,22 DRIVE,11105,40.778866419854,-73.917693012252,Queens,2026-08-13T09:50:00.000,Failed for Rat Activity and Other Reason,"{'latitude': '40.778866419854', 'longitude': '-73.917693012252', 'human_address': '{""address"": """", ""city"": """", ""state"": """", ""zip"": """"}'}",1,22,101,Astoria (North)-Ditmars-Steinway,4008780074,4019535,1007045,223052
Treatments,PC8707948,1,1238,104,628,WEST END AVENUE,10024,40.791763506267,-73.975738284784,Manhattan,2026-08-13T09:50:01.000,Bait applied,"{'latitude': '40.791763506267', 'longitude': '-73.975738284784', 'human_address': '{""address"": """", ""city"": """", ""state"": """", ""zip"": """"}'}",7,6,179,Upper West Side (Central),1012380104,1033573,,
Treatments,PC8651963,2,2807,35,101,EAST 179 STREET,10453,40.8517474612,-73.906696868366,Bronx,2026-08-13T09:50:35.000,Bait applied,"{'latitude': '40.8517474612', 'longitude': '-73.906696868366', 'human_address': '{""address"": """", ""city"": """", ""state"": """", ""zip"": """"}'}",5,14,241,Mount Hope,2028070035,2007657,,
Compliance,PC8692678,1,590,52,287,BLEECKER STREET,10014,40.732053809332,-74.003456656074,Manhattan,2026-08-13T09:51:14.000,Failed for Rat Activity,"{'latitude': '40.732053809332', 'longitude': '-74.003456656074', 'human_address': '{""address"": """", ""city"": """", ""state"": """", ""zip"": """"}'}",2,3,67,West Village,1005900052,1010155,,
Initial,PC8761010,1,1683,49,2176,2 AVENUE,10029,40.794360487705,-73.93969004539,Manhattan,2026-08-13T09:52:00.000,Failed for Rat Activity,"{'latitude': '40.794360487705', 'longitude': '-73.93969004539', 'human_address': '{""address"": """", ""city"": """", ""state"": """", ""zip"": """"}'}",11,8,180,East Harlem (North),1016830049,1052890,,
Compliance,PC8720855,3,1639,79,475,MADISON STREET,11221,40.68615012384,-73.938165725044,Brooklyn,2026-08-13T09:54:00.000,Failed for Rat Activity,"{'latitude': '40.68615012384', 'longitude': '-73.938165725044', 'human_address': '{""address"": """", ""city"": """", ""state"": """", ""zip"": """"}'}",3,36,277,Bedford-Stuyvesant (East),3016390079,3044842,,
Initial,PC8764164,3,170,15,160,SCHERMERHORN STREET,11201,40.689517483257,-73.987451503377,Brooklyn,2026-08-13T09:54:00.000,Failed for Other Reason,"{'latitude': '40.689517483257', 'longitude': '-73.987451503377', 'human_address': '{""address"": """", ""city"": """", ""state"": """", ""zip"": """"}'}",2,33,43,Downtown Brooklyn-DUMBO-Boerum Hill,3001700015,3394335,987730,190489
Initial,PC8758648,1,1764,1,2301,5 AVENUE,10037,40.81549557439,-73.935613708338,Manhattan,2026-08-13T09:54:16.000,Failed for Other Reason,"{'latitude': '40.81549557439', 'longitude': '-73.935613708338', 'human_address': '{""address"": """", ""city"": """", ""state"": """", ""zip"": """"}'}",11,9,210,East Harlem (North),1017640001,1054345,1002072,236393
Compliance,PC8743209,1,2129,1,1238,ST NICHOLAS AVENUE,10032,40.843586506563,-73.937903164569,Manhattan,2026-08-13T09:55:06.000,Failed for Rat Activity,"{'latitude': '40.843586506563', 'longitude': '-73.937903164569', 'human_address': '{""address"": """", ""city"": """", ""state"": """", ""zip"": """"}'}",12,10,253,Washington Heights (South),1021290001,1063086,,
Treatments,PC8692049,3,3368,40,468,CENTRAL AVENUE,11221,40.692214871429,-73.9148758945,Brooklyn,2026-08-13T09:56:56.000,Bait applied,"{'latitude': '40.692214871429', 'longitude': '-73.9148758945', 'human_address': '{""address"": """", ""city"": """", ""state"": """", ""zip"": """"}'}",4,37,415,Bushwick (East),3033680040,3077032,,
Compliance,PC8707741,4,3681,53,71-45,67 PLACE,11385,40.702526577523,-73.885963002579,Queens,2026-08-13T09:58:00.000,Failed for Rat Activity,"{'latitude': '40.702526577523', 'longitude': '-73.885963002579', 'human_address': '{""address"": """", ""city"": """", ""state"": """", ""zip"": """"}'}",5,30,627,Glendale,4036810053,4089493,,
Treatments,PC8726088,2,3715,30,1056,BOYNTON AVENUE,10472,40.82591684608,-73.877588247933,Bronx,2026-08-13T10:00:15.000,Bait applied,"{'latitude': '40.82591684608', 'longitude': '-73.877588247933', 'human_address': '{""address"": """", ""city"": """", ""state"": """", ""zip"": """"}'}",9,18,5001,Soundview-Bruckner-Bronx River,2037150030,2023487,,
Treatments,PC8693980,3,1521,9,392,MARION STREET,11233,40.68147625409,-73.913465500282,Brooklyn,2026-08-13T10:00:20.000,Bait applied,"{'latitude': '40.68147625409', 'longitude': '-73.913465500282', 'human_address': '{""address"": """", ""city"": """", ""state"": """", ""zip"": """"}'}",16,41,371,Ocean Hill,3015210009,3041307,,
Initial,PC8765650,2,2533,22,1345,UNIVERSITY AVENUE,10452,40.841397857433,-73.926726633817,Bronx,2026-08-13T10:00:26.000,Failed for Rat Activity,"{'latitude': '40.841397857433', 'longitude': '-73.926726633817', 'human_address': '{""address"": """", ""city"": """", ""state"": """", ""zip"": """"}'}",4,16,201,Highbridge,2025330022,2120197,,
Initial,PC8765651,2,2533,111,000,UNIVERSITY AVENUE,,0.00000000000000000000,0.00000000000000000000,Bronx,2026-08-13T10:00:26.000,Failed for Rat Activity,"{'latitude': '0.0', 'longitude': '0.0', 'human_address': '{""address"": """", ""city"": """", ""state"": """", ""zip"": """"}'}",,,,,,,,
Initial,PC8765652,2,2533,107,000,UNIVERSITY AVENUE,,0.00000000000000000000,0.00000000000000000000,Bronx,2026-08-13T10:00:26.000,Failed for Rat Activity,"{'latitude': '0.0', 'longitude': '0.0', 'human_address': '{""address"": """", ""city"": """", ""state"": """", ""zip"": """"}'}",,,,,,,,
Initial,PC8760900,2,3146,8,2314,VALENTINE AVENUE,10458,40.857256958877,-73.897969677955,Bronx,2026-08-13T10:00:52.000,Failed for Rat Activity and Other Reason,"{'latitude': '40.857256958877', 'longitude': '-73.897969677955', 'human_address': '{""address"": """", ""city"": """", ""state"": """", ""zip"": """"}'}",5,15,38301,Fordham Heights,2031460008,2013429,1012474,251618
Treatments,PC8652229,2,2807,86,111,EAST 179 STREET,10453,40.851689730814,-73.90658489342,Bronx,2026-08-13T10:00:58.000,Bait applied,"{'latitude': '40.851689730814', 'longitude': '-73.90658489342', 'human_address': '{""address"": """", ""city"": """", ""state"": """", ""zip"": """"}'}",5,14,241,Mount Hope,2028070086,2007676,,
Initial,PC8762105,2,3098,162,2158A,CROTONA AVENUE,10457,40.849685138316,-73.887188115562,Bronx,2026-08-13T10:01:59.000,Failed for Other Reason,"{'latitude': '40.849685138316', 'longitude': '-73.887188115562', 'human_address': '{""address"": """", ""city"": """", ""state"": """", ""zip"": """"}'}",6,15,371,Tremont,2030980162,2102210,,
Treatments,PC8707869,1,1238,61,638,WEST END AVENUE,10024,40.791966587934,-73.975597363539,Manhattan,2026-08-13T10:02:38.000,Bait applied,"{'latitude': '40.791966587934', 'longitude': '-73.975597363539', 'human_address': '{""address"": """", ""city"": """", ""state"": """", ""zip"": """"}'}",7,6,179,Upper West Side (Central),1012380061,1033568,,
Initial,PC8743999,5,4088,13,166,ROMA AVENUE,10306,40.561904877294,-74.10343457625,Staten Island,2026-08-13T10:03:18.000,Failed for Other Reason,"{'latitude': '40.561904877294', 'longitude': '-74.10343457625', 'human_address': '{""address"": """", ""city"": """", ""state"": """", ""zip"": """"}'}",2,50,12804,New Dorp-Midland Beach,5040880013,5056986,955510,144013
Initial,PC8763830,3,3287,39,1287,GREENE AVENUE,11237,40.697960366173,-73.919625305796,Brooklyn,2026-08-13T10:03:18.000,Failed for Rat Activity,"{'latitude': '40.697960366173', 'longitude': '-73.919625305796', 'human_address': '{""address"": """", ""city"": """", ""state"": """", ""zip"": """"}'}",4,37,431,Bushwick (West),3032870039,3075082,,
Treatments,PC8740968,1,893,33,149,East 37 street,10016,40.74801797325,-73.977656256854,Manhattan,2026-08-13T10:04:17.000,Bait applied,"{'latitude': '40.74801797325', 'longitude': '-73.977656256854', 'human_address': '{""address"": """", ""city"": """", ""state"": """", ""zip"": """"}'}",6,4,80,Murray Hill-Kips Bay,1008930033,1078773,,
Treatments,PC8691684,3,3368,59,1215,PUTNAM AVENUE,11221,40.691186205415,-73.915721012647,Brooklyn,2026-08-13T10:07:56.000,Bait applied,"{'latitude': '40.691186205415', 'longitude': '-73.915721012647', 'human_address': '{""address"": """", ""city"": """", ""state"": """", ""zip"": """"}'}",4,37,415,Bushwick (East),3033680059,3077045,,
Initial,PC8764060,2,2281,21,456,EAST  137 STREET,10454,40.807724817001,-73.921739109905,Bronx,2026-08-13T10:07:59.000,Failed for Other Reason,"{'latitude': '40.807724817001', 'longitude': '-73.921739109905', 'human_address': '{""address"": """", ""city"": """", ""state"": """", ""zip"": """"}'}",1,8,25,Mott Haven-Port Morris,2022810021,2091012,1005915,233565
Treatments,PC8667834,2,2808,32,1990,CRESTON AVENUE,10453,40.851099387017,-73.906307394946,Bronx,2026-08-13T10:10:30.000,Bait applied,"{'latitude': '40.851099387017', 'longitude': '-73.906307394946', 'human_address': '{""address"": """", ""city"": """", ""state"": """", ""zip"": """"}'}",5,14,23501,Mount Hope,2028080032,2007686,,
Initial,PC8762876,2,3098,21,2164,CROTONA AVENUE,10457,40.849792051455,-73.887054192789,Bronx,2026-08-13T10:10:59.000,Failed for Other Reason,"{'latitude': '40.849792051455', 'longitude': '-73.887054192789', 'human_address': '{""address"": """", ""city"": """", ""state"": """", ""zip"": """"}'}",6,15,371,Tremont,2030980021,2012765,,
Initial,PC8761058,1,1683,1,2162,2 AVENUE,10029,40.793905035293,-73.940026335276,Manhattan,2026-08-13T10:11:00.000,Failed for Rat Activity,"{'latitude': '40.793905035293', 'longitude': '-73.940026335276', 'human_address': '{""address"": """", ""city"": """", ""state"": """", ""zip"": """"}'}",11,8,180,East Harlem (North),1016830001,1052866,,
Stoppage,PC8754244,1,1595,7501,1330,5 AVENUE,10026,40.797803974298,-73.948557442339,Manhattan,2026-08-13T10:11:00.000,Stoppage done,"{'latitude': '40.797803974298', 'longitude': '-73.948557442339', 'human_address': '{""address"": """", ""city"": """", ""state"": """", ""zip"": """"}'}",10,9,186,Harlem (South),1015957501,1084511,,
Initial,PC8763607,3,3287,34,1299,GREENE AVENUE,11237,40.698201741432,-73.919390600094,Brooklyn,2026-08-13T10:11:01.000,Failed for Rat Activity,"{'latitude': '40.698201741432', 'longitude': '-73.919390600094', 'human_address': '{""address"": """", ""city"": """", ""state"": """", ""zip"": """"}'}",4,37,431,Bushwick (West),3032870034,3075078,,
Compliance,PC8751378,3,7234,1,2662,WEST    2 STREET,11223,40.585501038932,-73.971176382931,Brooklyn,2026-08-13T10:11:12.000,Failed for Rat Activity,"{'latitude': '40.585501038932', 'longitude': '-73.971176382931', 'human_address': '{""address"": """", ""city"": """", ""state"": """", ""zip"": """"}'}",13,47,37402,Gravesend (South),3072340001,3344529,992256,152594
Initial,PC8762320,2,3098,22,2166,CROTONA AVENUE,10457,40.849827690319,-73.887010756639,Bronx,2026-08-13T10:13:59.000,Failed for Other Reason,"{'latitude': '40.849827690319', 'longitude': '-73.887010756639', 'human_address': '{""address"": """", ""city"": """", ""state"": """", ""zip"": """"}'}",6,15,371,Tremont,2030980022,2012766,,
Initial,PC8761089,1,1683,104,303,EAST 111 STREET,10029,40.79369632286,-73.939813442267,Manhattan,2026-08-13T10:14:00.000,Failed for Rat Activity,"{'latitude': '40.79369632286', 'longitude': '-73.939813442267', 'human_address': '{""address"": """", ""city"": """", ""state"": """", ""zip"": """"}'}",11,8,180,East Harlem (North),1016830104,1052894,,
Compliance,PC8749131,1,1570,9,411,EAST   90 STREET,10128,40.779226786919,-73.947001165841,Manhattan,2026-08-13T10:14:31.000,Failed for Rat Activity and Other Reason,"{'latitude': '40.779226786919', 'longitude': '-73.947001165841', 'human_address': '{""address"": """", ""city"": """", ""state"": """", ""zip"": """"}'}",8,5,152,Upper East Side-Yorkville,1015700009,1050727,998928,223177
Compliance,PC8674389,3,1751,1,393,WILLOUGHBY AVENUE,11205,40.693126822877,-73.954678711953,Brooklyn,2026-08-13T10:15:00.000,Failed for Rat Activity and Other Reason,"{'latitude': '40.693126822877', 'longitude': '-73.954678711953', 'human_address': '{""address"": """", ""city"": """", ""state"": """", ""zip"": """"}'}",3,33,241,Bedford-Stuyvesant (West),3017510001,3338602,,
Treatments,PC8740970,1,893,25,135,East 37 street,10016,40.748207448052,-73.978103718842,Manhattan,2026-08-13T10:15:17.000,Bait applied,"{'latitude': '40.748207448052', 'longitude': '-73.978103718842', 'human_address': '{""address"": """", ""city"": """", ""state"": """", ""zip"": """"}'}",6,4,80,Murray Hill-Kips Bay,1008930025,1019090,,
Treatments,PC8690908,3,1515,7501,365,MARION STREET,11233,40.681337272661,-73.914803302361,Brooklyn,2026-08-13T10:15:20.000,Bait applied,"{'latitude': '40.681337272661', 'longitude': '-73.914803302361', 'human_address': '{""address"": """", ""city"": """", ""state"": """", ""zip"": """"}'}",16,41,371,Ocean Hill,3015157501,3041108,,
Treatments,PC8654665,2,3741,64,1133,WARD AVENUE,10472,40.827233652371,-73.876960700426,Bronx,2026-08-13T10:15:44.000,Bait applied,"{'latitude': '40.827233652371', 'longitude': '-73.876960700426', 'human_address': '{""address"": """", ""city"": """", ""state"": """", ""zip"": """"}'}",9,18,5002,Soundview-Bruckner-Bronx River,2037410064,2023913,1018301,240687
Treatments,PC8712215,2,2782,172,1310,TELLER AVENUE,10456,40.834993473287,-73.909994563557,Bronx,2026-08-13T10:15:45.000,Bait applied,"{'latitude': '40.834993473287', 'longitude': '-73.909994563557', 'human_address': '{""address"": """", ""city"": """", ""state"": """", ""zip"": """"}'}",4,16,17702,Mount Eden-Claremont (West),2027820172,2007157,,
Initial,PC8761708,2,3098,23,2168,CROTONA AVENUE,10457,40.850055221865,-73.886724812938,Bronx,2026-08-13T10:16:59.000,Failed for Other Reason,"{'latitude': '40.850055221865', 'longitude': '-73.886724812938', 'human_address': '{""address"": """", ""city"": """", ""state"": """", ""zip"": """"}'}",6,15,371,Tremont,2030980023,2012767,,
Treatments,PC8766056,3,184,46,425,Pacific Street,11217,40.68583357659,-73.984070062186,Brooklyn,2026-08-13T10:17:40.000,Bait applied,"{'latitude': '40.68583357659', 'longitude': '-73.984070062186', 'human_address': '{""address"": """", ""city"": """", ""state"": """", ""zip"": """"}'}",2,33,41,Downtown Brooklyn-DUMBO-Boerum Hill,3001840046,3000951,,
Initial,PC8763809,3,3287,30,1305,GREENE AVENUE,11237,40.698322430149,-73.919275049786,Brooklyn,2026-08-13T10:17:41.000,Failed for Rat Activity,"{'latitude': '40.698322430149', 'longitude': '-73.919275049786', 'human_address': '{""address"": """", ""city"": """", ""state"": """", ""zip"": """"}'}",4,37,431,Bushwick (West),3032870030,3075076,,
Initial,PC8756747,2,2500,1,EAST,161 STREET,10452,,,Bronx,2026-08-13T10:20:00.000,Failed for Rat Activity,,,,,,,,,
Initial,PC8763157,3,1621,1,157,STUYVESANT AVENUE,11221,40.689798005817,-73.933402533156,Brooklyn,2026-08-13T10:20:03.000,Failed for Rat Activity,"{'latitude': '40.689798005817', 'longitude': '-73.933402533156', 'human_address': '{""address"": """", ""city"": """", ""state"": """", ""zip"": """"}'}",3,36,291,Bedford-Stuyvesant (East),3016210001,3044064,,
Treatments,PC8389369,2,2808,37,152,EAST 179 STREET,10453,40.851340545214,-73.905844372547,Bronx,2026-08-13T10:20:39.000,Bait applied,"{'latitude': '40.851340545214', 'longitude': '-73.905844372547', 'human_address': '{""address"": """", ""city"": """", ""state"": """", ""zip"": """"}'}",5,14,23501,Mount Hope,2028080037,2129333,,
Initial,PC8765103,1,1749,21,1931,MADISON AVENUE,10035,40.805043653834,-73.940850672434,Manhattan,2026-08-13T10:21:16.000,Failed for Other Reason,"{'latitude': '40.805043653834', 'longitude': '-73.940850672434', 'human_address': '{""address"": """", ""city"": """", ""state"": """", ""zip"": """"}'}",11,9,198,East Harlem (North),1017490021,1054006,1000625,232584
Treatments,PC8707954,1,1238,52,250,WEST 91 STREET,10024,40.7916864208,-73.974662102366,Manhattan,2026-08-13T10:22:02.000,Bait applied,"{'latitude': '40.7916864208', 'longitude': '-73.974662102366', 'human_address': '{""address"": """", ""city"": """", ""state"": """", ""zip"": """"}'}",7,6,179,Upper West Side (Central),1012380052,1033561,,
Compliance,PC8669293,2,3206,120,2076,HARRISON AVENUE,10453,40.855087311084,-73.909515404107,Bronx,2026-08-13T10:22:23.000,Failed for Rat Activity,"{'latitude': '40.855087311084', 'longitude': '-73.909515404107', 'human_address': '{""address"": """", ""city"": """", ""state"": """", ""zip"": """"}'}",5,14,251,University Heights (South)-Morris Heights,2032060120,2100003,,
Treatments,PC8681630,3,797,1,5123,2 AVENUE,11232,40.648347893565,-74.01767953752,Brooklyn,2026-08-13T10:23:00.000,Bait applied,"{'latitude': '40.648347893565', 'longitude': '-74.01767953752', 'human_address': '{""address"": """", ""city"": """", ""state"": """", ""zip"": """"}'}",7,38,20,Sunset Park (West),3007970001,3013460,,
Initial,PC8764502,2,5107,10,4755,WHITE PLAINS ROAD,10470,40.904800217293,-73.84965184252,Bronx,2026-08-13T10:23:05.000,Failed for Rat Activity and Other Reason,"{'latitude': '40.904800217293', 'longitude': '-73.84965184252', 'human_address': '{""address"": """", ""city"": """", ""state"": """", ""zip"": """"}'}",12,11,414,Wakefield-Woodlawn,2051070010,2100095,1025810,268959
Initial,PC8761429,2,3162,29,2195,GRAND CONCOURSE,10453,40.855714341269,-73.901019445694,Bronx,2026-08-13T10:23:52.000,Failed for Other Reason,"{'latitude': '40.855714341269', 'longitude': '-73.901019445694', 'human_address': '{""address"": """", ""city"": """", ""state"": """", ""zip"": """"}'}",5,14,23704,Fordham Heights,2031620029,2013759,1011631,251055
Initial,PC8764365,1,1553,104,303,EAST   90 STREET,10128,40.780273659483,-73.949488187213,Manhattan,2026-08-13T10:25:31.000,Failed for Rat Activity,"{'latitude': '40.780273659483', 'longitude': '-73.949488187213', 'human_address': '{""address"": """", ""city"": """", ""state"": """", ""zip"": """"}'}",8,5,15401,Upper East Side-Yorkville,1015530104,1050203,998239,223558
Compliance,PC8746313,1,1639,150,1799,LEXINGTON AVENUE,10029,40.795877580483,-73.943607331896,Manhattan,2026-08-13T10:25:56.000,Failed for Rat Activity,"{'latitude': '40.795877580483', 'longitude': '-73.943607331896', 'human_address': '{""address"": """", ""city"": """", ""state"": """", ""zip"": """"}'}",11,8,172,East Harlem (South),1016390150,1052228,,
Treatments,PC8656660,2,3741,63,1135,WARD AVENUE,10472,40.827269341699,-73.876967860952,Bronx,2026-08-13T10:26:16.000,Bait applied,"{'latitude': '40.827269341699', 'longitude': '-73.876967860952', 'human_address': '{""address"": """", ""city"": """", ""state"": """", ""zip"": """"}'}",9,18,5002,Soundview-Bruckner-Bronx River,2037410063,2023912,1018299,240700
Initial,PC8761572,2,3098,128,2173,CLINTON AVENUE,10457,40.849593499712,-73.886111119576,Bronx,2026-08-13T10:26:59.000,Failed for Rat Activity,"{'latitude': '40.849593499712', 'longitude': '-73.886111119576', 'human_address': '{""address"": """", ""city"": """", ""state"": """", ""zip"": """"}'}",6,15,371,Tremont,2030980128,2113940,,
Treatments,PC8706979,3,3373,49,27,CORNELIA STREET,11221,40.688053054136,-73.917621645118,Brooklyn,2026-08-13T10:27:07.000,Bait applied,"{'latitude': '40.688053054136', 'longitude': '-73.917621645118', 'human_address': '{""address"": """", ""city"": """", ""state"": """", ""zip"": """"}'}",4,37,397,Bushwick (East),3033730049,3077155,,
Initial,PC8765229,3,832,6,5507,5 AVENUE,11220,40.64218644826,-74.013335895417,Brooklyn,2026-08-13T10:30:00.000,Failed for Rat Activity and Other Reason,"{'latitude': '40.64218644826', 'longitude': '-74.013335895417', 'human_address': '{""address"": """", ""city"": """", ""state"": """", ""zip"": """"}'}",7,38,100,Sunset Park (Central),3008320006,3015006,980549,173245
Treatments,PC8712212,2,2782,75,1322,TELLER AVENUE,10456,40.835174543743,-73.909889516976,Bronx,2026-08-13T10:30:45.000,Bait applied,"{'latitude': '40.835174543743', 'longitude': '-73.909889516976', 'human_address': '{""address"": """", ""city"": """", ""state"": """", ""zip"": """"}'}",4,16,17702,Mount Eden-Claremont (West),2027820075,2007089,,
Compliance,PC8669428,2,3206,65,2109,GRAND AVENUE,10453,40.855426538967,-73.908105121559,Bronx,2026-08-13T10:30:46.000,Failed for Rat Activity,"{'latitude': '40.855426538967', 'longitude': '-73.908105121559', 'human_address': '{""address"": """", ""city"": """", ""state"": """", ""zip"": """"}'}",5,14,251,University Heights (South)-Morris Heights,2032060065,2090661,,
Compliance,PC8378096,1,2136,111,894,RIVERSIDE DRIVE,10032,40.837774899415,-73.946856767947,Manhattan,2026-08-13T10:32:00.000,Failed for Rat Activity,"{'latitude': '40.837774899415', 'longitude': '-73.946856767947', 'human_address': '{""address"": """", ""city"": """", ""state"": """", ""zip"": """"}'}",12,7,247,Washington Heights (South),1021360111,1063327,,
Stoppage,PC8753109,1,1785,21,245,EAST 120 STREET,10035,40.800076408738,-73.937095112502,Manhattan,2026-08-13T10:33:00.000,Stoppage done,"{'latitude': '40.800076408738', 'longitude': '-73.937095112502', 'human_address': '{""address"": """", ""city"": """", ""state"": """", ""zip"": """"}'}",11,8,194,East Harlem (North),1017850021,1000000,,
Compliance,PC8751210,1,2144,61,1309,SAINT NICHOLAS AVENUE,10033,40.84574027651,-73.936354186606,Manhattan,2026-08-13T10:33:13.000,Failed for Rat Activity,"{'latitude': '40.84574027651', 'longitude': '-73.936354186606', 'human_address': '{""address"": """", ""city"": """", ""state"": """", ""zip"": """"}'}",12,10,263,Washington Heights (South),1021440061,1063555,,
Treatments,PC8735266,1,892,18,133,EAST   36 STREET,10016,40.747806893412,-73.979071078306,Manhattan,2026-08-13T10:34:17.000,Bait applied,"{'latitude': '40.747806893412', 'longitude': '-73.979071078306', 'human_address': '{""address"": """", ""city"": """", ""state"": """", ""zip"": """"}'}",6,4,80,Murray Hill-Kips Bay,1008920018,1018950,990049,211726
Compliance,PC8652227,1,1639,21,163,EAST 111 STREET,10029,40.795248979755,-73.943499517247,Manhattan,2026-08-13T10:35:00.000,Failed for Rat Activity,"{'latitude': '40.795248979755', 'longitude': '-73.943499517247', 'human_address': '{""address"": """", ""city"": """", ""state"": """", ""zip"": """"}'}",11,8,172,East Harlem (South),1016390021,1085679,,
Treatments,PC8755579,3,797,1,5123,2 Avenue,11232,40.648347893565,-74.01767953752,Brooklyn,2026-08-13T10:37:00.000,Monitoring visit,"{'latitude': '40.648347893565', 'longitude': '-74.01767953752', 'human_address': '{""address"": """", ""city"": """", ""state"": """", ""zip"": """"}'}",7,38,20,Sunset Park (West),3007970001,3013460,,
Treatments,PC8721147,4,1422,29,32-50,93 STREET,11369,40.757635944226,-73.875331882729,Queens,2026-08-13T10:37:02.000,Bait applied,"{'latitude': '40.757635944226', 'longitude': '-73.875331882729', 'human_address': '{""address"": """", ""city"": """", ""state"": """", ""zip"": """"}'}",3,21,351,Jackson Heights,4014220029,4034861,1018788,215331
Initial,PC8758285,4,891,24,19-05,22 ROAD,11105,40.780527443776,-73.918319237126,Queens,2026-08-13T10:39:00.000,Failed for Rat Activity and Other Reason,"{'latitude': '40.780527443776', 'longitude': '-73.918319237126', 'human_address': '{""address"": """", ""city"": """", ""state"": """", ""zip"": """"}'}",1,22,101,Astoria (North)-Ditmars-Steinway,4008910024,4431150,1006871,223657
Compliance,PC8736943,2,3206,43,2138,HARRISON AVENUE,10453,40.856335278299,-73.90839667377,Bronx,2026-08-13T10:40:15.000,Failed for Other Reason,"{'latitude': '40.856335278299', 'longitude': '-73.90839667377', 'human_address': '{""address"": """", ""city"": """", ""state"": """", ""zip"": """"}'}",5,14,251,University Heights (South)-Morris Heights,2032060043,2000000,1009590,251279
Treatments,PC8683086,2,3717,32,1582,WATSON AVENUE,10472,40.826406081829,-73.875657820787,Bronx,2026-08-13T10:40:23.000,Bait applied,"{'latitude': '40.826406081829', 'longitude': '-73.875657820787', 'human_address': '{""address"": """", ""city"": """", ""state"": """", ""zip"": """"}'}",9,18,48,Soundview-Bruckner-Bronx River,2037170032,2023565,1018662,240386
Compliance,PC8746347,1,1639,29,171,EAST 111 STREET,10029,40.795161048091,-73.943297340612,Manhattan,2026-08-13T10:42:00.000,Failed for Rat Activity and Other Reason,"{'latitude': '40.795161048091', 'longitude': '-73.943297340612', 'human_address': '{""address"": """", ""city"": """", ""state"": """", ""zip"": """"}'}",11,8,172,East Harlem (South),1016390029,1052203,,
Initial,PC8764313,2,2356,7501,575,EXTERIOR STREET,10451,40.820367368296,-73.930680832967,Bronx,2026-08-13T10:43:59.000,Failed for Other Reason,"{'latitude': '40.820367368296', 'longitude': '-73.930680832967', 'human_address': '{""address"": """", ""city"": """", ""state"": """", ""zip"": """"}'}",4,8,6301,Concourse-Concourse Village,2023567501,2129393,1003436,238169
Compliance,PC8747875,3,1371,8,207,TROY AVENUE,11213,40.672356632335,-73.93635445303,Brooklyn,2026-08-13T10:45:07.000,Failed for Rat Activity and Other Reason,"{'latitude': '40.672356632335', 'longitude': '-73.93635445303', 'human_address': '{""address"": """", ""city"": """", ""state"": """", ""zip"": """"}'}",8,36,345,Crown Heights (North),3013710008,3036410,1001905,184243
Treatments,PC8711968,2,2782,80,1334,TELLER AVENUE,10456,40.835355614098,-73.90978446982,Bronx,2026-08-13T10:45:45.000,Bait applied,"{'latitude': '40.835355614098', 'longitude': '-73.90978446982', 'human_address': '{""address"": """", ""city"": """", ""state"": """", ""zip"": """"}'}",4,16,17702,Mount Eden-Claremont (West),2027820080,2007094,,
Initial,PC8761330,1,1683,31,344,EAST 112 STREET,10029,40.793739235148,-73.937928170277,Manhattan,2026-08-13T10:46:00.000,Failed for Rat Activity,"{'latitude': '40.793739235148', 'longitude': '-73.937928170277', 'human_address': '{""address"": """", ""city"": """", ""state"": """", ""zip"": """"}'}",11,8,180,East Harlem (North),1016830031,1052883,,
Compliance,PC8674333,3,1753,18,145,SANDFORD STREET,11205,40.694358672838,-73.953300320866,Brooklyn,2026-08-13T10:46:00.000,Failed for Rat Activity and Other Reason,"{'latitude': '40.694358672838', 'longitude': '-73.953300320866', 'human_address': '{""address"": """", ""city"": """", ""state"": """", ""zip"": """"}'}",3,33,241,Bedford-Stuyvesant (West),3017530018,3427002,,
Compliance,PC8639850,1,1950,62,111,MORNINGSIDE AVENUE,10027,40.810492758165,-73.954634608785,Manhattan,2026-08-13T10:46:16.000,Failed for Rat Activity and Other Reason,"{'latitude': '40.810492758165', 'longitude': '-73.954634608785', 'human_address': '{""address"": """", ""city"": """", ""state"": """", ""zip"": """"}'}",9,9,20901,Morningside Heights,1019500062,1059283,,
Treatments,PC8707909,1,1238,59,268,WEST 91 STREET,10024,40.79179352236,-73.974918474459,Manhattan,2026-08-13T10:50:23.000,Bait applied,"{'latitude': '40.79179352236', 'longitude': '-73.974918474459', 'human_address': '{""address"": """", ""city"": """", ""state"": """", ""zip"": """"}'}",7,6,179,Upper West Side (Central),1012380059,1033566,,
Initial,PC8756832,1,1730,25,25,WEST 132 STREET,10037,40.811282036217,-73.940028678891,Manhattan,2026-08-13T10:51:00.000,Failed for Other Reason,"{'latitude': '40.811282036217', 'longitude': '-73.940028678891', 'human_address': '{""address"": """", ""city"": """", ""state"": """", ""zip"": """"}'}",10,9,212,Harlem (North),1017300025,1053888,,
Treatments,PC8732123,1,862,7503,325,5 AVENUE,10016,40.747420846893,-73.985282351134,Manhattan,2026-08-13T10:51:17.000,Bait applied,"{'latitude': '40.747420846893', 'longitude': '-73.985282351134', 'human_address': '{""address"": """", ""city"": """", ""state"": """", ""zip"": """"}'}",5,4,74,Midtown South-Flatiron-Union Square,1008627503,1087309,988328,211585
Initial,PC8762721,2,3098,140,2151,CLINTON AVENUE,10457,40.849190364046,-73.886455197774,Bronx,2026-08-13T10:51:59.000,Failed for Other Reason,"{'latitude': '40.849190364046', 'longitude': '-73.886455197774', 'human_address': '{""address"": """", ""city"": """", ""state"": """", ""zip"": """"}'}",6,15,371,Tremont,2030980140,2086797,,
Initial,PC8755950,2,4836,59,724A,EAST  223 STREET,10466,40.886047854097,-73.860193393158,Bronx,2026-08-13T10:53:05.000,Failed for Other Reason,"{'latitude': '40.886047854097', 'longitude': '-73.860193393158', 'human_address': '{""address"": """", ""city"": """", ""state"": """", ""zip"": """"}'}",12,12,396,Williamsbridge-Olinville,2048360059,2063329,1022907,262122
Treatments,PC8720528,2,3744,57,1134,STRATFORD AVENUE,10472,40.827703782217,-73.875138668629,Bronx,2026-08-13T10:53:29.000,Bait applied,"{'latitude': '40.827703782217', 'longitude': '-73.875138668629', 'human_address': '{""address"": """", ""city"": """", ""state"": """", ""zip"": """"}'}",9,18,48,Soundview-Bruckner-Bronx River,2037440057,2024020,,
Compliance,PC8749012,2,3217,50,2201,UNIVERSITY AVENUE,10453,40.858545052889,-73.908729821924,Bronx,2026-08-13T10:54:27.000,Failed for Other Reason,"{'latitude': '40.858545052889', 'longitude': '-73.908729821924', 'human_address': '{""address"": """", ""city"": """", ""state"": """", ""zip"": """"}'}",7,14,255,University Heights (North)-Fordham,2032170050,2014725,,
Treatments,PC8673417,3,837,45,275,57 STREET,11220,40.644293550417,-74.019537832342,Brooklyn,2026-08-13T10:55:00.000,Bait applied,"{'latitude': '40.644293550417', 'longitude': '-74.019537832342', 'human_address': '{""address"": """", ""city"": """", ""state"": """", ""zip"": """"}'}",7,38,22,Sunset Park (West),3008370045,3015232,978828,174013
Treatments,PC8680712,4,1463,33,35-56,90 STREET,11372,40.751327570436,-73.87703286403,Queens,2026-08-13T10:55:02.000,Bait applied,"{'latitude': '40.751327570436', 'longitude': '-73.87703286403', 'human_address': '{""address"": """", ""city"": """", ""state"": """", ""zip"": """"}'}",3,25,27701,Jackson Heights,4014630033,4035952,,
Compliance,PC8645000,1,1680,52,2108,2 AVENUE,10029,40.792214908198,-73.941262987973,Manhattan,2026-08-13T10:56:15.000,Failed for Rat Activity and Other Reason,"{'latitude': '40.792214908198', 'longitude': '-73.941262987973', 'human_address': '{""address"": """", ""city"": """", ""state"": """", ""zip"": """"}'}",11,8,170,East Harlem (South),1016800052,1052821,1000514,227910
Compliance,PC8739211,1,1529,33,232,EAST 84 STREET,10028,40.777135597899,-73.954101380955,Manhattan,2026-08-13T10:57:31.000,Failed for Rat Activity and Other Reason,"{'latitude': '40.777135597899', 'longitude': '-73.954101380955', 'human_address': '{""address"": """", ""city"": """", ""state"": """", ""zip"": """"}'}",8,5,138,Upper East Side-Yorkville,1015290033,1048714,,
Initial,PC8759824,1,1638,1,100,EAST 111 STREET,10029,40.79595796146,-73.945225295392,Manhattan,2026-08-13T10:57:56.000,Failed for Other Reason,"{'latitude': '40.79595796146', 'longitude': '-73.945225295392', 'human_address': '{""address"": """", ""city"": """", ""state"": """", ""zip"": """"}'}",11,8,172,East Harlem (South),1016380001,1087483,999307,229291
Treatments,PC8693467,3,1522,55,381,SUMPTER STREET,11233,40.681168709119,-73.909737877495,Brooklyn,2026-08-13T11:00:20.000,Bait applied,"{'latitude': '40.681168709119', 'longitude': '-73.909737877495', 'human_address': '{""address"": """", ""city"": """", ""state"": """", ""zip"": """"}'}",16,37,369,Ocean Hill,3015220055,3041408,,
Treatments,PC8707732,2,2816,49,1347,MORRIS AVENUE,10456,40.836641960067,-73.912117295921,Bronx,2026-08-13T11:00:45.000,Bait applied,"{'latitude': '40.836641960067', 'longitude': '-73.912117295921', 'human_address': '{""address"": """", ""city"": """", ""state"": """", ""zip"": """"}'}",4,16,17902,Mount Eden-Claremont (West),2028160049,2114222,,
Treatments,PC8709146,3,3387,24,1058,JEFFERSON AVENUE,11221,40.687695624248,-73.916778332944,Brooklyn,2026-08-13T11:02:56.000,Bait applied,"{'latitude': '40.687695624248', 'longitude': '-73.916778332944', 'human_address': '{""address"": """", ""city"": """", ""state"": """", ""zip"": """"}'}",4,37,397,Bushwick (East),3033870024,3077802,,
Initial,PC8759910,1,1529,4,1477,3 AVENUE,10028,40.777119567247,-73.955209862303,Manhattan,2026-08-13T11:03:31.000,Failed for Rat Activity,"{'latitude': '40.777119567247', 'longitude': '-73.955209862303', 'human_address': '{""address"": """", ""city"": """", ""state"": """", ""zip"": """"}'}",8,5,138,Upper East Side-Yorkville,1015290004,1048693,996655,222408
Compliance,PC8748263,1,1930,37,216,WEST  125 STREET,10027,40.80921680496,-73.94893872654,Manhattan,2026-08-13T11:04:16.000,Failed for Rat Activity and Other Reason,"{'latitude': '40.80921680496', 'longitude': '-73.94893872654', 'human_address': '{""address"": """", ""city"": """", ""state"": """", ""zip"": """"}'}",10,9,222,Harlem (South),1019300037,1058641,998385,234103
Treatments,PC8704973,2,3749,1,1210,CROES AVENUE,10472,40.829718995838,-73.870693855054,Bronx,2026-08-13T11:05:33.000,Bait applied,"{'latitude': '40.829718995838', 'longitude': '-73.870693855054', 'human_address': '{""address"": """", ""city"": """", ""state"": """", ""zip"": """"}'}",9,18,68,Soundview-Bruckner-Bronx River,2037490001,2024145,1020034,241595
Compliance,PC8718872,2,3218,1,95,WEST 183 STREET,10453,40.859911628622,-73.908351962006,Bronx,2026-08-13T11:05:43.000,Failed for Rat Activity,"{'latitude': '40.859911628622', 'longitude': '-73.908351962006', 'human_address': '{""address"": """", ""city"": """", ""state"": """", ""zip"": """"}'}",7,14,255,University Heights (North)-Fordham,2032180001,2014732,,
Initial,PC8761199,1,1683,149,304,EAST 112 STREET,10029,40.794363089857,-73.93941917366,Manhattan,2026-08-13T11:06:00.000,Failed for Rat Activity,"{'latitude': '40.794363089857', 'longitude': '-73.93941917366', 'human_address': '{""address"": """", ""city"": """", ""state"": """", ""zip"": """"}'}",11,8,180,East Harlem (North),1016830149,1052896,,
Initial,PC8763272,3,238,21,34,MONROE PLACE,11201,40.696110878442,-73.99263964824,Brooklyn,2026-08-13T11:06:00.000,Failed for Rat Activity,"{'latitude': '40.696110878442', 'longitude': '-73.99263964824', 'human_address': '{""address"": """", ""city"": """", ""state"": """", ""zip"": """"}'}",2,33,502,Brooklyn Heights,3002380021,3001925,986291,192891
Initial,PC8751088,1,1680,1,301,EAST  108 STREET,10029,40.791792198269,-73.94122724784,Manhattan,2026-08-13T11:07:00.000,Failed for Rat Activity and Other Reason,"{'latitude': '40.791792198269', 'longitude': '-73.94122724784', 'human_address': '{""address"": """", ""city"": """", ""state"": """", ""zip"": """"}'}",11,8,170,East Harlem (South),1016800001,1052801,1000524,227756
Compliance,PC8733196,2,2888,21,1638,ANTHONY AVENUE,10457,40.842655413631,-73.904888100429,Bronx,2026-08-13T11:07:03.000,Failed for Other Reason,"{'latitude': '40.842655413631', 'longitude': '-73.904888100429', 'human_address': '{""address"": """", ""city"": """", ""state"": """", ""zip"": """"}'}",4,15,167,Claremont Village-Claremont (East),2028880021,2009316,,
Compliance,PC8672409,3,1731,100,156,ELLERY STREET,11206,40.698648644593,-73.946755319735,Brooklyn,2026-08-13T11:08:00.000,Failed for Rat Activity,"{'latitude': '40.698648644593', 'longitude': '-73.946755319735', 'human_address': '{""address"": """", ""city"": """", ""state"": """", ""zip"": """"}'}",3,36,257,Bedford-Stuyvesant (West),3017310100,3340869,,
Compliance,PC8723813,1,2152,58,511,WEST  179 STREET,10033,40.847074756714,-73.932489042168,Manhattan,2026-08-13T11:08:58.000,Failed for Rat Activity,"{'latitude': '40.847074756714', 'longitude': '-73.932489042168', 'human_address': '{""address"": """", ""city"": """", ""state"": """", ""zip"": """"}'}",12,10,261,Washington Heights (South),1021520058,1063610,1002928,247899
Compliance,PC8736961,1,2136,140,75,FORT WASHINGTON AVENUE,10032,40.83749090413,-73.944142925526,Manhattan,2026-08-13T11:12:37.000,Failed for Rat Activity and Other Reason,"{'latitude': '40.83749090413', 'longitude': '-73.944142925526', 'human_address': '{""address"": """", ""city"": """", ""state"": """", ""zip"": """"}'}",12,7,247,Washington Heights (South),1021360140,1063331,999706,244405
Treatments,PC8693023,4,1460,1,86-06,35 AVENUE,11372,40.75218514761,-73.880781336122,Queens,2026-08-13T11:13:02.000,Bait applied,"{'latitude': '40.75218514761', 'longitude': '-73.880781336122', 'human_address': '{""address"": """", ""city"": """", ""state"": """", ""zip"": """"}'}",3,25,279,Jackson Heights,4014600001,4035839,1017281,213343
Treatments,PC8710431,3,1208,32,1366,PACIFIC STREET,11216,40.677395168759,-73.945294208288,Brooklyn,2026-08-13T11:13:38.000,Bait applied,"{'latitude': '40.677395168759', 'longitude': '-73.945294208288', 'human_address': '{""address"": """", ""city"": """", ""state"": """", ""zip"": """"}'}",8,36,313,Crown Heights (North),3012080032,3030105,,
Treatments,PC8706935,3,3374,55,71,CORNELIA STREET,11221,40.689268132328,-73.916437410198,Brooklyn,2026-08-13T11:13:56.000,Bait applied,"{'latitude': '40.689268132328', 'longitude': '-73.916437410198', 'human_address': '{""address"": """", ""city"": """", ""state"": """", ""zip"": """"}'}",4,37,399,Bushwick (East),3033740055,3077200,,
Initial,PC8765197,3,913,10,502,39 STREET,11232,40.651033597702,-74.003553348617,Brooklyn,2026-08-13T11:15:00.000,Failed for Rat Activity and Other Reason,"{'latitude': '40.651033597702', 'longitude': '-74.003553348617', 'human_address': '{""address"": """", ""city"": """", ""state"": """", ""zip"": """"}'}",7,38,88,Sunset Park (Central),3009130010,3017793,983264,176468
Treatments,PC8711312,2,2439,28,1238,MORRIS AVENUE,10456,40.834356593315,-73.913435739259,Bronx,2026-08-13T11:15:45.000,Bait applied,"{'latitude': '40.834356593315', 'longitude': '-73.913435739259', 'human_address': '{""address"": """", ""city"": """", ""state"": """", ""zip"": """"}'}",4,16,17701,Concourse-Concourse Village,2024390028,2002415,,
Initial,PC8761816,2,3098,50,2131,CLINTON AVENUE,10457,40.848822880349,-73.88677029438,Bronx,2026-08-13T11:15:59.000,Failed for Rat Activity,"{'latitude': '40.848822880349', 'longitude': '-73.88677029438', 'human_address': '{""address"": """", ""city"": """", ""state"": """", ""zip"": """"}'}",6,15,371,Tremont,2030980050,2012772,,
Treatments,PC8736079,3,5790,54,349,62 STREET,11220,40.640209159303,-74.020433832384,Brooklyn,2026-08-13T11:16:00.000,Bait applied,"{'latitude': '40.640209159303', 'longitude': '-74.020433832384', 'human_address': '{""address"": """", ""city"": """", ""state"": """", ""zip"": """"}'}",7,38,72,Sunset Park (West),3057900054,3143706,978579,172525
Treatments,PC8707917,1,1239,23,2460,BROADWAY,10025,40.791551786007,-73.974026540769,Manhattan,2026-08-13T11:16:12.000,Bait applied,"{'latitude': '40.791551786007', 'longitude': '-73.974026540769', 'human_address': '{""address"": """", ""city"": """", ""state"": """", ""zip"": """"}'}",7,6,179,Upper West Side (Central),1012390023,1033584,,
Initial,PC8747479,1,1617,7502,60,EAST  112 STREET,10029,40.796924246989,-73.945506212257,Manhattan,2026-08-13T11:17:56.000,Failed for Other Reason,"{'latitude': '40.796924246989', 'longitude': '-73.945506212257', 'human_address': '{""address"": """", ""city"": """", ""state"": """", ""zip"": """"}'}",11,8,17402,East Harlem (South),1016177502,1091648,999335,229627
Initial,PC8761950,3,1865,42,72,HERKIMER STREET,11216,40.679700638533,-73.951050065864,Brooklyn,2026-08-13T11:18:01.000,Failed for Rat Activity,"{'latitude': '40.679700638533', 'longitude': '-73.951050065864', 'human_address': '{""address"": """", ""city"": """", ""state"": """", ""zip"": """"}'}",3,36,247,Bedford-Stuyvesant (West),3018650042,3053908,,
Initial,PC8756825,2,2512,8,1018,OGDEN AVENUE,10452,40.833458796141,-73.929062648052,Bronx,2026-08-13T11:18:37.000,Failed for Rat Activity,"{'latitude': '40.833458796141', 'longitude': '-73.929062648052', 'human_address': '{""address"": """", ""city"": """", ""state"": """", ""zip"": """"}'}",4,16,189,Highbridge,2025120008,2003202,,
Compliance,PC8732511,2,2888,39,380,EAST 173 STREET,10457,40.843093807485,-73.903969452063,Bronx,2026-08-13T11:20:03.000,Failed for Rat Activity,"{'latitude': '40.843093807485', 'longitude': '-73.903969452063', 'human_address': '{""address"": """", ""city"": """", ""state"": """", ""zip"": """"}'}",4,15,167,Claremont Village-Claremont (East),2028880039,2009321,,
Initial,PC8762917,2,3098,53,2125,CLINTON AVENUE,10457,40.848713183659,-73.886864460288,Bronx,2026-08-13T11:21:47.000,Failed for Rat Activity,"{'latitude': '40.848713183659', 'longitude': '-73.886864460288', 'human_address': '{""address"": """", ""city"": """", ""state"": """", ""zip"": """"}'}",6,15,371,Tremont,2030980053,2012773,,
Compliance,PC8673554,1,2162,48,619,WEST  179 STREET,10033,40.848259358489,-73.935307168064,Manhattan,2026-08-13T11:22:57.000,Failed for Rat Activity,"{'latitude': '40.848259358489', 'longitude': '-73.935307168064', 'human_address': '{""address"": """", ""city"": """", ""state"": """", ""zip"": """"}'}",12,10,263,Washington Heights (South),1021620048,1063905,1002148,248330
Initial,PC8764286,3,249,27,132,MONTAGUE STREET,11201,40.6946617117,-73.993883937184,Brooklyn,2026-08-13T11:23:00.000,Failed for Rat Activity and Other Reason,"{'latitude': '40.6946617117', 'longitude': '-73.993883937184', 'human_address': '{""address"": """", ""city"": """", ""state"": """", ""zip"": """"}'}",2,33,502,Brooklyn Heights,3002490027,3002079,985946,192363
Compliance,PC8675029,1,1941,26,205,WEST 135 STREET,10030,40.815519278798,-73.944197565136,Manhattan,2026-08-13T11:23:43.000,Failed for Rat Activity,"{'latitude': '40.815519278798', 'longitude': '-73.944197565136', 'human_address': '{""address"": """", ""city"": """", ""state"": """", ""zip"": """"}'}",10,9,228,Harlem (North),1019410026,1058890,,
Compliance,PC8672438,3,1731,139,737,PARK AVENUE,11206,40.697964966002,-73.946261798015,Brooklyn,2026-08-13T11:29:00.000,Failed for Other Reason,"{'latitude': '40.697964966002', 'longitude': '-73.946261798015', 'human_address': '{""address"": """", ""city"": """", ""state"": """", ""zip"": """"}'}",3,36,257,Bedford-Stuyvesant (West),3017310139,3340898,,
Compliance,PC8749820,3,1621,49,104,MALCOLM X BOULEVARD,11221,40.690202520018,-73.930517385084,Brooklyn,2026-08-13T11:30:00.000,Failed for Rat Activity,"{'latitude': '40.690202520018', 'longitude': '-73.930517385084', 'human_address': '{""address"": """", ""city"": """", ""state"": """", ""zip"": """"}'}",3,36,291,Bedford-Stuyvesant (East),3016210049,3044107,,
Initial,PC8755931,4,3130,47,64-46,ALDERTON STREET,11374,40.722218474928,-73.859564326873,Queens,2026-08-13T11:30:00.000,Failed for Other Reason,"{'latitude': '40.722218474928', 'longitude': '-73.859564326873', 'human_address': '{""address"": """", ""city"": """", ""state"": """", ""zip"": """"}'}",6,30,69702,Rego Park,4031300047,4073792,,
Treatments,PC8739469,4,1280,38,35-63,80 STREET,11372,40.751200048187,-73.886460447873,Queens,2026-08-13T11:30:02.000,Bait applied,"{'latitude': '40.751200048187', 'longitude': '-73.886460447873', 'human_address': '{""address"": """", ""city"": """", ""state"": """", ""zip"": """"}'}",3,25,283,Jackson Heights,4012800038,4029676,1015708,212982
Initial,PC8756934,2,2512,10,1022,OGDEN AVENUE,10452,40.833530134764,-73.92902282071,Bronx,2026-08-13T11:30:39.000,Failed for Rat Activity,"{'latitude': '40.833530134764', 'longitude': '-73.92902282071', 'human_address': '{""address"": """", ""city"": """", ""state"": """", ""zip"": """"}'}",4,16,189,Highbridge,2025120010,2003204,,
Treatments,PC8711313,2,2438,80,1115,COLLEGE AVENUE,10456,40.830863340994,-73.914506308068,Bronx,2026-08-13T11:30:45.000,Bait applied,"{'latitude': '40.830863340994', 'longitude': '-73.914506308068', 'human_address': '{""address"": """", ""city"": """", ""state"": """", ""zip"": """"}'}",4,16,175,Concourse-Concourse Village,2024380080,2002411,,
Initial,PC8762417,2,3098,155,719,EAST 181 STREET,10457,40.848620508576,-73.887522466792,Bronx,2026-08-13T11:31:23.000,Failed for Other Reason,"{'latitude': '40.848620508576', 'longitude': '-73.887522466792', 'human_address': '{""address"": """", ""city"": """", ""state"": """", ""zip"": """"}'}",6,15,371,Tremont,2030980155,2000000,,
Compliance,PC8732979,1,1614,7501,1630,MADISON AVENUE,10029,40.795440568753,-73.948165605842,Manhattan,2026-08-13T11:32:00.000,Failed for Rat Activity,"{'latitude': '40.795440568753', 'longitude': '-73.948165605842', 'human_address': '{""address"": """", ""city"": """", ""state"": """", ""zip"": """"}'}",11,9,17401,East Harlem (South),1016147501,1086163,,
Compliance,PC8718962,2,3218,20,2296,ANDREWS AVENUE NORTH,10468,40.861379290321,-73.907391891465,Bronx,2026-08-13T11:32:42.000,Failed for Rat Activity,"{'latitude': '40.861379290321', 'longitude': '-73.907391891465', 'human_address': '{""address"": """", ""city"": """", ""state"": """", ""zip"": """"}'}",7,14,255,University Heights (North)-Fordham,2032180020,2014739,,
Compliance,PC8732908,2,2888,38,374,EAST 173 STREET,10457,40.843118591603,-73.904067000898,Bronx,2026-08-13T11:33:03.000,Failed for Rat Activity and Other Reason,"{'latitude': '40.843118591603', 'longitude': '-73.904067000898', 'human_address': '{""address"": """", ""city"": """", ""state"": """", ""zip"": """"}'}",4,15,167,Claremont Village-Claremont (East),2028880038,2000000,,
Initial,PC8762324,2,3098,56,717,EAST 181 STREET,10457,40.848648008946,-73.887576638397,Bronx,2026-08-13T11:33:23.000,Failed for Rat Activity and Other Reason,"{'latitude': '40.848648008946', 'longitude': '-73.887576638397', 'human_address': '{""address"": """", ""city"": """", ""state"": """", ""zip"": """"}'}",6,15,371,Tremont,2030980056,2012774,,
Compliance,PC8675057,1,1941,29,2300,ADAM C POWELL BLVD,10030,40.815403724386,-73.943634075331,Manhattan,2026-08-13T11:34:40.000,Failed for Rat Activity and Other Reason,"{'latitude': '40.815403724386', 'longitude': '-73.943634075331', 'human_address': '{""address"": """", ""city"": """", ""state"": """", ""zip"": """"}'}",10,9,228,Harlem (North),1019410029,1058892,,
Treatments,PC8705769,3,3375,46,151,CORNELIA STREET,11221,40.691124998549,-73.914610448841,Brooklyn,2026-08-13T11:35:07.000,Bait applied,"{'latitude': '40.691124998549', 'longitude': '-73.914610448841', 'human_address': '{""address"": """", ""city"": """", ""state"": """", ""zip"": """"}'}",4,37,415,Bushwick (East),3033750046,3077230,1007930,191086
Initial,PC8762798,1,558,31,98,3 AVENUE,10003,40.732335932686,-73.987887219422,Manhattan,2026-08-13T11:37:00.000,Failed for Rat Activity,"{'latitude': '40.732335932686', 'longitude': '-73.987887219422', 'human_address': '{""address"": """", ""city"": """", ""state"": """", ""zip"": """"}'}",3,2,42,East Village,1005580031,1009021,,
Treatments,PC8738836,3,5781,58,335,61 STREET,11220,40.640928347558,-74.020120570365,Brooklyn,2026-08-13T11:37:00.000,Bait applied,"{'latitude': '40.640928347558', 'longitude': '-74.020120570365', 'human_address': '{""address"": """", ""city"": """", ""state"": """", ""zip"": """"}'}",7,38,72,Sunset Park (West),3057810058,3143403,,
Compliance,PC8740414,3,263,26,263,HENRY STREET,11201,40.692518113767,-73.995369828298,Brooklyn,2026-08-13T11:40:00.000,Failed for Rat Activity,"{'latitude': '40.692518113767', 'longitude': '-73.995369828298', 'human_address': '{""address"": """", ""city"": """", ""state"": """", ""zip"": """"}'}",2,33,7,Brooklyn Heights,3002630026,3002488,985534,191582
Treatments,PC8629395,2,2827,46,1895,MORRIS AVENUE,10453,40.849451248169,-73.908098950057,Bronx,2026-08-13T11:40:18.000,Bait applied,"{'latitude': '40.849451248169', 'longitude': '-73.908098950057', 'human_address': '{""address"": """", ""city"": """", ""state"": """", ""zip"": """"}'}",5,14,23301,Mount Hope,2028270046,2007907,,
Treatments,PC8690924,3,1515,3,157,SARATOGA AVENUE,11233,40.681319573566,-73.916865640464,Brooklyn,2026-08-13T11:40:20.000,Bait applied,"{'latitude': '40.681319573566', 'longitude': '-73.916865640464', 'human_address': '{""address"": """", ""city"": """", ""state"": """", ""zip"": """"}'}",16,41,371,Ocean Hill,3015150003,3041071,,
Compliance,PC8672722,3,1731,28,759,PARK AVENUE,11206,40.698085234087,-73.945201432125,Brooklyn,2026-08-13T11:41:00.000,Failed for Rat Activity and Other Reason,"{'latitude': '40.698085234087', 'longitude': '-73.945201432125', 'human_address': '{""address"": """", ""city"": """", ""state"": """", ""zip"": """"}'}",3,36,257,Bedford-Stuyvesant (West),3017310028,3048394,,
Initial,PC8761500,4,879,65,23-11,DITMARS BOULEVARD,11105,40.779638964454,-73.915659178539,Queens,2026-08-13T11:42:00.000,Failed for Other Reason,"{'latitude': '40.779638964454', 'longitude': '-73.915659178539', 'human_address': '{""address"": """", ""city"": """", ""state"": """", ""zip"": """"}'}",1,22,103,Astoria (North)-Ditmars-Steinway,4008790065,4019616,1007608,223334
Compliance,PC8718396,2,3218,22,2302,ANDREWS AVENUE NORTH,10468,40.861499970914,-73.907283265189,Bronx,2026-08-13T11:42:43.000,Failed for Other Reason,"{'latitude': '40.861499970914', 'longitude': '-73.907283265189', 'human_address': '{""address"": """", ""city"": """", ""state"": """", ""zip"": """"}'}",7,14,255,University Heights (North)-Fordham,2032180022,2014741,,
Compliance,PC8732785,2,2888,64,372,EAST 173 STREET,10457,40.843129597691,-73.90409951322,Bronx,2026-08-13T11:44:03.000,Failed for Rat Activity,"{'latitude': '40.843129597691', 'longitude': '-73.90409951322', 'human_address': '{""address"": """", ""city"": """", ""state"": """", ""zip"": """"}'}",4,15,167,Claremont Village-Claremont (East),2028880064,2009325,,
Treatments,PC8729673,2,2434,6,1114,COLLEGE AVENUE,10456,40.830781017679,-73.914531709293,Bronx,2026-08-13T11:45:45.000,Bait applied,"{'latitude': '40.830781017679', 'longitude': '-73.914531709293', 'human_address': '{""address"": """", ""city"": """", ""state"": """", ""zip"": """"}'}",4,16,175,Concourse-Concourse Village,2024340006,2002253,,
Treatments,PC8700961,2,3803,5,2006,CROSS BRONX EXPRESSWAY,10472,40.831799224522,-73.85657855207,Bronx,2026-08-13T11:45:48.000,Bait applied,"{'latitude': '40.831799224522', 'longitude': '-73.85657855207', 'human_address': '{""address"": """", ""city"": """", ""state"": """", ""zip"": """"}'}",9,18,78,Castle Hill-Unionport,2038030005,2098541,,
Initial,PC8756813,1,1730,68,480,LENOX AVENUE,10037,40.813165703687,-73.941526210511,Manhattan,2026-08-13T11:46:00.000,Failed for Other Reason,"{'latitude': '40.813165703687', 'longitude': '-73.941526210511', 'human_address': '{""address"": """", ""city"": """", ""state"": """", ""zip"": """"}'}",10,9,212,Harlem (North),1017300068,1053897,,
Initial,PC8755559,1,1929,57,224,WEST  124 STREET,10027,40.808687446605,-73.949795266264,Manhattan,2026-08-13T11:46:16.000,Failed for Rat Activity,"{'latitude': '40.808687446605', 'longitude': '-73.949795266264', 'human_address': '{""address"": """", ""city"": """", ""state"": """", ""zip"": """"}'}",10,9,222,Harlem (South),1019290057,1091647,998148,233910
Treatments,PC8682224,3,3383,64,1243,JEFFERSON AVENUE,11221,40.691735750216,-73.91283911176,Brooklyn,2026-08-13T11:46:56.000,Bait applied,"{'latitude': '40.691735750216', 'longitude': '-73.91283911176', 'human_address': '{""address"": """", ""city"": """", ""state"": """", ""zip"": """"}'}",4,37,415,Bushwick (East),3033830064,3077621,,
Compliance,PC8674922,1,1941,32,2306,ADAM C POWELL BLVD,10030,40.815560119728,-73.943521947229,Manhattan,2026-08-13T11:47:40.000,Failed for Rat Activity,"{'latitude': '40.815560119728', 'longitude': '-73.943521947229', 'human_address': '{""address"": """", ""city"": """", ""state"": """", ""zip"": """"}'}",10,9,228,Harlem (North),1019410032,1058895,,
Initial,PC8761511,1,1577,49,502,EAST   81 STREET,10028,40.772530531601,-73.949093328317,Manhattan,2026-08-13T11:48:31.000,Failed for Rat Activity,"{'latitude': '40.772530531601', 'longitude': '-73.949093328317', 'human_address': '{""address"": """", ""city"": """", ""state"": """", ""zip"": """"}'}",8,5,13602,Upper East Side-Yorkville,1015770049,1000000,998306,220761
Compliance,PC8503336,3,1053,7501,279,PROSPECT AVENUE,11215,40.663379166802,-73.98926948862,Brooklyn,2026-08-13T11:50:00.000,Failed for Rat Activity,"{'latitude': '40.663379166802', 'longitude': '-73.98926948862', 'human_address': '{""address"": """", ""city"": """", ""state"": """", ""zip"": """"}'}",7,39,14102,Windsor Terrace-South Slope,3010537501,3325161,987227,180966
Treatments,PC8712648,2,2829,9,54,EAST 179 STREET,10453,40.852118602049,-73.907440982341,Bronx,2026-08-13T11:50:08.000,Bait applied,"{'latitude': '40.852118602049', 'longitude': '-73.907440982341', 'human_address': '{""address"": """", ""city"": """", ""state"": """", ""zip"": """"}'}",5,14,241,Mount Hope,2028290009,2007926,,
Compliance,PC8718819,2,3218,92,2308,ANDREWS AVENUE NORTH,10468,40.86162339613,-73.907174634671,Bronx,2026-08-13T11:50:20.000,Failed for Other Reason,"{'latitude': '40.86162339613', 'longitude': '-73.907174634671', 'human_address': '{""address"": """", ""city"": """", ""state"": """", ""zip"": """"}'}",7,14,255,University Heights (North)-Fordham,2032180092,2000000,,
Treatments,PC8691347,3,1515,1,161,SARATOGA AVENUE,11233,40.681207019532,-73.916840543237,Brooklyn,2026-08-13T11:50:20.000,Bait applied,"{'latitude': '40.681207019532', 'longitude': '-73.916840543237', 'human_address': '{""address"": """", ""city"": """", ""state"": """", ""zip"": """"}'}",16,41,371,Ocean Hill,3015150001,3041069,,
Initial,PC8757342,2,2514,50,1146,OGDEN AVENUE,10452,40.836496151845,-73.927350028018,Bronx,2026-08-13T11:52:08.000,Failed for Other Reason,"{'latitude': '40.836496151845', 'longitude': '-73.927350028018', 'human_address': '{""address"": """", ""city"": """", ""state"": """", ""zip"": """"}'}",4,16,199,Highbridge,2025140050,2003265,1004353,244046
Initial,PC8764388,1,2165,54,209,WADSWORTH AVENUE,10033,40.851349095923,-73.93384381347,Manhattan,2026-08-13T11:52:08.000,Failed for Rat Activity,"{'latitude': '40.851349095923', 'longitude': '-73.93384381347', 'human_address': '{""address"": """", ""city"": """", ""state"": """", ""zip"": """"}'}",12,10,271,Washington Heights (North),1021650054,1063953,1002552,249456
Initial,PC8757054,2,2512,14,1032,OGDEN AVENUE,10452,40.833711224878,-73.928921442169,Bronx,2026-08-13T11:52:34.000,Failed for Rat Activity,"{'latitude': '40.833711224878', 'longitude': '-73.928921442169', 'human_address': '{""address"": """", ""city"": """", ""state"": """", ""zip"": """"}'}",4,16,189,Highbridge,2025120014,2003208,,
Treatments,PC8707957,1,1239,33,648,AMSTERDAM AVENUE,10025,40.791213813849,-73.972448482892,Manhattan,2026-08-13T11:55:12.000,Bait applied,"{'latitude': '40.791213813849', 'longitude': '-73.972448482892', 'human_address': '{""address"": """", ""city"": """", ""state"": """", ""zip"": """"}'}",7,6,179,Upper West Side (Central),1012390033,1033591,,
Treatments,PC8698655,2,3803,19,2032,CROSS BRONX EXPRESSWAY,10472,40.831677941154,-73.856166860827,Bronx,2026-08-13T11:56:00.000,Bait applied,"{'latitude': '40.831677941154', 'longitude': '-73.856166860827', 'human_address': '{""address"": """", ""city"": """", ""state"": """", ""zip"": """"}'}",9,18,78,Castle Hill-Unionport,2038030019,2026230,1024053,242315
Compliance,PC8721105,4,879,5,21-75,23 STREET,11105,40.780157454097,-73.915293826566,Queens,2026-08-13T11:56:00.000,Failed for Rat Activity and Other Reason,"{'latitude': '40.780157454097', 'longitude': '-73.915293826566', 'human_address': '{""address"": """", ""city"": """", ""state"": """", ""zip"": """"}'}",1,22,103,Astoria (North)-Ditmars-Steinway,4008790005,4019557,,
Compliance,PC8674943,1,1941,34,2310,ADAM C POWELL BLVD,10030,40.815664382635,-73.943445990618,Manhattan,2026-08-13T11:56:40.000,Failed for Rat Activity,"{'latitude': '40.815664382635', 'longitude': '-73.943445990618', 'human_address': '{""address"": """", ""city"": """", ""state"": """", ""zip"": """"}'}",10,9,228,Harlem (North),1019410034,1058897,,
Compliance,PC8743284,1,1928,61,270,WEST 123 STREET,10027,40.808441006802,-73.951157311862,Manhattan,2026-08-13T11:57:16.000,Failed for Rat Activity,"{'latitude': '40.808441006802', 'longitude': '-73.951157311862', 'human_address': '{""address"": """", ""city"": """", ""state"": """", ""zip"": """"}'}",10,9,222,Harlem (South),1019280061,1058592,,
Compliance,PC8735897,1,1614,69,1274,5 AVENUE,10029,40.796053369929,-73.949790384345,Manhattan,2026-08-13T11:57:56.000,Failed for Rat Activity,"{'latitude': '40.796053369929', 'longitude': '-73.949790384345', 'human_address': '{""address"": """", ""city"": """", ""state"": """", ""zip"": """"}'}",11,9,17401,East Harlem (South),1016140069,1051595,998152,229307
Compliance,PC8751503,3,8677,89,3041,BRIGHTON    7 STREET,11235,40.57886385886,-73.96096996175,Brooklyn,2026-08-13T11:58:00.000,Failed for Other Reason,"{'latitude': '40.57886385886', 'longitude': '-73.96096996175', 'human_address': '{""address"": """", ""city"": """", ""state"": """", ""zip"": """"}'}",13,48,362,Brighton Beach,3086770089,3000000,995092,150177
Initial,PC8734065,1,773,134,202,WEST   24 STREET,10011,40.744934952591,-73.995607967708,Manhattan,2026-08-13T11:58:09.000,Failed for Rat Activity and Other Reason,"{'latitude': '40.744934952591', 'longitude': '-73.995607967708', 'human_address': '{""address"": """", ""city"": """", ""state"": """", ""zip"": """"}'}",4,3,91,Chelsea-Hudson Yards,1007730134,1087205,985467,210679
Initial,PC8760648,1,894,71,130,EAST 39 STREET,10016,40.749623661288,-73.977670152848,Manhattan,2026-08-13T12:00:00.000,Failed for Rat Activity and Other Reason,"{'latitude': '40.749623661288', 'longitude': '-73.977670152848', 'human_address': '{""address"": """", ""city"": """", ""state"": """", ""zip"": """"}'}",6,4,80,Murray Hill-Kips Bay,1008940071,1019161,,
Treatments,PC8721599,1,896,5,133,3 AVENUE,10003,40.733576464271,-73.986956055956,Manhattan,2026-08-13T12:00:17.000,Bait applied,"{'latitude': '40.733576464271', 'longitude': '-73.986956055956', 'human_address': '{""address"": """", ""city"": """", ""state"": """", ""zip"": """"}'}",6,2,48,Gramercy,1008960005,1090493,,
Initial,PC8756846,2,2512,15,1041,NELSON AVENUE,10452,40.833633888921,-73.92814457277,Bronx,2026-08-13T12:00:19.000,Failed for Rat Activity and Other Reason,"{'latitude': '40.833633888921', 'longitude': '-73.92814457277', 'human_address': '{""address"": """", ""city"": """", ""state"": """", ""zip"": """"}'}",4,16,189,Highbridge,2025120015,2003209,,
Treatments,PC8693678,3,1526,161,189,SARATOGA AVENUE,11233,40.679936005815,-73.916589758298,Brooklyn,2026-08-13T12:00:20.000,Bait applied,"{'latitude': '40.679936005815', 'longitude': '-73.916589758298', 'human_address': '{""address"": """", ""city"": """", ""state"": """", ""zip"": """"}'}",16,41,371,Ocean Hill,3015260161,3346937,,
Treatments,PC8712892,2,2829,26,51,EAST TREMONT AVENUE,10453,40.851268439494,-73.908320540684,Bronx,2026-08-13T12:00:36.000,Bait applied,"{'latitude': '40.851268439494', 'longitude': '-73.908320540684', 'human_address': '{""address"": """", ""city"": """", ""state"": """", ""zip"": """"}'}",5,14,241,Mount Hope,2028290026,2007940,,
Compliance,PC8735262,1,2174,115,87,ELLWOOD STREET,10040,40.861348087385,-73.929126781565,Manhattan,2026-08-13T12:00:37.000,Failed for Rat Activity,"{'latitude': '40.861348087385', 'longitude': '-73.929126781565', 'human_address': '{""address"": """", ""city"": """", ""state"": """", ""zip"": """"}'}",12,10,285,Washington Heights (North),1021740115,1064189,1003854,253100
Treatments,PC8707025,3,3378,10,663,KNICKERBOCKER AVENUE,11221,40.695050598206,-73.911742085375,Brooklyn,2026-08-13T12:00:56.000,Bait applied,"{'latitude': '40.695050598206', 'longitude': '-73.911742085375', 'human_address': '{""address"": """", ""city"": """", ""state"": """", ""zip"": """"}'}",4,37,435,Bushwick (East),3033780010,3077324,,
Initial,PC8764806,4,3469,45,716,WOODWARD AVENUE,11385,40.704671409206,-73.90533820049,Queens,2026-08-13T12:03:00.000,Failed for Rat Activity,"{'latitude': '40.704671409206', 'longitude': '-73.90533820049', 'human_address': '{""address"": """", ""city"": """", ""state"": """", ""zip"": """"}'}",5,34,549,Ridgewood,4034690045,4082980,,
Initial,PC8761965,1,558,47,113,EAST 12 STREET,10003,40.732569404563,-73.989586652466,Manhattan,2026-08-13T12:04:00.000,Failed for Other Reason,"{'latitude': '40.732569404563', 'longitude': '-73.989586652466', 'human_address': '{""address"": """", ""city"": """", ""state"": """", ""zip"": """"}'}",3,2,42,East Village,1005580047,1009027,,
Compliance,PC8721703,1,2154,79,554,WEST  184 STREET,10033,40.850683492004,-73.931491333375,Manhattan,2026-08-13T12:04:12.000,Failed for Rat Activity,"{'latitude': '40.850683492004', 'longitude': '-73.931491333375', 'human_address': '{""address"": """", ""city"": """", ""state"": """", ""zip"": """"}'}",12,10,269,Washington Heights (North),1021540079,1063678,1003203,249214
Initial,PC8757266,3,1053,15,577,5 AVENUE,11215,40.664833957733,-73.989914468197,Brooklyn,2026-08-13T12:05:00.000,Failed for Rat Activity and Other Reason,"{'latitude': '40.664833957733', 'longitude': '-73.989914468197', 'human_address': '{""address"": """", ""city"": """", ""state"": """", ""zip"": """"}'}",7,39,14102,Windsor Terrace-South Slope,3010530015,3024175,987048,181496
Treatments,PC8728536,2,2434,7,1120,COLLEGE AVENUE,10456,40.830857835381,-73.914484633684,Bronx,2026-08-13T12:05:45.000,Bait applied,"{'latitude': '40.830857835381', 'longitude': '-73.914484633684', 'human_address': '{""address"": """", ""city"": """", ""state"": """", ""zip"": """"}'}",4,16,175,Concourse-Concourse Village,2024340007,2002254,,
Compliance,PC8645747,1,1613,6,9,EAST  107 STREET,10029,40.794752506898,-73.950130860828,Manhattan,2026-08-13T12:05:56.000,Failed for Rat Activity and Other Reason,"{'latitude': '40.794752506898', 'longitude': '-73.950130860828', 'human_address': '{""address"": """", ""city"": """", ""state"": """", ""zip"": """"}'}",11,9,17401,East Harlem (South),1016130006,1085250,998058,228833
Initial,PC8757225,2,2512,19,1046,OGDEN AVENUE,10452,40.833966395931,-73.928776618514,Bronx,2026-08-13T12:08:34.000,Failed for Rat Activity,"{'latitude': '40.833966395931', 'longitude': '-73.928776618514', 'human_address': '{""address"": """", ""city"": """", ""state"": """", ""zip"": """"}'}",4,16,189,Highbridge,2025120019,2003210,,
Initial,PC8759943,1,2156,27,515,WEST  184 STREET,10033,40.850158471606,-73.930201452246,Manhattan,2026-08-13T12:09:09.000,Failed for Rat Activity,"{'latitude': '40.850158471606', 'longitude': '-73.930201452246', 'human_address': '{""address"": """", ""city"": """", ""state"": """", ""zip"": """"}'}",12,10,269,Washington Heights (North),1021560027,1063724,1003560,249023
Compliance,PC8728090,1,1578,7502,48,EAST END AVENUE,10028,40.772073892694,-73.946866075606,Manhattan,2026-08-13T12:09:31.000,Failed for Rat Activity and Other Reason,"{'latitude': '40.772073892694', 'longitude': '-73.946866075606', 'human_address': '{""address"": """", ""city"": """", ""state"": """", ""zip"": """"}'}",8,5,13602,Upper East Side-Yorkville,1015787502,1051139,998967,220571
Treatments,PC8583545,2,3901,42,1459,LELAND AVENUE,10460,40.836746455981,-73.864352197154,Bronx,2026-08-13T12:10:48.000,Bait applied,"{'latitude': '40.836746455981', 'longitude': '-73.864352197154', 'human_address': '{""address"": """", ""city"": """", ""state"": """", ""zip"": """"}'}",9,18,21601,Soundview-Bruckner-Bronx River,2039010042,2028267,,
Initial,PC8748773,1,2155,89,2494,AMSTERDAM AVENUE,10033,40.8497053287,-73.929771791199,Manhattan,2026-08-13T12:14:32.000,Failed for Rat Activity,"{'latitude': '40.8497053287', 'longitude': '-73.929771791199', 'human_address': '{""address"": """", ""city"": """", ""state"": """", ""zip"": """"}'}",12,10,269,Washington Heights (North),1021550089,1090762,1003679,248858
Initial,PC8766111,3,1616,1,125,STUYVESANT AVENUE,11221,40.691266630548,-73.933696751454,Brooklyn,2026-08-13T12:15:00.000,Failed for Rat Activity and Other Reason,"{'latitude': '40.691266630548', 'longitude': '-73.933696751454', 'human_address': '{""address"": """", ""city"": """", ""state"": """", ""zip"": """"}'}",3,36,291,Bedford-Stuyvesant (East),3016160001,3043822,,
Treatments,PC8741087,4,2289,38,48-16,46 STREET,11377,40.739011068424,-73.919535900503,Queens,2026-08-13T12:15:00.000,Bait applied,"{'latitude': '40.739011068424', 'longitude': '-73.919535900503', 'human_address': '{""address"": """", ""city"": """", ""state"": """", ""zip"": """"}'}",2,26,18501,Sunnyside,4022890038,4053027,1006548,208531
Treatments,PC8690633,3,3352,20,256,PALMETTO STREET,11221,40.695739061484,-73.91474155335,Brooklyn,2026-08-13T12:15:07.000,Bait applied,"{'latitude': '40.695739061484', 'longitude': '-73.91474155335', 'human_address': '{""address"": """", ""city"": """", ""state"": """", ""zip"": """"}'}",4,37,435,Bushwick (East),3033520020,3076631,,
Compliance,PC8743283,1,1928,44,224,WEST 123 STREET,10027,40.808059096438,-73.950247284212,Manhattan,2026-08-13T12:15:16.000,Failed for Other Reason,"{'latitude': '40.808059096438', 'longitude': '-73.950247284212', 'human_address': '{""address"": """", ""city"": """", ""state"": """", ""zip"": """"}'}",10,9,222,Harlem (South),1019280044,1000000,,
Initial,PC8764852,4,3469,49,1883,WOODBINE STREET,11385,40.704056491544,-73.905230876593,Queens,2026-08-13T12:16:04.000,Failed for Rat Activity and Other Reason,"{'latitude': '40.704056491544', 'longitude': '-73.905230876593', 'human_address': '{""address"": """", ""city"": """", ""state"": """", ""zip"": """"}'}",5,34,549,Ridgewood,4034690049,4082982,,
Initial,PC8761368,1,2157,50,412,AUDOBON AVENUE,10033,40.851687278581,-73.930185382905,Manhattan,2026-08-13T12:18:10.000,Failed for Other Reason,"{'latitude': '40.851687278581', 'longitude': '-73.930185382905', 'human_address': '{""address"": """", ""city"": """", ""state"": """", ""zip"": """"}'}",12,10,269,Washington Heights (North),1021570050,1084351,1003564,249580
Compliance,PC8712797,2,3185,1,2150,JEROME AVENUE,10453,40.855838888485,-73.90550902,Bronx,2026-08-13T12:20:19.000,Failed for Rat Activity,"{'latitude': '40.855838888485', 'longitude': '-73.90550902', 'human_address': '{""address"": """", ""city"": """", ""state"": """", ""zip"": """"}'}",5,14,239,Fordham Heights,2031850001,2094671,,
Treatments,PC8583459,2,3922,19,1531,LELAND AVENUE,10460,40.838788972516,-73.864716646095,Bronx,2026-08-13T12:21:45.000,Bait applied,"{'latitude': '40.838788972516', 'longitude': '-73.864716646095', 'human_address': '{""address"": """", ""city"": """", ""state"": """", ""zip"": """"}'}",9,18,21601,Soundview-Bruckner-Bronx River,2039220019,2028653,,
Initial,PC8761891,1,556,48,120,EAST 12 STREET,10003,40.732484302331,-73.989427903964,Manhattan,2026-08-13T12:24:31.000,Failed for Rat Activity and Other Reason,"{'latitude': '40.732484302331', 'longitude': '-73.989427903964', 'human_address': '{""address"": """", ""city"": """", ""state"": """", ""zip"": """"}'}",3,2,42,East Village,1005560048,1087924,,
Compliance,PC8612763,4,880,28,21-11,21 STREET,11105,40.781990681345,-73.914930393561,Queens,2026-08-13T12:25:00.000,Failed for Rat Activity,"{'latitude': '40.781990681345', 'longitude': '-73.914930393561', 'human_address': '{""address"": """", ""city"": """", ""state"": """", ""zip"": """"}'}",1,22,103,Astoria (North)-Ditmars-Steinway,4008800028,4431124,,
Treatments,PC8729080,2,2434,10,1130,COLLEGE AVENUE,10456,40.83098678424,-73.914412195552,Bronx,2026-08-13T12:25:45.000,Bait applied,"{'latitude': '40.83098678424', 'longitude': '-73.914412195552', 'human_address': '{""address"": """", ""city"": """", ""state"": """", ""zip"": """"}'}",4,16,175,Concourse-Concourse Village,2024340010,2002256,,
Compliance,PC8675062,1,1941,38,202,WEST 136 STREET,10030,40.816186031064,-73.943745406377,Manhattan,2026-08-13T12:26:40.000,Failed for Other Reason,"{'latitude': '40.816186031064', 'longitude': '-73.943745406377', 'human_address': '{""address"": """", ""city"": """", ""state"": """", ""zip"": """"}'}",10,9,228,Harlem (North),1019410038,1081615,,
Compliance,PC8749806,2,2792,28,1682,WEEKS AVENUE,10457,40.843903757823,-73.907625942583,Bronx,2026-08-13T12:31:55.000,Failed for Other Reason,"{'latitude': '40.843903757823', 'longitude': '-73.907625942583', 'human_address': '{""address"": """", ""city"": """", ""state"": """", ""zip"": """"}'}",4,15,22902,Mount Eden-Claremont (West),2027920028,2000000,,
Initial,PC8756683,2,2512,90,124,WEST 165 STREET,10452,40.834284414256,-73.928180005159,Bronx,2026-08-13T12:32:51.000,Failed for Rat Activity and Other Reason,"{'latitude': '40.834284414256', 'longitude': '-73.928180005159', 'human_address': '{""address"": """", ""city"": """", ""state"": """", ""zip"": """"}'}",4,16,189,Highbridge,2025120090,2000000,,
Initial,PC8755985,1,2170,16,658,WEST  188 STREET,10040,40.854287627311,-73.931997301727,Manhattan,2026-08-13T12:33:40.000,Failed for Rat Activity,"{'latitude': '40.854287627311', 'longitude': '-73.931997301727', 'human_address': '{""address"": """", ""city"": """", ""state"": """", ""zip"": """"}'}",12,10,279,Washington Heights (North),1021700016,1064039,1003062,250527
Treatments,PC8731166,2,2434,12,1134,COLLEGE AVENUE,10456,40.831036167979,-73.914383223056,Bronx,2026-08-13T12:40:45.000,Bait applied,"{'latitude': '40.831036167979', 'longitude': '-73.914383223056', 'human_address': '{""address"": """", ""city"": """", ""state"": """", ""zip"": """"}'}",4,16,175,Concourse-Concourse Village,2024340012,2002257,,
Initial,PC8757149,2,2512,26,122,WEST 165 STREET,10452,40.834273417232,-73.928151106942,Bronx,2026-08-13T12:40:58.000,Failed for Rat Activity,"{'latitude': '40.834273417232', 'longitude': '-73.928151106942', 'human_address': '{""address"": """", ""city"": """", ""state"": """", ""zip"": """"}'}",4,16,189,Highbridge,2025120026,2000000,,
Compliance,PC8746901,1,1562,40,412,EAST   83 STREET,10028,40.774691172622,-73.950275920878,Manhattan,2026-08-13T12:45:31.000,Failed for Rat Activity,"{'latitude': '40.774691172622', 'longitude': '-73.950275920878', 'human_address': '{""address"": """", ""city"": """", ""state"": """", ""zip"": """"}'}",8,5,13604,Upper East Side-Yorkville,1015620040,1050438,998022,221524
Compliance,PC8727985,4,894,101,20-45,SHORE BOULEVARD,11105,40.784870931446,-73.916295296975,Queens,2026-08-13T12:46:00.000,Failed for Rat Activity and Other Reason,"{'latitude': '40.784870931446', 'longitude': '-73.916295296975', 'human_address': '{""address"": """", ""city"": """", ""state"": """", ""zip"": """"}'}",1,22,105,Astoria (North)-Ditmars-Steinway,4008940101,4594766,1007430,225240
Compliance,PC8713369,2,3181,38,2187,MORRIS AVENUE,10453,40.85606480298,-73.903227660434,Bronx,2026-08-13T12:50:19.000,Failed for Rat Activity,"{'latitude': '40.85606480298', 'longitude': '-73.903227660434', 'human_address': '{""address"": """", ""city"": """", ""state"": """", ""zip"": """"}'}",5,14,239,Fordham Heights,2031810038,2013983,,
Compliance,PC8749367,1,2243,358,235,SEAMAN AVENUE,10034,40.871356713532,-73.918717060812,Manhattan,2026-08-13T12:50:37.000,Failed for Rat Activity and Other Reason,"{'latitude': '40.871356713532', 'longitude': '-73.918717060812', 'human_address': '{""address"": """", ""city"": """", ""state"": """", ""zip"": """"}'}",12,10,303,Inwood,1022430358,1065033,1006730,256749
Treatments,PC8262965,3,823,9,410,54 STREET,11220,40.643885343683,-74.014363209358,Brooklyn,2026-08-13T12:51:00.000,Bait applied,"{'latitude': '40.643885343683', 'longitude': '-74.014363209358', 'human_address': '{""address"": """", ""city"": """", ""state"": """", ""zip"": """"}'}",7,38,76,Sunset Park (West),3008230009,3014576,980264,173864
Initial,PC8755556,1,2180,13,500,FT WASHINGTON AVENUE,10033,40.851881092409,-73.937899005727,Manhattan,2026-08-13T12:52:12.000,Failed for Rat Activity,"{'latitude': '40.851881092409', 'longitude': '-73.937899005727', 'human_address': '{""address"": """", ""city"": """", ""state"": """", ""zip"": """"}'}",12,10,273,Washington Heights (North),1021800013,1064386,,
Initial,PC8756925,2,2512,27,1047,NELSON AVENUE,10452,40.833738145977,-73.928075798725,Bronx,2026-08-13T12:52:55.000,Failed for Rat Activity,"{'latitude': '40.833738145977', 'longitude': '-73.928075798725', 'human_address': '{""address"": """", ""city"": """", ""state"": """", ""zip"": """"}'}",4,16,189,Highbridge,2025120027,2003216,,
Initial,PC8753037,1,1940,3,2518,8 AVENUE,10030,40.816077714368,-73.946838033104,Manhattan,2026-08-13T12:54:40.000,Failed for Other Reason,"{'latitude': '40.816077714368', 'longitude': '-73.946838033104', 'human_address': '{""address"": """", ""city"": """", ""state"": """", ""zip"": """"}'}",10,9,228,Harlem (North),1019400003,1084051,998965,236603
Initial,PC8758289,3,1105,50,437,16 STREET,11215,40.660916098993,-73.981434055878,Brooklyn,2026-08-13T12:55:00.000,Failed for Rat Activity,"{'latitude': '40.660916098993', 'longitude': '-73.981434055878', 'human_address': '{""address"": """", ""city"": """", ""state"": """", ""zip"": """"}'}",7,39,169,Windsor Terrace-South Slope,3011050050,3026717,989401,180069
Initial,PC8766966,1,1563,32,444,East 84 street,10028,40.775107947249,-73.949297151342,Manhattan,2026-08-13T12:59:31.000,Failed for Rat Activity and Other Reason,"{'latitude': '40.775107947249', 'longitude': '-73.949297151342', 'human_address': '{""address"": """", ""city"": """", ""state"": """", ""zip"": """"}'}",8,5,13604,Upper East Side-Yorkville,1015630032,1050470,,
Initial,PC8760536,1,1933,20,245,WEST 129 STREET,10027,40.811867495684,-73.947314652445,Manhattan,2026-08-13T13:00:00.000,Failed for Rat Activity and Other Reason,"{'latitude': '40.811867495684', 'longitude': '-73.947314652445', 'human_address': '{""address"": """", ""city"": """", ""state"": """", ""zip"": """"}'}",10,9,224,Harlem (North),1019330020,1089330,,
Compliance,PC8728274,3,1778,8,977,BEDFORD AVENUE,11205,40.690621105716,-73.955343916526,Brooklyn,2026-08-13T13:01:44.000,Failed for Rat Activity,"{'latitude': '40.690621105716', 'longitude': '-73.955343916526', 'human_address': '{""address"": """", ""city"": """", ""state"": """", ""zip"": """"}'}",3,36,241,Bedford-Stuyvesant (West),3017780008,3049598,,
Treatments,PC8742532,3,1206,31,1236,PACIFIC STREET,11216,40.677702334211,-73.950799170819,Brooklyn,2026-08-13T13:02:19.000,Bait applied,"{'latitude': '40.677702334211', 'longitude': '-73.950799170819', 'human_address': '{""address"": """", ""city"": """", ""state"": """", ""zip"": """"}'}",8,36,315,Crown Heights (North),3012060031,3029996,,
Initial,PC8763303,3,1163,43,592,PROSPECT PLACE,11238,40.675165917691,-73.957019866347,Brooklyn,2026-08-13T13:06:26.000,Failed for Rat Activity and Other Reason,"{'latitude': '40.675165917691', 'longitude': '-73.957019866347', 'human_address': '{""address"": """", ""city"": """", ""state"": """", ""zip"": """"}'}",8,35,305,Crown Heights (North),3011630043,3029007,996172,185263
Compliance,PC8735638,2,3096,61,724,EAST 181 STREET,10457,40.848529790832,-73.887378038943,Bronx,2026-08-13T13:07:55.000,Failed for Rat Activity,"{'latitude': '40.848529790832', 'longitude': '-73.887378038943', 'human_address': '{""address"": """", ""city"": """", ""state"": """", ""zip"": """"}'}",6,15,371,Tremont,2030960061,2012701,,
Initial,PC8756964,2,2512,36,1021,NELSON AVENUE,10452,40.833282709197,-73.928379844828,Bronx,2026-08-13T13:08:23.000,Failed for Rat Activity,"{'latitude': '40.833282709197', 'longitude': '-73.928379844828', 'human_address': '{""address"": """", ""city"": """", ""state"": """", ""zip"": """"}'}",4,16,189,Highbridge,2025120036,2003218,,
Initial,PC8754183,1,619,7,516,HUDSON STREET,10014,40.733571542754,-74.006310886965,Manhattan,2026-08-13T13:10:16.000,Failed for Rat Activity,"{'latitude': '40.733571542754', 'longitude': '-74.006310886965', 'human_address': '{""address"": """", ""city"": """", ""state"": """", ""zip"": """"}'}",2,3,73,West Village,1006190007,1084957,982501,206539
Treatments,PC8357942,3,792,20,544,50 STREET,11220,40.644475994219,-74.009304098349,Brooklyn,2026-08-13T13:13:00.000,Bait applied,"{'latitude': '40.644475994219', 'longitude': '-74.009304098349', 'human_address': '{""address"": """", ""city"": """", ""state"": """", ""zip"": """"}'}",7,38,98,Sunset Park (Central),3007920020,3013316,981668,174079
Initial,PC8758230,1,1565,1,1646,1 AVENUE,10028,40.776606697508,-73.949555970737,Manhattan,2026-08-13T13:13:31.000,Failed for Rat Activity,"{'latitude': '40.776606697508', 'longitude': '-73.949555970737', 'human_address': '{""address"": """", ""city"": """", ""state"": """", ""zip"": """"}'}",8,5,14401,Upper East Side-Yorkville,1015650001,1050529,998221,222222
Initial,PC8756669,2,2512,37,1019,NELSON AVENUE,10452,40.833247041124,-73.928401565636,Bronx,2026-08-13T13:16:44.000,Failed for Rat Activity,"{'latitude': '40.833247041124', 'longitude': '-73.928401565636', 'human_address': '{""address"": """", ""city"": """", ""state"": """", ""zip"": """"}'}",4,16,189,Highbridge,2025120037,2003219,,
Treatments,PC8693958,3,1200,69,1235,PACIFIC STREET,11216,40.677782360062,-73.951804977258,Brooklyn,2026-08-13T13:17:33.000,Bait applied,"{'latitude': '40.677782360062', 'longitude': '-73.951804977258', 'human_address': '{""address"": """", ""city"": """", ""state"": """", ""zip"": """"}'}",8,36,315,Crown Heights (North),3012000069,3029780,,
Compliance,PC8735373,2,3096,62,726,EAST 181 STREET,10457,40.848505038644,-73.887327477388,Bronx,2026-08-13T13:21:00.000,Failed for Rat Activity and Other Reason,"{'latitude': '40.848505038644', 'longitude': '-73.887327477388', 'human_address': '{""address"": """", ""city"": """", ""state"": """", ""zip"": """"}'}",6,15,371,Tremont,2030960062,2012702,,
Compliance,PC8713351,2,3170,40,2191,CRESTON AVENUE,10453,40.855591987951,-73.902375227434,Bronx,2026-08-13T13:22:19.000,Failed for Other Reason,"{'latitude': '40.855591987951', 'longitude': '-73.902375227434', 'human_address': '{""address"": """", ""city"": """", ""state"": """", ""zip"": """"}'}",5,14,23704,Fordham Heights,2031700040,2013858,,
Compliance,PC8742336,3,1233,9,101,ROGERS AVENUE,11216,40.674134995563,-73.952871114487,Brooklyn,2026-08-13T13:22:32.000,Failed for Rat Activity,"{'latitude': '40.674134995563', 'longitude': '-73.952871114487', 'human_address': '{""address"": """", ""city"": """", ""state"": """", ""zip"": """"}'}",8,36,31701,Crown Heights (North),3012330009,3031192,,
Compliance,PC8751404,3,7066,23,3212,SURF AVENUE,11224,40.57275236701,-73.998340601879,Brooklyn,2026-08-13T13:26:12.000,Failed for Rat Activity,"{'latitude': '40.57275236701', 'longitude': '-73.998340601879', 'human_address': '{""address"": """", ""city"": """", ""state"": """", ""zip"": """"}'}",13,47,340,Coney Island-Sea Gate,3070660023,3000000,984711,147948
Compliance,PC8731537,3,1240,20,786,PARK PLACE,11216,40.673486719377,-73.951649472468,Brooklyn,2026-08-13T13:30:18.000,Failed for Rat Activity,"{'latitude': '40.673486719377', 'longitude': '-73.951649472468', 'human_address': '{""address"": """", ""city"": """", ""state"": """", ""zip"": """"}'}",8,36,31701,Crown Heights (North),3012400020,3000000,,
Compliance,PC8730078,3,1234,51,897,PARK PLACE,11216,40.673315013056,-73.948149131708,Brooklyn,2026-08-13T13:39:34.000,Failed for Rat Activity,"{'latitude': '40.673315013056', 'longitude': '-73.948149131708', 'human_address': '{""address"": """", ""city"": """", ""state"": """", ""zip"": """"}'}",8,36,31701,Crown Heights (North),3012340051,3031258,,
Treatments,PC8569854,3,802,1,5123,7 AVENUE,11220,40.64170120424,-74.006666097364,Brooklyn,2026-08-13T13:45:00.000,Bait applied,"{'latitude': '40.64170120424', 'longitude': '-74.006666097364', 'human_address': '{""address"": """", ""city"": """", ""state"": """", ""zip"": """"}'}",7,43,10801,Sunset Park (Central),3008020001,3013726,982400,173068
Compliance,PC8742292,3,1242,35,972,PARK PLACE,11213,40.673151824739,-73.945463532381,Brooklyn,2026-08-13T13:53:20.000,Failed for Rat Activity,"{'latitude': '40.673151824739', 'longitude': '-73.945463532381', 'human_address': '{""address"": """", ""city"": """", ""state"": """", ""zip"": """"}'}",8,36,341,Crown Heights (North),3012420035,3031599,,
Compliance,PC8738125,3,5268,10,184,SEELEY STREET,11218,40.654865498417,-73.975535982267,Brooklyn,2026-08-13T14:00:00.000,Failed for Other Reason,"{'latitude': '40.654865498417', 'longitude': '-73.975535982267', 'human_address': '{""address"": """", ""city"": """", ""state"": """", ""zip"": """"}'}",7,39,50202,Windsor Terrace-South Slope,3052680010,3122179,991038,177865
Initial,PC8750643,3,5265,28,648,19 STREET,11218,40.653090179519,-73.978282817855,Brooklyn,2026-08-13T14:30:00.000,Failed for Other Reason,"{'latitude': '40.653090179519', 'longitude': '-73.978282817855', 'human_address': '{""address"": """", ""city"": """", ""state"": """", ""zip"": """"}'}",7,39,1502,Windsor Terrace-South Slope,3052650028,3122117,990276,177218
Compliance,PC8702865,3,1179,96,41,EASTERN PARKWAY,11238,40.672866341622,-73.966942276667,Brooklyn,2026-08-13T14:34:58.000,Failed for Rat Activity,"{'latitude': '40.672866341622', 'longitude': '-73.966942276667', 'human_address': '{""address"": """", ""city"": """", ""state"": """", ""zip"": """"}'}",8,35,215,Prospect Heights,3011790096,3029636,,
Initial,PC8760146,1,859,26,30,EAST 30 STREET,10016,40.745117893068,-73.984532208396,Manhattan,2026-08-13T14:37:01.000,Failed for Rat Activity and Other Reason,"{'latitude': '40.745117893068', 'longitude': '-73.984532208396', 'human_address': '{""address"": """", ""city"": """", ""state"": """", ""zip"": """"}'}",5,2,74,Midtown South-Flatiron-Union Square,1008590026,1080777,,
Compliance,PC8740237,3,4604,52,599,UTICA AVENUE,11203,40.6590194907,-73.931151897325,Brooklyn,2026-08-13T15:21:12.000,Failed for Other Reason,"{'latitude': '40.6590194907', 'longitude': '-73.931151897325', 'human_address': '{""address"": """", ""city"": """", ""state"": """", ""zip"": """"}'}",17,41,878,East Flatbush-Rugby,3046040052,3398461,,
Initial,PC8762810,3,1865,36,54,HERKIMER STREET,11216,40.679722773049,-73.951464665809,Brooklyn,2026-08-13T23:32:16.000,Failed for Rat Activity,"{'latitude': '40.679722773049', 'longitude': '-73.951464665809', 'human_address': '{""address"": """", ""city"": """", ""state"": """", ""zip"": """"}'}",3,36,247,Bedford-Stuyvesant (West),3018650036,3053903,,
Initial,PC8763747,4,3468,6,683,ONDERDONK AVENUE,11385,40.703986749904,-73.907214648787,Queens,2026-08-14T07:53:07.000,Failed for Other Reason,"{'latitude': '40.703986749904', 'longitude': '-73.907214648787', 'human_address': '{""address"": """", ""city"": """", ""state"": """", ""zip"": """"}'}",5,34,549,Ridgewood,4034680006,4082924,,
Initial,PC8760368,1,2031,14,235,WEST 145 STREET,10039,40.822129370529,-73.940232038486,Manhattan,2026-08-14T08:00:00.000,Failed for Rat Activity,"{'latitude': '40.822129370529', 'longitude': '-73.940232038486', 'human_address': '{""address"": """", ""city"": """", ""state"": """", ""zip"": """"}'}",10,9,232,Harlem (North),1020310014,1060476,,
Initial,PC8766068,2,3211,1,2201,AQUEDUCT AVENUE,10453,40.857263270099,-73.908738817743,Bronx,2026-08-14T08:00:10.000,Failed for Rat Activity and Other Reason,"{'latitude': '40.857263270099', 'longitude': '-73.908738817743', 'human_address': '{""address"": """", ""city"": """", ""state"": """", ""zip"": """"}'}",5,14,251,University Heights (South)-Morris Heights,2032110001,2000000,,
Initial,PC8766071,2,2868,3,1810,UNIVERSITY AVENUE,10453,40.850779608273,-73.915116792038,Bronx,2026-08-14T08:00:10.000,Failed for Rat Activity and Other Reason,"{'latitude': '40.850779608273', 'longitude': '-73.915116792038', 'human_address': '{""address"": """", ""city"": """", ""state"": """", ""zip"": """"}'}",5,14,243,University Heights (South)-Morris Heights,2028680003,2000000,,
Initial,PC8766066,2,3212,71,000,WEST FORDHAM ROAD,,0.00000000000000000000,0.00000000000000000000,Bronx,2026-08-14T08:00:10.000,Failed for Rat Activity and Other Reason,"{'latitude': '0.0', 'longitude': '0.0', 'human_address': '{""address"": """", ""city"": """", ""state"": """", ""zip"": """"}'}",,,,,,,,
Initial,PC8766067,2,3212,67,000,WEST FORDHAM ROAD,,0.00000000000000000000,0.00000000000000000000,Bronx,2026-08-14T08:00:10.000,Failed for Rat Activity and Other Reason,"{'latitude': '0.0', 'longitude': '0.0', 'human_address': '{""address"": """", ""city"": """", ""state"": """", ""zip"": """"}'}",,,,,,,,
Initial,PC8766070,2,2868,5,000,UNIVERSITY AVENUE,,0.00000000000000000000,0.00000000000000000000,Bronx,2026-08-14T08:00:10.000,Failed for Rat Activity and Other Reason,"{'latitude': '0.0', 'longitude': '0.0', 'human_address': '{""address"": """", ""city"": """", ""state"": """", ""zip"": """"}'}",,,,,,,,
Initial,PC8766065,2,3212,1,000,AQUEDUCT AVENUE EAST,,0.00000000000000000000,0.00000000000000000000,Bronx,2026-08-14T08:00:10.000,Failed for Rat Activity and Other Reason,"{'latitude': '0.0', 'longitude': '0.0', 'human_address': '{""address"": """", ""city"": """", ""state"": """", ""zip"": """"}'}",,,,,,,,
Initial,PC8766069,2,3210,1,000,WEST BURNSIDE AVENUE,,0.00000000000000000000,0.00000000000000000000,Bronx,2026-08-14T08:00:10.000,Failed for Rat Activity and Other Reason,"{'latitude': '0.0', 'longitude': '0.0', 'human_address': '{""address"": """", ""city"": """", ""state"": """", ""zip"": """"}'}",,,,,,,,
Initial,PC8766086,1,1254,1,000,RIVERSIDE DRIVE,,0.00000000000000000000,0.00000000000000000000,Manhattan,2026-08-14T08:00:45.000,Failed for Rat Activity and Other Reason,"{'latitude': '0.0', 'longitude': '0.0', 'human_address': '{""address"": """", ""city"": """", ""state"": """", ""zip"": """"}'}",,,,,,,,
Initial,PC8766087,1,1254,10,000,HENRY HUDSON PARKWAY,,0.00000000000000000000,0.00000000000000000000,Manhattan,2026-08-14T08:00:56.000,Failed for Rat Activity,"{'latitude': '0.0', 'longitude': '0.0', 'human_address': '{""address"": """", ""city"": """", ""state"": """", ""zip"": """"}'}",,,,,,,,
Initial,PC8760096,1,2031,17,227,WEST 145 STREET,10039,40.822063413913,-73.940073121525,Manhattan,2026-08-14T08:05:00.000,Failed for Rat Activity,"{'latitude': '40.822063413913', 'longitude': '-73.940073121525', 'human_address': '{""address"": """", ""city"": """", ""state"": """", ""zip"": """"}'}",10,9,232,Harlem (North),1020310017,1060478,,
Initial,PC8763944,4,3468,1,689,ONDERDONK AVENUE,11385,40.703909791223,-73.907084916073,Queens,2026-08-14T08:06:23.000,Failed for Rat Activity and Other Reason,"{'latitude': '40.703909791223', 'longitude': '-73.907084916073', 'human_address': '{""address"": """", ""city"": """", ""state"": """", ""zip"": """"}'}",5,34,549,Ridgewood,4034680001,4082921,,
Initial,PC8756681,2,2392,66,1112,BROOK AVENUE,10456,40.829655301007,-73.910439047829,Bronx,2026-08-14T08:08:11.000,Failed for Other Reason,"{'latitude': '40.829655301007', 'longitude': '-73.910439047829', 'human_address': '{""address"": """", ""city"": """", ""state"": """", ""zip"": """"}'}",3,16,143,Concourse-Concourse Village,2023920066,2001632,,
Compliance,PC8748994,1,467,56,211,EAST 11 STREET,10003,40.73094706316,-73.987714282118,Manhattan,2026-08-14T08:11:31.000,Failed for Rat Activity and Other Reason,"{'latitude': '40.73094706316', 'longitude': '-73.987714282118', 'human_address': '{""address"": """", ""city"": """", ""state"": """", ""zip"": """"}'}",3,2,4002,East Village,1004670056,1006848,,
Initial,PC8756893,2,2392,56,1094,BROOK AVENUE,10456,40.82938376604,-73.910688746287,Bronx,2026-08-14T08:12:11.000,Failed for Rat Activity and Other Reason,"{'latitude': '40.82938376604', 'longitude': '-73.910688746287', 'human_address': '{""address"": """", ""city"": """", ""state"": """", ""zip"": """"}'}",3,16,143,Concourse-Concourse Village,2023920056,2000000,,
Initial,PC8760216,1,2031,20,219,WEST 145 STREET,10039,40.821997458966,-73.939917817975,Manhattan,2026-08-14T08:14:00.000,Failed for Rat Activity,"{'latitude': '40.821997458966', 'longitude': '-73.939917817975', 'human_address': '{""address"": """", ""city"": """", ""state"": """", ""zip"": """"}'}",10,9,232,Harlem (North),1020310020,1085371,,
Initial,PC8761165,1,1687,104,305,EAST 115 STREET,10029,40.796212325968,-73.938059488037,Manhattan,2026-08-14T08:15:00.000,Failed for Rat Activity,"{'latitude': '40.796212325968', 'longitude': '-73.938059488037', 'human_address': '{""address"": """", ""city"": """", ""state"": """", ""zip"": """"}'}",11,8,188,East Harlem (North),1016870104,1052934,,
Initial,PC8757184,2,2392,51,1088,BROOK AVENUE,10456,40.829293251455,-73.910768365159,Bronx,2026-08-14T08:17:11.000,Failed for Other Reason,"{'latitude': '40.829293251455', 'longitude': '-73.910768365159', 'human_address': '{""address"": """", ""city"": """", ""state"": """", ""zip"": """"}'}",3,16,143,Concourse-Concourse Village,2023920051,2001630,,
Initial,PC8761209,1,1687,5,309,EAST 115 STREET,10029,40.796160111391,-73.937940351056,Manhattan,2026-08-14T08:19:00.000,Failed for Rat Activity,"{'latitude': '40.796160111391', 'longitude': '-73.937940351056', 'human_address': '{""address"": """", ""city"": """", ""state"": """", ""zip"": """"}'}",11,8,188,East Harlem (North),1016870005,1052901,,
Initial,PC8757327,4,9846,11,86-47,164 STREET,11432,40.71064335364,-73.8000942244,Queens,2026-08-14T08:20:00.000,Failed for Other Reason,"{'latitude': '40.71064335364', 'longitude': '-73.8000942244', 'human_address': '{""address"": """", ""city"": """", ""state"": """", ""zip"": """"}'}",8,24,448,Jamaica Hills-Briarwood,4098460011,4210625,1039671,198249
Compliance,PC8748916,1,467,55,213,EAST 11 STREET,10003,40.730933336239,-73.987685419542,Manhattan,2026-08-14T08:21:41.000,Failed for Rat Activity,"{'latitude': '40.730933336239', 'longitude': '-73.987685419542', 'human_address': '{""address"": """", ""city"": """", ""state"": """", ""zip"": """"}'}",3,2,4002,East Village,1004670055,1006847,,
Initial,PC8761077,1,1687,8,313,EAST 115 STREET,10029,40.796094151427,-73.937781498607,Manhattan,2026-08-14T08:22:00.000,Failed for Rat Activity,"{'latitude': '40.796094151427', 'longitude': '-73.937781498607', 'human_address': '{""address"": """", ""city"": """", ""state"": """", ""zip"": """"}'}",11,8,188,East Harlem (North),1016870008,1052902,,
Initial,PC8757085,2,2392,42,1068,BROOK AVENUE,10456,40.828632200408,-73.911325727897,Bronx,2026-08-14T08:23:11.000,Failed for Other Reason,"{'latitude': '40.828632200408', 'longitude': '-73.911325727897', 'human_address': '{""address"": """", ""city"": """", ""state"": """", ""zip"": """"}'}",3,16,143,Concourse-Concourse Village,2023920042,2001628,,
Initial,PC8760354,1,2031,29,2500,ADAM C POWELL BLVD,10039,40.821736230621,-73.939011170944,Manhattan,2026-08-14T08:26:00.000,Failed for Rat Activity,"{'latitude': '40.821736230621', 'longitude': '-73.939011170944', 'human_address': '{""address"": """", ""city"": """", ""state"": """", ""zip"": """"}'}",10,9,232,Harlem (North),1020310029,1060482,,
Compliance,PC8748934,1,467,35,175,2 AVENUE,10003,40.730472060292,-73.986314421583,Manhattan,2026-08-14T08:27:05.000,Failed for Rat Activity,"{'latitude': '40.730472060292', 'longitude': '-73.986314421583', 'human_address': '{""address"": """", ""city"": """", ""state"": """", ""zip"": """"}'}",3,2,4002,East Village,1004670035,1006837,,
Initial,PC8756776,2,2392,41,1066,BROOK AVENUE,10456,40.828604766969,-73.911343831889,Bronx,2026-08-14T08:27:11.000,Failed for Other Reason,"{'latitude': '40.828604766969', 'longitude': '-73.911343831889', 'human_address': '{""address"": """", ""city"": """", ""state"": """", ""zip"": """"}'}",3,16,143,Concourse-Concourse Village,2023920041,2127471,,
Initial,PC8756981,2,2392,40,1064,BROOK AVENUE,10456,40.828577333526,-73.911361935867,Bronx,2026-08-14T08:29:00.000,Failed for Other Reason,"{'latitude': '40.828577333526', 'longitude': '-73.911361935867', 'human_address': '{""address"": """", ""city"": """", ""state"": """", ""zip"": """"}'}",3,16,143,Concourse-Concourse Village,2023920040,2000000,,
Initial,PC8761022,1,1687,19,337,EAST 115 STREET,10029,40.795651668623,-73.936723696859,Manhattan,2026-08-14T08:30:00.000,Failed for Rat Activity,"{'latitude': '40.795651668623', 'longitude': '-73.936723696859', 'human_address': '{""address"": """", ""city"": """", ""state"": """", ""zip"": """"}'}",11,8,188,East Harlem (North),1016870019,1052906,,
Initial,PC8757200,2,2392,38,1062,BROOK AVENUE,10456,40.82854990008,-73.91138003983,Bronx,2026-08-14T08:31:11.000,Failed for Other Reason,"{'latitude': '40.82854990008', 'longitude': '-73.91138003983', 'human_address': '{""address"": """", ""city"": """", ""state"": """", ""zip"": """"}'}",3,16,143,Concourse-Concourse Village,2023920038,2097871,,
Treatments,PC8728804,3,1614,7501,731B,GREENE AVENUE,11221,40.689822982467,-73.938818580988,Brooklyn,2026-08-14T08:31:18.000,Bait applied,"{'latitude': '40.689822982467', 'longitude': '-73.938818580988', 'human_address': '{""address"": """", ""city"": """", ""state"": """", ""zip"": """"}'}",3,36,279,Bedford-Stuyvesant (East),,,,
Initial,PC8756883,2,2392,35,PARK,AVENUE,10456,,,Bronx,2026-08-14T08:34:11.000,Failed for Rat Activity and Other Reason,,,,,,,,,
Initial,PC8761081,1,1687,22,341,EAST 115 STREET,10029,40.79563517624,-73.936680372665,Manhattan,2026-08-14T08:37:00.000,Failed for Rat Activity,"{'latitude': '40.79563517624', 'longitude': '-73.936680372665', 'human_address': '{""address"": """", ""city"": """", ""state"": """", ""zip"": """"}'}",11,8,188,East Harlem (North),1016870022,1052908,,
Compliance,PC8751038,3,3913,13,37,Highland Pl,11208,40.684385002084,-73.881912591091,Brooklyn,2026-08-14T08:38:20.000,Failed for Other Reason,"{'latitude': '40.684385002084', 'longitude': '-73.881912591091', 'human_address': '{""address"": """", ""city"": """", ""state"": """", ""zip"": """"}'}",5,37,1174,Cypress Hills,3039130013,3086728,,
Initial,PC8760198,1,2031,35,2512,ADAM C POWELL BLVD,10039,40.82201882943,-73.938804964338,Manhattan,2026-08-14T08:42:00.000,Failed for Rat Activity,"{'latitude': '40.82201882943', 'longitude': '-73.938804964338', 'human_address': '{""address"": """", ""city"": """", ""state"": """", ""zip"": """"}'}",10,9,232,Harlem (North),1020310035,1060485,,
Initial,PC8761295,1,1687,23,2239,1 AVENUE,10029,40.795412388492,-73.935846294526,Manhattan,2026-08-14T08:42:00.000,Failed for Rat Activity,"{'latitude': '40.795412388492', 'longitude': '-73.935846294526', 'human_address': '{""address"": """", ""city"": """", ""state"": """", ""zip"": """"}'}",11,8,188,East Harlem (North),1016870023,1052909,,
Initial,PC8763118,3,1757,8,954,MYRTLE AVENUE,11206,40.696025798957,-73.943439678063,Brooklyn,2026-08-14T08:44:19.000,Failed for Rat Activity,"{'latitude': '40.696025798957', 'longitude': '-73.943439678063', 'human_address': '{""address"": """", ""city"": """", ""state"": """", ""zip"": """"}'}",3,36,283,Bedford-Stuyvesant (East),3017570008,3000000,,
Initial,PC8760619,1,2031,37,2516,ADAM C POWELL BLVD,10039,40.822112114035,-73.938736229257,Manhattan,2026-08-14T08:45:00.000,Failed for Rat Activity,"{'latitude': '40.822112114035', 'longitude': '-73.938736229257', 'human_address': '{""address"": """", ""city"": """", ""state"": """", ""zip"": """"}'}",10,9,232,Harlem (North),1020310037,1060486,,
Initial,PC8763782,4,3468,55,1879,PALMETTO STREET,11385,40.704345428094,-73.90612492513,Queens,2026-08-14T08:45:34.000,Failed for Other Reason,"{'latitude': '40.704345428094', 'longitude': '-73.90612492513', 'human_address': '{""address"": """", ""city"": """", ""state"": """", ""zip"": """"}'}",5,34,549,Ridgewood,4034680055,4082950,,
Treatments,PC8733308,1,1602,33,71,EAST 96 STREET,10128,40.786807728158,-73.953159391974,Manhattan,2026-08-14T08:45:59.000,Bait applied,"{'latitude': '40.786807728158', 'longitude': '-73.953159391974', 'human_address': '{""address"": """", ""city"": """", ""state"": """", ""zip"": """"}'}",11,8,16002,East Harlem (South),1016020033,1051447,,
Initial,PC8760640,1,2031,44,218,WEST 146 STREET,10039,40.822730145678,-73.939613650373,Manhattan,2026-08-14T08:50:00.000,Failed for Rat Activity,"{'latitude': '40.822730145678', 'longitude': '-73.939613650373', 'human_address': '{""address"": """", ""city"": """", ""state"": """", ""zip"": """"}'}",10,9,232,Harlem (North),1020310044,1000000,,
Initial,PC8763445,3,3278,40,243,HARMAN STREET,11237,40.69886084531,-73.919901908705,Brooklyn,2026-08-14T08:50:23.000,Failed for Rat Activity,"{'latitude': '40.69886084531', 'longitude': '-73.919901908705', 'human_address': '{""address"": """", ""city"": """", ""state"": """", ""zip"": """"}'}",4,37,431,Bushwick (West),3032780040,3074793,,
Treatments,PC8690470,3,1267,21,436,EASTERN PARKWAY,11225,40.670040283927,-73.954092452624,Brooklyn,2026-08-14T08:50:36.000,Bait applied,"{'latitude': '40.670040283927', 'longitude': '-73.954092452624', 'human_address': '{""address"": """", ""city"": """", ""state"": """", ""zip"": """"}'}",9,35,323,Crown Heights (South),3012670021,3032890,,
Compliance,PC8750806,4,3546,52,55-46,MYRTLE AVENUE,11385,40.70003124736,-73.906863135315,Queens,2026-08-14T08:54:00.000,Failed for Other Reason,"{'latitude': '40.70003124736', 'longitude': '-73.906863135315', 'human_address': '{""address"": """", ""city"": """", ""state"": """", ""zip"": """"}'}",5,34,553,Ridgewood,4035460052,4085457,,
Compliance,PC8735200,4,9838,117,87-36,167 STREET,11432,40.710754392973,-73.796126132087,Queens,2026-08-14T08:55:00.000,Failed for Other Reason,"{'latitude': '40.710754392973', 'longitude': '-73.796126132087', 'human_address': '{""address"": """", ""city"": """", ""state"": """", ""zip"": """"}'}",8,24,454,Jamaica Hills-Briarwood,4098380117,4210470,1040771,198292
Initial,PC8763754,3,3278,38,247,HARMAN STREET,11237,40.698923929666,-73.919836917384,Brooklyn,2026-08-14T08:55:45.000,Failed for Rat Activity,"{'latitude': '40.698923929666', 'longitude': '-73.919836917384', 'human_address': '{""address"": """", ""city"": """", ""state"": """", ""zip"": """"}'}",4,37,431,Bushwick (West),3032780038,3074791,,
Initial,PC8761884,3,1757,116,968A,MYRTLE AVENUE,11206,40.696105048258,-73.942736392166,Brooklyn,2026-08-14T08:56:19.000,Failed for Rat Activity,"{'latitude': '40.696105048258', 'longitude': '-73.942736392166', 'human_address': '{""address"": """", ""city"": """", ""state"": """", ""zip"": """"}'}",3,36,283,Bedford-Stuyvesant (East),3017570116,3388858,,
Compliance,PC8747647,1,451,6,156,2 AVENUE,10003,40.72961027427,-73.986917146562,Manhattan,2026-08-14T08:56:52.000,Failed for Rat Activity,"{'latitude': '40.72961027427', 'longitude': '-73.986917146562', 'human_address': '{""address"": """", ""city"": """", ""state"": """", ""zip"": """"}'}",3,2,4001,East Village,1004510006,1006404,,
Treatments,PC8716764,2,3308,1,3034,GRAND CONCOURSE,10458,40.873772618393,-73.886897592001,Bronx,2026-08-14T08:57:00.000,Bait applied,"{'latitude': '40.873772618393', 'longitude': '-73.886897592001', 'human_address': '{""address"": """", ""city"": """", ""state"": """", ""zip"": """"}'}",7,14,413,Bedford Park,2033080001,2017235,1015529,257639
Initial,PC8763661,3,3278,37,249,HARMAN STREET,11237,40.698956846738,-73.919808026421,Brooklyn,2026-08-14T08:57:42.000,Failed for Rat Activity,"{'latitude': '40.698956846738', 'longitude': '-73.919808026421', 'human_address': '{""address"": """", ""city"": """", ""state"": """", ""zip"": """"}'}",4,37,431,Bushwick (West),3032780037,3074790,,
Initial,PC8763953,3,3278,36,251,HARMAN STREET,11237,40.698987016508,-73.919775532342,Brooklyn,2026-08-14T08:58:44.000,Failed for Rat Activity,"{'latitude': '40.698987016508', 'longitude': '-73.919775532342', 'human_address': '{""address"": """", ""city"": """", ""state"": """", ""zip"": """"}'}",4,37,431,Bushwick (West),3032780036,3074789,,
Initial,PC8762271,3,1757,18,974,MYRTLE AVENUE,11206,40.696129653772,-73.942541633473,Brooklyn,2026-08-14T08:59:19.000,Failed for Rat Activity,"{'latitude': '40.696129653772', 'longitude': '-73.942541633473', 'human_address': '{""address"": """", ""city"": """", ""state"": """", ""zip"": """"}'}",3,36,283,Bedford-Stuyvesant (East),3017570018,3048703,,
Treatments,PC8732705,1,1602,40,68,EAST 97 STREET,10029,40.787452531346,-73.952638921646,Manhattan,2026-08-14T09:00:00.000,Bait applied,"{'latitude': '40.787452531346', 'longitude': '-73.952638921646', 'human_address': '{""address"": """", ""city"": """", ""state"": """", ""zip"": """"}'}",11,8,16002,East Harlem (South),1016020040,1051449,,
Treatments,PC8642059,2,3357,225,400,EAST GUN HILL ROAD,10467,40.878617381706,-73.871527750243,Bronx,2026-08-14T09:00:31.000,Bait applied,"{'latitude': '40.878617381706', 'longitude': '-73.871527750243', 'human_address': '{""address"": """", ""city"": """", ""state"": """", ""zip"": """"}'}",7,11,42901,Norwood,2033570225,2092541,1019777,259410
Treatments,PC8689698,3,1268,9,464,EASTERN PARKWAY,11225,40.669973920662,-73.952888485365,Brooklyn,2026-08-14T09:00:42.000,Bait applied,"{'latitude': '40.669973920662', 'longitude': '-73.952888485365', 'human_address': '{""address"": """", ""city"": """", ""state"": """", ""zip"": """"}'}",9,35,321,Crown Heights (South),3012680009,3032894,,
Initial,PC8761253,1,1687,129,356,EAST 116 STREET,10029,40.79642278535,-73.936437636475,Manhattan,2026-08-14T09:01:00.000,Failed for Other Reason,"{'latitude': '40.79642278535', 'longitude': '-73.936437636475', 'human_address': '{""address"": """", ""city"": """", ""state"": """", ""zip"": """"}'}",11,8,188,East Harlem (North),1016870129,1052938,,
Compliance,PC8746521,4,11705,36,113-18,ROCKAWAY BOULEVARD,11420,40.677099255427,-73.825193784881,Queens,2026-08-14T09:01:09.000,Failed for Rat Activity and Other Reason,"{'latitude': '40.677099255427', 'longitude': '-73.825193784881', 'human_address': '{""address"": """", ""city"": """", ""state"": """", ""zip"": """"}'}",10,28,864,South Ozone Park,4117050036,4253244,,
Initial,PC8762961,3,1757,120,978A,MYRTLE AVENUE,11206,40.696148785729,-73.942379335642,Brooklyn,2026-08-14T09:03:19.000,Failed for Other Reason,"{'latitude': '40.696148785729', 'longitude': '-73.942379335642', 'human_address': '{""address"": """", ""city"": """", ""state"": """", ""zip"": """"}'}",3,36,283,Bedford-Stuyvesant (East),3017570120,3048739,,
Stoppage,PC8728383,1,2086,141,614,West 138 St,10031,40.822251091376,-73.954258024564,Manhattan,2026-08-14T09:04:00.000,Stoppage done,"{'latitude': '40.822251091376', 'longitude': '-73.954258024564', 'human_address': '{""address"": """", ""city"": """", ""state"": """", ""zip"": """"}'}",9,7,22301,Manhattanville-West Harlem,1020860141,1062285,,
Compliance,PC8748139,1,454,50,339,EAST 12 STREET,10003,40.730592652972,-73.984903621363,Manhattan,2026-08-14T09:08:53.000,Failed for Rat Activity,"{'latitude': '40.730592652972', 'longitude': '-73.984903621363', 'human_address': '{""address"": """", ""city"": """", ""state"": """", ""zip"": """"}'}",3,2,4001,East Village,1004540050,1006501,,
Treatments,PC8688820,3,1268,11,470,EASTERN PARKWAY,11225,40.669965629938,-73.952751507733,Brooklyn,2026-08-14T09:10:42.000,Bait applied,"{'latitude': '40.669965629938', 'longitude': '-73.952751507733', 'human_address': '{""address"": """", ""city"": """", ""state"": """", ""zip"": """"}'}",9,35,321,Crown Heights (South),3012680011,3032895,,
Treatments,PC8724319,1,1602,42,64,EAST   97 STREET,10029,40.787471762472,-73.952682242504,Manhattan,2026-08-14T09:10:49.000,Bait applied,"{'latitude': '40.787471762472', 'longitude': '-73.952682242504', 'human_address': '{""address"": """", ""city"": """", ""state"": """", ""zip"": """"}'}",11,8,16002,East Harlem (South),1016020042,1051450,997353,226180
Initial,PC8763948,3,3278,23,220,HIMROD STREET,11237,40.699347136371,-73.920572117259,Brooklyn,2026-08-14T09:11:21.000,Failed for Rat Activity,"{'latitude': '40.699347136371', 'longitude': '-73.920572117259', 'human_address': '{""address"": """", ""city"": """", ""state"": """", ""zip"": """"}'}",4,37,431,Bushwick (West),3032780023,3074782,,
Initial,PC8763849,3,3278,22,218,HIMROD STREET,11237,40.699308734561,-73.920608227416,Brooklyn,2026-08-14T09:13:23.000,Failed for Rat Activity,"{'latitude': '40.699308734561', 'longitude': '-73.920608227416', 'human_address': '{""address"": """", ""city"": """", ""state"": """", ""zip"": """"}'}",4,37,431,Bushwick (West),3032780022,3074781,,
Initial,PC8758618,2,2799,25,1786,TOPPING AVENUE,10457,40.846207703601,-73.905616728638,Bronx,2026-08-14T09:14:11.000,Failed for Other Reason,"{'latitude': '40.846207703601', 'longitude': '-73.905616728638', 'human_address': '{""address"": """", ""city"": """", ""state"": """", ""zip"": """"}'}",5,14,22901,Mount Hope,2027990025,2007500,,
Treatments,PC8700756,2,3275,57,2537,DECATUR AVENUE,10458,40.862065366857,-73.891577680731,Bronx,2026-08-14T09:15:31.000,Bait applied,"{'latitude': '40.862065366857', 'longitude': '-73.891577680731', 'human_address': '{""address"": """", ""city"": """", ""state"": """", ""zip"": """"}'}",7,15,39901,University Heights (North)-Fordham,2032750057,2016326,,
Treatments,PC8558788,1,2101,55,675,Riverside Drive,10031,40.826809268533,-73.952198877717,Manhattan,2026-08-14T09:16:07.000,Bait applied,"{'latitude': '40.826809268533', 'longitude': '-73.952198877717', 'human_address': '{""address"": """", ""city"": """", ""state"": """", ""zip"": """"}'}",9,7,229,Hamilton Heights-Sugar Hill,1021010055,1000000,,
Initial,PC8763515,3,3278,21,216,HIMROD STREET,11237,40.69927307751,-73.920644334252,Brooklyn,2026-08-14T09:16:36.000,Failed for Rat Activity,"{'latitude': '40.69927307751', 'longitude': '-73.920644334252', 'human_address': '{""address"": """", ""city"": """", ""state"": """", ""zip"": """"}'}",4,37,431,Bushwick (West),3032780021,3074780,,
Initial,PC8760384,1,2031,53,238,WEST 146 STREET,10039,40.823035191407,-73.940339616369,Manhattan,2026-08-14T09:17:00.000,Failed for Rat Activity,"{'latitude': '40.823035191407', 'longitude': '-73.940339616369', 'human_address': '{""address"": """", ""city"": """", ""state"": """", ""zip"": """"}'}",10,9,232,Harlem (North),1020310053,1060492,,
Initial,PC8763753,3,3278,20,214,HIMROD STREET,11237,40.699234675677,-73.920680444327,Brooklyn,2026-08-14T09:17:54.000,Failed for Rat Activity,"{'latitude': '40.699234675677', 'longitude': '-73.920680444327', 'human_address': '{""address"": """", ""city"": """", ""state"": """", ""zip"": """"}'}",4,37,431,Bushwick (West),3032780020,3074779,,
Treatments,PC8558789,1,2101,55,675,Riverside Drive,10031,40.826809268533,-73.952198877717,Manhattan,2026-08-14T09:19:07.000,Bait applied,"{'latitude': '40.826809268533', 'longitude': '-73.952198877717', 'human_address': '{""address"": """", ""city"": """", ""state"": """", ""zip"": """"}'}",9,7,229,Hamilton Heights-Sugar Hill,1021010055,1000000,,
Initial,PC8758452,2,2799,24,1780,TOPPING AVENUE,10457,40.846092433727,-73.905627736058,Bronx,2026-08-14T09:20:11.000,Failed for Other Reason,"{'latitude': '40.846092433727', 'longitude': '-73.905627736058', 'human_address': '{""address"": """", ""city"": """", ""state"": """", ""zip"": """"}'}",5,14,22901,Mount Hope,2027990024,2007499,,
Treatments,PC8732740,1,1602,44,60,EAST 97 STREET,10029,40.787559679159,-73.952888019361,Manhattan,2026-08-14T09:20:13.000,Bait applied,"{'latitude': '40.787559679159', 'longitude': '-73.952888019361', 'human_address': '{""address"": """", ""city"": """", ""state"": """", ""zip"": """"}'}",11,8,16002,East Harlem (South),1016020044,1051451,,
Treatments,PC8689437,3,1268,17,486,EASTERN PARKWAY,11225,40.669949013589,-73.952394641543,Brooklyn,2026-08-14T09:20:42.000,Bait applied,"{'latitude': '40.669949013589', 'longitude': '-73.952394641543', 'human_address': '{""address"": """", ""city"": """", ""state"": """", ""zip"": """"}'}",9,35,321,Crown Heights (South),3012680017,3032898,,
Initial,PC8760097,1,2031,54,250,WEST 146 STREET,10039,40.823106644615,-73.940512983621,Manhattan,2026-08-14T09:21:00.000,Failed for Rat Activity,"{'latitude': '40.823106644615', 'longitude': '-73.940512983621', 'human_address': '{""address"": """", ""city"": """", ""state"": """", ""zip"": """"}'}",10,9,232,Harlem (North),1020310054,1060493,,
Initial,PC8764023,3,3278,18,210,HIMROD STREET,11237,40.69916061924,-73.920756267489,Brooklyn,2026-08-14T09:22:46.000,Failed for Rat Activity,"{'latitude': '40.69916061924', 'longitude': '-73.920756267489', 'human_address': '{""address"": """", ""city"": """", ""state"": """", ""zip"": """"}'}",4,37,431,Bushwick (West),3032780018,3074777,,
Compliance,PC8748136,1,454,23,326,EAST 13 STREET,10003,40.731306258881,-73.984654496039,Manhattan,2026-08-14T09:24:00.000,Failed for Rat Activity,"{'latitude': '40.731306258881', 'longitude': '-73.984654496039', 'human_address': '{""address"": """", ""city"": """", ""state"": """", ""zip"": """"}'}",3,2,4001,East Village,1004540023,1006482,,
Treatments,PC8558784,1,2092,26,3543,Broadway,10031,40.826569692997,-73.950352630669,Manhattan,2026-08-14T09:25:07.000,Bait applied,"{'latitude': '40.826569692997', 'longitude': '-73.950352630669', 'human_address': '{""address"": """", ""city"": """", ""state"": """", ""zip"": """"}'}",9,7,229,Hamilton Heights-Sugar Hill,1020920026,1062380,,
Initial,PC8763636,3,3278,17,208,HIMROD STREET,11237,40.699122217371,-73.920792377438,Brooklyn,2026-08-14T09:25:52.000,Failed for Rat Activity,"{'latitude': '40.699122217371', 'longitude': '-73.920792377438', 'human_address': '{""address"": """", ""city"": """", ""state"": """", ""zip"": """"}'}",4,37,431,Bushwick (West),3032780017,3074776,,
Treatments,PC8622018,2,3275,46,2567,DECATUR AVENUE,10458,40.862627488801,-73.890998310362,Bronx,2026-08-14T09:26:06.000,Bait applied,"{'latitude': '40.862627488801', 'longitude': '-73.890998310362', 'human_address': '{""address"": """", ""city"": """", ""state"": """", ""zip"": """"}'}",7,15,39901,University Heights (North)-Fordham,2032750046,2016320,1014400,253577
Treatments,PC8735914,1,2157,28,555,WEST  184 STREET,10033,40.850699953932,-73.931480472367,Manhattan,2026-08-14T09:27:18.000,Bait applied,"{'latitude': '40.850699953932', 'longitude': '-73.931480472367', 'human_address': '{""address"": """", ""city"": """", ""state"": """", ""zip"": """"}'}",12,10,269,Washington Heights (North),1021570028,1063775,1003206,249220
Treatments,PC8558785,1,2092,26,3543,Broadway,10031,40.826569692997,-73.950352630669,Manhattan,2026-08-14T09:28:07.000,Bait applied,"{'latitude': '40.826569692997', 'longitude': '-73.950352630669', 'human_address': '{""address"": """", ""city"": """", ""state"": """", ""zip"": """"}'}",9,7,229,Hamilton Heights-Sugar Hill,1020920026,1062380,,
Treatments,PC8554035,1,2077,36,1734,Amsterdam Ave,10031,40.82574213954,-73.947242198366,Manhattan,2026-08-14T09:28:07.000,Bait applied,"{'latitude': '40.82574213954', 'longitude': '-73.947242198366', 'human_address': '{""address"": """", ""city"": """", ""state"": """", ""zip"": """"}'}",9,7,229,Hamilton Heights-Sugar Hill,1020770036,1061946,,
Compliance,PC8747976,1,454,22,324,EAST 13 STREET,10003,40.731322731811,-73.984686965678,Manhattan,2026-08-14T09:28:48.000,Failed for Rat Activity,"{'latitude': '40.731322731811', 'longitude': '-73.984686965678', 'human_address': '{""address"": """", ""city"": """", ""state"": """", ""zip"": """"}'}",3,2,4001,East Village,1004540022,1006481,,
Treatments,PC8733311,1,1602,7501,65,EAST 96 STREET,10128,40.786843443781,-73.953242423929,Manhattan,2026-08-14T09:30:27.000,Bait applied,"{'latitude': '40.786843443781', 'longitude': '-73.953242423929', 'human_address': '{""address"": """", ""city"": """", ""state"": """", ""zip"": """"}'}",11,8,16002,East Harlem (South),1016027501,1051446,,
Initial,PC8762663,3,1757,50,251,VERNON AVENUE,11206,40.695492411338,-73.941640631016,Brooklyn,2026-08-14T09:30:52.000,Failed for Rat Activity,"{'latitude': '40.695492411338', 'longitude': '-73.941640631016', 'human_address': '{""address"": """", ""city"": """", ""state"": """", ""zip"": """"}'}",3,36,283,Bedford-Stuyvesant (East),3017570050,3048719,,
Treatments,PC8554036,1,2077,36,1734,Amsterdam Ave,10031,40.82574213954,-73.947242198366,Manhattan,2026-08-14T09:31:07.000,Bait applied,"{'latitude': '40.82574213954', 'longitude': '-73.947242198366', 'human_address': '{""address"": """", ""city"": """", ""state"": """", ""zip"": """"}'}",9,7,229,Hamilton Heights-Sugar Hill,1020770036,1061946,,
Treatments,PC8558786,1,2092,26,3543,Broadway,10031,40.826569692997,-73.950352630669,Manhattan,2026-08-14T09:31:07.000,Bait applied,"{'latitude': '40.826569692997', 'longitude': '-73.950352630669', 'human_address': '{""address"": """", ""city"": """", ""state"": """", ""zip"": """"}'}",9,7,229,Hamilton Heights-Sugar Hill,1020920026,1062380,,
Initial,PC8765540,3,3783,7501,330,HINSDALE STREET,11207,40.666832364324,-73.899404766662,Brooklyn,2026-08-14T09:32:20.000,Failed for Other Reason,"{'latitude': '40.666832364324', 'longitude': '-73.899404766662', 'human_address': '{""address"": """", ""city"": """", ""state"": """", ""zip"": """"}'}",5,42,1134,East New York (North),3037837501,3084436,1012157,182240
Compliance,PC8744020,1,455,48,335,EAST   13 STREET,10003,40.731265067519,-73.984506571096,Manhattan,2026-08-14T09:33:00.000,Failed for Rat Activity,"{'latitude': '40.731265067519', 'longitude': '-73.984506571096', 'human_address': '{""address"": """", ""city"": """", ""state"": """", ""zip"": """"}'}",3,2,4001,East Village,1004550048,1006532,988544,205699
Initial,PC8766082,1,1897,1,345A,RIVERSIDE DRIVE,10025,40.802708133104,-73.96970938859,Manhattan,2026-08-14T09:33:16.000,Failed for Rat Activity and Other Reason,"{'latitude': '40.802708133104', 'longitude': '-73.96970938859', 'human_address': '{""address"": """", ""city"": """", ""state"": """", ""zip"": """"}'}",7,7,195,Upper West Side-Manhattan Valley,1018970001,1057389,,
Initial,PC8766085,1,1897,19,000,RIVERSIDE DRIVE,,0.00000000000000000000,0.00000000000000000000,Manhattan,2026-08-14T09:33:32.000,Failed for Rat Activity,"{'latitude': '0.0', 'longitude': '0.0', 'human_address': '{""address"": """", ""city"": """", ""state"": """", ""zip"": """"}'}",,,,,,,,
Initial,PC8751932,3,2777,7,306,GRAHAM AVENUE,11211,40.712903724833,-73.944107054312,Brooklyn,2026-08-14T09:34:00.000,Failed for Rat Activity,"{'latitude': '40.712903724833', 'longitude': '-73.944107054312', 'human_address': '{""address"": """", ""city"": """", ""state"": """", ""zip"": """"}'}",1,34,495,East Williamsburg,3027770007,3338172,,
Initial,PC8763722,3,3275,92,47,HARMAN STREET,11221,40.694889073957,-73.923804982349,Brooklyn,2026-08-14T09:35:32.000,Failed for Rat Activity,"{'latitude': '40.694889073957', 'longitude': '-73.923804982349', 'human_address': '{""address"": """", ""city"": """", ""state"": """", ""zip"": """"}'}",4,37,421,Bushwick (West),3032750092,3074755,,
Initial,PC8758411,2,2799,17,1762,TOPPING AVENUE,10457,40.845741134625,-73.905660765903,Bronx,2026-08-14T09:37:00.000,Failed for Other Reason,"{'latitude': '40.845741134625', 'longitude': '-73.905660765903', 'human_address': '{""address"": """", ""city"": """", ""state"": """", ""zip"": """"}'}",5,14,22901,Mount Hope,2027990017,2007492,,
Treatments,PC8716731,2,3276,4,2600,DECATUR AVENUE,10458,40.863022324114,-73.890571051001,Bronx,2026-08-14T09:37:01.000,Bait applied,"{'latitude': '40.863022324114', 'longitude': '-73.890571051001', 'human_address': '{""address"": """", ""city"": """", ""state"": """", ""zip"": """"}'}",7,15,397,Belmont,2032760004,2016335,,
Initial,PC8758561,2,2799,16,1760,TOPPING AVENUE,10457,40.845702711331,-73.905664434996,Bronx,2026-08-14T09:40:00.000,Failed for Other Reason,"{'latitude': '40.845702711331', 'longitude': '-73.905664434996', 'human_address': '{""address"": """", ""city"": """", ""state"": """", ""zip"": """"}'}",5,14,22901,Mount Hope,2027990016,2007491,,
Treatments,PC8715730,1,1603,39,50,EAST 98 STREET,10029,40.788273210402,-73.95263472434,Manhattan,2026-08-14T09:40:01.000,Bait applied,"{'latitude': '40.788273210402', 'longitude': '-73.95263472434', 'human_address': '{""address"": """", ""city"": """", ""state"": """", ""zip"": """"}'}",11,8,16002,East Harlem (South),1016030039,1051470,,
Treatments,PC8482634,3,1268,31,518,EASTERN PARKWAY,11225,40.669896431464,-73.951367303948,Brooklyn,2026-08-14T09:40:42.000,Bait applied,"{'latitude': '40.669896431464', 'longitude': '-73.951367303948', 'human_address': '{""address"": """", ""city"": """", ""state"": """", ""zip"": """"}'}",9,35,321,Crown Heights (South),3012680031,3032903,,
Treatments,PC8624625,1,2180,87,4261,BROADWAY,10033,40.850255008394,-73.935713673729,Manhattan,2026-08-14T09:42:39.000,Bait applied,"{'latitude': '40.850255008394', 'longitude': '-73.935713673729', 'human_address': '{""address"": """", ""city"": """", ""state"": """", ""zip"": """"}'}",12,10,271,Washington Heights (North),1021800087,1000000,,
Initial,PC8763197,3,1757,60,235A,VERNON AVENUE,11206,40.695432294977,-73.942170796967,Brooklyn,2026-08-14T09:42:52.000,Failed for Other Reason,"{'latitude': '40.695432294977', 'longitude': '-73.942170796967', 'human_address': '{""address"": """", ""city"": """", ""state"": """", ""zip"": """"}'}",3,36,283,Bedford-Stuyvesant (East),3017570060,3048727,,
Stoppage,PC8751699,2,2472,8,1066,Walton Avenue,10452,40.831815174863,-73.921363755783,Bronx,2026-08-14T09:43:00.000,Stoppage done,"{'latitude': '40.831815174863', 'longitude': '-73.921363755783', 'human_address': '{""address"": """", ""city"": """", ""state"": """", ""zip"": """"}'}",4,16,195,Concourse-Concourse Village,2024720008,2002886,,
Treatments,PC8558790,1,2101,55,675,Riverside Drive,10031,40.826809268533,-73.952198877717,Manhattan,2026-08-14T09:44:07.000,Bait applied,"{'latitude': '40.826809268533', 'longitude': '-73.952198877717', 'human_address': '{""address"": """", ""city"": """", ""state"": """", ""zip"": """"}'}",9,7,229,Hamilton Heights-Sugar Hill,1021010055,1000000,,
Initial,PC8763800,3,3283,35,920,BUSHWICK AVENUE,11221,40.693006556847,-73.924405751341,Brooklyn,2026-08-14T09:44:22.000,Failed for Rat Activity,"{'latitude': '40.693006556847', 'longitude': '-73.924405751341', 'human_address': '{""address"": """", ""city"": """", ""state"": """", ""zip"": """"}'}",4,37,395,Bushwick (East),3032830035,3074965,,
Compliance,PC8743522,1,1925,29,1980,ADAM C POWELL BLVD,10026,40.805314675231,-73.951004290736,Manhattan,2026-08-14T09:44:47.000,Failed for Rat Activity,"{'latitude': '40.805314675231', 'longitude': '-73.951004290736', 'human_address': '{""address"": """", ""city"": """", ""state"": """", ""zip"": """"}'}",10,9,220,Harlem (South),1019250029,1058448,,
Initial,PC8762216,3,1604,8,1086,DEKALB AVENUE,11221,40.693710578695,-73.930910388202,Brooklyn,2026-08-14T09:46:01.000,Failed for Rat Activity,"{'latitude': '40.693710578695', 'longitude': '-73.930910388202', 'human_address': '{""address"": """", ""city"": """", ""state"": """", ""zip"": """"}'}",3,36,289,Bedford-Stuyvesant (East),3016040008,3043294,,
Treatments,PC8741554,2,2783,87,307,EAST 169 STREET,10456,40.834917997018,-73.911769043082,Bronx,2026-08-14T09:47:00.000,Bait applied,"{'latitude': '40.834917997018', 'longitude': '-73.911769043082', 'human_address': '{""address"": """", ""city"": """", ""state"": """", ""zip"": """"}'}",4,16,17702,Mount Eden-Claremont (West),2027830087,2007223,,
Initial,PC8761339,1,407,52,517,EAST   13 STREET,10009,40.729359500053,-73.979982515985,Manhattan,2026-08-14T09:47:33.000,Failed for Rat Activity,"{'latitude': '40.729359500053', 'longitude': '-73.979982515985', 'human_address': '{""address"": """", ""city"": """", ""state"": """", ""zip"": """"}'}",3,2,34,East Village,1004070052,1005260,989798,205005
Stoppage,PC8726412,2,2486,30,1015,GERARD AVENUE,10452,40.830767813144,-73.923030856826,Bronx,2026-08-14T09:48:00.000,Stoppage done,"{'latitude': '40.830767813144', 'longitude': '-73.923030856826', 'human_address': '{""address"": """", ""city"": """", ""state"": """", ""zip"": """"}'}",4,16,195,Concourse-Concourse Village,2024860030,2002994,,
Treatments,PC8595679,2,3276,44,344,EAST 194 STREET,10458,40.863911979789,-73.89095281225,Bronx,2026-08-14T09:48:37.000,Bait applied,"{'latitude': '40.863911979789', 'longitude': '-73.89095281225', 'human_address': '{""address"": """", ""city"": """", ""state"": """", ""zip"": """"}'}",7,15,39901,University Heights (North)-Fordham,2032760044,2016350,,
Treatments,PC8627692,3,1228,3,169,NEW YORK AVENUE,11216,40.674393313616,-73.947279468376,Brooklyn,2026-08-14T09:49:00.000,Bait applied,"{'latitude': '40.674393313616', 'longitude': '-73.947279468376', 'human_address': '{""address"": """", ""city"": """", ""state"": """", ""zip"": """"}'}",8,36,341,Crown Heights (North),3012280003,3031027,,
Initial,PC8761185,1,1687,42,318,EAST 116 STREET,10029,40.796689374081,-73.937069431649,Manhattan,2026-08-14T09:49:00.000,Failed for Rat Activity,"{'latitude': '40.796689374081', 'longitude': '-73.937069431649', 'human_address': '{""address"": """", ""city"": """", ""state"": """", ""zip"": """"}'}",11,8,188,East Harlem (North),1016870042,1052925,,
Compliance,PC8734787,3,2787,24,670,GRAND STREET,11211,40.711444338729,-73.945839681782,Brooklyn,2026-08-14T09:50:00.000,Failed for Rat Activity and Other Reason,"{'latitude': '40.711444338729', 'longitude': '-73.945839681782', 'human_address': '{""address"": """", ""city"": """", ""state"": """", ""zip"": """"}'}",1,34,503,East Williamsburg,3027870024,3069572,,
Treatments,PC8588457,1,1625,71,1265,PARK AVENUE,10029,40.787625083789,-73.951757659705,Manhattan,2026-08-14T09:50:31.000,Bait applied,"{'latitude': '40.787625083789', 'longitude': '-73.951757659705', 'human_address': '{""address"": """", ""city"": """", ""state"": """", ""zip"": """"}'}",11,8,15802,East Harlem (South),1016250071,1078908,,
Treatments,PC8482779,3,1268,32,520,EASTERN PARKWAY,11225,40.669893669853,-73.95132765289,Brooklyn,2026-08-14T09:50:42.000,Bait applied,"{'latitude': '40.669893669853', 'longitude': '-73.95132765289', 'human_address': '{""address"": """", ""city"": """", ""state"": """", ""zip"": """"}'}",9,35,321,Crown Heights (South),3012680032,3032904,,
Compliance,PC8743437,1,1925,36,1990,ADAM C POWELL BLVD,10026,40.805484797029,-73.950881350329,Manhattan,2026-08-14T09:50:47.000,Failed for Other Reason,"{'latitude': '40.805484797029', 'longitude': '-73.950881350329', 'human_address': '{""address"": """", ""city"": """", ""state"": """", ""zip"": """"}'}",10,9,220,Harlem (South),1019250036,1058449,,
Treatments,PC8738496,1,2122,21,543,WEST 162 STREET,10032,40.836556168456,-73.941089975682,Manhattan,2026-08-14T09:51:01.000,Bait applied,"{'latitude': '40.836556168456', 'longitude': '-73.941089975682', 'human_address': '{""address"": """", ""city"": """", ""state"": """", ""zip"": """"}'}",12,10,245,Washington Heights (South),1021220021,1062921,,
Initial,PC8762677,3,1757,69,221,VERNON AVENUE,11206,40.695377631443,-73.942632439285,Brooklyn,2026-08-14T09:52:52.000,Failed for Rat Activity,"{'latitude': '40.695377631443', 'longitude': '-73.942632439285', 'human_address': '{""address"": """", ""city"": """", ""state"": """", ""zip"": """"}'}",3,36,283,Bedford-Stuyvesant (East),3017570069,3048736,,
Treatments,PC8557894,1,2076,18,537,West 144 St,10031,40.825032139322,-73.94921199141,Manhattan,2026-08-14T09:54:07.000,Bait applied,"{'latitude': '40.825032139322', 'longitude': '-73.94921199141', 'human_address': '{""address"": """", ""city"": """", ""state"": """", ""zip"": """"}'}",9,7,229,Hamilton Heights-Sugar Hill,1020760018,1061904,,
Initial,PC8761120,1,1687,45,310,EAST 116 STREET,10029,40.796747086957,-73.937203010574,Manhattan,2026-08-14T09:55:00.000,Failed for Rat Activity,"{'latitude': '40.796747086957', 'longitude': '-73.937203010574', 'human_address': '{""address"": """", ""city"": """", ""state"": """", ""zip"": """"}'}",11,8,188,East Harlem (North),1016870045,1052928,,
Compliance,PC8696638,1,1926,29,2006,ADAM C POWELL BLVD,10027,40.805932049572,-73.95055230686,Manhattan,2026-08-14T09:56:00.000,Failed for Rat Activity,"{'latitude': '40.805932049572', 'longitude': '-73.95055230686', 'human_address': '{""address"": """", ""city"": """", ""state"": """", ""zip"": """"}'}",10,9,220,Harlem (South),1019260029,1079501,,
Treatments,PC8741618,2,2783,86,309,EAST 169 STREET,10456,40.834906998643,-73.911743761111,Bronx,2026-08-14T09:57:00.000,Bait applied,"{'latitude': '40.834906998643', 'longitude': '-73.911743761111', 'human_address': '{""address"": """", ""city"": """", ""state"": """", ""zip"": """"}'}",4,16,17702,Mount Eden-Claremont (West),2027830086,2007222,,
Treatments,PC8557895,1,2076,18,537,West 144 St,10031,40.825032139322,-73.94921199141,Manhattan,2026-08-14T09:57:07.000,Bait applied,"{'latitude': '40.825032139322', 'longitude': '-73.94921199141', 'human_address': '{""address"": """", ""city"": """", ""state"": """", ""zip"": """"}'}",9,7,229,Hamilton Heights-Sugar Hill,1020760018,1061904,,
Treatments,PC8442223,3,1622,34,984,GREENE AVENUE,11221,40.690980845394,-73.928580164752,Brooklyn,2026-08-14T09:57:43.000,Bait applied,"{'latitude': '40.690980845394', 'longitude': '-73.928580164752', 'human_address': '{""address"": """", ""city"": """", ""state"": """", ""zip"": """"}'}",3,36,387,Bedford-Stuyvesant (East),3016220034,3325000,,
Initial,PC8764113,1,396,7,600,EAST   14 STREET,10009,40.729386576618,-73.977958388617,Manhattan,2026-08-14T09:57:45.000,Failed for Rat Activity,"{'latitude': '40.729386576618', 'longitude': '-73.977958388617', 'human_address': '{""address"": """", ""city"": """", ""state"": """", ""zip"": """"}'}",3,2,28,East Village,1003960007,1004934,990359,205015
Initial,PC8763890,3,3283,51,1059,GREENE AVENUE,11221,40.691999663472,-73.925074012113,Brooklyn,2026-08-14T09:57:50.000,Failed for Rat Activity,"{'latitude': '40.691999663472', 'longitude': '-73.925074012113', 'human_address': '{""address"": """", ""city"": """", ""state"": """", ""zip"": """"}'}",4,37,395,Bushwick (East),3032830051,3074972,,
Treatments,PC8726026,1,2180,85,731,WEST  183 STREET,10033,40.851987769689,-73.93722295076,Manhattan,2026-08-14T09:58:29.000,Bait applied,"{'latitude': '40.851987769689', 'longitude': '-73.93722295076', 'human_address': '{""address"": """", ""city"": """", ""state"": """", ""zip"": """"}'}",12,10,273,Washington Heights (North),1021800085,1064410,1001617,249688
Initial,PC8763898,3,3283,52,1057A,GREENE AVENUE,11221,40.69195303062,-73.925117336998,Brooklyn,2026-08-14T09:58:50.000,Failed for Rat Activity,"{'latitude': '40.69195303062', 'longitude': '-73.925117336998', 'human_address': '{""address"": """", ""city"": """", ""state"": """", ""zip"": """"}'}",4,37,395,Bushwick (East),3032830052,3074973,,
Compliance,PC8722579,1,1303,46,142,EAST   49 STREET,10017,40.755696680244,-73.97244518255,Manhattan,2026-08-14T09:59:46.000,Failed for Other Reason,"{'latitude': '40.755696680244', 'longitude': '-73.97244518255', 'human_address': '{""address"": """", ""city"": """", ""state"": """", ""zip"": """"}'}",6,4,92,East Midtown-Turtle Bay,1013030046,1036231,991884,214601
Initial,PC8762225,3,1604,15,1102,DEKALB AVENUE,11221,40.693770645181,-73.930383831926,Brooklyn,2026-08-14T10:00:07.000,Failed for Rat Activity,"{'latitude': '40.693770645181', 'longitude': '-73.930383831926', 'human_address': '{""address"": """", ""city"": """", ""state"": """", ""zip"": """"}'}",3,36,289,Bedford-Stuyvesant (East),3016040015,3043300,,
Treatments,PC8695627,2,2432,41,314,EAST 165 STREET,10456,40.828755637029,-73.914852305986,Bronx,2026-08-14T10:00:36.000,Bait applied,"{'latitude': '40.828755637029', 'longitude': '-73.914852305986', 'human_address': '{""address"": """", ""city"": """", ""state"": """", ""zip"": """"}'}",4,16,173,Concourse-Concourse Village,2024320041,2002190,,
Treatments,PC8689862,3,1268,34,524,EASTERN PARKWAY,11225,40.6698908883,-73.951241139123,Brooklyn,2026-08-14T10:00:42.000,Bait applied,"{'latitude': '40.6698908883', 'longitude': '-73.951241139123', 'human_address': '{""address"": """", ""city"": """", ""state"": """", ""zip"": """"}'}",9,35,321,Crown Heights (South),3012680034,3032906,,
Treatments,PC8700599,2,3275,30,2578,MARION AVENUE,10458,40.863443516081,-73.891889961478,Bronx,2026-08-14T10:00:52.000,Bait applied,"{'latitude': '40.863443516081', 'longitude': '-73.891889961478', 'human_address': '{""address"": """", ""city"": """", ""state"": """", ""zip"": """"}'}",7,15,39901,University Heights (North)-Fordham,2032750030,2016314,,
Stoppage,PC8749876,2,2444,1,231,EAST 161 STREET,10451,40.8260694788,-73.91998305737,Bronx,2026-08-14T10:01:00.000,Stoppage done,"{'latitude': '40.8260694788', 'longitude': '-73.91998305737', 'human_address': '{""address"": """", ""city"": """", ""state"": """", ""zip"": """"}'}",4,16,18302,Concourse-Concourse Village,2024440001,2097114,,
Initial,PC8761057,1,1687,149,304,EAST 116 STREET,10029,40.796942214025,-73.937661515764,Manhattan,2026-08-14T10:01:00.000,Failed for Rat Activity,"{'latitude': '40.796942214025', 'longitude': '-73.937661515764', 'human_address': '{""address"": """", ""city"": """", ""state"": """", ""zip"": """"}'}",11,8,188,East Harlem (North),1016870149,1052944,,
Initial,PC8761695,3,1604,17,1106,DEKALB AVENUE,11221,40.693784290135,-73.93025399721,Brooklyn,2026-08-14T10:01:44.000,Failed for Rat Activity,"{'latitude': '40.693784290135', 'longitude': '-73.93025399721', 'human_address': '{""address"": """", ""city"": """", ""state"": """", ""zip"": """"}'}",3,36,289,Bedford-Stuyvesant (East),3016040017,3043302,,
Compliance,PC8746426,1,1665,48,2121,3 AVENUE,10029,40.797788905447,-73.940120340716,Manhattan,2026-08-14T10:04:59.000,Failed for Rat Activity,"{'latitude': '40.797788905447', 'longitude': '-73.940120340716', 'human_address': '{""address"": """", ""city"": """", ""state"": """", ""zip"": """"}'}",11,8,188,East Harlem (North),1016650048,1076374,,
Treatments,PC8486186,3,1227,16,720,ST MARKS AVENUE,11216,40.675146253141,-73.949207604973,Brooklyn,2026-08-14T10:05:00.000,Bait applied,"{'latitude': '40.675146253141', 'longitude': '-73.949207604973', 'human_address': '{""address"": """", ""city"": """", ""state"": """", ""zip"": """"}'}",8,36,31701,Crown Heights (North),3012270016,3030997,,
Treatments,PC8727184,1,2122,11,527,WEST 162 STREET,10032,40.836435251434,-73.940800972429,Manhattan,2026-08-14T10:05:32.000,Bait applied,"{'latitude': '40.836435251434', 'longitude': '-73.940800972429', 'human_address': '{""address"": """", ""city"": """", ""state"": """", ""zip"": """"}'}",12,10,245,Washington Heights (South),1021220011,1062915,1000631,244021
Stoppage,PC8756588,2,3278,75,2776,DECATUR AVENUE,10458,40.866383813278,-73.886902976294,Bronx,2026-08-14T10:06:00.000,Stoppage done,"{'latitude': '40.866383813278', 'longitude': '-73.886902976294', 'human_address': '{""address"": """", ""city"": """", ""state"": """", ""zip"": """"}'}",7,15,40502,Bedford Park,2032780075,2016396,,
Initial,PC8759870,4,3512,24,60-28,67 AVENUE,11385,40.704976380319,-73.89924960298,Queens,2026-08-14T10:06:00.000,Failed for Other Reason,"{'latitude': '40.704976380319', 'longitude': '-73.89924960298', 'human_address': '{""address"": """", ""city"": """", ""state"": """", ""zip"": """"}'}",5,30,585,Ridgewood,4035120024,4084214,1012184,196137
Initial,PC8763570,3,3283,57,1049,GREENE AVENUE,11221,40.691774733361,-73.92529062667,Brooklyn,2026-08-14T10:06:50.000,Failed for Rat Activity,"{'latitude': '40.691774733361', 'longitude': '-73.92529062667', 'human_address': '{""address"": """", ""city"": """", ""state"": """", ""zip"": """"}'}",4,37,395,Bushwick (East),3032830057,3388259,,
Treatments,PC8554034,1,2077,36,1734,Amsterdam Ave,10031,40.82574213954,-73.947242198366,Manhattan,2026-08-14T10:07:07.000,Bait applied,"{'latitude': '40.82574213954', 'longitude': '-73.947242198366', 'human_address': '{""address"": """", ""city"": """", ""state"": """", ""zip"": """"}'}",9,7,229,Hamilton Heights-Sugar Hill,1020770036,1061946,,
Initial,PC8762538,3,1604,25,1124,BROADWAY,11221,40.693668488808,-73.929403075355,Brooklyn,2026-08-14T10:08:15.000,Failed for Rat Activity,"{'latitude': '40.693668488808', 'longitude': '-73.929403075355', 'human_address': '{""address"": """", ""city"": """", ""state"": """", ""zip"": """"}'}",3,36,289,Bedford-Stuyvesant (East),3016040025,3043306,,
Compliance,PC8749063,3,4087,9,659,MILLER AVENUE,11207,40.66451177787,-73.88912814462,Brooklyn,2026-08-14T10:08:20.000,Failed for Other Reason,"{'latitude': '40.66451177787', 'longitude': '-73.88912814462', 'human_address': '{""address"": """", ""city"": """", ""state"": """", ""zip"": """"}'}",5,42,1124,East New York-New Lots,3040870009,3090641,1015009,181398
Initial,PC8758494,2,2799,7,TOPPING,AVENUE,10457,,,Bronx,2026-08-14T10:08:59.000,Failed for Rat Activity and Other Reason,,,,,,,,,
Treatments,PC8685969,3,1269,40,618,EASTERN PARKWAY,11225,40.669733193895,-73.948404264105,Brooklyn,2026-08-14T10:10:42.000,Bait applied,"{'latitude': '40.669733193895', 'longitude': '-73.948404264105', 'human_address': '{""address"": """", ""city"": """", ""state"": """", ""zip"": """"}'}",9,35,319,Crown Heights (South),3012690040,3032949,,
Initial,PC8762304,3,1579,3,27,MARCUS GARVEY BLVD,11206,40.698799634372,-73.941194138302,Brooklyn,2026-08-14T10:10:49.000,Failed for Other Reason,"{'latitude': '40.698799634372', 'longitude': '-73.941194138302', 'human_address': '{""address"": """", ""city"": """", ""state"": """", ""zip"": """"}'}",3,36,28501,Bedford-Stuyvesant (East),3015790003,3042822,,
Initial,PC8757214,1,1730,33,2160,5 AVENUE,10037,40.810910945829,-73.938985004102,Manhattan,2026-08-14T10:11:00.000,Failed for Rat Activity,"{'latitude': '40.810910945829', 'longitude': '-73.938985004102', 'human_address': '{""address"": """", ""city"": """", ""state"": """", ""zip"": """"}'}",10,9,212,Harlem (North),1017300033,1053889,,
Treatments,PC8700940,2,3275,29,2576,MARION AVENUE,10458,40.863396882927,-73.891918960435,Bronx,2026-08-14T10:11:59.000,Bait applied,"{'latitude': '40.863396882927', 'longitude': '-73.891918960435', 'human_address': '{""address"": """", ""city"": """", ""state"": """", ""zip"": """"}'}",7,15,39901,University Heights (North)-Fordham,2032750029,2016313,,
Treatments,PC8741553,2,2783,70,1315,FINDLAY AVENUE,10456,40.835452455933,-73.910778141704,Bronx,2026-08-14T10:13:00.000,Bait applied,"{'latitude': '40.835452455933', 'longitude': '-73.910778141704', 'human_address': '{""address"": """", ""city"": """", ""state"": """", ""zip"": """"}'}",4,16,17702,Mount Eden-Claremont (West),2027830070,2007211,,
Initial,PC8763207,3,1579,4,25,MARCUS GARVEY BLVD,11206,40.698873752441,-73.941212104666,Brooklyn,2026-08-14T10:13:49.000,Failed for Other Reason,"{'latitude': '40.698873752441', 'longitude': '-73.941212104666', 'human_address': '{""address"": """", ""city"": """", ""state"": """", ""zip"": """"}'}",3,36,28501,Bedford-Stuyvesant (East),3015790004,3042823,,
Compliance,PC8746525,1,1665,38,228,EAST 116 STREET,10029,40.797601799625,-73.939239238302,Manhattan,2026-08-14T10:14:59.000,Failed for Rat Activity,"{'latitude': '40.797601799625', 'longitude': '-73.939239238302', 'human_address': '{""address"": """", ""city"": """", ""state"": """", ""zip"": """"}'}",11,8,188,East Harlem (North),1016650038,1052543,,
Treatments,PC8694595,2,2432,38,308,EAST 165 STREET,10456,40.828838166384,-73.915105142926,Bronx,2026-08-14T10:15:36.000,Bait applied,"{'latitude': '40.828838166384', 'longitude': '-73.915105142926', 'human_address': '{""address"": """", ""city"": """", ""state"": """", ""zip"": """"}'}",4,16,173,Concourse-Concourse Village,2024320038,2117433,,
Stoppage,PC8757270,2,3318,29,2808,JEROME AVENUE,10468,40.870434033204,-73.894510811697,Bronx,2026-08-14T10:16:00.000,Stoppage done,"{'latitude': '40.870434033204', 'longitude': '-73.894510811697', 'human_address': '{""address"": """", ""city"": """", ""state"": """", ""zip"": """"}'}",7,14,40303,Bedford Park,2033180029,2128677,,
Initial,PC8746918,3,6681,440,1850,OCEAN PARKWAY,11223,40.603626369468,-73.966591360224,Brooklyn,2026-08-14T10:19:37.000,Failed for Other Reason,"{'latitude': '40.603626369468', 'longitude': '-73.966591360224', 'human_address': '{""address"": """", ""city"": """", ""state"": """", ""zip"": """"}'}",15,44,41402,Gravesend (East)-Homecrest,3066810440,3178664,993527,159198
Treatments,PC8596826,1,2066,21,486,Convent Ave,10031,40.828531403696,-73.94277736363,Manhattan,2026-08-14T10:20:00.000,Bait applied,"{'latitude': '40.828531403696', 'longitude': '-73.94277736363', 'human_address': '{""address"": """", ""city"": """", ""state"": """", ""zip"": """"}'}",9,7,23501,Hamilton Heights-Sugar Hill,1020660021,1061592,,
Treatments,PC8685399,3,1270,32,686,EASTERN PARKWAY,11213,40.669586488718,-73.945736819512,Brooklyn,2026-08-14T10:20:42.000,Bait applied,"{'latitude': '40.669586488718', 'longitude': '-73.945736819512', 'human_address': '{""address"": """", ""city"": """", ""state"": """", ""zip"": """"}'}",9,35,33702,Crown Heights (South),3012700032,3032981,,
Treatments,PC8666641,3,1988,47,101,MADISON STREET,11216,40.684211916923,-73.954984059293,Brooklyn,2026-08-14T10:22:02.000,Monitoring visit,"{'latitude': '40.684211916923', 'longitude': '-73.954984059293', 'human_address': '{""address"": """", ""city"": """", ""state"": """", ""zip"": """"}'}",3,36,229,Bedford-Stuyvesant (West),,,,
Initial,PC8762059,3,1579,8,17,MARCUS GARVEY BLVD,11206,40.699172963917,-73.941273148859,Brooklyn,2026-08-14T10:22:49.000,Failed for Rat Activity,"{'latitude': '40.699172963917', 'longitude': '-73.941273148859', 'human_address': '{""address"": """", ""city"": """", ""state"": """", ""zip"": """"}'}",3,36,28501,Bedford-Stuyvesant (East),3015790008,3324727,,
Treatments,PC8748823,2,2783,74,1307,FINDLAY AVENUE,10456,40.83530979416,-73.910861451708,Bronx,2026-08-14T10:23:00.000,Bait applied,"{'latitude': '40.83530979416', 'longitude': '-73.910861451708', 'human_address': '{""address"": """", ""city"": """", ""state"": """", ""zip"": """"}'}",4,16,17702,Mount Eden-Claremont (West),2027830074,2007213,1008916,243618
Treatments,PC8596827,1,2066,21,486,Convent Ave,10031,40.828531403696,-73.94277736363,Manhattan,2026-08-14T10:23:07.000,Bait applied,"{'latitude': '40.828531403696', 'longitude': '-73.94277736363', 'human_address': '{""address"": """", ""city"": """", ""state"": """", ""zip"": """"}'}",9,7,23501,Hamilton Heights-Sugar Hill,1020660021,1061592,,
Initial,PC8764090,2,5521,13,149,PRENTISS AVENUE,10465,40.816448112571,-73.807889534982,Bronx,2026-08-14T10:23:16.000,Failed for Other Reason,"{'latitude': '40.816448112571', 'longitude': '-73.807889534982', 'human_address': '{""address"": """", ""city"": """", ""state"": """", ""zip"": """"}'}",10,13,118,Throgs Neck-Schuylerville,2055210013,2078998,1037425,236792
Initial,PC8756766,2,2512,51,1014,NELSON AVENUE,10452,40.833170204235,-73.928426944587,Bronx,2026-08-14T10:23:23.000,Failed for Rat Activity,"{'latitude': '40.833170204235', 'longitude': '-73.928426944587', 'human_address': '{""address"": """", ""city"": """", ""state"": """", ""zip"": """"}'}",4,16,189,Highbridge,2025120051,2003226,,
Stoppage,PC8735255,1,1253,86,320,WEST 96 STREET,10025,40.795462990335,-73.973743300135,Manhattan,2026-08-14T10:24:00.000,Stoppage done,"{'latitude': '40.795462990335', 'longitude': '-73.973743300135', 'human_address': '{""address"": """", ""city"": """", ""state"": """", ""zip"": """"}'}",7,6,183,Upper West Side (Central),1012530086,1034191,,
Treatments,PC8742073,3,1214,32,1322,DEAN STREET,11216,40.676610163028,-73.945294854699,Brooklyn,2026-08-14T10:24:00.000,Bait applied,"{'latitude': '40.676610163028', 'longitude': '-73.945294854699', 'human_address': '{""address"": """", ""city"": """", ""state"": """", ""zip"": """"}'}",8,36,313,Crown Heights (North),3012140032,3030413,,
Initial,PC8762199,1,556,75,113,EAST 11 STREET,10003,40.731839318786,-73.989828515652,Manhattan,2026-08-14T10:24:00.000,Failed for Other Reason,"{'latitude': '40.731839318786', 'longitude': '-73.989828515652', 'human_address': '{""address"": """", ""city"": """", ""state"": """", ""zip"": """"}'}",3,2,42,East Village,1005560075,1008984,,
Treatments,PC8739972,2,3293,38,2594,BRIGGS AVENUE,10458,40.864051481993,-73.89336766489,Bronx,2026-08-14T10:24:38.000,Bait applied,"{'latitude': '40.864051481993', 'longitude': '-73.89336766489', 'human_address': '{""address"": """", ""city"": """", ""state"": """", ""zip"": """"}'}",7,15,39901,University Heights (North)-Fordham,2032930038,2016793,,
Initial,PC8754212,4,9845,1,175-27,WEXFORD TERRACE,11432,40.712529434599,-73.788098380876,Queens,2026-08-14T10:25:00.000,Failed for Other Reason,"{'latitude': '40.712529434599', 'longitude': '-73.788098380876', 'human_address': '{""address"": """", ""city"": """", ""state"": """", ""zip"": """"}'}",8,24,466,Jamaica Estates-Holliswood,4098450001,4210598,1042993,198945
Treatments,PC8736158,1,2137,157,128,FORT WASHINGTON AVENUE,10032,40.839708209995,-73.943241155072,Manhattan,2026-08-14T10:25:44.000,Bait applied,"{'latitude': '40.839708209995', 'longitude': '-73.943241155072', 'human_address': '{""address"": """", ""city"": """", ""state"": """", ""zip"": """"}'}",12,7,245,Washington Heights (South),1021370157,1063375,999955,245213
Compliance,PC8712189,1,1927,17,227,WEST 121 STREET,10027,40.806824353218,-73.951162115033,Manhattan,2026-08-14T10:25:47.000,Failed for Rat Activity and Other Reason,"{'latitude': '40.806824353218', 'longitude': '-73.951162115033', 'human_address': '{""address"": """", ""city"": """", ""state"": """", ""zip"": """"}'}",10,9,220,Harlem (South),1019270017,1058503,,
Initial,PC8765034,5,4509,75,74,SANDALWOOD DRIVE,10308,40.561961736698,-74.146816795801,Staten Island,2026-08-14T10:25:50.000,Failed for Other Reason,"{'latitude': '40.561961736698', 'longitude': '-74.146816795801', 'human_address': '{""address"": """", ""city"": """", ""state"": """", ""zip"": """"}'}",3,51,14606,Great Kills-Eltingville,5045090075,5061413,943456,144051
Compliance,PC8750079,1,2079,1,3580,BROADWAY,10031,40.82780991189,-73.94942666782,Manhattan,2026-08-14T10:28:49.000,Failed for Rat Activity,"{'latitude': '40.82780991189', 'longitude': '-73.94942666782', 'human_address': '{""address"": """", ""city"": """", ""state"": """", ""zip"": """"}'}",9,7,233,Hamilton Heights-Sugar Hill,1020790001,1061969,,
Treatments,PC8554030,1,2052,1,319,West 145 St,10039,40.823319278776,-73.943056463838,Manhattan,2026-08-14T10:29:07.000,Bait applied,"{'latitude': '40.823319278776', 'longitude': '-73.943056463838', 'human_address': '{""address"": """", ""city"": """", ""state"": """", ""zip"": """"}'}",10,9,231,Hamilton Heights-Sugar Hill,1020520001,1084164,,
Initial,PC8764556,3,3382,2,541,EVERGREEN AVENUE,11221,40.689933955202,-73.914864393998,Brooklyn,2026-08-14T10:30:00.000,Failed for Other Reason,"{'latitude': '40.689933955202', 'longitude': '-73.914864393998', 'human_address': '{""address"": """", ""city"": """", ""state"": """", ""zip"": """"}'}",4,37,415,Bushwick (East),3033820002,3077531,1007860,190652
Compliance,PC8736966,3,2438,36,373,SOUTH    4 STREET,11211,40.708208593587,-73.952818076003,Brooklyn,2026-08-14T10:30:00.000,Failed for Rat Activity,"{'latitude': '40.708208593587', 'longitude': '-73.952818076003', 'human_address': '{""address"": """", ""city"": """", ""state"": """", ""zip"": """"}'}",1,34,527,Williamsburg,3024380036,3063385,997331,197302
Compliance,PC8750965,3,4331,59,727,SCHENK AVENUE,11207,40.662429784891,-73.88487479499,Brooklyn,2026-08-14T10:30:20.000,Failed for Other Reason,"{'latitude': '40.662429784891', 'longitude': '-73.88487479499', 'human_address': '{""address"": """", ""city"": """", ""state"": """", ""zip"": """"}'}",5,42,1104,East New York-New Lots,3043310001,3097502,1016190,180641
Stoppage,PC8756589,2,3304,80,219,EAST 196 STREET,10458,40.867549864092,-73.892136350676,Bronx,2026-08-14T10:31:00.000,Stoppage done,"{'latitude': '40.867549864092', 'longitude': '-73.892136350676', 'human_address': '{""address"": """", ""city"": """", ""state"": """", ""zip"": """"}'}",7,15,40302,Bedford Park,2033040080,2017140,,
Treatments,PC8554031,1,2052,1,319,West 145 St,10039,40.823319278776,-73.943056463838,Manhattan,2026-08-14T10:32:07.000,Bait applied,"{'latitude': '40.823319278776', 'longitude': '-73.943056463838', 'human_address': '{""address"": """", ""city"": """", ""state"": """", ""zip"": """"}'}",10,9,231,Hamilton Heights-Sugar Hill,1020520001,1084164,,
Stoppage,PC8735194,1,1249,115,339,WEST 87 STREET,10024,40.790004654818,-73.978411329745,Manhattan,2026-08-14T10:34:00.000,Stoppage done,"{'latitude': '40.790004654818', 'longitude': '-73.978411329745', 'human_address': '{""address"": """", ""city"": """", ""state"": """", ""zip"": """"}'}",7,6,175,Upper West Side (Central),1012490115,1033995,,
Initial,PC8761747,3,1604,143,607,KOSCIUSZKO STREET,11221,40.693097872783,-73.929886897309,Brooklyn,2026-08-14T10:34:52.000,Failed for Rat Activity,"{'latitude': '40.693097872783', 'longitude': '-73.929886897309', 'human_address': '{""address"": """", ""city"": """", ""state"": """", ""zip"": """"}'}",3,36,289,Bedford-Stuyvesant (East),3016040143,3341759,,
Stoppage,PC8759880,2,2840,18,38,MARCY PLACE,10452,40.838625054989,-73.917705531082,Bronx,2026-08-14T10:35:00.000,Stoppage done,"{'latitude': '40.838625054989', 'longitude': '-73.917705531082', 'human_address': '{""address"": """", ""city"": """", ""state"": """", ""zip"": """"}'}",4,16,22101,Mount Eden-Claremont (West),2028400018,2008048,,
Treatments,PC8554032,1,2052,1,319,West 145 St,10039,40.823319278776,-73.943056463838,Manhattan,2026-08-14T10:35:07.000,Bait applied,"{'latitude': '40.823319278776', 'longitude': '-73.943056463838', 'human_address': '{""address"": """", ""city"": """", ""state"": """", ""zip"": """"}'}",10,9,231,Hamilton Heights-Sugar Hill,1020520001,1084164,,
Initial,PC8763548,3,3283,14,590,VAN BUREN STREET,11221,40.692406377499,-73.925823611287,Brooklyn,2026-08-14T10:35:50.000,Failed for Rat Activity,"{'latitude': '40.692406377499', 'longitude': '-73.925823611287', 'human_address': '{""address"": """", ""city"": """", ""state"": """", ""zip"": """"}'}",4,37,395,Bushwick (East),3032830014,3074947,,
Initial,PC8762389,3,1579,14,298,ELLERY STREET,11206,40.69936740543,-73.940425466937,Brooklyn,2026-08-14T10:36:58.000,Failed for Rat Activity,"{'latitude': '40.69936740543', 'longitude': '-73.940425466937', 'human_address': '{""address"": """", ""city"": """", ""state"": """", ""zip"": """"}'}",3,36,28501,Bedford-Stuyvesant (East),3015790014,3042829,,
Treatments,PC8621031,1,1767,16,1900,LEXINGTON AVENUE,10035,40.800048074879,-73.940584235902,Manhattan,2026-08-14T10:36:59.000,Bait applied,"{'latitude': '40.800048074879', 'longitude': '-73.940584235902', 'human_address': '{""address"": """", ""city"": """", ""state"": """", ""zip"": """"}'}",11,9,182,East Harlem (North),1017670016,1054347,,
Treatments,PC8714800,3,1822,17,146,MADISON STREET,11216,40.684422474506,-73.953015251497,Brooklyn,2026-08-14T10:37:17.000,Bait applied,"{'latitude': '40.684422474506', 'longitude': '-73.953015251497', 'human_address': '{""address"": """", ""city"": """", ""state"": """", ""zip"": """"}'}",3,36,245,Bedford-Stuyvesant (West),3018220017,3000000,,
Treatments,PC8595764,2,3304,85,2754,GRAND CONCOURSE,10458,40.86828321339,-73.892677500084,Bronx,2026-08-14T10:37:36.000,Bait applied,"{'latitude': '40.86828321339', 'longitude': '-73.892677500084', 'human_address': '{""address"": """", ""city"": """", ""state"": """", ""zip"": """"}'}",7,15,40302,Bedford Park,2033040085,2017141,,
Treatments,PC8741615,2,2783,78,1303,FINDLAY AVENUE,10456,40.835238464651,-73.910904913484,Bronx,2026-08-14T10:38:00.000,Bait applied,"{'latitude': '40.835238464651', 'longitude': '-73.910904913484', 'human_address': '{""address"": """", ""city"": """", ""state"": """", ""zip"": """"}'}",4,16,17702,Mount Eden-Claremont (West),2027830078,2007215,,
Initial,PC8758407,2,2799,39,1769,CLAY AVENUE,10457,40.846023090723,-73.904749533581,Bronx,2026-08-14T10:38:59.000,Failed for Other Reason,"{'latitude': '40.846023090723', 'longitude': '-73.904749533581', 'human_address': '{""address"": """", ""city"": """", ""state"": """", ""zip"": """"}'}",5,14,22901,Mount Hope,2027990039,2007504,,
Treatments,PC8742325,3,1214,41,102,BROOKLYN AVENUE,11216,40.676351692415,-73.944336090731,Brooklyn,2026-08-14T10:39:00.000,Bait applied,"{'latitude': '40.676351692415', 'longitude': '-73.944336090731', 'human_address': '{""address"": """", ""city"": """", ""state"": """", ""zip"": """"}'}",8,36,313,Crown Heights (North),3012140041,3030422,,
Stoppage,PC8735193,1,1249,11,349,WEST 87 STREET,10024,40.790078796225,-73.978588262126,Manhattan,2026-08-14T10:40:00.000,Stoppage done,"{'latitude': '40.790078796225', 'longitude': '-73.978588262126', 'human_address': '{""address"": """", ""city"": """", ""state"": """", ""zip"": """"}'}",7,6,175,Upper West Side (Central),1012490011,1033957,,
Treatments,PC8493816,3,1394,33,938,EASTERN PARKWAY,11213,40.669129384794,-73.937464213195,Brooklyn,2026-08-14T10:40:42.000,Bait applied,"{'latitude': '40.669129384794', 'longitude': '-73.937464213195', 'human_address': '{""address"": """", ""city"": """", ""state"": """", ""zip"": """"}'}",9,35,33702,Crown Heights (South),3013940033,3037473,,
Stoppage,PC8756591,2,3304,185,220,MIRIAM STREET,10458,40.86820266669,-73.891665257209,Bronx,2026-08-14T10:41:00.000,Stoppage done,"{'latitude': '40.86820266669', 'longitude': '-73.891665257209', 'human_address': '{""address"": """", ""city"": """", ""state"": """", ""zip"": """"}'}",7,15,40302,Bedford Park,2033040185,2017163,,
Treatments,PC8622325,1,2152,36,287,AUDUBON AVENUE,10033,40.847717362602,-73.933066707415,Manhattan,2026-08-14T10:41:00.000,Bait applied,"{'latitude': '40.847717362602', 'longitude': '-73.933066707415', 'human_address': '{""address"": """", ""city"": """", ""state"": """", ""zip"": """"}'}",12,10,261,Washington Heights (South),1021520036,1063596,,
Compliance,PC8750129,1,2080,28,1780,AMSTERDAM AVENUE,10031,40.827243002567,-73.946142535385,Manhattan,2026-08-14T10:41:49.000,Failed for Rat Activity and Other Reason,"{'latitude': '40.827243002567', 'longitude': '-73.946142535385', 'human_address': '{""address"": """", ""city"": """", ""state"": """", ""zip"": """"}'}",9,7,233,Hamilton Heights-Sugar Hill,1020800028,1062032,,
Initial,PC8758520,2,2799,35,1775,CLAY AVENUE,10457,40.84612463685,-73.904738544374,Bronx,2026-08-14T10:41:59.000,Failed for Other Reason,"{'latitude': '40.84612463685', 'longitude': '-73.904738544374', 'human_address': '{""address"": """", ""city"": """", ""state"": """", ""zip"": """"}'}",5,14,22901,Mount Hope,2027990035,2007503,,
Initial,PC8763581,3,3283,22,606,VAN BUREN STREET,11221,40.692655992832,-73.925578120335,Brooklyn,2026-08-14T10:43:50.000,Failed for Rat Activity,"{'latitude': '40.692655992832', 'longitude': '-73.925578120335', 'human_address': '{""address"": """", ""city"": """", ""state"": """", ""zip"": """"}'}",4,37,395,Bushwick (East),3032830022,3074955,,
Compliance,PC8746486,1,1665,10,219,EAST 115 STREET,10029,40.79697906694,-73.939857415396,Manhattan,2026-08-14T10:44:59.000,Failed for Rat Activity and Other Reason,"{'latitude': '40.79697906694', 'longitude': '-73.939857415396', 'human_address': '{""address"": """", ""city"": """", ""state"": """", ""zip"": """"}'}",11,8,188,East Harlem (North),1016650010,1052524,,
Stoppage,PC8756592,2,3304,98,2780,GRAND CONCOURSE,10458,40.868820793933,-73.892264444683,Bronx,2026-08-14T10:45:00.000,Stoppage done,"{'latitude': '40.868820793933', 'longitude': '-73.892264444683', 'human_address': '{""address"": """", ""city"": """", ""state"": """", ""zip"": """"}'}",7,15,40302,Bedford Park,2033040098,2017143,,
Compliance,PC8708058,3,3409,3,1283,BUSHWICK AVENUE,11207,40.68682580073,-73.913436896725,Brooklyn,2026-08-14T10:45:00.000,Failed for Rat Activity,"{'latitude': '40.68682580073', 'longitude': '-73.913436896725', 'human_address': '{""address"": """", ""city"": """", ""state"": """", ""zip"": """"}'}",4,37,401,Bushwick (East),3034090003,3078754,1008257,189520
Treatments,PC8696330,2,2432,56,986,FINDLAY AVENUE,10456,40.8280229897,-73.915120640707,Bronx,2026-08-14T10:45:36.000,Bait applied,"{'latitude': '40.8280229897', 'longitude': '-73.915120640707', 'human_address': '{""address"": """", ""city"": """", ""state"": """", ""zip"": """"}'}",4,16,173,Concourse-Concourse Village,2024320056,2002199,,
Treatments,PC8706834,3,3373,24,1118,PUTNAM AVENUE,11221,40.688618905865,-73.918219513222,Brooklyn,2026-08-14T10:46:07.000,Bait applied,"{'latitude': '40.688618905865', 'longitude': '-73.918219513222', 'human_address': '{""address"": """", ""city"": """", ""state"": """", ""zip"": """"}'}",4,37,397,Bushwick (East),3033730024,3077139,,
Initial,PC8753060,1,1324,39,224,EAST   51 STREET,10022,40.756135122547,-73.969597096963,Manhattan,2026-08-14T10:46:46.000,Failed for Rat Activity and Other Reason,"{'latitude': '40.756135122547', 'longitude': '-73.969597096963', 'human_address': '{""address"": """", ""city"": """", ""state"": """", ""zip"": """"}'}",6,4,98,East Midtown-Turtle Bay,1013240039,1038451,992673,214761
Initial,PC8764508,3,4377,1,738,STANLEY AVENUE,11207,40.660354080917,-73.881544403841,Brooklyn,2026-08-14T10:47:20.000,Failed for Other Reason,"{'latitude': '40.660354080917', 'longitude': '-73.881544403841', 'human_address': '{""address"": """", ""city"": """", ""state"": """", ""zip"": """"}'}",5,42,1110,East New York-New Lots,3043770001,3324277,1017115,179886
Initial,PC8758504,2,2799,30,274,EAST 175 STREET,10457,40.846654767786,-73.905218503152,Bronx,2026-08-14T10:47:59.000,Failed for Other Reason,"{'latitude': '40.846654767786', 'longitude': '-73.905218503152', 'human_address': '{""address"": """", ""city"": """", ""state"": """", ""zip"": """"}'}",5,14,22901,Mount Hope,2027990030,2007501,,
Initial,PC8763334,2,5330,35,3266,WATERBURY AVENUE,10465,40.837094058106,-73.819719509126,Bronx,2026-08-14T10:48:16.000,Failed for Other Reason,"{'latitude': '40.837094058106', 'longitude': '-73.819719509126', 'human_address': '{""address"": """", ""city"": """", ""state"": """", ""zip"": """"}'}",10,13,27401,Pelham Bay-Country Club-City Island,2053300035,2073030,1034135,244307
Compliance,PC8711535,1,1927,19,223,WEST 121 STREET,10027,40.806791385523,-73.951089893953,Manhattan,2026-08-14T10:48:47.000,Failed for Rat Activity and Other Reason,"{'latitude': '40.806791385523', 'longitude': '-73.951089893953', 'human_address': '{""address"": """", ""city"": """", ""state"": """", ""zip"": """"}'}",10,9,220,Harlem (South),1019270019,1087416,,
Treatments,PC8726398,2,3304,65,2675,VALENTINE AVENUE,10458,40.866046464382,-73.892898053922,Bronx,2026-08-14T10:49:15.000,Bait applied,"{'latitude': '40.866046464382', 'longitude': '-73.892898053922', 'human_address': '{""address"": """", ""city"": """", ""state"": """", ""zip"": """"}'}",7,15,40302,Bedford Park,2033040065,2017138,,
Stoppage,PC8735280,1,1219,1,589,Amsterdam Avenue.,10024,40.789254389593,-73.973850486174,Manhattan,2026-08-14T10:50:00.000,Stoppage done,"{'latitude': '40.789254389593', 'longitude': '-73.973850486174', 'human_address': '{""address"": """", ""city"": """", ""state"": """", ""zip"": """"}'}",7,6,173,Upper West Side (Central),1012190001,1032284,,
Treatments,PC8742074,3,1214,44,108,BROOKLYN AVENUE,11216,40.676203479796,-73.944347030416,Brooklyn,2026-08-14T10:50:00.000,Bait applied,"{'latitude': '40.676203479796', 'longitude': '-73.944347030416', 'human_address': '{""address"": """", ""city"": """", ""state"": """", ""zip"": """"}'}",8,36,313,Crown Heights (North),3012140044,3030425,,
Initial,PC8758681,5,5449,27,425,COLON AVENUE,10308,40.559929056022,-74.158260329877,Staten Island,2026-08-14T10:50:59.000,Failed for Other Reason,"{'latitude': '40.559929056022', 'longitude': '-74.158260329877', 'human_address': '{""address"": """", ""city"": """", ""state"": """", ""zip"": """"}'}",3,51,14608,Great Kills-Eltingville,5054490027,5070851,940275,143316
Compliance,PC8674931,1,1941,54,250,WEST 136 STREET,10030,40.816587224966,-73.944695232896,Manhattan,2026-08-14T10:51:29.000,Failed for Rat Activity,"{'latitude': '40.816587224966', 'longitude': '-73.944695232896', 'human_address': '{""address"": """", ""city"": """", ""state"": """", ""zip"": """"}'}",10,9,228,Harlem (North),1019410054,1058913,,
Treatments,PC8619125,1,2153,29,561,WEST  179 STREET,10033,40.847847092902,-73.934328039235,Manhattan,2026-08-14T10:53:55.000,Bait applied,"{'latitude': '40.847847092902', 'longitude': '-73.934328039235', 'human_address': '{""address"": """", ""city"": """", ""state"": """", ""zip"": """"}'}",12,10,261,Washington Heights (South),1021530029,1079911,1002419,248180
Compliance,PC8727104,1,1665,21,239,EAST  115 STREET,10029,40.796605320037,-73.93898371966,Manhattan,2026-08-14T10:53:59.000,Failed for Rat Activity,"{'latitude': '40.796605320037', 'longitude': '-73.93898371966', 'human_address': '{""address"": """", ""city"": """", ""state"": """", ""zip"": """"}'}",11,8,188,East Harlem (North),1016650021,1052533,1001144,229510
Compliance,PC8625166,1,1927,21,219,WEST 121 STREET,10027,40.806761160987,-73.951014058651,Manhattan,2026-08-14T10:55:47.000,Failed for Rat Activity and Other Reason,"{'latitude': '40.806761160987', 'longitude': '-73.951014058651', 'human_address': '{""address"": """", ""city"": """", ""state"": """", ""zip"": """"}'}",10,9,220,Harlem (South),1019270021,1058506,,
Compliance,PC8737429,4,9892,7501,173-53,CROYDON ROAD,11432,40.71705446287,-73.790482857233,Queens,2026-08-14T10:55:55.000,Failed for Other Reason,"{'latitude': '40.71705446287', 'longitude': '-73.790482857233', 'human_address': '{""address"": """", ""city"": """", ""state"": """", ""zip"": """"}'}",8,24,458,Jamaica Estates-Holliswood,4098920016,4211441,1042330,200591
Stoppage,PC8753111,2,3279,23,2775,WEBSTER AVENUE,10458,40.866020397648,-73.885779176121,Bronx,2026-08-14T10:56:00.000,Stoppage done,"{'latitude': '40.866020397648', 'longitude': '-73.885779176121', 'human_address': '{""address"": """", ""city"": """", ""state"": """", ""zip"": """"}'}",7,15,40702,Bedford Park,2032790023,2016412,,
Treatments,PC8733812,1,1770,23,149,EAST 121 STREET,10035,40.801721569955,-73.939054863646,Manhattan,2026-08-14T10:56:18.000,Bait applied,"{'latitude': '40.801721569955', 'longitude': '-73.939054863646', 'human_address': '{""address"": """", ""city"": """", ""state"": """", ""zip"": """"}'}",11,8,196,East Harlem (North),1017700023,1054386,,
Stoppage,PC8704038,1,1204,21,23,WEST 90 STREET,10024,40.788292377084,-73.968477310201,Manhattan,2026-08-14T11:00:00.000,Stoppage done,"{'latitude': '40.788292377084', 'longitude': '-73.968477310201', 'human_address': '{""address"": """", ""city"": """", ""state"": """", ""zip"": """"}'}",7,6,177,Upper West Side (Central),1012040021,1081758,,
Compliance,PC8724005,3,3420,30,1320,BUSHWICK AVENUE,11207,40.68611673085,-73.912229908907,Brooklyn,2026-08-14T11:00:00.000,Failed for Rat Activity,"{'latitude': '40.68611673085', 'longitude': '-73.912229908907', 'human_address': '{""address"": """", ""city"": """", ""state"": """", ""zip"": """"}'}",4,37,401,Bushwick (East),3034200030,3079172,,
Treatments,PC8693645,2,2432,53,980,FINDLAY AVENUE,10456,40.827948913783,-73.915164096634,Bronx,2026-08-14T11:00:36.000,Bait applied,"{'latitude': '40.827948913783', 'longitude': '-73.915164096634', 'human_address': '{""address"": """", ""city"": """", ""state"": """", ""zip"": """"}'}",4,16,173,Concourse-Concourse Village,2024320053,2002196,,
Initial,PC8753055,1,1324,11,223,EAST   50 STREET,10022,40.755534143613,-73.970066604393,Manhattan,2026-08-14T11:00:46.000,Failed for Rat Activity and Other Reason,"{'latitude': '40.755534143613', 'longitude': '-73.970066604393', 'human_address': '{""address"": """", ""city"": """", ""state"": """", ""zip"": """"}'}",6,4,98,East Midtown-Turtle Bay,1013240011,1038431,992543,214542
Compliance,PC8750069,1,2080,56,562,WEST 149 STREET,10031,40.828448515962,-73.947377355258,Manhattan,2026-08-14T11:01:49.000,Failed for Rat Activity,"{'latitude': '40.828448515962', 'longitude': '-73.947377355258', 'human_address': '{""address"": """", ""city"": """", ""state"": """", ""zip"": """"}'}",9,7,233,Hamilton Heights-Sugar Hill,1020800056,1062059,,
Stoppage,PC8696475,2,3741,64,1133,WARD AVENUE,10472,40.827233652371,-73.876960700426,Bronx,2026-08-14T11:02:00.000,Stoppage done,"{'latitude': '40.827233652371', 'longitude': '-73.876960700426', 'human_address': '{""address"": """", ""city"": """", ""state"": """", ""zip"": """"}'}",9,18,5002,Soundview-Bruckner-Bronx River,2037410064,2023913,,
Stoppage,PC8756020,2,3278,14,2703,WEBSTER AVENUE,10458,40.864521047796,-73.887828088175,Bronx,2026-08-14T11:02:00.000,Stoppage done,"{'latitude': '40.864521047796', 'longitude': '-73.887828088175', 'human_address': '{""address"": """", ""city"": """", ""state"": """", ""zip"": """"}'}",7,15,40502,Bedford Park,2032780014,2113630,,
Compliance,PC8716718,1,1942,10,255,WEST  136 STREET,10030,40.816633918626,-73.944763837231,Manhattan,2026-08-14T11:03:29.000,Failed for Rat Activity and Other Reason,"{'latitude': '40.816633918626', 'longitude': '-73.944763837231', 'human_address': '{""address"": """", ""city"": """", ""state"": """", ""zip"": """"}'}",10,9,228,Harlem (North),1019420010,1058938,999539,236806
Treatments,PC8704808,3,1222,46,905,ST MARKS AVENUE,11213,40.674775087585,-73.942109465793,Brooklyn,2026-08-14T11:04:00.000,Bait applied,"{'latitude': '40.674775087585', 'longitude': '-73.942109465793', 'human_address': '{""address"": """", ""city"": """", ""state"": """", ""zip"": """"}'}",8,36,313,Crown Heights (North),3012220046,3030779,,
Treatments,PC8647305,2,3318,20,2786,PARKVIEW TERRACE,10468,40.869981702873,-73.895111740923,Bronx,2026-08-14T11:04:31.000,Bait applied,"{'latitude': '40.869981702873', 'longitude': '-73.895111740923', 'human_address': '{""address"": """", ""city"": """", ""state"": """", ""zip"": """"}'}",7,14,40303,Bedford Park,2033180020,2017500,1013259,256255
Compliance,PC8738535,1,1927,38,202,WEST 122ND STREET,10027,40.807252156901,-73.950284012652,Manhattan,2026-08-14T11:04:47.000,Failed for Rat Activity,"{'latitude': '40.807252156901', 'longitude': '-73.950284012652', 'human_address': '{""address"": """", ""city"": """", ""state"": """", ""zip"": """"}'}",10,9,220,Harlem (South),1019270038,1058516,,
Treatments,PC8623142,1,2157,33,1500,ST NICHOLAS AVENUE,10033,40.851836507222,-73.931873302002,Manhattan,2026-08-14T11:05:06.000,Bait applied,"{'latitude': '40.851836507222', 'longitude': '-73.931873302002', 'human_address': '{""address"": """", ""city"": """", ""state"": """", ""zip"": """"}'}",12,10,269,Washington Heights (North),1021570033,1063778,,
Compliance,PC8732008,1,1927,46,228,WEST  122 STREET,10027,40.807469212717,-73.950796797226,Manhattan,2026-08-14T11:08:47.000,Failed for Rat Activity,"{'latitude': '40.807469212717', 'longitude': '-73.950796797226', 'human_address': '{""address"": """", ""city"": """", ""state"": """", ""zip"": """"}'}",10,9,220,Harlem (South),1019270046,1058524,997871,233466
Stoppage,PC8740037,1,1198,26,9,West 84 street,10024,40.784225289366,-73.970880583967,Manhattan,2026-08-14T11:09:00.000,Stoppage done,"{'latitude': '40.784225289366', 'longitude': '-73.970880583967', 'human_address': '{""address"": """", ""city"": """", ""state"": """", ""zip"": """"}'}",7,6,169,Upper West Side (Central),1011980026,1031309,,
Treatments,PC8477739,3,1394,39,954,EASTERN PARKWAY,11213,40.669107213479,-73.937074917491,Brooklyn,2026-08-14T11:10:42.000,Bait applied,"{'latitude': '40.669107213479', 'longitude': '-73.937074917491', 'human_address': '{""address"": """", ""city"": """", ""state"": """", ""zip"": """"}'}",9,35,33702,Crown Heights (South),3013940039,3037476,,
Treatments,PC8733705,1,1770,24,151,EAST 121 STREET,10035,40.80170508038,-73.939015146896,Manhattan,2026-08-14T11:10:43.000,Bait applied,"{'latitude': '40.80170508038', 'longitude': '-73.939015146896', 'human_address': '{""address"": """", ""city"": """", ""state"": """", ""zip"": """"}'}",11,8,196,East Harlem (North),1017700024,1054387,,
Initial,PC8765520,2,2677,19,834,EAST  161 STREET,10459,40.820596127788,-73.901855907945,Bronx,2026-08-14T11:13:00.000,Failed for Rat Activity,"{'latitude': '40.820596127788', 'longitude': '-73.901855907945', 'human_address': '{""address"": """", ""city"": """", ""state"": """", ""zip"": """"}'}",1,17,77,Melrose,2026770019,2005007,1011414,238260
Compliance,PC8375603,1,1927,48,230,WEST  122 STREET,10027,40.807485698207,-73.950836520359,Manhattan,2026-08-14T11:13:21.000,Failed for Rat Activity and Other Reason,"{'latitude': '40.807485698207', 'longitude': '-73.950836520359', 'human_address': '{""address"": """", ""city"": """", ""state"": """", ""zip"": """"}'}",10,9,220,Harlem (South),1019270048,1000000,997860,233472
Stoppage,PC8735311,2,2738,1,1230,LAFAYETTE AVENUE,10474,40.816463039207,-73.890272173361,Bronx,2026-08-14T11:14:00.000,Stoppage done,"{'latitude': '40.816463039207', 'longitude': '-73.890272173361', 'human_address': '{""address"": """", ""city"": """", ""state"": """", ""zip"": """"}'}",2,17,9301,Hunts Point,2027380001,2096501,,
Compliance,PC8698045,4,3492,7501,62-49,FOREST AVENUE,11385,40.712310485569,-73.905796236739,Queens,2026-08-14T11:15:00.000,Failed for Rat Activity,"{'latitude': '40.712310485569', 'longitude': '-73.905796236739', 'human_address': '{""address"": """", ""city"": """", ""state"": """", ""zip"": """"}'}",5,30,59501,Ridgewood,4034927501,4000000,1010375,198782
Treatments,PC8700455,2,2437,22,1055,COLLEGE AVENUE,10456,40.829815298571,-73.915111118431,Bronx,2026-08-14T11:15:36.000,Bait applied,"{'latitude': '40.829815298571', 'longitude': '-73.915111118431', 'human_address': '{""address"": """", ""city"": """", ""state"": """", ""zip"": """"}'}",4,16,175,Concourse-Concourse Village,2024370022,2002391,,
Treatments,PC8620690,3,1646,11,654,MADISON STREET,11221,40.686854710809,-73.93187664765,Brooklyn,2026-08-14T11:17:04.000,Monitoring visit,"{'latitude': '40.686854710809', 'longitude': '-73.93187664765', 'human_address': '{""address"": """", ""city"": """", ""state"": """", ""zip"": """"}'}",3,36,293,Bedford-Stuyvesant (East),3016460011,3000000,1003143,189526
Initial,PC8765068,2,5323,40,1173,THROGMORTON AVENUE,10465,40.836680727786,-73.822203385757,Bronx,2026-08-14T11:17:26.000,Failed for Other Reason,"{'latitude': '40.836680727786', 'longitude': '-73.822203385757', 'human_address': '{""address"": """", ""city"": """", ""state"": """", ""zip"": """"}'}",10,13,27401,Pelham Bay-Country Club-City Island,2053230040,2072909,1033448,244155
Compliance,PC8726431,1,1942,16,237,WEST  136 STREET,10030,40.816482786956,-73.944409909105,Manhattan,2026-08-14T11:17:29.000,Failed for Rat Activity,"{'latitude': '40.816482786956', 'longitude': '-73.944409909105', 'human_address': '{""address"": """", ""city"": """", ""state"": """", ""zip"": """"}'}",10,9,228,Harlem (North),1019420016,1058944,999637,236751
Initial,PC8764321,3,2599,15,220,CALYER STREET,11222,40.728889632084,-73.95093441776,Brooklyn,2026-08-14T11:19:00.000,Failed for Other Reason,"{'latitude': '40.728889632084', 'longitude': '-73.95093441776', 'human_address': '{""address"": """", ""city"": """", ""state"": """", ""zip"": """"}'}",1,33,573,Greenpoint,3025990015,3065394,997849,204837
Initial,PC8766420,1,1074,18,517,WEST 45 STREET,10036,40.762054007216,-73.995260290633,Manhattan,2026-08-14T11:20:00.000,Failed for Other Reason,"{'latitude': '40.762054007216', 'longitude': '-73.995260290633', 'human_address': '{""address"": """", ""city"": """", ""state"": """", ""zip"": """"}'}",4,3,12901,Hell's Kitchen,1010740018,1083791,,
Treatments,PC8738023,1,2133,10,580,WEST  176 STREET,10033,40.845866085006,-73.935548054873,Manhattan,2026-08-14T11:20:06.000,Bait applied,"{'latitude': '40.845866085006', 'longitude': '-73.935548054873', 'human_address': '{""address"": """", ""city"": """", ""state"": """", ""zip"": """"}'}",12,10,261,Washington Heights (South),1021330010,1063218,1002082,247458
Treatments,PC8679422,3,1394,39,954,EASTERN PARKWAY,11213,40.669107213479,-73.937074917491,Brooklyn,2026-08-14T11:20:42.000,Bait applied,"{'latitude': '40.669107213479', 'longitude': '-73.937074917491', 'human_address': '{""address"": """", ""city"": """", ""state"": """", ""zip"": """"}'}",9,35,33702,Crown Heights (South),3013940039,3037476,,
Compliance,PC8742029,3,1233,2,113,ROGERS AVENUE,11216,40.673761720852,-73.952907429628,Brooklyn,2026-08-14T11:21:00.000,Failed for Rat Activity,"{'latitude': '40.673761720852', 'longitude': '-73.952907429628', 'human_address': '{""address"": """", ""city"": """", ""state"": """", ""zip"": """"}'}",8,36,31701,Crown Heights (North),3012330002,3031187,,
Treatments,PC8623345,1,2165,19,611,WEST 181 STREET,10033,40.8494800786,-73.934098701234,Manhattan,2026-08-14T11:21:39.000,Bait applied,"{'latitude': '40.8494800786', 'longitude': '-73.934098701234', 'human_address': '{""address"": """", ""city"": """", ""state"": """", ""zip"": """"}'}",12,10,271,Washington Heights (North),1021650019,1063946,,
Treatments,PC8736975,2,3167,32,2538,CRESTON AVENUE,10468,40.863810857471,-73.897384738638,Bronx,2026-08-14T11:21:45.000,Bait applied,"{'latitude': '40.863810857471', 'longitude': '-73.897384738638', 'human_address': '{""address"": """", ""city"": """", ""state"": """", ""zip"": """"}'}",7,14,401,University Heights (North)-Fordham,2031670032,2013815,1012633,254006
Compliance,PC8751163,1,2084,20,519,WEST 152 STREET,10031,40.830031249569,-73.94527663492,Manhattan,2026-08-14T11:21:49.000,Failed for Rat Activity and Other Reason,"{'latitude': '40.830031249569', 'longitude': '-73.94527663492', 'human_address': '{""address"": """", ""city"": """", ""state"": """", ""zip"": """"}'}",9,7,237,Hamilton Heights-Sugar Hill,1020840020,1062228,,
Initial,PC8761882,3,1579,34,846,BROADWAY,11206,40.698993290682,-73.93885701628,Brooklyn,2026-08-14T11:23:58.000,Failed for Rat Activity,"{'latitude': '40.698993290682', 'longitude': '-73.93885701628', 'human_address': '{""address"": """", ""city"": """", ""state"": """", ""zip"": """"}'}",3,36,28501,Bedford-Stuyvesant (East),3015790034,3251257,,
Initial,PC8760165,2,2868,119,1962,UNIVERSITY AVENUE,10453,40.854213593017,-73.911898786721,Bronx,2026-08-14T11:25:10.000,Failed for Other Reason,"{'latitude': '40.854213593017', 'longitude': '-73.911898786721', 'human_address': '{""address"": """", ""city"": """", ""state"": """", ""zip"": """"}'}",5,14,243,University Heights (South)-Morris Heights,2028680119,2008550,,
Treatments,PC8733813,1,1770,40,2240,3 AVENUE,10035,40.801616350121,-73.93734649069,Manhattan,2026-08-14T11:25:42.000,Bait applied,"{'latitude': '40.801616350121', 'longitude': '-73.93734649069', 'human_address': '{""address"": """", ""city"": """", ""state"": """", ""zip"": """"}'}",11,8,196,East Harlem (North),1017700040,1054394,,
Compliance,PC8708042,4,9937,52,179-33,HILLSIDE AVENUE,11432,40.712767538728,-73.783321736755,Queens,2026-08-14T11:25:55.000,Failed for Other Reason,"{'latitude': '40.712767538728', 'longitude': '-73.783321736755', 'human_address': '{""address"": """", ""city"": """", ""state"": """", ""zip"": """"}'}",8,24,466,Jamaica Estates-Holliswood,4099370052,4212923,,
Stoppage,PC8703247,1,1584,49,500,East 88 street,10128,40.777077104018,-73.945843864661,Manhattan,2026-08-14T11:27:00.000,Stoppage done,"{'latitude': '40.777077104018', 'longitude': '-73.945843864661', 'human_address': '{""address"": """", ""city"": """", ""state"": """", ""zip"": """"}'}",8,5,14402,Upper East Side-Yorkville,1015840049,1078787,,
Initial,PC8765147,3,7317,43,1241,AVENUE U,11229,40.598556997258,-73.958920263066,Brooklyn,2026-08-14T11:27:37.000,Failed for Other Reason,"{'latitude': '40.598556997258', 'longitude': '-73.958920263066', 'human_address': '{""address"": """", ""city"": """", ""state"": """", ""zip"": """"}'}",15,48,582,Gravesend (East)-Homecrest,3073170043,3197983,995658,157352
Initial,PC8766409,3,2446,93,197,BROADWAY,11211,40.709740769116,-73.961783960627,Brooklyn,2026-08-14T11:28:00.000,Failed for Rat Activity,"{'latitude': '40.709740769116', 'longitude': '-73.961783960627', 'human_address': '{""address"": """", ""city"": """", ""state"": """", ""zip"": """"}'}",1,34,525,Williamsburg,3024460093,3063465,,
Initial,PC8766060,2,3214,33,000,WEST  192 STREET,,0.00000000000000000000,0.00000000000000000000,Bronx,2026-08-14T11:30:10.000,Failed for Rat Activity and Other Reason,"{'latitude': '0.0', 'longitude': '0.0', 'human_address': '{""address"": """", ""city"": """", ""state"": """", ""zip"": """"}'}",,,,,,,,
Initial,PC8766064,2,3213,49,000,WEST FORDHAM ROAD,,0.00000000000000000000,0.00000000000000000000,Bronx,2026-08-14T11:30:10.000,Failed for Rat Activity and Other Reason,"{'latitude': '0.0', 'longitude': '0.0', 'human_address': '{""address"": """", ""city"": """", ""state"": """", ""zip"": """"}'}",,,,,,,,
Initial,PC8766063,2,3213,48,000,WEST FORDHAM ROAD,,0.00000000000000000000,0.00000000000000000000,Bronx,2026-08-14T11:30:10.000,Failed for Rat Activity and Other Reason,"{'latitude': '0.0', 'longitude': '0.0', 'human_address': '{""address"": """", ""city"": """", ""state"": """", ""zip"": """"}'}",,,,,,,,
Initial,PC8766062,2,3213,27,000,WEST  188 STREET,,0.00000000000000000000,0.00000000000000000000,Bronx,2026-08-14T11:30:10.000,Failed for Rat Activity and Other Reason,"{'latitude': '0.0', 'longitude': '0.0', 'human_address': '{""address"": """", ""city"": """", ""state"": """", ""zip"": """"}'}",,,,,,,,
Initial,PC8766059,2,3215,31,000,AQUEDUCT AVENUE WEST,,0.00000000000000000000,0.00000000000000000000,Bronx,2026-08-14T11:30:10.000,Failed for Rat Activity and Other Reason,"{'latitude': '0.0', 'longitude': '0.0', 'human_address': '{""address"": """", ""city"": """", ""state"": """", ""zip"": """"}'}",,,,,,,,
Initial,PC8766061,2,3213,70,000,AQUEDUCT AVENUE WEST,,0.00000000000000000000,0.00000000000000000000,Bronx,2026-08-14T11:30:10.000,Failed for Rat Activity and Other Reason,"{'latitude': '0.0', 'longitude': '0.0', 'human_address': '{""address"": """", ""city"": """", ""state"": """", ""zip"": """"}'}",,,,,,,,
Treatments,PC8697207,3,1395,7,964,EASTERN PARKWAY,11213,40.669051755278,-73.936058422029,Brooklyn,2026-08-14T11:30:42.000,Bait applied,"{'latitude': '40.669051755278', 'longitude': '-73.936058422029', 'human_address': '{""address"": """", ""city"": """", ""state"": """", ""zip"": """"}'}",9,35,35302,Crown Heights (South),3013950007,3037508,1001988,183039
Initial,PC8760302,2,2868,123,1970,UNIVERSITY AVENUE,10453,40.854320557094,-73.911793813529,Bronx,2026-08-14T11:33:10.000,Failed for Rat Activity,"{'latitude': '40.854320557094', 'longitude': '-73.911793813529', 'human_address': '{""address"": """", ""city"": """", ""state"": """", ""zip"": """"}'}",5,14,243,University Heights (South)-Morris Heights,2028680123,2008552,,
Compliance,PC8742211,3,1233,79,763,PARK PLACE,11216,40.673530858135,-73.952179378684,Brooklyn,2026-08-14T11:34:43.000,Failed for Rat Activity,"{'latitude': '40.673530858135', 'longitude': '-73.952179378684', 'human_address': '{""address"": """", ""city"": """", ""state"": """", ""zip"": """"}'}",8,36,31701,Crown Heights (North),3012330079,3031226,,
Initial,PC8760707,2,2868,125,1974,UNIVERSITY AVENUE,10453,40.854375410073,-73.911739517548,Bronx,2026-08-14T11:35:10.000,Failed for Rat Activity,"{'latitude': '40.854375410073', 'longitude': '-73.911739517548', 'human_address': '{""address"": """", ""city"": """", ""state"": """", ""zip"": """"}'}",5,14,243,University Heights (South)-Morris Heights,2028680125,2008553,,
Treatments,PC8648389,2,2450,48,1235,MORRIS AVENUE,10456,40.834013672525,-73.913663853593,Bronx,2026-08-14T11:36:36.000,Bait applied,"{'latitude': '40.834013672525', 'longitude': '-73.913663853593', 'human_address': '{""address"": """", ""city"": """", ""state"": """", ""zip"": """"}'}",4,16,17901,Concourse-Concourse Village,2024500048,2002622,,
Initial,PC8758335,2,2796,13,1758,EASTBURN AVENUE,10457,40.84637183456,-73.908323700915,Bronx,2026-08-14T11:36:59.000,Failed for Rat Activity and Other Reason,"{'latitude': '40.84637183456', 'longitude': '-73.908323700915', 'human_address': '{""address"": """", ""city"": """", ""state"": """", ""zip"": """"}'}",5,14,22901,Mount Hope,2027960013,2007419,,
Initial,PC8762636,1,921,27,239,1 AVENUE,10003,40.731566669381,-73.982280257293,Manhattan,2026-08-14T11:37:10.000,Failed for Rat Activity,"{'latitude': '40.731566669381', 'longitude': '-73.982280257293', 'human_address': '{""address"": """", ""city"": """", ""state"": """", ""zip"": """"}'}",6,2,48,Gramercy,1009210027,1082155,,
Initial,PC8760038,2,2868,127,1978,UNIVERSITY AVENUE,10453,40.854427515517,-73.911681610273,Bronx,2026-08-14T11:37:10.000,Failed for Other Reason,"{'latitude': '40.854427515517', 'longitude': '-73.911681610273', 'human_address': '{""address"": """", ""city"": """", ""state"": """", ""zip"": """"}'}",5,14,243,University Heights (South)-Morris Heights,2028680127,2008554,,
Initial,PC8764451,3,4516,7501,901,DREW STREET,11208,40.667406267159,-73.8603578599,Brooklyn,2026-08-14T11:37:20.000,Failed for Rat Activity and Other Reason,"{'latitude': '40.667406267159', 'longitude': '-73.8603578599', 'human_address': '{""address"": """", ""city"": """", ""state"": """", ""zip"": """"}'}",5,42,1220,East New York-City Line,3045167501,3323063,1022989,182464
Treatments,PC8371360,3,1646,22,670,MADISON STREET,11221,40.686912056417,-73.931382601158,Brooklyn,2026-08-14T11:37:44.000,Monitoring visit,"{'latitude': '40.686912056417', 'longitude': '-73.931382601158', 'human_address': '{""address"": """", ""city"": """", ""state"": """", ""zip"": """"}'}",3,36,293,Bedford-Stuyvesant (East),3016460022,3045206,,
Initial,PC8751743,1,1241,108,255,WEST   93 STREET,10025,40.792995480271,-73.973830953465,Manhattan,2026-08-14T11:37:45.000,Failed for Rat Activity and Other Reason,"{'latitude': '40.792995480271', 'longitude': '-73.973830953465', 'human_address': '{""address"": """", ""city"": """", ""state"": """", ""zip"": """"}'}",7,7,179,Upper West Side (Central),1012410108,1033656,991496,228190
Compliance,PC8740950,3,2431,17,160,SOUTH    3 STREET,11211,40.712142361339,-73.961540901434,Brooklyn,2026-08-14T11:38:00.000,Failed for Rat Activity,"{'latitude': '40.712142361339', 'longitude': '-73.961540901434', 'human_address': '{""address"": """", ""city"": """", ""state"": """", ""zip"": """"}'}",1,34,551,Williamsburg,3024310017,3063275,994912,198734
Compliance,PC8746241,1,2084,52,534,WEST  153 STREET,10031,40.830711815368,-73.94500505512,Manhattan,2026-08-14T11:39:00.000,Failed for Rat Activity and Other Reason,"{'latitude': '40.830711815368', 'longitude': '-73.94500505512', 'human_address': '{""address"": """", ""city"": """", ""state"": """", ""zip"": """"}'}",9,7,237,Hamilton Heights-Sugar Hill,1020840052,1062247,999469,241935
Initial,PC8760395,2,2868,34,1880,UNIVERSITY AVENUE,10453,40.852565043733,-73.913260130351,Bronx,2026-08-14T11:39:10.000,Failed for Other Reason,"{'latitude': '40.852565043733', 'longitude': '-73.913260130351', 'human_address': '{""address"": """", ""city"": """", ""state"": """", ""zip"": """"}'}",5,14,243,University Heights (South)-Morris Heights,2028680034,2008529,,
Initial,PC8766407,4,3492,45,,,11385,,,Queens,2026-08-14T11:40:00.000,Failed for Rat Activity,,,,,,,,,
Compliance,PC8744111,3,2575,15,311,ECKFORD STREET,11222,40.729680633598,-73.952138929164,Brooklyn,2026-08-14T11:40:00.000,Failed for Rat Activity and Other Reason,"{'latitude': '40.729680633598', 'longitude': '-73.952138929164', 'human_address': '{""address"": """", ""city"": """", ""state"": """", ""zip"": """"}'}",1,33,575,Greenpoint,3025750015,3065158,997515,205125
Treatments,PC8521571,1,1774,51,142,EAST 126 STREET,10035,40.804898668486,-73.936617343931,Manhattan,2026-08-14T11:40:56.000,Bait applied,"{'latitude': '40.804898668486', 'longitude': '-73.936617343931', 'human_address': '{""address"": """", ""city"": """", ""state"": """", ""zip"": """"}'}",11,8,196,East Harlem (North),1017740051,1054487,,
Compliance,PC8638317,2,3032,55,4673,PARK AVENUE,10458,40.858583250934,-73.892588375456,Bronx,2026-08-14T11:43:38.000,Failed for Rat Activity,"{'latitude': '40.858583250934', 'longitude': '-73.892588375456', 'human_address': '{""address"": """", ""city"": """", ""state"": """", ""zip"": """"}'}",6,15,38304,Belmont,2030320055,2011230,,
Initial,PC8762361,3,1578,17,794,BROADWAY,11206,40.699919162443,-73.940536772102,Brooklyn,2026-08-14T11:44:00.000,Failed for Rat Activity,"{'latitude': '40.699919162443', 'longitude': '-73.940536772102', 'human_address': '{""address"": """", ""city"": """", ""state"": """", ""zip"": """"}'}",3,36,28501,Bedford-Stuyvesant (East),3015780017,3337951,,
Treatments,PC8718750,2,3199,113,JEROME,AVENUE,10468,,,Bronx,2026-08-14T11:45:43.000,Bait applied,,,,,,,,,
Compliance,PC8748766,1,1815,7,EAST,118 STREET,10035,,,Manhattan,2026-08-14T11:45:59.000,Failed for Other Reason,,,,,,,,,
Initial,PC8760385,2,2868,19,1852,UNIVERSITY AVENUE,10453,40.851764233748,-73.914128711779,Bronx,2026-08-14T11:46:00.000,Failed for Other Reason,"{'latitude': '40.851764233748', 'longitude': '-73.914128711779', 'human_address': '{""address"": """", ""city"": """", ""state"": """", ""zip"": """"}'}",5,14,243,University Heights (South)-Morris Heights,2028680019,2008523,,
Compliance,PC8734091,3,2575,14,313,ECKFORD STREET,11222,40.72972730514,-73.952164152036,Brooklyn,2026-08-14T11:48:00.000,Failed for Rat Activity,"{'latitude': '40.72972730514', 'longitude': '-73.952164152036', 'human_address': '{""address"": """", ""city"": """", ""state"": """", ""zip"": """"}'}",1,33,575,Greenpoint,3025750014,3065157,997508,205142
Initial,PC8764342,3,7372,18,2232,HOMECREST AVENUE,11229,40.595573310282,-73.958634041959,Brooklyn,2026-08-14T11:49:37.000,Failed for Other Reason,"{'latitude': '40.595573310282', 'longitude': '-73.958634041959', 'human_address': '{""address"": """", ""city"": """", ""state"": """", ""zip"": """"}'}",15,48,584,Gravesend (East)-Homecrest,3073720018,3200573,995738,156265
Compliance,PC8751123,1,2084,53,536,WEST 153 STREET,10031,40.830728302822,-73.945044790741,Manhattan,2026-08-14T11:49:49.000,Failed for Rat Activity,"{'latitude': '40.830728302822', 'longitude': '-73.945044790741', 'human_address': '{""address"": """", ""city"": """", ""state"": """", ""zip"": """"}'}",9,7,237,Hamilton Heights-Sugar Hill,1020840053,1062248,,
Initial,PC8758549,2,2796,19,1774,EASTBURN AVENUE,10457,40.846511807284,-73.908312663959,Bronx,2026-08-14T11:49:59.000,Failed for Other Reason,"{'latitude': '40.846511807284', 'longitude': '-73.908312663959', 'human_address': '{""address"": """", ""city"": """", ""state"": """", ""zip"": """"}'}",5,14,22901,Mount Hope,2027960019,2007422,,
Initial,PC8763162,1,921,19,333,EAST 14 STREET,10003,40.731715057676,-73.983424011423,Manhattan,2026-08-14T11:51:00.000,Failed for Rat Activity and Other Reason,"{'latitude': '40.731715057676', 'longitude': '-73.983424011423', 'human_address': '{""address"": """", ""city"": """", ""state"": """", ""zip"": """"}'}",6,2,48,Gramercy,1009210019,1020402,,
Treatments,PC8647336,2,2450,107,1248,GRANT AVENUE,10456,40.834148882976,-73.914624937731,Bronx,2026-08-14T11:55:36.000,Bait applied,"{'latitude': '40.834148882976', 'longitude': '-73.914624937731', 'human_address': '{""address"": """", ""city"": """", ""state"": """", ""zip"": """"}'}",4,16,17901,Concourse-Concourse Village,2024500107,2103403,,
Initial,PC8764562,3,2575,13,315,ECKFORD STREET,11222,40.729773976676,-73.952189374943,Brooklyn,2026-08-14T11:56:00.000,Failed for Rat Activity,"{'latitude': '40.729773976676', 'longitude': '-73.952189374943', 'human_address': '{""address"": """", ""city"": """", ""state"": """", ""zip"": """"}'}",1,33,575,Greenpoint,3025750013,3065156,997501,205159
Compliance,PC8742209,3,1233,44,716,NOSTRAND AVENUE,11216,40.674070698475,-73.950113295312,Brooklyn,2026-08-14T11:57:00.000,Failed for Rat Activity,"{'latitude': '40.674070698475', 'longitude': '-73.950113295312', 'human_address': '{""address"": """", ""city"": """", ""state"": """", ""zip"": """"}'}",8,36,31701,Crown Heights (North),3012330044,3031211,,
Compliance,PC8712900,1,2041,47,2591,FREDRICK DOUGLASS BL,10030,40.818511478451,-73.945087434437,Manhattan,2026-08-14T11:59:29.000,Failed for Rat Activity,"{'latitude': '40.818511478451', 'longitude': '-73.945087434437', 'human_address': '{""address"": """", ""city"": """", ""state"": """", ""zip"": """"}'}",10,9,22102,Harlem (North),1020410047,1060668,,
Compliance,PC8726411,1,1323,34,234,EAST   50 STREET,10022,40.755438029814,-73.969886174137,Manhattan,2026-08-14T11:59:46.000,Failed for Rat Activity and Other Reason,"{'latitude': '40.755438029814', 'longitude': '-73.969886174137', 'human_address': '{""address"": """", ""city"": """", ""state"": """", ""zip"": """"}'}",6,4,98,East Midtown-Turtle Bay,1013230034,1038236,992593,214507
Initial,PC8756804,2,2517,1,75,WEST 168 STREET,10452,40.838228583738,-73.923885933689,Bronx,2026-08-14T12:00:01.000,Failed for Rat Activity,"{'latitude': '40.838228583738', 'longitude': '-73.923885933689', 'human_address': '{""address"": """", ""city"": """", ""state"": """", ""zip"": """"}'}",4,16,211,Highbridge,2025170001,2096419,,
Compliance,PC8638280,2,3032,30,408,EAST 189 STREET,10458,40.860388997813,-73.892281771604,Bronx,2026-08-14T12:00:38.000,Failed for Rat Activity,"{'latitude': '40.860388997813', 'longitude': '-73.892281771604', 'human_address': '{""address"": """", ""city"": """", ""state"": """", ""zip"": """"}'}",6,15,38304,Belmont,2030320030,2000000,,
Compliance,PC8751143,1,2084,61,550,WEST 153 STREET,10031,40.830843712889,-73.945319327068,Manhattan,2026-08-14T12:02:49.000,Failed for Rat Activity,"{'latitude': '40.830843712889', 'longitude': '-73.945319327068', 'human_address': '{""address"": """", ""city"": """", ""state"": """", ""zip"": """"}'}",9,7,237,Hamilton Heights-Sugar Hill,1020840061,1062251,,
Compliance,PC8742662,3,1233,43,712,NOSTRAND AVENUE,11216,40.67417499525,-73.950102401824,Brooklyn,2026-08-14T12:04:37.000,Failed for Rat Activity,"{'latitude': '40.67417499525', 'longitude': '-73.950102401824', 'human_address': '{""address"": """", ""city"": """", ""state"": """", ""zip"": """"}'}",8,36,31701,Crown Heights (North),3012330043,3031210,,
Initial,PC8754731,1,1324,22,255,EAST   50 STREET,10022,40.755317172773,-73.969554158141,Manhattan,2026-08-14T12:04:46.000,Failed for Other Reason,"{'latitude': '40.755317172773', 'longitude': '-73.969554158141', 'human_address': '{""address"": """", ""city"": """", ""state"": """", ""zip"": """"}'}",6,4,98,East Midtown-Turtle Bay,1013240022,1038438,992685,214463
Compliance,PC8736629,3,2433,7502,235,ROEBLING STREET,11211,40.71131825704,-73.959582737526,Brooklyn,2026-08-14T12:08:00.000,Failed for Other Reason,"{'latitude': '40.71131825704', 'longitude': '-73.959582737526', 'human_address': '{""address"": """", ""city"": """", ""state"": """", ""zip"": """"}'}",1,34,523,Williamsburg,3024337502,3392289,995455,198434
Initial,PC8749102,3,6801,69,1745,EAST   18 STREET,11229,40.607440442111,-73.955111655122,Brooklyn,2026-08-14T12:08:37.000,Failed for Other Reason,"{'latitude': '40.607440442111', 'longitude': '-73.955111655122', 'human_address': '{""address"": """", ""city"": """", ""state"": """", ""zip"": """"}'}",15,48,552,Madison,3068010069,3183161,996714,160589
Compliance,PC8713846,1,2041,58,304,WEST 139 STREET,10030,40.819178426612,-73.945036300766,Manhattan,2026-08-14T12:10:56.000,Failed for Rat Activity,"{'latitude': '40.819178426612', 'longitude': '-73.945036300766', 'human_address': '{""address"": """", ""city"": """", ""state"": """", ""zip"": """"}'}",10,9,22102,Harlem (North),1020410058,1060673,,
Treatments,PC8655502,2,3198,81,2359,JEROME AVENUE,10468,40.860112954857,-73.902838538505,Bronx,2026-08-14T12:15:18.000,Bait applied,"{'latitude': '40.860112954857', 'longitude': '-73.902838538505', 'human_address': '{""address"": """", ""city"": """", ""state"": """", ""zip"": """"}'}",7,14,239,Fordham Heights,2031980081,2014279,,
Treatments,PC8444077,2,2447,19,1007,GRANT AVENUE,10456,40.829169329731,-73.917569118156,Bronx,2026-08-14T12:15:36.000,Bait applied,"{'latitude': '40.829169329731', 'longitude': '-73.917569118156', 'human_address': '{""address"": """", ""city"": """", ""state"": """", ""zip"": """"}'}",4,16,18302,Concourse-Concourse Village,2024470019,2002503,,
Compliance,PC8747270,1,1746,33,1700,PARK AVENUE,10035,40.801377115634,-73.941720816684,Manhattan,2026-08-14T12:15:59.000,Failed for Rat Activity,"{'latitude': '40.801377115634', 'longitude': '-73.941720816684', 'human_address': '{""address"": """", ""city"": """", ""state"": """", ""zip"": """"}'}",11,9,198,East Harlem (North),1017460033,1000000,,
Compliance,PC8743981,1,2062,37,402,WEST  148 STREET,10031,40.826204457536,-73.943982610113,Manhattan,2026-08-14T12:16:33.000,Failed for Rat Activity,"{'latitude': '40.826204457536', 'longitude': '-73.943982610113', 'human_address': '{""address"": """", ""city"": """", ""state"": """", ""zip"": """"}'}",9,9,231,Hamilton Heights-Sugar Hill,1020620037,1061455,999753,240293
Initial,PC8765108,2,2379,7,415,EAST  157 STREET,10451,40.821465348392,-73.914511202559,Bronx,2026-08-14T12:16:35.000,Failed for Other Reason,"{'latitude': '40.821465348392', 'longitude': '-73.914511202559', 'human_address': '{""address"": """", ""city"": """", ""state"": """", ""zip"": """"}'}",1,17,69,Melrose,2023790007,2114612,1007911,238573
Initial,PC8762793,1,921,15,325,EAST 14 STREET,10003,40.731940204327,-73.983957967969,Manhattan,2026-08-14T12:18:20.000,Failed for Rat Activity,"{'latitude': '40.731940204327', 'longitude': '-73.983957967969', 'human_address': '{""address"": """", ""city"": """", ""state"": """", ""zip"": """"}'}",6,2,48,Gramercy,1009210015,1020398,,
Compliance,PC8742019,3,1233,39,782,PROSPECT PLACE,11216,40.674342781481,-73.950924231038,Brooklyn,2026-08-14T12:25:23.000,Failed for Rat Activity,"{'latitude': '40.674342781481', 'longitude': '-73.950924231038', 'human_address': '{""address"": """", ""city"": """", ""state"": """", ""zip"": """"}'}",8,36,31701,Crown Heights (North),3012330039,3031207,,
Compliance,PC8739755,3,2504,56,139,FREEMAN STREET,11222,40.734323690952,-73.956295979308,Brooklyn,2026-08-14T12:27:00.000,Failed for Rat Activity,"{'latitude': '40.734323690952', 'longitude': '-73.956295979308', 'human_address': '{""address"": """", ""city"": """", ""state"": """", ""zip"": """"}'}",1,33,56301,Greenpoint,3025040056,3063934,996362,206816
Compliance,PC8653374,1,1209,1,731,COLUMBUS AVENUE,10025,40.79259044262,-73.967706018937,Manhattan,2026-08-14T12:28:45.000,Failed for Rat Activity,"{'latitude': '40.79259044262', 'longitude': '-73.967706018937', 'human_address': '{""address"": """", ""city"": """", ""state"": """", ""zip"": """"}'}",7,6,181,Upper West Side (Central),1012090001,1088109,993192,228043
Initial,PC8764301,3,2368,26,88,HAVEMEYER STREET,11211,40.713743394348,-73.956208523809,Brooklyn,2026-08-14T12:30:00.000,Failed for Rat Activity and Other Reason,"{'latitude': '40.713743394348', 'longitude': '-73.956208523809', 'human_address': '{""address"": """", ""city"": """", ""state"": """", ""zip"": """"}'}",1,34,519,Williamsburg,3023680026,3000000,996390,199318
Initial,PC8757074,2,2517,15,1262,NELSON AVENUE,10452,40.839057849401,-73.924423471396,Bronx,2026-08-14T12:32:18.000,Failed for Rat Activity and Other Reason,"{'latitude': '40.839057849401', 'longitude': '-73.924423471396', 'human_address': '{""address"": """", ""city"": """", ""state"": """", ""zip"": """"}'}",4,16,211,Highbridge,2025170015,2115822,,
Compliance,PC8670699,2,3091,1,2480,BELMONT AVENUE,10458,40.856736524095,-73.884587773472,Bronx,2026-08-14T12:33:13.000,Failed for Rat Activity,"{'latitude': '40.856736524095', 'longitude': '-73.884587773472', 'human_address': '{""address"": """", ""city"": """", ""state"": """", ""zip"": """"}'}",6,15,389,Belmont,2030910001,2012561,,
Initial,PC8766072,1,1994,1,000,RIVERSIDE DRIVE,,0.00000000000000000000,0.00000000000000000000,Manhattan,2026-08-14T12:34:12.000,Failed for Rat Activity,"{'latitude': '0.0', 'longitude': '0.0', 'human_address': '{""address"": """", ""city"": """", ""state"": """", ""zip"": """"}'}",,,,,,,,
Treatments,PC8671113,2,3197,14,21,WEST 183 STREET,10453,40.858739644125,-73.904991538329,Bronx,2026-08-14T12:40:08.000,Bait applied,"{'latitude': '40.858739644125', 'longitude': '-73.904991538329', 'human_address': '{""address"": """", ""city"": """", ""state"": """", ""zip"": """"}'}",7,14,253,University Heights (North)-Fordham,2031970014,2014230,,
Initial,PC8757100,2,2517,21,1278,NELSON AVENUE,10452,40.839299276661,-73.92425695019,Bronx,2026-08-14T12:44:59.000,Failed for Rat Activity,"{'latitude': '40.839299276661', 'longitude': '-73.92425695019', 'human_address': '{""address"": """", ""city"": """", ""state"": """", ""zip"": """"}'}",4,16,211,Highbridge,2025170021,2003306,,
Initial,PC8765214,2,2663,62,747,EAST  168 STREET,10456,40.829409098493,-73.901391170607,Bronx,2026-08-14T12:47:09.000,Failed for Rat Activity,"{'latitude': '40.829409098493', 'longitude': '-73.901391170607', 'human_address': '{""address"": """", ""city"": """", ""state"": """", ""zip"": """"}'}",3,17,151,Morrisania,2026630062,2091982,1011539,241471
Compliance,PC8726156,3,2328,8,185,BEDFORD AVENUE,11211,40.717740375817,-73.957803975929,Brooklyn,2026-08-14T12:50:00.000,Failed for Rat Activity,"{'latitude': '40.717740375817', 'longitude': '-73.957803975929', 'human_address': '{""address"": """", ""city"": """", ""state"": """", ""zip"": """"}'}",1,34,553,Williamsburg,3023280008,3062094,,
Initial,PC8759902,1,1851,7501,750,COLUMBUS AVENUE,10025,40.793271006537,-73.967232576915,Manhattan,2026-08-14T12:50:45.000,Failed for Rat Activity and Other Reason,"{'latitude': '40.793271006537', 'longitude': '-73.967232576915', 'human_address': '{""address"": """", ""city"": """", ""state"": """", ""zip"": """"}'}",7,7,181,Upper West Side (Central),1018517501,1079308,993323,228291
Initial,PC8766016,1,1347,22,349,EAST   54 STREET,10022,40.756888780354,-73.965525177879,Manhattan,2026-08-14T12:50:46.000,Failed for Other Reason,"{'latitude': '40.756888780354', 'longitude': '-73.965525177879', 'human_address': '{""address"": """", ""city"": """", ""state"": """", ""zip"": """"}'}",6,4,10801,East Midtown-Turtle Bay,1013470022,1039950,,
Treatments,PC8720809,3,1642,66,713A,MADISON STREET,11221,40.6872889257,-73.928263220788,Brooklyn,2026-08-14T12:51:45.000,Bait applied,"{'latitude': '40.6872889257', 'longitude': '-73.928263220788', 'human_address': '{""address"": """", ""city"": """", ""state"": """", ""zip"": """"}'}",3,36,385,Bedford-Stuyvesant (East),3016420066,3045029,,
Compliance,PC8742654,3,1233,11,99,ROGERS AVENUE,11216,40.674198122444,-73.952863859589,Brooklyn,2026-08-14T12:54:37.000,Failed for Rat Activity,"{'latitude': '40.674198122444', 'longitude': '-73.952863859589', 'human_address': '{""address"": """", ""city"": """", ""state"": """", ""zip"": """"}'}",8,36,31701,Crown Heights (North),3012330011,3031193,,
Compliance,PC8737072,3,3451,3,1453,BUSHWICK AVENUE,11207,40.683802416853,-73.908129815024,Brooklyn,2026-08-14T12:55:00.000,Failed for Rat Activity,"{'latitude': '40.683802416853', 'longitude': '-73.908129815024', 'human_address': '{""address"": """", ""city"": """", ""state"": """", ""zip"": """"}'}",4,37,403,Bushwick (East),3034510003,3390408,,
Compliance,PC8732469,1,1347,44,310,EAST   55 STREET,10022,40.757772651121,-73.965719637017,Manhattan,2026-08-14T12:55:46.000,Failed for Other Reason,"{'latitude': '40.757772651121', 'longitude': '-73.965719637017', 'human_address': '{""address"": """", ""city"": """", ""state"": """", ""zip"": """"}'}",6,4,10801,East Midtown-Turtle Bay,1013470044,1039960,993747,215358
Initial,PC8757206,2,2517,24,98,WEST 169 STREET,10452,40.839603372056,-73.92339645695,Bronx,2026-08-14T12:56:10.000,Failed for Other Reason,"{'latitude': '40.839603372056', 'longitude': '-73.92339645695', 'human_address': '{""address"": """", ""city"": """", ""state"": """", ""zip"": """"}'}",4,16,211,Highbridge,2025170024,2129235,,
Compliance,PC8747320,2,3110,82,2139,MAPES AVENUE,10460,40.847851720196,-73.884491198663,Bronx,2026-08-14T13:00:13.000,Failed for Other Reason,"{'latitude': '40.847851720196', 'longitude': '-73.884491198663', 'human_address': '{""address"": """", ""city"": """", ""state"": """", ""zip"": """"}'}",6,15,371,Tremont,2031100082,2012973,,
Initial,PC8759366,3,2594,27,187,GUERNSEY STREET,11222,40.727134550094,-73.954749300826,Brooklyn,2026-08-14T13:03:00.000,Failed for Rat Activity,"{'latitude': '40.727134550094', 'longitude': '-73.954749300826', 'human_address': '{""address"": """", ""city"": """", ""state"": """", ""zip"": """"}'}",1,33,561,Greenpoint,3025940027,3065290,996792,204197
Initial,PC8756986,2,2517,26,96,WEST 169 STREET,10452,40.839578628459,-73.923335046597,Bronx,2026-08-14T13:04:14.000,Failed for Rat Activity and Other Reason,"{'latitude': '40.839578628459', 'longitude': '-73.923335046597', 'human_address': '{""address"": """", ""city"": """", ""state"": """", ""zip"": """"}'}",4,16,211,Highbridge,2025170026,2000000,,
Treatments,PC8326367,3,1148,20,802,BERGEN STREET,11238,40.677917646722,-73.961117267389,Brooklyn,2026-08-14T13:05:00.000,Bait applied,"{'latitude': '40.677917646722', 'longitude': '-73.961117267389', 'human_address': '{""address"": """", ""city"": """", ""state"": """", ""zip"": """"}'}",8,35,305,Crown Heights (North),3011480020,3389676,,
Treatments,PC8717605,3,1648,18,796,MADISON STREET,11221,40.687556336491,-73.925785757956,Brooklyn,2026-08-14T13:06:53.000,Monitoring visit,"{'latitude': '40.687556336491', 'longitude': '-73.925785757956', 'human_address': '{""address"": """", ""city"": """", ""state"": """", ""zip"": """"}'}",3,41,385,Bedford-Stuyvesant (East),3016480018,3045326,,
Initial,PC8764439,3,2305,18,500,DRIGGS AVENUE,11211,40.718453082404,-73.955339626563,Brooklyn,2026-08-14T13:08:00.000,Failed for Rat Activity,"{'latitude': '40.718453082404', 'longitude': '-73.955339626563', 'human_address': '{""address"": """", ""city"": """", ""state"": """", ""zip"": """"}'}",1,33,517,Williamsburg,3023050018,3061702,996630,201034
Initial,PC8764346,3,6834,60,1857,EAST   28 STREET,11229,40.605901638474,-73.944881238952,Brooklyn,2026-08-14T13:08:37.000,Failed for Rat Activity,"{'latitude': '40.605901638474', 'longitude': '-73.944881238952', 'human_address': '{""address"": """", ""city"": """", ""state"": """", ""zip"": """"}'}",15,48,564,Madison,3068340060,3184556,999555,160030
Compliance,PC8747116,2,3110,181,2141B,MAPES AVENUE,10460,40.847903826487,-73.884447733688,Bronx,2026-08-14T13:09:13.000,Failed for Other Reason,"{'latitude': '40.847903826487', 'longitude': '-73.884447733688', 'human_address': '{""address"": """", ""city"": """", ""state"": """", ""zip"": """"}'}",6,15,371,Tremont,2031100181,2000000,,
Compliance,PC8739414,3,3451,1,1459,BUSHWICK AVENUE,11207,40.683722702752,-73.907985702179,Brooklyn,2026-08-14T13:10:00.000,Failed for Rat Activity and Other Reason,"{'latitude': '40.683722702752', 'longitude': '-73.907985702179', 'human_address': '{""address"": """", ""city"": """", ""state"": """", ""zip"": """"}'}",4,37,403,Bushwick (East),3034510001,3080229,1009770,188391
Initial,PC8756704,2,2517,27,94,WEST 169 STREET,10452,40.83955113768,-73.923270025416,Bronx,2026-08-14T13:12:03.000,Failed for Rat Activity and Other Reason,"{'latitude': '40.83955113768', 'longitude': '-73.923270025416', 'human_address': '{""address"": """", ""city"": """", ""state"": """", ""zip"": """"}'}",4,16,211,Highbridge,2025170027,2000000,,
Compliance,PC8747266,2,3110,180,2141A,MAPES AVENUE,10460,40.847903826487,-73.884447733688,Bronx,2026-08-14T13:18:13.000,Failed for Other Reason,"{'latitude': '40.847903826487', 'longitude': '-73.884447733688', 'human_address': '{""address"": """", ""city"": """", ""state"": """", ""zip"": """"}'}",6,15,371,Tremont,2031100180,2012992,,
Treatments,PC8656046,3,1136,58,549,BERGEN STREET,11217,40.680245687402,-73.972166415363,Brooklyn,2026-08-14T13:19:00.000,Bait applied,"{'latitude': '40.680245687402', 'longitude': '-73.972166415363', 'human_address': '{""address"": """", ""city"": """", ""state"": """", ""zip"": """"}'}",8,35,161,Prospect Heights,3011360058,3027830,991970,187112
Compliance,PC8727354,3,3462,10,1489,BUSHWICK AVENUE,11207,40.683109750809,-73.906912099097,Brooklyn,2026-08-14T13:25:00.000,Failed for Rat Activity,"{'latitude': '40.683109750809', 'longitude': '-73.906912099097', 'human_address': '{""address"": """", ""city"": """", ""state"": """", ""zip"": """"}'}",4,37,403,Bushwick (East),3034620010,3080397,,
Initial,PC8764993,2,4916,41,3601,DE REIMER AVENUE,10466,40.88304982037,-73.838631319302,Bronx,2026-08-14T13:25:04.000,Failed for Other Reason,"{'latitude': '40.88304982037', 'longitude': '-73.838631319302', 'human_address': '{""address"": """", ""city"": """", ""state"": """", ""zip"": """"}'}",12,12,48401,Eastchester-Edenwald-Baychester,2049160041,2000000,1028871,261040
Initial,PC8765177,3,6839,1,1893,BATCHELDER STREET,11229,40.605657613904,-73.939943998817,Brooklyn,2026-08-14T13:30:37.000,Failed for Rat Activity,"{'latitude': '40.605657613904', 'longitude': '-73.939943998817', 'human_address': '{""address"": """", ""city"": """", ""state"": """", ""zip"": """"}'}",15,46,564,Madison,3068390001,3184794,1000926,159942
Treatments,PC8671711,3,1143,16,498,BERGEN STREET,11217,40.680646892191,-73.974163643571,Brooklyn,2026-08-14T13:33:00.000,Bait applied,"{'latitude': '40.680646892191', 'longitude': '-73.974163643571', 'human_address': '{""address"": """", ""city"": """", ""state"": """", ""zip"": """"}'}",8,35,161,Prospect Heights,3011430016,3028039,991416,187258
Treatments,PC8690348,3,3366,21,970,MADISON STREET,11221,40.688885793443,-73.919127860615,Brooklyn,2026-08-14T13:37:23.000,Bait applied,"{'latitude': '40.688885793443', 'longitude': '-73.919127860615', 'human_address': '{""address"": """", ""city"": """", ""state"": """", ""zip"": """"}'}",4,37,397,Bushwick (East),3033660021,3076929,,
Treatments,PC8681830,3,3359,48,1105,MADISON STREET,11221,40.691848078652,-73.91624304542,Brooklyn,2026-08-14T13:53:29.000,Bait applied,"{'latitude': '40.691848078652', 'longitude': '-73.91624304542', 'human_address': '{""address"": """", ""city"": """", ""state"": """", ""zip"": """"}'}",4,37,415,Bushwick (East),3033590048,3342588,1007477,191349
Initial,PC8751992,3,7410,213,2333,BRIGHAM STREET,11229,40.59583637824,-73.934245578823,Brooklyn,2026-08-14T13:55:37.000,Failed for Other Reason,"{'latitude': '40.59583637824', 'longitude': '-73.934245578823', 'human_address': '{""address"": """", ""city"": """", ""state"": """", ""zip"": """"}'}",15,46,626,Sheepshead Bay-Manhattan Beach-Gerritsen Beach,3074100213,3202773,1002511,156365
Initial,PC8764327,5,6965,30,677,RAMONA AVENUE,10309,40.535634188595,-74.208349011642,Staten Island,2026-08-14T14:00:12.000,Failed for Other Reason,"{'latitude': '40.535634188595', 'longitude': '-74.208349011642', 'human_address': '{""address"": """", ""city"": """", ""state"": """", ""zip"": """"}'}",3,51,20803,Annadale-Huguenot-Prince's Bay-Woodrow,5069650030,5085310,926336,134494
Treatments,PC8742475,3,1202,22,1402,ATLANTIC AVENUE,11216,40.678229762168,-73.94567568048,Brooklyn,2026-08-14T14:15:00.000,Bait applied,"{'latitude': '40.678229762168', 'longitude': '-73.94567568048', 'human_address': '{""address"": """", ""city"": """", ""state"": """", ""zip"": """"}'}",8,36,313,Crown Heights (North),3012020022,3029827,,
Treatments,PC8737498,1,1918,11,157,West 133 Street,10030,40.813534490205,-73.943505609663,Manhattan,2026-08-15T07:50:10.000,Bait applied,"{'latitude': '40.813534490205', 'longitude': '-73.943505609663', 'human_address': '{""address"": """", ""city"": """", ""state"": """", ""zip"": """"}'}",10,9,226,Harlem (North),1019180011,1000000,,
Treatments,PC8700045,1,1926,27,203,WEST 120 STREET,10027,40.805973454325,-73.951097721749,Manhattan,2026-08-15T08:15:53.000,Bait applied,"{'latitude': '40.805973454325', 'longitude': '-73.951097721749', 'human_address': '{""address"": """", ""city"": """", ""state"": """", ""zip"": """"}'}",10,9,220,Harlem (South),1019260027,1000000,,
Treatments,PC8724171,2,2849,68,1735,WALTON AVENUE,10453,40.846716908441,-73.910842492381,Bronx,2026-08-15T08:42:53.000,Bait applied,"{'latitude': '40.846716908441', 'longitude': '-73.910842492381', 'human_address': '{""address"": """", ""city"": """", ""state"": """", ""zip"": """"}'}",5,14,22701,Mount Hope,2028490068,2000000,,
Treatments,PC8673479,1,443,53,48,EAST 1 STREET,10003,40.723744980883,-73.989569997889,Manhattan,2026-08-15T09:00:33.000,Bait applied,"{'latitude': '40.723744980883', 'longitude': '-73.989569997889', 'human_address': '{""address"": """", ""city"": """", ""state"": """", ""zip"": """"}'}",3,2,3602,East Village,1004430053,1000000,,
Treatments,PC8677234,2,2617,17,668,ST.ANNS AVENUE,10455,40.817118118648,-73.911474803878,Bronx,2026-08-15T09:32:45.000,Bait applied,"{'latitude': '40.817118118648', 'longitude': '-73.911474803878', 'human_address': '{""address"": """", ""city"": """", ""state"": """", ""zip"": """"}'}",1,17,75,Melrose,2026170017,2000000,,
Treatments,PC8701940,3,2696,1,776,LORIMER STREET,11222,40.720051231954,-73.950352919196,Brooklyn,2026-08-15T09:51:06.000,Bait applied,"{'latitude': '40.720051231954', 'longitude': '-73.950352919196', 'human_address': '{""address"": """", ""city"": """", ""state"": """", ""zip"": """"}'}",1,33,515,Williamsburg,3026960001,3067525,,
Treatments,PC8721793,1,1689,46,308,EAST 118 STREET,10035,40.798086048691,-73.936338523754,Manhattan,2026-08-15T09:55:53.000,Bait applied,"{'latitude': '40.798086048691', 'longitude': '-73.936338523754', 'human_address': '{""address"": """", ""city"": """", ""state"": """", ""zip"": """"}'}",11,8,188,East Harlem (North),1016890046,1000000,,
Treatments,PC8658557,1,397,28,EAST,2 STREET,10009,,,Manhattan,2026-08-15T10:07:00.000,Bait applied,,,,,,,,,
Treatments,PC8677236,2,2384,1,924,MELROSE AVENUE,10451,40.825123204261,-73.91332855953,Bronx,2026-08-15T10:20:04.000,Bait applied,"{'latitude': '40.825123204261', 'longitude': '-73.91332855953', 'human_address': '{""address"": """", ""city"": """", ""state"": """", ""zip"": """"}'}",3,17,141,Morrisania,2023840009,2000000,,
Treatments,PC8716052,1,386,22,272,EAST 4 STREET,10009,40.722876634721,-73.981611544211,Manhattan,2026-08-15T11:09:46.000,Bait applied,"{'latitude': '40.722876634721', 'longitude': '-73.981611544211', 'human_address': '{""address"": """", ""city"": """", ""state"": """", ""zip"": """"}'}",3,2,2601,East Village,1003860022,1000000,,
Treatments,PC8672874,2,2784,4,1420,COLLEGE AVENUE,10456,40.83802662422,-73.910268720063,Bronx,2026-08-15T11:12:10.000,Bait applied,"{'latitude': '40.83802662422', 'longitude': '-73.910268720063', 'human_address': '{""address"": """", ""city"": """", ""state"": """", ""zip"": """"}'}",4,16,225,Mount Eden-Claremont (West),2027840004,2000000,,
Treatments,PC8741907,1,1840,63,WEST,105 STREET,10025,,,Manhattan,2026-08-15T11:25:53.000,Bait applied,,,,,,,,,
Treatments,PC8727000,3,2436,120,,KEAP STREET,11211,,,Brooklyn,2026-08-15T11:30:31.000,Bait applied,,,,,,,,,
Treatments,PC8632170,1,1842,61,955,COLUMBUS AVENUE,10025,40.799749903714,-73.962476135625,Manhattan,2026-08-15T12:00:53.000,Bait applied,"{'latitude': '40.799749903714', 'longitude': '-73.962476135625', 'human_address': '{""address"": """", ""city"": """", ""state"": """", ""zip"": """"}'}",7,7,193,Upper West Side-Manhattan Valley,1018420061,1000000,,
Treatments,PC8738153,2,2280,38,464,EAST 136 STREET,10454,40.807008598339,-73.921974753541,Bronx,2026-08-15T12:03:10.000,Bait applied,"{'latitude': '40.807008598339', 'longitude': '-73.921974753541', 'human_address': '{""address"": """", ""city"": """", ""state"": """", ""zip"": """"}'}",1,8,25,Mott Haven-Port Morris,2022800038,2000000,,
Treatments,PC8701947,3,1771,29,122,HART STREET,11206,40.693367783811,-73.946932645952,Brooklyn,2026-08-15T12:35:09.000,Monitoring visit,"{'latitude': '40.693367783811', 'longitude': '-73.946932645952', 'human_address': '{""address"": """", ""city"": """", ""state"": """", ""zip"": """"}'}",3,36,261,Bedford-Stuyvesant (West),3017710029,3000000,,
Treatments,PC8683710,1,1883,28,1040,Amsterdam Avenue,10025,40.803952332941,-73.963156446836,Manhattan,2026-08-15T12:35:53.000,Bait applied,"{'latitude': '40.803952332941', 'longitude': '-73.963156446836', 'human_address': '{""address"": """", ""city"": """", ""state"": """", ""zip"": """"}'}",9,7,199,Morningside Heights,1018830028,1000000,,
Treatments,PC8488671,2,3196,92,15,BUCHANAN PLACE,10453,40.857896877751,-73.904830069356,Bronx,2026-08-15T12:53:09.000,Bait applied,"{'latitude': '40.857896877751', 'longitude': '-73.904830069356', 'human_address': '{""address"": """", ""city"": """", ""state"": """", ""zip"": """"}'}",5,14,239,Fordham Heights,2031960092,2000000,,
Treatments,PC8640874,1,373,26,346,EAST 4 STREET,10009,40.721522906218,-73.978408345277,Manhattan,2026-08-15T13:18:44.000,Bait applied,"{'latitude': '40.721522906218', 'longitude': '-73.978408345277', 'human_address': '{""address"": """", ""city"": """", ""state"": """", ""zip"": """"}'}",3,2,2601,East Village,1003730026,1000000,,
Treatments,PC8632173,1,1081,26,505,WEST 52ND STREET,10019,40.766085819149,-73.991234795354,Manhattan,2026-08-15T13:55:53.000,Bait applied,"{'latitude': '40.766085819149', 'longitude': '-73.991234795354', 'human_address': '{""address"": """", ""city"": """", ""state"": """", ""zip"": """"}'}",4,3,13501,Hell's Kitchen,1010810026,1000000,,
Treatments,PC8462522,2,2267,63,541,EAST 139 STREET,10454,40.807875831434,-73.917884577444,Bronx,2026-08-15T15:05:53.000,Bait applied,"{'latitude': '40.807875831434', 'longitude': '-73.917884577444', 'human_address': '{""address"": """", ""city"": """", ""state"": """", ""zip"": """"}'}",1,8,39,Mott Haven-Port Morris,2022670063,2000000,,
